SampleID,FamilyLabel,ResponseType,Topology,EquationSource,R1,R2,R3,C1,C2,C3,L1,RA,RB,K_calc,Q_calc,f0_calc
2075,MFB,BPF,MFB_BPF_Maheshwari,Maheshwari MFB equation + current signature,357265.029166924,6161385.16193815,NaN,7.67498976367265e-11,5.39984827428993e-11,NaN,NaN,NaN,NaN,-51835.5767920713,2.04473621341448,1666.31083286309
1793,MFB,LPF,MFB_LPF_Maheshwari,Maheshwari MFB equation + current signature,1180.57469018135,3201.25556103554,2990.3926032157,1.05387758951702e-10,1.23301038313384e-10,NaN,NaN,NaN,NaN,-2.53299738516023,0.20002634482647,451250.19457499
1297,VCVS,BPF,VCVS_BPF_Maheshwari,Maheshwari VCVS equations + prototype input/supply-current signature,2933.62418999396,2933.62418999396,NaN,1.04909952169968e-12,1.04909952169968e-12,NaN,NaN,9885.10391784233,6697.61480109716,1.67754622073402,0.756170095075116,51712908.4975129
1438,VCVS,BSF,VCVS_BSF_Maheshwari,Maheshwari VCVS equations + prototype input/supply-current signature,118798.934009079,118798.934009079,NaN,2.43079397699875e-10,2.43079397699875e-10,NaN,NaN,9978.51286900613,6822.7424098009,1.68374340940049,1.58099472030662,5511.36833048465
2025,MFB,BPF,MFB_BPF_Maheshwari,Maheshwari MFB equation + current signature,109725.325472389,117553.65958663,NaN,4.73640593637388e-11,7.38116465077027e-11,NaN,NaN,NaN,NaN,-123471.92783195,0.505051871495784,23700.729350259
2624,ACTIVE_OTHER,HPF,ACTIVE_OTHER_STATE_VARIABLE_HPF,State-variable/biquad-like active-other equation + current signature,1135.04730856016,4773.29378360137,41427.201588139,7.70846762352386e-10,2.96713773966764e-12,NaN,NaN,9877.08489440853,11504.384605398,2.16475505965437,3.96086361523111,1429720.64218561
2131,MFB,BPF,MFB_BPF_Maheshwari,Maheshwari MFB equation + current signature,287412.148748735,2220136.730438,NaN,8.23022463295563e-10,1.00134800999056e-09,NaN,NaN,NaN,NaN,-3474.64019541923,1.38300143079997,219.472113515363
2299,MFB,BSF,MFB_BSF_1_MINUS_BP,Maheshwari MFB BPF denominator + 1-minus-BP notch + current signature,10139.5089252627,393675.213010742,NaN,3.08493379966404e-11,1.94871694871208e-11,NaN,NaN,NaN,NaN,1,3.03511255228278,102741.364564888
26,PASSIVE,LPF,PASSIVE_RC_LPF,Passive RC equation + source-current signature,103438.159141266,NaN,NaN,2.59307393791482e-12,NaN,NaN,NaN,NaN,NaN,1,NaN,593368.446915729
2572,ACTIVE_OTHER,LPF,ACTIVE_OTHER_STATE_VARIABLE_LPF,State-variable/biquad-like active-other equation + current signature,129821.864081816,116177.651984792,18683.925764533,1.93130699123324e-11,7.66349260886468e-12,NaN,NaN,10085.5708869156,10446.8713327606,2.03582349972016,1.87054033233758,106523.612489471
2345,MFB,BSF,MFB_BSF_1_MINUS_BP,Maheshwari MFB BPF denominator + 1-minus-BP notch + current signature,2569.40773144916,5212.88602372434,NaN,1.92337994822648e-10,2.97595003550944e-10,NaN,NaN,NaN,NaN,1,0.695554668281387,181768.717869344
2241,MFB,BSF,MFB_BSF_1_MINUS_BP,Maheshwari MFB BPF denominator + 1-minus-BP notch + current signature,1414.25253416359,128997.702280892,NaN,1.23168191097096e-10,9.3884039280184e-11,NaN,NaN,NaN,NaN,1,4.73160428558576,109577.27514522
2947,ACTIVE_OTHER,BPF,ACTIVE_OTHER_STATE_VARIABLE_BPF,State-variable/biquad-like active-other equation + current signature,3076.73809230279,2515.72675173663,54462.9345126756,1.66057030514967e-10,5.78007954910666e-11,NaN,NaN,10030.4713699167,20271.5809082353,3.02099982748903,5.38983391745535,583912.257330324
1250,VCVS,BPF,VCVS_BPF_Maheshwari,Maheshwari VCVS equations + prototype input/supply-current signature,2456.12965346917,2456.12965346917,NaN,7.86293166440378e-11,7.86293166440378e-11,NaN,NaN,10088.9060931018,1364.20976148052,1.13521879863797,0.536255942128547,824108.401912957
1061,VCVS,HPF,VCVS_HPF_Maheshwari,Maheshwari VCVS equations + prototype input/supply-current signature,2453.39264972801,2453.39264972801,NaN,2.4562965357138e-11,2.4562965357138e-11,NaN,NaN,10049.9479129368,13685.1941356788,2.36171791677273,1.56670542112637,2641023.56392966
1260,VCVS,BPF,VCVS_BPF_Maheshwari,Maheshwari VCVS equations + prototype input/supply-current signature,76392.1134125461,76392.1134125461,NaN,6.18079672303518e-11,6.18079672303518e-11,NaN,NaN,9819.95825903999,7171.16202579153,1.730264002822,0.787565290912844,33707.5467870523
611,PASSIVE,BSF,PASSIVE_RLC_BSF,Passive RLC equation + source-current signature,310192534.221461,NaN,NaN,1.30980081349223e-12,NaN,NaN,288732.341776344,NaN,NaN,1,1.51360916167108,258.803286528104
1751,MFB,LPF,MFB_LPF_Maheshwari,Maheshwari MFB equation + current signature,303323.055608156,2759.09786754414,700226.629395932,5.9996820930843e-10,6.54338250227781e-11,NaN,NaN,NaN,NaN,-2.30851765617352,0.187629923408172,18274.7731166386
565,PASSIVE,BPF,PASSIVE_RLC_BPF,Passive RLC equation + source-current signature,437723.884130762,NaN,NaN,4.99922907437691e-11,NaN,NaN,173.279072891313,NaN,NaN,1,4.25325376232578,1709.99781360611
2673,ACTIVE_OTHER,HPF,ACTIVE_OTHER_STATE_VARIABLE_HPF,State-variable/biquad-like active-other equation + current signature,994370.851466736,702014.923987044,27073.2690892687,6.69992883842633e-10,7.36396144541497e-11,NaN,NaN,9840.52192873695,23775.7078986393,3.41610232372003,2.8098316507887,857.594364865166
3061,ACTIVE_OTHER,BSF,ACTIVE_OTHER_STATE_VARIABLE_BSF,State-variable/biquad-like active-other equation + current signature,12308.7534784613,252685.051842326,27287.055495259,3.95315074251069e-11,3.02903830397516e-10,NaN,NaN,9528.29441058486,10415.7425650518,2.09313819622126,2.61808600535222,26079.4992943003
2226,MFB,BSF,MFB_BSF_1_MINUS_BP,Maheshwari MFB BPF denominator + 1-minus-BP notch + current signature,176.427798614851,21232.3839598744,NaN,3.69433246750714e-10,1.63884170876356e-10,NaN,NaN,NaN,NaN,1,5.06135263961985,334195.618625061
2986,ACTIVE_OTHER,BPF,ACTIVE_OTHER_STATE_VARIABLE_BPF,State-variable/biquad-like active-other equation + current signature,422517.16738595,3129.89920682873,54455.8263750512,2.15518123567182e-11,3.03507051192612e-11,NaN,NaN,10267.4012294955,11794.6044958836,2.1487429226006,5.57696826399434,171122.251075114
2426,ACTIVE_OTHER,LPF,ACTIVE_OTHER_STATE_VARIABLE_LPF,State-variable/biquad-like active-other equation + current signature,838835.255840396,28460.9398540067,45159.1955218407,3.46583962211475e-10,8.63902834168093e-12,NaN,NaN,9646.98203403488,21752.0382398668,3.25480239966498,4.75063221514763,18824.3719144656
2080,MFB,BPF,MFB_BPF_Maheshwari,Maheshwari MFB equation + current signature,7078.48094546612,386308.652602784,NaN,1.07346255519928e-10,2.20501484240705e-11,NaN,NaN,NaN,NaN,-6406906.93416081,2.77762866643816,62558.1175291105
3029,ACTIVE_OTHER,BSF,ACTIVE_OTHER_STATE_VARIABLE_BSF,State-variable/biquad-like active-other equation + current signature,829165.18448225,1230.53008871221,13302.5222641386,3.11752754662962e-10,4.38547395082327e-11,NaN,NaN,9916.51414629215,8098.991120605,1.81671754823576,1.34845150584549,42612.7994435028
2450,ACTIVE_OTHER,LPF,ACTIVE_OTHER_STATE_VARIABLE_LPF,State-variable/biquad-like active-other equation + current signature,117388.535053658,7209.61505455865,17332.8331733854,2.06690775811237e-10,5.64541943332398e-10,NaN,NaN,10257.6022503764,14036.2780856656,2.3683780812568,1.79388704665649,16015.5772696202
1906,MFB,HPF,MFB_HPF_Maheshwari,Maheshwari MFB equation + current signature,206747.971391213,521.383710889252,NaN,1.45638805196069e-11,7.20838556041742e-11,1.27993668222998e-10,NaN,NaN,NaN,-8.78843163061414,1.01398204862457,159590.680590235
719,PASSIVE,BSF,PASSIVE_RLC_BSF,Passive RLC equation + source-current signature,54726.6687515407,NaN,NaN,2.48960980162046e-10,NaN,NaN,1.00964871367037,NaN,NaN,1,1.16364495893316,10038.5119639286
1150,VCVS,HPF,VCVS_HPF_Maheshwari,Maheshwari VCVS equations + prototype input/supply-current signature,2484.66462219305,2484.66462219305,NaN,3.14703366514365e-10,3.14703366514365e-10,NaN,NaN,10130.4430808099,3602.92227437074,1.35565298039093,0.608144137505564,203540.560690423
712,PASSIVE,BSF,PASSIVE_RLC_BSF,Passive RLC equation + source-current signature,212274.601893457,NaN,NaN,5.94358301812018e-11,NaN,NaN,75.040003576093,NaN,NaN,1,5.2932721239262,2383.13992235698
2941,ACTIVE_OTHER,BPF,ACTIVE_OTHER_STATE_VARIABLE_BPF,State-variable/biquad-like active-other equation + current signature,54733.5828544558,1845.61845632262,36508.8913227458,1.1002643860492e-11,6.64376231144728e-10,NaN,NaN,9856.48006979957,11443.8800698156,2.16105140869507,3.75027904399274,185210.949943887
1479,VCVS,BSF,VCVS_BSF_Maheshwari,Maheshwari VCVS equations + prototype input/supply-current signature,121282.153041795,121282.153041795,NaN,4.58292775595031e-11,4.58292775595031e-11,NaN,NaN,9838.62038668215,1180.9985029613,1.12003700280579,0.568205710460858,28633.8814358641
892,VCVS,LPF,VCVS_LPF_Maheshwari,Maheshwari VCVS equations + prototype input/supply-current signature,760509.424372655,760509.424372655,NaN,1.08466687578281e-10,1.08466687578281e-10,NaN,NaN,9874.52643427124,7449.64650389303,1.75443076217182,0.802845774951569,1929.3861371772
1775,MFB,LPF,MFB_LPF_Maheshwari,Maheshwari MFB equation + current signature,8293.55601402678,157113.525918647,11816.1659126522,7.03662935704463e-10,7.88948805674554e-11,NaN,NaN,NaN,NaN,-1.42474059289739,0.327610929478383,15677.1929828914
499,PASSIVE,BPF,PASSIVE_RLC_BPF,Passive RLC equation + source-current signature,1742.92903923341,NaN,NaN,1.5964509850819e-10,NaN,NaN,0.00503040695869758,NaN,NaN,1,3.22065392297108,177599.10655568
720,PASSIVE,BSF,PASSIVE_RLC_BSF,Passive RLC equation + source-current signature,1312035.08794482,NaN,NaN,1.36038813514939e-11,NaN,NaN,566.380678661134,NaN,NaN,1,4.91787343225064,1813.15319302284
470,PASSIVE,BPF,PASSIVE_RLC_BPF,Passive RLC equation + source-current signature,877385.59021488,NaN,NaN,1.33020288315949e-11,NaN,NaN,57.6928207294942,NaN,NaN,1,2.37362138823796,5745.13585232074
296,PASSIVE,HPF,PASSIVE_RC_HPF,Passive RC equation + source-current signature,106317.012299565,NaN,NaN,6.68366354598294e-12,NaN,NaN,NaN,NaN,NaN,1,NaN,223976.672615847
264,PASSIVE,HPF,PASSIVE_RC_HPF,Passive RC equation + source-current signature,915715.436698197,NaN,NaN,6.974444243931e-12,NaN,NaN,NaN,NaN,NaN,1,NaN,24920.1119809847
1823,MFB,HPF,MFB_HPF_Maheshwari,Maheshwari MFB equation + current signature,9969.42017809686,307698.672737032,NaN,1.88338788667655e-10,1.16443423176847e-10,1.34605676909675e-11,NaN,NaN,NaN,-0.0714699706108881,0.313313527805197,72582.7134010728
3183,ACTIVE_OTHER,BSF,ACTIVE_OTHER_STATE_VARIABLE_BSF,State-variable/biquad-like active-other equation + current signature,1765.25306387416,53818.1575610764,15064.124213223,2.51227973950057e-11,1.13322156137284e-12,NaN,NaN,10332.6708445819,15393.4476270659,2.48978399279386,1.46952379141356,3060277.57041366
1336,VCVS,BPF,VCVS_BPF_Maheshwari,Maheshwari VCVS equations + prototype input/supply-current signature,745944.492977463,745944.492977463,NaN,1.40382168616018e-10,1.40382168616018e-10,NaN,NaN,10001.3627497043,6575.46851110757,1.65745725614261,0.744855241723482,1519.85330593761
404,PASSIVE,BPF,PASSIVE_RLC_BPF,Passive RLC equation + source-current signature,87564347.8799284,NaN,NaN,1.31045237476078e-11,NaN,NaN,114548.034322959,NaN,NaN,1,1.06771632186278,129.90195586529
1886,MFB,HPF,MFB_HPF_Maheshwari,Maheshwari MFB equation + current signature,246921.011291876,8812.91376904906,NaN,6.76359985841244e-10,6.81373872806507e-10,4.25401976494665e-11,NaN,NaN,NaN,-0.062895792980059,10.2323906843989,20039.5911974533
3148,ACTIVE_OTHER,BSF,ACTIVE_OTHER_STATE_VARIABLE_BSF,State-variable/biquad-like active-other equation + current signature,4262.95053305572,4258.06378048203,23618.6019474395,1.09480760504082e-11,4.68724519743358e-10,NaN,NaN,9881.50434542289,32589.2158036745,4.29800146460188,2.41340912319805,521472.204626935
2259,MFB,BSF,MFB_BSF_1_MINUS_BP,Maheshwari MFB BPF denominator + 1-minus-BP notch + current signature,773091.727795831,81978846.8693099,NaN,7.59844474904311e-11,2.44814599107155e-10,NaN,NaN,NaN,NaN,1,4.37807635793137,146.579320683718
444,PASSIVE,BPF,PASSIVE_RLC_BPF,Passive RLC equation + source-current signature,107906.555793274,NaN,NaN,4.0411585287552e-12,NaN,NaN,1.40495059779855,NaN,NaN,1,5.4642398244506,66793.8783342217
2603,ACTIVE_OTHER,HPF,ACTIVE_OTHER_STATE_VARIABLE_HPF,State-variable/biquad-like active-other equation + current signature,164871.004073356,8422.82654742648,39069.5291193578,4.2816121669475e-12,2.48692263278294e-10,NaN,NaN,9704.24981206621,9925.22382692239,2.02277084979628,4.08558041444859,130883.307477629
3196,ACTIVE_OTHER,BSF,ACTIVE_OTHER_STATE_VARIABLE_BSF,State-variable/biquad-like active-other equation + current signature,3727.23593918019,635578.182678975,37416.3092602488,9.80232925310252e-11,2.26780171337068e-11,NaN,NaN,9979.85378888194,6439.05882899624,1.64520572798067,3.8162860220237,69354.5592465317
1914,MFB,HPF,MFB_HPF_Maheshwari,Maheshwari MFB equation + current signature,67424.2278694445,11.0696290259752,NaN,3.1464113189148e-11,6.85706152984175e-11,7.82630888786677e-10,NaN,NaN,NaN,-24.8737628193063,0.82347662226149,795239.771591634
1112,VCVS,HPF,VCVS_HPF_Maheshwari,Maheshwari VCVS equations + prototype input/supply-current signature,201529.250720741,201529.250720741,NaN,1.43485501308966e-12,1.43485501308966e-12,NaN,NaN,9854.97474660833,13503.5495667864,2.37022670417636,1.58787298005732,550394.419679343
1984,MFB,HPF,MFB_HPF_Maheshwari,Maheshwari MFB equation + current signature,799495.22868046,1924196.9634443,NaN,2.6429826092083e-10,2.64751592387314e-11,1.42326182873065e-11,NaN,NaN,NaN,-0.0538505937864263,0.761808708863883,6610.3695560503
2705,ACTIVE_OTHER,HPF,ACTIVE_OTHER_STATE_VARIABLE_HPF,State-variable/biquad-like active-other equation + current signature,11652.4578897426,815751.547160432,11132.8228330968,3.54729535007012e-11,2.569234696492e-10,NaN,NaN,10201.3355506897,26372.8030647634,3.58523042730228,1.07212391277442,17099.4382624198
3150,ACTIVE_OTHER,BSF,ACTIVE_OTHER_STATE_VARIABLE_BSF,State-variable/biquad-like active-other equation + current signature,842211.552877073,139540.948598616,7461.7169267572,9.00607682512402e-11,1.0209759378129e-11,NaN,NaN,9504.87481344402,16909.7912795196,2.77906512304632,0.746107975926585,15310.279595383
1873,MFB,HPF,MFB_HPF_Maheshwari,Maheshwari MFB equation + current signature,86503.3941005082,83.246327810811,NaN,4.58241472509466e-11,7.29233384112142e-10,2.84397173151943e-10,NaN,NaN,NaN,-6.20627311610405,2.23262952230595,130234.217926533
899,VCVS,LPF,VCVS_LPF_Maheshwari,Maheshwari VCVS equations + prototype input/supply-current signature,2258.51688077002,2258.51688077002,NaN,3.82395278569912e-12,3.82395278569912e-12,NaN,NaN,9853.15233162,6965.48628607908,1.70692972681707,0.773353174022375,18428257.3821628
2514,ACTIVE_OTHER,LPF,ACTIVE_OTHER_STATE_VARIABLE_LPF,State-variable/biquad-like active-other equation + current signature,25166.394715286,42231.9326193721,5759.91929895089,1.64996607648294e-12,1.32885081205509e-12,NaN,NaN,9991.04474842898,7000.99859252853,1.70072737824834,0.577983917480097,3296958.88301778
917,VCVS,LPF,VCVS_LPF_Maheshwari,Maheshwari VCVS equations + prototype input/supply-current signature,26763.2991121331,26763.2991121331,NaN,2.17096782347363e-10,2.17096782347363e-10,NaN,NaN,10007.8408652836,10623.2916339099,2.06149685800473,1.06552653395916,27392.211549664
1405,VCVS,BSF,VCVS_BSF_Maheshwari,Maheshwari VCVS equations + prototype input/supply-current signature,2106.18911823044,2106.18911823044,NaN,2.1630763391053e-11,2.1630763391053e-11,NaN,NaN,10029.500988227,4881.16649937719,1.48668089320764,0.97405296896975,3493420.94875564
1919,MFB,HPF,MFB_HPF_Maheshwari,Maheshwari MFB equation + current signature,614306.992260488,338.729144507848,NaN,1.36292309164614e-10,3.91615233636706e-11,3.97196425267052e-10,NaN,NaN,NaN,-2.91429815593863,3.18255163745854,88464.4263011969
697,PASSIVE,BSF,PASSIVE_RLC_BSF,Passive RLC equation + source-current signature,7836.94549624962,NaN,NaN,3.11176079876913e-10,NaN,NaN,0.100812943877562,NaN,NaN,1,2.2967208837867,28415.7341188403
2638,ACTIVE_OTHER,HPF,ACTIVE_OTHER_STATE_VARIABLE_HPF,State-variable/biquad-like active-other equation + current signature,59099.0664389518,4125.83720588041,54021.5061726015,3.15418493496615e-11,8.77650347841669e-11,NaN,NaN,9717.73275293633,22110.9784916027,3.27532275827627,5.34174209834369,193717.758937975
964,VCVS,LPF,VCVS_LPF_Maheshwari,Maheshwari VCVS equations + prototype input/supply-current signature,1289.94747171517,1289.94747171517,NaN,7.99447155578721e-12,7.99447155578721e-12,NaN,NaN,10035.4411984288,5836.85201125002,1.58162385647418,0.705031598680293,15433283.8686616
961,VCVS,LPF,VCVS_LPF_Maheshwari,Maheshwari VCVS equations + prototype input/supply-current signature,1063.96467018987,1063.96467018987,NaN,5.46242390776117e-11,5.46242390776117e-11,NaN,NaN,9982.06798172473,1811.55009496579,1.18148044055424,0.54989785224239,2738467.07872405
2105,MFB,BPF,MFB_BPF_Maheshwari,Maheshwari MFB equation + current signature,52969.1545017116,86967023.8152965,NaN,1.24554666011064e-11,8.45576216051134e-10,NaN,NaN,NaN,NaN,-22326.6827022008,4.84639535101201,722.561682426007
2186,MFB,BPF,MFB_BPF_Maheshwari,Maheshwari MFB equation + current signature,659.403143658258,107194.540416088,NaN,1.72567897056197e-11,3.16815690036113e-11,NaN,NaN,NaN,NaN,-47867671.857615,6.09178785715303,809608.291987797
2473,ACTIVE_OTHER,LPF,ACTIVE_OTHER_STATE_VARIABLE_LPF,State-variable/biquad-like active-other equation + current signature,5590.35849872534,5752.21330415432,18299.7167327589,2.92721095535905e-12,4.97850024678879e-12,NaN,NaN,10080.7443350757,25945.606667665,3.57377886049426,1.86793330931162,7352017.52288799
1016,VCVS,HPF,VCVS_HPF_Maheshwari,Maheshwari VCVS equations + prototype input/supply-current signature,170893.456835809,170893.456835809,NaN,7.9037536973913e-10,7.9037536973913e-10,NaN,NaN,10120.1182922522,10891.1268761704,2.07618572843249,1.08246866364515,1178.31470852342
2214,MFB,BSF,MFB_BSF_1_MINUS_BP,Maheshwari MFB BPF denominator + 1-minus-BP notch + current signature,6636.60577532509,996998.217085224,NaN,3.23726262250471e-10,4.24526801671317e-11,NaN,NaN,NaN,NaN,1,3.92393981714221,16690.0795682106
527,PASSIVE,BPF,PASSIVE_RLC_BPF,Passive RLC equation + source-current signature,254.474767820846,NaN,NaN,1.56130612608893e-10,NaN,NaN,0.000191735536739787,NaN,NaN,1,4.3547431842998,919866.479076887
626,PASSIVE,BSF,PASSIVE_RLC_BSF,Passive RLC equation + source-current signature,7162188.80544477,NaN,NaN,1.71984266799079e-11,NaN,NaN,252.204828765719,NaN,NaN,1,0.53467093175972,2416.56829497866
2390,MFB,BSF,MFB_BSF_1_MINUS_BP,Maheshwari MFB BPF denominator + 1-minus-BP notch + current signature,93.3030799606748,37843.7716543685,NaN,1.24006214484065e-11,7.84494059937392e-10,NaN,NaN,NaN,NaN,1,2.49267032280273,858733.449839622
458,PASSIVE,BPF,PASSIVE_RLC_BPF,Passive RLC equation + source-current signature,4577366.93181538,NaN,NaN,7.84105079616117e-11,NaN,NaN,1270.02061847669,NaN,NaN,1,0.879230053088471,504.344875141241
253,PASSIVE,HPF,PASSIVE_RC_HPF,Passive RC equation + source-current signature,26577.8625998086,NaN,NaN,2.33575277921064e-10,NaN,NaN,NaN,NaN,NaN,1,NaN,25637.3543132861
3006,ACTIVE_OTHER,BSF,ACTIVE_OTHER_STATE_VARIABLE_BSF,State-variable/biquad-like active-other equation + current signature,7043.23587457381,32989.6581143814,14761.8481883277,1.27583015716009e-12,2.17229560521409e-11,NaN,NaN,10174.7435238751,33946.262505811,4.33632611241314,1.54366200360643,1983303.66416706
1509,VCVS,BSF,VCVS_BSF_Maheshwari,Maheshwari VCVS equations + prototype input/supply-current signature,2990.21632120595,2990.21632120595,NaN,3.04456533391651e-11,3.04456533391651e-11,NaN,NaN,10184.8806964539,4243.75555894427,1.41667209321576,0.857150830921827,1748204.46824632
865,VCVS,LPF,VCVS_LPF_Maheshwari,Maheshwari VCVS equations + prototype input/supply-current signature,25820.658148318,25820.658148318,NaN,6.52745381702122e-12,6.52745381702122e-12,NaN,NaN,10119.434231655,7776.49883116789,1.7684717004081,0.81199920483466,944297.882788648
2634,ACTIVE_OTHER,HPF,ACTIVE_OTHER_STATE_VARIABLE_HPF,State-variable/biquad-like active-other equation + current signature,502500.974447014,2928.87552835132,20742.192689696,1.56041620023835e-12,7.07185970391662e-10,NaN,NaN,10367.1630188094,32826.6325040007,4.16640458382322,2.16600069022198,124886.120976901
1312,VCVS,BPF,VCVS_BPF_Maheshwari,Maheshwari VCVS equations + prototype input/supply-current signature,547953.880795901,547953.880795901,NaN,3.16083714752175e-10,3.16083714752175e-10,NaN,NaN,9892.35308313095,11455.6072781188,2.15802652633311,1.18768587286353,918.912171050555
1432,VCVS,BSF,VCVS_BSF_Maheshwari,Maheshwari VCVS equations + prototype input/supply-current signature,1317.2979536715,1317.2979536715,NaN,2.57837116743519e-10,2.57837116743519e-10,NaN,NaN,10122.3373731555,3117.01950254362,1.30793475732294,0.7224752366784,468587.477562385
574,PASSIVE,BPF,PASSIVE_RLC_BPF,Passive RLC equation + source-current signature,14891627.6522426,NaN,NaN,4.68114967291975e-11,NaN,NaN,10806.6494722234,NaN,NaN,1,1.02029815212739,223.768183101646
582,PASSIVE,BPF,PASSIVE_RLC_BPF,Passive RLC equation + source-current signature,5514.60606888434,NaN,NaN,8.19694079092035e-10,NaN,NaN,0.0909241092984937,NaN,NaN,1,1.90984945120924,18435.4908343712
2290,MFB,BSF,MFB_BSF_1_MINUS_BP,Maheshwari MFB BPF denominator + 1-minus-BP notch + current signature,147000.871331493,7354285.6914884,NaN,4.91905080495232e-10,1.5064347159818e-10,NaN,NaN,NaN,NaN,1,2.99654053181223,562.307811789174
111,PASSIVE,LPF,PASSIVE_RC_LPF,Passive RC equation + source-current signature,6671.25940210943,NaN,NaN,8.14707008652553e-12,NaN,NaN,NaN,NaN,NaN,1,NaN,2928268.20077187
355,PASSIVE,HPF,PASSIVE_RC_HPF,Passive RC equation + source-current signature,9337.12184987726,NaN,NaN,4.36589101977845e-12,NaN,NaN,NaN,NaN,NaN,1,NaN,3904219.39412052
1985,MFB,HPF,MFB_HPF_Maheshwari,Maheshwari MFB equation + current signature,35156.550004649,141631.649807566,NaN,7.92979858127942e-10,2.79861079206191e-10,4.03012963095155e-11,NaN,NaN,NaN,-0.0508225976945472,0.935289821689065,21237.631913863
1147,VCVS,HPF,VCVS_HPF_Maheshwari,Maheshwari VCVS equations + prototype input/supply-current signature,47871.2266447344,47871.2266447344,NaN,2.43150957147392e-11,2.43150957147392e-11,NaN,NaN,10155.9960566308,11834.77365245,2.16529915790221,1.19803401358357,136731.819254421
463,PASSIVE,BPF,PASSIVE_RLC_BPF,Passive RLC equation + source-current signature,494013.283444414,NaN,NaN,4.83087370595185e-10,NaN,NaN,785.206931938605,NaN,NaN,1,2.58071825473945,258.413517243163
795,PASSIVE,BSF,PASSIVE_RLC_BSF,Passive RLC equation + source-current signature,181485223.750333,NaN,NaN,2.3220154506547e-12,NaN,NaN,414554.843483081,NaN,NaN,1,2.32818331751577,162.217080987219
2559,ACTIVE_OTHER,LPF,ACTIVE_OTHER_STATE_VARIABLE_LPF,State-variable/biquad-like active-other equation + current signature,1390.94261543876,4066.28951460324,18643.6783356104,2.46107279567985e-11,1.90017727490255e-11,NaN,NaN,9806.85563041518,10304.2572205369,2.05071978306472,1.81760920191624,3094618.28225642
2468,ACTIVE_OTHER,LPF,ACTIVE_OTHER_STATE_VARIABLE_LPF,State-variable/biquad-like active-other equation + current signature,222514.144268739,5188.92661390605,52748.3020290812,1.72188770982072e-12,1.14636490704643e-10,NaN,NaN,9562.21874884085,6985.90553726404,1.73057370059756,5.08243397094635,333379.354703702
170,PASSIVE,LPF,PASSIVE_RC_LPF,Passive RC equation + source-current signature,10977.423364334,NaN,NaN,8.0155560005279e-12,NaN,NaN,NaN,NaN,NaN,1,NaN,1808781.32363481
241,PASSIVE,HPF,PASSIVE_RC_HPF,Passive RC equation + source-current signature,26739.5012547531,NaN,NaN,4.2058710821096e-12,NaN,NaN,NaN,NaN,NaN,1,NaN,1415177.36122978
305,PASSIVE,HPF,PASSIVE_RC_HPF,Passive RC equation + source-current signature,17019.1998575749,NaN,NaN,6.2480522663064e-11,NaN,NaN,NaN,NaN,NaN,1,NaN,149670.544812476
1942,MFB,HPF,MFB_HPF_Maheshwari,Maheshwari MFB equation + current signature,12975.2696665107,1573.28655121391,NaN,5.26208183170878e-11,4.28573158937706e-10,3.6950992354944e-11,NaN,NaN,NaN,-0.702212423461015,0.993253315815333,279919.06768337
366,PASSIVE,HPF,PASSIVE_RC_HPF,Passive RC equation + source-current signature,19191.3253031415,NaN,NaN,1.28881196854113e-12,NaN,NaN,NaN,NaN,NaN,1,NaN,6434659.99838024
2325,MFB,BSF,MFB_BSF_1_MINUS_BP,Maheshwari MFB BPF denominator + 1-minus-BP notch + current signature,457829.038210987,16851563.9394085,NaN,2.65057343054954e-10,8.31102712379027e-10,NaN,NaN,NaN,NaN,1,2.59771640341545,122.081846113899
2453,ACTIVE_OTHER,LPF,ACTIVE_OTHER_STATE_VARIABLE_LPF,State-variable/biquad-like active-other equation + current signature,21625.5090042829,97234.6435571331,38920.7586523569,1.5720550632753e-11,1.35533551762522e-12,NaN,NaN,10405.4754275404,9917.47613275321,1.95310168207253,4.06036632068594,751915.716674299
2815,ACTIVE_OTHER,BPF,ACTIVE_OTHER_STATE_VARIABLE_BPF,State-variable/biquad-like active-other equation + current signature,116372.082195962,137978.081239399,28949.9231955218,1.87266519685474e-12,1.84485038503038e-10,NaN,NaN,9932.3598612696,21906.6505461833,3.20558365304568,2.81404602810835,67574.0631393671
536,PASSIVE,BPF,PASSIVE_RLC_BPF,Passive RLC equation + source-current signature,982.706936529576,NaN,NaN,3.0007838642568e-10,NaN,NaN,0.00610469823043946,NaN,NaN,1,4.58976786352624,117590.076633871
2362,MFB,BSF,MFB_BSF_1_MINUS_BP,Maheshwari MFB BPF denominator + 1-minus-BP notch + current signature,54759.7476678731,23484155.2677632,NaN,4.32675507443083e-11,5.5134291584961e-10,NaN,NaN,NaN,NaN,1,5.3791822421769,908.67773276857
2836,ACTIVE_OTHER,BPF,ACTIVE_OTHER_STATE_VARIABLE_BPF,State-variable/biquad-like active-other equation + current signature,630275.71338038,8327.54630179456,32080.9443338323,1.23057869974005e-11,2.68053049807866e-11,NaN,NaN,10322.9978902762,14371.3504587721,2.39216830338687,3.23947379380598,120957.06608032
2477,ACTIVE_OTHER,LPF,ACTIVE_OTHER_STATE_VARIABLE_LPF,State-variable/biquad-like active-other equation + current signature,69956.4855484241,1107.59312984463,33946.000920906,1.35325361494315e-10,6.28090784940304e-11,NaN,NaN,10137.7804840217,29419.748143375,3.9019910413077,3.2959207040636,196116.983426956
1822,MFB,HPF,MFB_HPF_Maheshwari,Maheshwari MFB equation + current signature,3839.6477381169,9843.88659599137,NaN,3.52503712121233e-10,1.67945308028151e-10,1.88525394194234e-11,NaN,NaN,NaN,-0.0534818181232078,1.21840989626131,460068.260620534
1128,VCVS,HPF,VCVS_HPF_Maheshwari,Maheshwari VCVS equations + prototype input/supply-current signature,230101.033680057,230101.033680057,NaN,1.397014928529e-10,1.397014928529e-10,NaN,NaN,10092.4213627792,9003.54334493585,1.89210933841316,0.902616146766409,4951.08651203846
2201,MFB,BSF,MFB_BSF_1_MINUS_BP,Maheshwari MFB BPF denominator + 1-minus-BP notch + current signature,207974.703144028,19862285.8496584,NaN,1.92088403962826e-11,1.62172624781381e-11,NaN,NaN,NaN,NaN,1,4.86883800324041,4436.70868949415
2339,MFB,BSF,MFB_BSF_1_MINUS_BP,Maheshwari MFB BPF denominator + 1-minus-BP notch + current signature,1821153.65611531,7835003.54724649,NaN,3.41158037814969e-11,4.98379923189923e-10,NaN,NaN,NaN,NaN,1,0.507911738349834,323.123961430199
25,PASSIVE,LPF,PASSIVE_RC_LPF,Passive RC equation + source-current signature,29649.8837277112,NaN,NaN,1.72560088671747e-10,NaN,NaN,NaN,NaN,NaN,1,NaN,31106.9034884177
595,PASSIVE,BPF,PASSIVE_RLC_BPF,Passive RLC equation + source-current signature,565103.90854649,NaN,NaN,8.06788818361213e-12,NaN,NaN,1.40475421112369,NaN,NaN,1,0.738400402886721,47275.9239167715
2448,ACTIVE_OTHER,LPF,ACTIVE_OTHER_STATE_VARIABLE_LPF,State-variable/biquad-like active-other equation + current signature,1214.55481642637,182814.966233169,17186.2003770516,7.81447873203139e-10,1.23378303506997e-12,NaN,NaN,10486.7150613453,6166.06242903529,1.58798798221988,1.7491686244743,343982.456941246
2854,ACTIVE_OTHER,BPF,ACTIVE_OTHER_STATE_VARIABLE_BPF,State-variable/biquad-like active-other equation + current signature,1417.66715696161,218157.749218573,39389.4834858308,2.1375452688277e-11,5.22035227513589e-11,NaN,NaN,10118.3451500753,7305.12115113919,1.72196797428726,4.07120880713249,270919.399686457
239,PASSIVE,HPF,PASSIVE_RC_HPF,Passive RC equation + source-current signature,228419.684398581,NaN,NaN,1.01378079341923e-10,NaN,NaN,NaN,NaN,NaN,1,NaN,6872.93988720863
2759,ACTIVE_OTHER,HPF,ACTIVE_OTHER_STATE_VARIABLE_HPF,State-variable/biquad-like active-other equation + current signature,6594.42458435221,14128.1532650584,36068.0809931363,2.33035634236238e-11,1.20987798582674e-12,NaN,NaN,9831.93143779616,31142.5406216015,4.16748960452293,3.75134325297935,3105324.75076539
2805,ACTIVE_OTHER,BPF,ACTIVE_OTHER_STATE_VARIABLE_BPF,State-variable/biquad-like active-other equation + current signature,148272.277494821,6630.22563769067,38001.2220483696,7.78538786132303e-12,4.2783645624176e-12,NaN,NaN,10464.0958236844,32575.9915249172,4.11312052888363,3.72572306918061,879522.546835077
1772,MFB,LPF,MFB_LPF_Maheshwari,Maheshwari MFB equation + current signature,3670.28167631982,536.121587247964,13593.2537062173,1.98367264573141e-10,1.66473424390665e-10,NaN,NaN,NaN,NaN,-3.70359958853274,0.182863407307576,324428.735682353
265,PASSIVE,HPF,PASSIVE_RC_HPF,Passive RC equation + source-current signature,91628.384871009,NaN,NaN,6.79985726039518e-12,NaN,NaN,NaN,NaN,NaN,1,NaN,255440.822549516
1361,VCVS,BPF,VCVS_BPF_Maheshwari,Maheshwari VCVS equations + prototype input/supply-current signature,1099.55123532647,1099.55123532647,NaN,5.18994419170588e-11,5.18994419170588e-11,NaN,NaN,10037.2878221473,8008.82055347928,1.7979068345343,0.831882277288045,2788957.99289711
1678,MFB,LPF,MFB_LPF_Maheshwari,Maheshwari MFB equation + current signature,2119.25013671229,1491.54354245499,6943.23061660738,7.15544929075858e-10,6.79851767121776e-11,NaN,NaN,NaN,NaN,-3.27626762708568,0.783714625600415,224231.074901827
816,VCVS,LPF,VCVS_LPF_Maheshwari,Maheshwari VCVS equations + prototype input/supply-current signature,5733.21526699224,5733.21526699224,NaN,3.21719120578568e-10,3.21719120578568e-10,NaN,NaN,10018.3928609289,1416.21887793532,1.14136188284835,0.538028350313019,86286.9285214909
1663,MFB,LPF,MFB_LPF_Maheshwari,Maheshwari MFB equation + current signature,240225.565142871,1782767.84916135,661528.723955096,1.02854895819399e-10,3.00257245766504e-11,NaN,NaN,NaN,NaN,-2.75378152846331,0.273328265406346,2637.17620977141
1206,VCVS,BPF,VCVS_BPF_Maheshwari,Maheshwari VCVS equations + prototype input/supply-current signature,14004.5640129871,14004.5640129871,NaN,5.31544331690668e-10,5.31544331690668e-10,NaN,NaN,9865.39456339359,7557.75660342196,1.76608761614722,0.810430313437322,21380.1647463839
2677,ACTIVE_OTHER,HPF,ACTIVE_OTHER_STATE_VARIABLE_HPF,State-variable/biquad-like active-other equation + current signature,3463.73297199782,5531.7817466791,13713.7959510872,5.1241818949024e-12,5.89098034034205e-12,NaN,NaN,10259.681212762,19332.4859859961,2.88431644074364,1.36175837442731,6617734.74780255
1530,VCVS,BSF,VCVS_BSF_Maheshwari,Maheshwari VCVS equations + prototype input/supply-current signature,214115.266332608,214115.266332608,NaN,1.34688595334143e-11,1.34688595334143e-11,NaN,NaN,9949.53818246806,6087.60226148434,1.61184772095364,1.28815422964523,55187.6211793029
102,PASSIVE,LPF,PASSIVE_RC_LPF,Passive RC equation + source-current signature,32080.8620062235,NaN,NaN,5.68937582007892e-12,NaN,NaN,NaN,NaN,NaN,1,NaN,871985.93481523
920,VCVS,LPF,VCVS_LPF_Maheshwari,Maheshwari VCVS equations + prototype input/supply-current signature,191452.333267951,191452.333267951,NaN,4.64077919682796e-12,4.64077919682796e-12,NaN,NaN,9919.88044639018,9772.08838821762,1.98510142748481,0.985320136495741,179130.09756133
628,PASSIVE,BSF,PASSIVE_RLC_BSF,Passive RLC equation + source-current signature,47775.6457595252,NaN,NaN,1.34461133286813e-11,NaN,NaN,0.0486768443696343,NaN,NaN,1,1.25937845249105,196725.446643485
321,PASSIVE,HPF,PASSIVE_RC_HPF,Passive RC equation + source-current signature,3829.98873093404,NaN,NaN,1.34405248802961e-11,NaN,NaN,NaN,NaN,NaN,1,NaN,3091764.5007543
662,PASSIVE,BSF,PASSIVE_RLC_BSF,Passive RLC equation + source-current signature,456933.80257978,NaN,NaN,1.68126285378969e-10,NaN,NaN,252.789101230572,NaN,NaN,1,2.68354002410449,772.010398228411
2551,ACTIVE_OTHER,LPF,ACTIVE_OTHER_STATE_VARIABLE_LPF,State-variable/biquad-like active-other equation + current signature,522476.326312694,92920.0602508316,5494.665946133,3.00621840216571e-12,1.1048967961409e-10,NaN,NaN,9661.45147750418,13492.1553148523,2.3964936165407,0.544941555340694,39633.3662066865
3152,ACTIVE_OTHER,BSF,ACTIVE_OTHER_STATE_VARIABLE_BSF,State-variable/biquad-like active-other equation + current signature,195675.942955336,14889.932445445,36424.7676555388,1.1215165714643e-11,8.91728722001395e-10,NaN,NaN,9530.17256134466,15227.7766812858,2.59784899835405,3.66423187705908,29483.9608007406
2021,MFB,BPF,MFB_BPF_Maheshwari,Maheshwari MFB equation + current signature,7477.3355488055,701804.669271956,NaN,2.56587713596143e-11,1.66916333340401e-11,NaN,NaN,NaN,NaN,-8012246.34701389,4.73417680447307,106162.521104933
1074,VCVS,HPF,VCVS_HPF_Maheshwari,Maheshwari VCVS equations + prototype input/supply-current signature,397437.674601751,397437.674601751,NaN,6.04143167380469e-12,6.04143167380469e-12,NaN,NaN,9936.38090535785,8120.20606800545,1.81721968444536,0.845465541528793,66284.3848788428
2633,ACTIVE_OTHER,HPF,ACTIVE_OTHER_STATE_VARIABLE_HPF,State-variable/biquad-like active-other equation + current signature,1710.0558345381,1218.13212267907,19219.0617971865,9.09096451593985e-12,4.64936937742757e-12,NaN,NaN,9959.1551617022,32710.7379323,4.28448923640518,1.86544210359745,16961559.5570974
2994,ACTIVE_OTHER,BPF,ACTIVE_OTHER_STATE_VARIABLE_BPF,State-variable/biquad-like active-other equation + current signature,234381.254463793,60045.3231035484,48559.6489954249,3.5352092873244e-12,1.292730204235e-12,NaN,NaN,10379.9517630095,13532.6857465413,2.30373300912313,4.8031104015345,627563.373075172
2100,MFB,BPF,MFB_BPF_Maheshwari,Maheshwari MFB equation + current signature,96794.9617579194,4971856.53151779,NaN,2.99559110974446e-11,2.20523764314225e-11,NaN,NaN,NaN,NaN,-468480.857743394,3.54184318447436,8926.17703749624
2574,ACTIVE_OTHER,LPF,ACTIVE_OTHER_STATE_VARIABLE_LPF,State-variable/biquad-like active-other equation + current signature,8898.65659386915,1039.1759556218,19687.3134325269,1.39611290086641e-12,1.06772081319264e-11,NaN,NaN,9768.38759598574,35638.6164732888,4.64836224229414,2.02417032558438,13555771.474878
1740,MFB,LPF,MFB_LPF_Maheshwari,Maheshwari MFB equation + current signature,17391.8140377816,8256.86224691284,25158.2318950168,5.94443154536109e-11,6.91544853441787e-11,NaN,NaN,NaN,NaN,-1.4465559394991,0.294596828684539,172229.369706703
2035,MFB,BPF,MFB_BPF_Maheshwari,Maheshwari MFB equation + current signature,358328.460429106,12299084.2508684,NaN,2.21301250795087e-11,2.50147059697239e-11,NaN,NaN,NaN,NaN,-111563.798849321,2.92382441456868,3222.20714318765
1771,MFB,LPF,MFB_LPF_Maheshwari,Maheshwari MFB equation + current signature,14662.2521070067,16644.1103627436,20846.7968703317,6.41515364468149e-10,2.06040655064457e-10,NaN,NaN,NaN,NaN,-1.42180046545303,0.537454162628385,23501.2075925396
1271,VCVS,BPF,VCVS_BPF_Maheshwari,Maheshwari VCVS equations + prototype input/supply-current signature,6077.50491697524,6077.50491697524,NaN,5.42837037259189e-11,5.42837037259189e-11,NaN,NaN,9957.66065194719,2070.19062373498,1.20789929443219,0.558004355945588,482420.041018535
297,PASSIVE,HPF,PASSIVE_RC_HPF,Passive RC equation + source-current signature,12597.3262049556,NaN,NaN,3.55507123733785e-10,NaN,NaN,NaN,NaN,NaN,1,NaN,35538.0380922983
1082,VCVS,HPF,VCVS_HPF_Maheshwari,Maheshwari VCVS equations + prototype input/supply-current signature,573171.618168587,573171.618168587,NaN,1.53280194103589e-10,1.53280194103589e-10,NaN,NaN,9804.02251016694,10558.6631767706,2.07697255548129,1.08339140503176,1811.54619316508
316,PASSIVE,HPF,PASSIVE_RC_HPF,Passive RC equation + source-current signature,908131.736660747,NaN,NaN,4.25537764266128e-10,NaN,NaN,NaN,NaN,NaN,1,NaN,411.844405421106
833,VCVS,LPF,VCVS_LPF_Maheshwari,Maheshwari VCVS equations + prototype input/supply-current signature,471864.884604331,471864.884604331,NaN,1.56011265376034e-10,1.56011265376034e-10,NaN,NaN,9823.19151716752,2691.49101805069,1.27399354001669,0.579372107338273,2161.95431866212
2284,MFB,BSF,MFB_BSF_1_MINUS_BP,Maheshwari MFB BPF denominator + 1-minus-BP notch + current signature,6837.94745141487,787977.528786902,NaN,6.66760751055847e-11,1.11158931943612e-11,NaN,NaN,NaN,NaN,1,3.75678613865418,79642.1800782781
1570,VCVS,BSF,VCVS_BSF_Maheshwari,Maheshwari VCVS equations + prototype input/supply-current signature,48715.0879913452,48715.0879913452,NaN,1.91442803744208e-12,1.91442803744208e-12,NaN,NaN,10032.0401257404,1066.06539752262,1.10626606195357,0.559450613560592,1706544.4088779
1174,VCVS,HPF,VCVS_HPF_Maheshwari,Maheshwari VCVS equations + prototype input/supply-current signature,3305.57123172916,3305.57123172916,NaN,1.07235085922328e-12,1.07235085922328e-12,NaN,NaN,10175.8736348492,1053.62126990684,1.10354111182145,0.527298538467368,44899004.0238638
2676,ACTIVE_OTHER,HPF,ACTIVE_OTHER_STATE_VARIABLE_HPF,State-variable/biquad-like active-other equation + current signature,91725.1846428876,522449.161549019,22847.9318530065,5.91258249752971e-11,8.53665533704625e-10,NaN,NaN,9829.89284614191,30647.5754280327,4.11779343963667,2.17939669623795,3236.09554543377
551,PASSIVE,BPF,PASSIVE_RLC_BPF,Passive RLC equation + source-current signature,250954.417255138,NaN,NaN,3.52319624645327e-10,NaN,NaN,608.943467187271,NaN,NaN,1,5.23872047349167,343.607968220303
2971,ACTIVE_OTHER,BPF,ACTIVE_OTHER_STATE_VARIABLE_BPF,State-variable/biquad-like active-other equation + current signature,14211.0957254162,1267.9443612214,50895.254919172,1.39991402787083e-11,4.62711767483904e-10,NaN,NaN,10226.9730630974,13292.8383229286,2.29978227584209,5.3400471146787,465854.501056488
2037,MFB,BPF,MFB_BPF_Maheshwari,Maheshwari MFB equation + current signature,2241.92486687886,140283.723842861,NaN,9.84926443368391e-11,2.87843205783853e-11,NaN,NaN,NaN,NaN,-15496119.7211994,3.30920137118001,168548.957814133
1843,MFB,HPF,MFB_HPF_Maheshwari,Maheshwari MFB equation + current signature,220559.02047658,181.378931162219,NaN,2.98797164751332e-11,1.65927734715687e-11,4.80758227857955e-11,NaN,NaN,NaN,-1.60897854656036,6.47422534268021,890925.614775822
149,PASSIVE,LPF,PASSIVE_RC_LPF,Passive RC equation + source-current signature,5058.5770113499,NaN,NaN,8.77981998057924e-12,NaN,NaN,NaN,NaN,NaN,1,NaN,3583489.64850052
1786,MFB,LPF,MFB_LPF_Maheshwari,Maheshwari MFB equation + current signature,34286.0890059278,25889.5585243839,48039.4154978323,2.73663977363759e-10,2.81090970788155e-11,NaN,NaN,NaN,NaN,-1.40113430521418,0.998505092877475,51454.8938877453
2849,ACTIVE_OTHER,BPF,ACTIVE_OTHER_STATE_VARIABLE_BPF,State-variable/biquad-like active-other equation + current signature,1745.8926794115,12990.067192426,25532.3437968966,1.64576490819216e-10,4.03246628296416e-11,NaN,NaN,10469.7700486856,29129.0712714261,3.78220735851624,2.5030141120843,410238.47548528
2416,ACTIVE_OTHER,LPF,ACTIVE_OTHER_STATE_VARIABLE_LPF,State-variable/biquad-like active-other equation + current signature,20038.3896991955,225043.077999824,13713.2233693945,9.70053797959565e-10,1.75222408930645e-12,NaN,NaN,9828.05863079628,6109.81356125298,1.62167044283882,1.31339848719735,57486.1414743763
2431,ACTIVE_OTHER,LPF,ACTIVE_OTHER_STATE_VARIABLE_LPF,State-variable/biquad-like active-other equation + current signature,11726.5185011105,2836.43670051926,38603.287253051,7.03616472835458e-12,2.17322202893052e-12,NaN,NaN,10391.5168077437,12934.1717022415,2.24468563555639,4.00377332475871,7057144.15090804
1070,VCVS,HPF,VCVS_HPF_Maheshwari,Maheshwari VCVS equations + prototype input/supply-current signature,646655.731666296,646655.731666296,NaN,1.37868357208676e-11,1.37868357208676e-11,NaN,NaN,10102.5927422158,558.47783692117,1.05528064440205,0.514213013369493,17851.8159062554
2797,ACTIVE_OTHER,HPF,ACTIVE_OTHER_STATE_VARIABLE_HPF,State-variable/biquad-like active-other equation + current signature,163250.047981998,2065.66455426226,34351.5443937188,9.65894421425926e-11,1.88933572511405e-10,NaN,NaN,10262.5630218601,20619.5316787665,3.00919903096773,3.41014678678857,64157.019051046
1239,VCVS,BPF,VCVS_BPF_Maheshwari,Maheshwari VCVS equations + prototype input/supply-current signature,5296.51536465773,5296.51536465773,NaN,3.4797701152763e-11,3.4797701152763e-11,NaN,NaN,9944.46651978647,4036.00222441316,1.40585407134538,0.627295144080034,863533.799986147
465,PASSIVE,BPF,PASSIVE_RLC_BPF,Passive RLC equation + source-current signature,1765672.89459545,NaN,NaN,5.13119788405621e-12,NaN,NaN,140.585841272396,NaN,NaN,1,2.96449798998713,5925.70405446526
2607,ACTIVE_OTHER,HPF,ACTIVE_OTHER_STATE_VARIABLE_HPF,State-variable/biquad-like active-other equation + current signature,41450.3158815517,194308.598406549,17466.6829326203,1.88615017619955e-11,1.86976986190396e-10,NaN,NaN,10385.4925547671,34946.1284612235,4.36489851366585,1.67113592885683,29862.6254999435
473,PASSIVE,BPF,PASSIVE_RLC_BPF,Passive RLC equation + source-current signature,642658.872258471,NaN,NaN,2.90785350416541e-10,NaN,NaN,54.5420287928188,NaN,NaN,1,0.673905304640924,1263.77053604376
880,VCVS,LPF,VCVS_LPF_Maheshwari,Maheshwari VCVS equations + prototype input/supply-current signature,2424.64131062851,2424.64131062851,NaN,3.51078466365671e-12,3.51078466365671e-12,NaN,NaN,10147.138616409,12747.1909612296,2.25623502773639,1.34451074908321,18696849.7831089
2152,MFB,BPF,MFB_BPF_Maheshwari,Maheshwari MFB equation + current signature,8551.19434551552,1832242.63978865,NaN,2.68716909085304e-11,1.51525004620603e-10,NaN,NaN,NaN,NaN,-771771.820400372,5.23577469150331,19926.2511405261
2224,MFB,BSF,MFB_BSF_1_MINUS_BP,Maheshwari MFB BPF denominator + 1-minus-BP notch + current signature,18705.8442897481,4942185.01086146,NaN,2.57373030452871e-10,6.05039830030383e-11,NaN,NaN,NaN,NaN,1,6.38094819750505,4194.67650788284
2561,ACTIVE_OTHER,LPF,ACTIVE_OTHER_STATE_VARIABLE_LPF,State-variable/biquad-like active-other equation + current signature,43118.3488209791,25679.1196504965,32935.1089635077,3.49590817551683e-12,9.71866373825056e-10,NaN,NaN,10293.0887600419,13498.363325545,2.31140065341184,3.28536973797068,82057.0158507252
1209,VCVS,BPF,VCVS_BPF_Maheshwari,Maheshwari VCVS equations + prototype input/supply-current signature,3922.40584924204,3922.40584924204,NaN,1.63065384375692e-12,1.63065384375692e-12,NaN,NaN,10072.5532018989,4323.69452115873,1.42925506914608,0.636640603039452,24883176.7961362
3162,ACTIVE_OTHER,BSF,ACTIVE_OTHER_STATE_VARIABLE_BSF,State-variable/biquad-like active-other equation + current signature,1924.70913849286,77700.1284130467,43186.0156624995,4.41780206036982e-12,2.61713886855452e-10,NaN,NaN,9772.48758731454,26402.2120193016,3.7016879564599,4.3038208095704,382745.592926001
1413,VCVS,BSF,VCVS_BSF_Maheshwari,Maheshwari VCVS equations + prototype input/supply-current signature,7526.93733515928,7526.93733515928,NaN,4.30900145746622e-10,4.30900145746622e-10,NaN,NaN,9909.02981691073,2604.05019603815,1.26279567668614,0.678238019213467,49071.031850727
2884,ACTIVE_OTHER,BPF,ACTIVE_OTHER_STATE_VARIABLE_BPF,State-variable/biquad-like active-other equation + current signature,510863.835727049,2504.46233812995,33378.0733784575,1.3121290764957e-12,1.06677569279689e-11,NaN,NaN,10314.7878672113,28927.0011592917,3.80442036537124,3.26059344653331,1189283.69192473
2583,ACTIVE_OTHER,LPF,ACTIVE_OTHER_STATE_VARIABLE_LPF,State-variable/biquad-like active-other equation + current signature,18961.1900155118,25886.1429656051,12290.2556913573,7.89536672519702e-10,4.52993710210226e-10,NaN,NaN,9519.15469636951,27181.9737798749,3.85550289357539,1.17224221349387,12012.1687398361
2544,ACTIVE_OTHER,LPF,ACTIVE_OTHER_STATE_VARIABLE_LPF,State-variable/biquad-like active-other equation + current signature,13851.1447017388,13883.6788530632,46574.7758938994,1.5448386712636e-10,3.80337806695121e-11,NaN,NaN,10159.479936386,14824.3234816548,2.45916164749357,4.85822992848942,149726.510719803
363,PASSIVE,HPF,PASSIVE_RC_HPF,Passive RC equation + source-current signature,63025.3530476491,NaN,NaN,8.50569129943095e-10,NaN,NaN,NaN,NaN,NaN,1,NaN,2968.89766313075
2588,ACTIVE_OTHER,LPF,ACTIVE_OTHER_STATE_VARIABLE_LPF,State-variable/biquad-like active-other equation + current signature,225101.454290064,50807.7865694012,12736.7515886991,9.89407502434173e-11,8.78044776662244e-11,NaN,NaN,10092.8058523941,35154.6567870499,4.48314010010516,1.28316563202399,15966.8745134405
405,PASSIVE,BPF,PASSIVE_RLC_BPF,Passive RLC equation + source-current signature,376924.238648539,NaN,NaN,1.65106312559782e-10,NaN,NaN,490.66482472579,NaN,NaN,1,4.57358291810251,559.172532673289
172,PASSIVE,LPF,PASSIVE_RC_LPF,Passive RC equation + source-current signature,11170.9500141619,NaN,NaN,6.3023372470195e-10,NaN,NaN,NaN,NaN,NaN,1,NaN,22606.2426007415
1705,MFB,LPF,MFB_LPF_Maheshwari,Maheshwari MFB equation + current signature,4929.68699873611,89272.7030838834,7480.79768755492,3.22576351506585e-10,3.79052197336654e-11,NaN,NaN,NaN,NaN,-1.5174995267393,0.324632114471736,55695.6224889679
4,PASSIVE,LPF,PASSIVE_RC_LPF,Passive RC equation + source-current signature,5052.38509769017,NaN,NaN,9.96046243619112e-12,NaN,NaN,NaN,NaN,NaN,1,NaN,3162599.39989006
1246,VCVS,BPF,VCVS_BPF_Maheshwari,Maheshwari VCVS equations + prototype input/supply-current signature,10081.0339975007,10081.0339975007,NaN,4.08499193447224e-11,4.08499193447224e-11,NaN,NaN,10099.0434348208,12611.0709579217,2.24873915428858,1.33109559177549,386477.174041763
935,VCVS,LPF,VCVS_LPF_Maheshwari,Maheshwari VCVS equations + prototype input/supply-current signature,1647.21070995621,1647.21070995621,NaN,9.74201927569925e-11,9.74201927569925e-11,NaN,NaN,9893.1681928132,9947.35000537879,2.00547668972261,1.00550684902607,991795.171809116
2648,ACTIVE_OTHER,HPF,ACTIVE_OTHER_STATE_VARIABLE_HPF,State-variable/biquad-like active-other equation + current signature,33695.1875298352,4122.78446473766,18874.0408417076,6.73562094317226e-12,2.47868681600857e-10,NaN,NaN,10020.1263557197,13431.201336707,2.34042235196368,1.86297033789765,330476.992426822
1746,MFB,LPF,MFB_LPF_Maheshwari,Maheshwari MFB equation + current signature,45366.5213565266,1238.45713914665,68976.2140857479,1.45738516879246e-10,4.05221360178402e-11,NaN,NaN,NaN,NaN,-1.52042105110236,0.243114062547314,224076.662163599
419,PASSIVE,BPF,PASSIVE_RLC_BPF,Passive RLC equation + source-current signature,1373149.0024978,NaN,NaN,1.72563902984373e-12,NaN,NaN,16.8872482196298,NaN,NaN,1,2.27817352355364,29482.5952774895
2880,ACTIVE_OTHER,BPF,ACTIVE_OTHER_STATE_VARIABLE_BPF,State-variable/biquad-like active-other equation + current signature,35651.5068430981,436702.538022515,49804.5623722572,4.73319474714843e-10,8.25281535674022e-11,NaN,NaN,9565.77488674816,30428.4139994401,4.18096697441561,4.82226410314612,6453.71937547573
848,VCVS,LPF,VCVS_LPF_Maheshwari,Maheshwari VCVS equations + prototype input/supply-current signature,456687.651578666,456687.651578666,NaN,1.65195354853624e-10,1.65195354853624e-10,NaN,NaN,10090.1780066205,5316.37121191518,1.52688577034289,0.678833983046086,2109.61415897722
836,VCVS,LPF,VCVS_LPF_Maheshwari,Maheshwari VCVS equations + prototype input/supply-current signature,6801.13872098148,6801.13872098148,NaN,1.71024359675089e-11,1.71024359675089e-11,NaN,NaN,9932.14075932444,5931.52307018284,1.5972048940823,0.712862481328523,1368297.47471666
109,PASSIVE,LPF,PASSIVE_RC_LPF,Passive RC equation + source-current signature,984565.612600396,NaN,NaN,2.92587356942224e-12,NaN,NaN,NaN,NaN,NaN,1,NaN,55248.4263578567
2707,ACTIVE_OTHER,HPF,ACTIVE_OTHER_STATE_VARIABLE_HPF,State-variable/biquad-like active-other equation + current signature,1236.1579728261,599595.985684242,46142.0030905518,1.77275580288466e-10,1.10897770570483e-10,NaN,NaN,9616.54369498557,31655.5442278383,4.29177979447488,4.65453425593493,41693.4584092335
1952,MFB,HPF,MFB_HPF_Maheshwari,Maheshwari MFB equation + current signature,7868.65744651958,192.494827004773,NaN,1.2549107369325e-11,4.48303303238437e-10,4.25219524441677e-11,NaN,NaN,NaN,-3.38844438833221,0.517537592041937,936629.241657115
1086,VCVS,HPF,VCVS_HPF_Maheshwari,Maheshwari VCVS equations + prototype input/supply-current signature,71395.8447709323,71395.8447709323,NaN,2.63378008693144e-11,2.63378008693144e-11,NaN,NaN,10150.8168568729,3330.56908775647,1.32810847981179,0.598124930909051,84638.4468367244
1215,VCVS,BPF,VCVS_BPF_Maheshwari,Maheshwari VCVS equations + prototype input/supply-current signature,1792.72736894055,1792.72736894055,NaN,6.77985935815663e-10,6.77985935815663e-10,NaN,NaN,9955.89607453443,12651.7341382224,2.2707780438351,1.37132458992207,130943.877767829
1896,MFB,HPF,MFB_HPF_Maheshwari,Maheshwari MFB equation + current signature,547493.937935173,9159.1253063615,NaN,1.06017826349752e-10,3.64845623035166e-10,1.52939446498993e-11,NaN,NaN,NaN,-0.14425823634079,8.23492163480343,30087.7108374557
1004,VCVS,HPF,VCVS_HPF_Maheshwari,Maheshwari VCVS equations + prototype input/supply-current signature,790868.536585341,790868.536585341,NaN,2.91622396875925e-10,2.91622396875925e-10,NaN,NaN,10183.6113029085,3222.60080066822,1.31644970578834,0.593982848886769,690.072877486362
555,PASSIVE,BPF,PASSIVE_RLC_BPF,Passive RLC equation + source-current signature,4449928.63989709,NaN,NaN,1.00632484868047e-10,NaN,NaN,5684.88797039735,NaN,NaN,1,1.68903562752319,210.421483443029
2995,ACTIVE_OTHER,BPF,ACTIVE_OTHER_STATE_VARIABLE_BPF,State-variable/biquad-like active-other equation + current signature,14384.234942601,1188.1456567568,18427.7868930419,4.62740523099977e-10,6.45617872500633e-11,NaN,NaN,10131.4838400194,31651.7639285319,4.12409953253908,1.92474333438443,222733.410223854
2687,ACTIVE_OTHER,HPF,ACTIVE_OTHER_STATE_VARIABLE_HPF,State-variable/biquad-like active-other equation + current signature,2959.677283893,75054.0091805348,42741.6237268519,4.57157739782047e-12,9.30530206744104e-11,NaN,NaN,9756.95405184637,21247.8532639982,3.17771377738294,4.49699674753294,517741.202112729
1545,VCVS,BSF,VCVS_BSF_Maheshwari,Maheshwari VCVS equations + prototype input/supply-current signature,569487.468255879,569487.468255879,NaN,7.09979794032325e-12,7.09979794032325e-12,NaN,NaN,9925.85810292842,3233.29392958762,1.32574452466066,0.741558679591534,39363.1614045212
1318,VCVS,BPF,VCVS_BPF_Maheshwari,Maheshwari VCVS equations + prototype input/supply-current signature,1062.06617875592,1062.06617875592,NaN,2.15313654142755e-12,2.15313654142755e-12,NaN,NaN,9805.84973695488,5546.75240206149,1.56565749535787,0.697183550486429,69598035.471765
1926,MFB,HPF,MFB_HPF_Maheshwari,Maheshwari MFB equation + current signature,110747.098134517,12517.4933332381,NaN,1.60817999900322e-11,6.2175651738928e-10,1.87423502390821e-11,NaN,NaN,NaN,-1.16543858589828,0.419616161910372,39597.9836282197
1043,VCVS,HPF,VCVS_HPF_Maheshwari,Maheshwari VCVS equations + prototype input/supply-current signature,18146.1937820699,18146.1937820699,NaN,1.00750735734669e-10,1.00750735734669e-10,NaN,NaN,9964.49102907176,12840.0163231368,2.28857723748012,1.40563396714771,87053.5249192258
1300,VCVS,BPF,VCVS_BPF_Maheshwari,Maheshwari VCVS equations + prototype input/supply-current signature,29989.4620444531,29989.4620444531,NaN,7.73964843775973e-11,7.73964843775973e-11,NaN,NaN,10139.5836759956,798.682798544641,1.07876879604391,0.520499561916783,68569.3799519571
2643,ACTIVE_OTHER,HPF,ACTIVE_OTHER_STATE_VARIABLE_HPF,State-variable/biquad-like active-other equation + current signature,1172.50054090091,693429.957249537,11746.4831436832,2.31373595858479e-10,4.64607843726592e-10,NaN,NaN,9698.14983148339,15548.692499918,2.603263794651,1.19216971477928,17024.0207118996
2928,ACTIVE_OTHER,BPF,ACTIVE_OTHER_STATE_VARIABLE_BPF,State-variable/biquad-like active-other equation + current signature,704688.028914136,1359.06783378638,53057.9278107089,8.13079781066248e-11,5.70446034260779e-12,NaN,NaN,10288.2613925311,24769.2727945053,3.40752755489736,5.37560855954763,238796.113615849
434,PASSIVE,BPF,PASSIVE_RLC_BPF,Passive RLC equation + source-current signature,2890479.30262775,NaN,NaN,1.41504426077608e-12,NaN,NaN,175.711210693227,NaN,NaN,1,3.85518176875915,10093.351178356
823,VCVS,LPF,VCVS_LPF_Maheshwari,Maheshwari VCVS equations + prototype input/supply-current signature,97555.869944177,97555.869944177,NaN,3.82211634159147e-11,3.82211634159147e-11,NaN,NaN,10105.8111785653,12918.9848519396,2.27837188164976,1.38575531436629,42683.7751207418
2466,ACTIVE_OTHER,LPF,ACTIVE_OTHER_STATE_VARIABLE_LPF,State-variable/biquad-like active-other equation + current signature,2694.42843527271,206919.649936432,31732.5517342029,1.54875860740564e-11,1.55388095446757e-12,NaN,NaN,10059.9927086574,24919.5220967157,3.47709146700183,3.03987731514309,1373995.14840848
250,PASSIVE,HPF,PASSIVE_RC_HPF,Passive RC equation + source-current signature,37763.9808217449,NaN,NaN,1.3484208524704e-10,NaN,NaN,NaN,NaN,NaN,1,NaN,31254.812886153
1909,MFB,HPF,MFB_HPF_Maheshwari,Maheshwari MFB equation + current signature,37491.7585611802,10555.1001233529,NaN,3.77503717672566e-11,4.27718688871274e-11,9.79886261352886e-12,NaN,NaN,NaN,-0.259569963282536,1.64573537881314,390799.590037358
1630,MFB,LPF,MFB_LPF_Maheshwari,Maheshwari MFB equation + current signature,379422.332513418,404403.082907011,1005257.22818231,8.29549977337553e-10,4.05116373418463e-10,NaN,NaN,NaN,NaN,-2.6494413798027,0.367732904312588,430.58919188749
2019,MFB,BPF,MFB_BPF_Maheshwari,Maheshwari MFB equation + current signature,24761.5582550707,5961478.50998281,NaN,3.66149906798888e-11,2.29114275020335e-10,NaN,NaN,NaN,NaN,-176266.53997391,5.34815710690687,4522.70869619958
261,PASSIVE,HPF,PASSIVE_RC_HPF,Passive RC equation + source-current signature,19912.4247920315,NaN,NaN,2.32509818069891e-10,NaN,NaN,NaN,NaN,NaN,1,NaN,34375.9482429229
2443,ACTIVE_OTHER,LPF,ACTIVE_OTHER_STATE_VARIABLE_LPF,State-variable/biquad-like active-other equation + current signature,1897.1215036339,2279.3569086336,51518.6486899351,5.19939453913135e-12,1.2841921395018e-10,NaN,NaN,10136.8221256631,17081.9992681197,2.68514343611433,5.01492945298893,2961931.43513279
242,PASSIVE,HPF,PASSIVE_RC_HPF,Passive RC equation + source-current signature,518441.683370931,NaN,NaN,1.36186695412089e-10,NaN,NaN,NaN,NaN,NaN,1,NaN,2254.16414597509
1287,VCVS,BPF,VCVS_BPF_Maheshwari,Maheshwari VCVS equations + prototype input/supply-current signature,50488.4502450974,50488.4502450974,NaN,3.85878617834832e-10,3.85878617834832e-10,NaN,NaN,10046.5748420899,2487.05897000462,1.24755292316991,0.570630641701801,8169.15953106518
486,PASSIVE,BPF,PASSIVE_RLC_BPF,Passive RLC equation + source-current signature,2998362.80308238,NaN,NaN,2.30916455444963e-10,NaN,NaN,2357.08075476131,NaN,NaN,1,1.06555435453974,215.727474588637
1180,VCVS,HPF,VCVS_HPF_Maheshwari,Maheshwari VCVS equations + prototype input/supply-current signature,595116.510816173,595116.510816173,NaN,3.17526637916887e-10,3.17526637916887e-10,NaN,NaN,10032.0524496812,3338.25663565183,1.33275908916903,0.599793343303691,842.244080361262
1148,VCVS,HPF,VCVS_HPF_Maheshwari,Maheshwari VCVS equations + prototype input/supply-current signature,650779.709424519,650779.709424519,NaN,1.42042150809765e-12,1.42042150809765e-12,NaN,NaN,10144.1511365746,13746.6716999516,2.35513277699384,1.55070681889883,172174.522887919
430,PASSIVE,BPF,PASSIVE_RLC_BPF,Passive RLC equation + source-current signature,7496578.11119642,NaN,NaN,3.69535283061323e-10,NaN,NaN,5851.21704145386,NaN,NaN,1,0.530801422344923,108.235336635743
1471,VCVS,BSF,VCVS_BSF_Maheshwari,Maheshwari VCVS equations + prototype input/supply-current signature,560977.141851849,560977.141851849,NaN,7.92167784621086e-11,7.92167784621086e-11,NaN,NaN,10129.9671710428,2775.27891558665,1.27396721714163,0.688674136767644,3581.44090394524
2158,MFB,BPF,MFB_BPF_Maheshwari,Maheshwari MFB equation + current signature,18887.6683248798,599785.237603712,NaN,1.75218059748405e-11,6.071934390049e-11,NaN,NaN,NaN,NaN,-871956.023378248,2.34923496672138,45843.7465714601
2917,ACTIVE_OTHER,BPF,ACTIVE_OTHER_STATE_VARIABLE_BPF,State-variable/biquad-like active-other equation + current signature,100837.587069535,96209.0980854632,30685.2320018161,4.55330890908412e-10,4.14638907031395e-10,NaN,NaN,9621.37794813043,8119.65550170727,1.8439181524186,3.03019994050877,3718.79513757602
910,VCVS,LPF,VCVS_LPF_Maheshwari,Maheshwari VCVS equations + prototype input/supply-current signature,450200.986018932,450200.986018932,NaN,2.74158821057334e-12,2.74158821057334e-12,NaN,NaN,10069.4241797708,2901.6822413386,1.28816764390242,0.584169353054918,128947.066318737
2946,ACTIVE_OTHER,BPF,ACTIVE_OTHER_STATE_VARIABLE_BPF,State-variable/biquad-like active-other equation + current signature,21228.0890166836,86341.8587499304,29090.0262690841,1.40625897400977e-10,9.31398777548653e-10,NaN,NaN,10100.4993274052,29850.0986261795,3.95530920389141,3.02798444790363,10271.9642546582
2681,ACTIVE_OTHER,HPF,ACTIVE_OTHER_STATE_VARIABLE_HPF,State-variable/biquad-like active-other equation + current signature,1059.40917211078,5009.66590551662,6103.65592560123,3.35718309971088e-10,9.976361088063e-11,NaN,NaN,10102.2955926313,21237.4475460475,3.10223976830953,0.619893580281355,377494.207100518
1573,VCVS,BSF,VCVS_BSF_Maheshwari,Maheshwari VCVS equations + prototype input/supply-current signature,79665.9053259026,79665.9053259026,NaN,7.15661750740131e-10,7.15661750740131e-10,NaN,NaN,10107.1675863183,4321.20367514074,1.42753854017323,0.873421243329297,2791.51412217145
2236,MFB,BSF,MFB_BSF_1_MINUS_BP,Maheshwari MFB BPF denominator + 1-minus-BP notch + current signature,4832189.38641751,300151261.277654,NaN,9.89250839518999e-12,7.8668680758945e-11,NaN,NaN,NaN,NaN,1,2.48261183140151,149.804177471436
2446,ACTIVE_OTHER,LPF,ACTIVE_OTHER_STATE_VARIABLE_LPF,State-variable/biquad-like active-other equation + current signature,5254.5175659319,14981.1629163528,28607.172454433,9.95758245340746e-10,7.29354080416419e-11,NaN,NaN,10166.8620615095,9149.4049294805,1.89992417268245,2.99241018195436,66563.2900663171
43,PASSIVE,LPF,PASSIVE_RC_LPF,Passive RC equation + source-current signature,3574.37006168626,NaN,NaN,1.04089458121351e-11,NaN,NaN,NaN,NaN,NaN,1,NaN,4277734.9311866
1697,MFB,LPF,MFB_LPF_Maheshwari,Maheshwari MFB equation + current signature,2176.10839015077,347.463996738897,3284.65388532959,3.17841411175643e-10,1.06903616201636e-10,NaN,NaN,NaN,NaN,-1.50941648871728,0.443171688100139,808200.25163275
167,PASSIVE,LPF,PASSIVE_RC_LPF,Passive RC equation + source-current signature,526935.791324115,NaN,NaN,2.74993720625428e-11,NaN,NaN,NaN,NaN,NaN,1,NaN,10983.4722286564
1621,MFB,LPF,MFB_LPF_Maheshwari,Maheshwari MFB equation + current signature,4342.02463859529,492.09695625502,6885.60730047411,3.18620106763275e-10,3.05278786544512e-10,NaN,NaN,NaN,NaN,-1.58580567214416,0.230513878989871,277229.067556619
2040,MFB,BPF,MFB_BPF_Maheshwari,Maheshwari MFB equation + current signature,2905.12101507876,693412.095991176,NaN,2.01176954956104e-11,1.63108659545373e-10,NaN,NaN,NaN,NaN,-2110370.72338506,4.83006833309854,61903.4261621882
3116,ACTIVE_OTHER,BSF,ACTIVE_OTHER_STATE_VARIABLE_BSF,State-variable/biquad-like active-other equation + current signature,9441.63781482492,1268.14673498917,18330.8622312768,8.503747634386e-11,5.83886169455757e-10,NaN,NaN,9825.04426821542,15483.484739374,2.57592009935914,1.92076513448185,206415.560724714
1849,MFB,HPF,MFB_HPF_Maheshwari,Maheshwari MFB equation + current signature,301505.121570656,11116.8897588407,NaN,3.32293900421733e-10,3.601450592135e-10,3.44543853501664e-11,NaN,NaN,NaN,-0.103686481474497,7.69704191076025,24678.5791182447
228,PASSIVE,HPF,PASSIVE_RC_HPF,Passive RC equation + source-current signature,44646.766523408,NaN,NaN,8.49108473100133e-10,NaN,NaN,NaN,NaN,NaN,1,NaN,4198.23694126278
298,PASSIVE,HPF,PASSIVE_RC_HPF,Passive RC equation + source-current signature,102342.800185151,NaN,NaN,1.14894857157443e-12,NaN,NaN,NaN,NaN,NaN,1,NaN,1353512.42428552
1063,VCVS,HPF,VCVS_HPF_Maheshwari,Maheshwari VCVS equations + prototype input/supply-current signature,75529.9858995095,75529.9858995095,NaN,4.64467638864313e-10,4.64467638864313e-10,NaN,NaN,9897.74354199197,9783.12447220676,1.98841967673754,0.988552245436018,4536.7543832729
1575,VCVS,BSF,VCVS_BSF_Maheshwari,Maheshwari VCVS equations + prototype input/supply-current signature,1570.81543650107,1570.81543650107,NaN,2.49813545227298e-10,2.49813545227298e-10,NaN,NaN,10072.2289962323,2849.19617847608,1.28287642978946,0.697229906769353,405582.295109145
1763,MFB,LPF,MFB_LPF_Maheshwari,Maheshwari MFB equation + current signature,801170.190139311,1534908.74111923,706407.720459245,4.39672646576817e-10,5.49571180093429e-10,NaN,NaN,NaN,NaN,-0.881719925620812,0.259096761679524,310.938453816189
552,PASSIVE,BPF,PASSIVE_RLC_BPF,Passive RLC equation + source-current signature,5516.86324543101,NaN,NaN,4.36516495736751e-11,NaN,NaN,0.00247755109839891,NaN,NaN,1,1.36558507490781,483958.911646685
1257,VCVS,BPF,VCVS_BPF_Maheshwari,Maheshwari VCVS equations + prototype input/supply-current signature,125078.464199956,125078.464199956,NaN,3.17142231854689e-11,3.17142231854689e-11,NaN,NaN,9930.44073903196,13255.1916532549,2.33480396304616,1.50331623227844,40122.0868280015
524,PASSIVE,BPF,PASSIVE_RLC_BPF,Passive RLC equation + source-current signature,1123.72818769166,NaN,NaN,2.23219334768518e-10,NaN,NaN,0.000667635797441115,NaN,NaN,1,1.53901420273226,412272.550016823
3035,ACTIVE_OTHER,BSF,ACTIVE_OTHER_STATE_VARIABLE_BSF,State-variable/biquad-like active-other equation + current signature,68408.6085436799,24635.0739509575,10818.2249142121,6.12247164664978e-10,1.27752076754033e-10,NaN,NaN,10336.0329901553,15944.0598213609,2.5425705235797,1.03684949352336,13862.4643535461
2916,ACTIVE_OTHER,BPF,ACTIVE_OTHER_STATE_VARIABLE_BPF,State-variable/biquad-like active-other equation + current signature,5815.44503695047,182019.392608937,5483.41803672036,1.03473740483356e-11,3.9939368723274e-11,NaN,NaN,10003.9469424973,34467.5409385464,4.44539421656931,0.566249684131244,240632.426835285
1815,MFB,HPF,MFB_HPF_Maheshwari,Maheshwari MFB equation + current signature,451785.241940832,21381.3839003529,NaN,2.71312416827319e-11,1.57452326823309e-11,1.29759663732844e-11,NaN,NaN,NaN,-0.478266587464855,2.45968965073106,113290.060502367
763,PASSIVE,BSF,PASSIVE_RLC_BSF,Passive RLC equation + source-current signature,4322759.33802865,NaN,NaN,2.51241157604224e-12,NaN,NaN,1215.35340127718,NaN,NaN,1,5.0879734902961,2880.20532103353
1709,MFB,LPF,MFB_LPF_Maheshwari,Maheshwari MFB equation + current signature,429.272853209871,207.682335203984,1170.8725056639,3.15052479426276e-10,3.72575341945895e-10,NaN,NaN,NaN,NaN,-2.7275717458226,0.233138591950253,942035.009652506
2856,ACTIVE_OTHER,BPF,ACTIVE_OTHER_STATE_VARIABLE_BPF,State-variable/biquad-like active-other equation + current signature,2579.25820344936,119294.948864865,12777.5600374859,6.56962184220895e-10,4.10630921209274e-11,NaN,NaN,10447.3573387084,10941.8784562818,2.0473345652437,1.30153398858598,55241.5280520049
821,VCVS,LPF,VCVS_LPF_Maheshwari,Maheshwari VCVS equations + prototype input/supply-current signature,2336.32262894664,2336.32262894664,NaN,4.21247657132292e-10,4.21247657132292e-10,NaN,NaN,10091.8164350601,10433.6987116137,2.03387717947047,1.03506508567089,161714.818525525
2031,MFB,BPF,MFB_BPF_Maheshwari,Maheshwari MFB equation + current signature,4980.22610136891,1286919.99766943,NaN,8.79609058563905e-11,1.88850159080157e-11,NaN,NaN,NaN,NaN,-10632455.7733862,6.13192477980096,48777.1366783387
2210,MFB,BSF,MFB_BSF_1_MINUS_BP,Maheshwari MFB BPF denominator + 1-minus-BP notch + current signature,35406.2175295087,885743.456032149,NaN,1.29322462317044e-11,1.26458807260103e-10,NaN,NaN,NaN,NaN,1,1.45107824913816,22223.6232315855
3157,ACTIVE_OTHER,BSF,ACTIVE_OTHER_STATE_VARIABLE_BSF,State-variable/biquad-like active-other equation + current signature,16234.1589268102,288998.139004229,40702.996044573,3.46759247250291e-10,2.36554944267811e-12,NaN,NaN,9896.42997265905,5156.6469432682,1.52106132792477,4.01695562960672,81129.2892620664
696,PASSIVE,BSF,PASSIVE_RLC_BSF,Passive RLC equation + source-current signature,64276.5393073767,NaN,NaN,3.0256396682698e-11,NaN,NaN,0.808722222224507,NaN,NaN,1,2.54354016359208,32174.5025105333
2910,ACTIVE_OTHER,BPF,ACTIVE_OTHER_STATE_VARIABLE_BPF,State-variable/biquad-like active-other equation + current signature,359170.876767523,223825.468365006,41808.7459395944,5.02832149091535e-11,6.4419530925215e-11,NaN,NaN,10203.0129137679,22692.2301823475,3.22407149477648,4.16686868896495,9862.6705361016
370,PASSIVE,HPF,PASSIVE_RC_HPF,Passive RC equation + source-current signature,26418.9799663638,NaN,NaN,4.11568031585121e-11,NaN,NaN,NaN,NaN,NaN,1,NaN,146373.498254964
2122,MFB,BPF,MFB_BPF_Maheshwari,Maheshwari MFB equation + current signature,315950.907702509,129596731.949773,NaN,4.04839846606158e-10,4.16541797145643e-11,NaN,NaN,NaN,NaN,-75983.9394516148,5.89036880597223,191.532458769131
1948,MFB,HPF,MFB_HPF_Maheshwari,Maheshwari MFB equation + current signature,995214.301630822,129986.758147914,NaN,1.91200443228147e-10,4.83351995839542e-10,2.888172248751e-11,NaN,NaN,NaN,-0.151054683764761,3.0767655184447,3745.14785283154
3057,ACTIVE_OTHER,BSF,ACTIVE_OTHER_STATE_VARIABLE_BSF,State-variable/biquad-like active-other equation + current signature,912040.925039471,2576.53015618596,18938.0496157884,1.44891884021236e-10,2.52967303369557e-12,NaN,NaN,9986.67975564258,18127.5179578978,2.81516964611342,1.94080928078778,171490.919168534
1607,MFB,LPF,MFB_LPF_Maheshwari,Maheshwari MFB equation + current signature,46988.1808572358,65100.1173071497,107068.842678501,5.50820268627937e-11,2.53823242562342e-11,NaN,NaN,NaN,NaN,-2.27863349304388,0.383727094515155,50983.1942237087
1146,VCVS,HPF,VCVS_HPF_Maheshwari,Maheshwari VCVS equations + prototype input/supply-current signature,175929.012266398,175929.012266398,NaN,2.66425988684741e-12,2.66425988684741e-12,NaN,NaN,10180.4482074726,10861.2863368716,2.06687702894056,1.07167011317344,339551.834482506
902,VCVS,LPF,VCVS_LPF_Maheshwari,Maheshwari VCVS equations + prototype input/supply-current signature,6246.84325834025,6246.84325834025,NaN,3.88384866351822e-11,3.88384866351822e-11,NaN,NaN,10190.3716967338,5565.42433996147,1.54614537188523,0.687826678583893,655990.006925048
1456,VCVS,BSF,VCVS_BSF_Maheshwari,Maheshwari VCVS equations + prototype input/supply-current signature,60358.4859547808,60358.4859547808,NaN,9.80156570461202e-12,9.80156570461202e-12,NaN,NaN,9949.37890242372,4782.9776050709,1.48073127498499,0.962892575487856,269021.096684553
538,PASSIVE,BPF,PASSIVE_RLC_BPF,Passive RLC equation + source-current signature,3884788.36501016,NaN,NaN,5.03509838215921e-10,NaN,NaN,3706.90707187665,NaN,NaN,1,0.698448686104782,116.495809041613
2273,MFB,BSF,MFB_BSF_1_MINUS_BP,Maheshwari MFB BPF denominator + 1-minus-BP notch + current signature,33.2437610653435,2815.48143688734,NaN,9.25395437514674e-10,2.89843609148865e-10,NaN,NaN,NaN,NaN,1,3.92197737635585,1004484.36197354
590,PASSIVE,BPF,PASSIVE_RLC_BPF,Passive RLC equation + source-current signature,2927644.18541375,NaN,NaN,4.40451621671838e-11,NaN,NaN,3055.35565392824,NaN,NaN,1,2.84487694444013,433.850537192545
525,PASSIVE,BPF,PASSIVE_RLC_BPF,Passive RLC equation + source-current signature,661411.949097079,NaN,NaN,1.73625219861257e-12,NaN,NaN,14.6304620245825,NaN,NaN,1,4.38884839957775,31578.0062745495
2826,ACTIVE_OTHER,BPF,ACTIVE_OTHER_STATE_VARIABLE_BPF,State-variable/biquad-like active-other equation + current signature,4316.47945982417,21134.7136408302,52611.2719247843,1.73375466933305e-10,3.24956726186235e-11,NaN,NaN,10341.6227128726,20940.9048300605,3.02491479446399,5.17281727055831,221998.745950802
2469,ACTIVE_OTHER,LPF,ACTIVE_OTHER_STATE_VARIABLE_LPF,State-variable/biquad-like active-other equation + current signature,56172.3394212856,5957.68212663593,28848.9770141178,2.59686196460328e-12,8.48964851416439e-11,NaN,NaN,9916.22214766387,23788.2924922828,3.39892694395587,2.84374273481165,585937.001631275
779,PASSIVE,BSF,PASSIVE_RLC_BSF,Passive RLC equation + source-current signature,34204046.4000267,NaN,NaN,3.16482690488251e-12,NaN,NaN,9125.5364240585,NaN,NaN,1,1.56991714918877,936.517612321955
1442,VCVS,BSF,VCVS_BSF_Maheshwari,Maheshwari VCVS equations + prototype input/supply-current signature,31089.1477335637,31089.1477335637,NaN,1.56321437628576e-10,1.56321437628576e-10,NaN,NaN,9983.40215447433,2985.38486716657,1.29903482009172,0.7133021929355,32748.6027086053
2207,MFB,BSF,MFB_BSF_1_MINUS_BP,Maheshwari MFB BPF denominator + 1-minus-BP notch + current signature,1222.40147615563,71474.6185849399,NaN,4.93533273924906e-11,8.95869470368717e-10,NaN,NaN,NaN,NaN,1,1.70104338361087,80976.0686414996
1410,VCVS,BSF,VCVS_BSF_Maheshwari,Maheshwari VCVS equations + prototype input/supply-current signature,12353.6188173278,12353.6188173278,NaN,9.15831688033244e-11,9.15831688033244e-11,NaN,NaN,10056.0137798436,5697.3405754263,1.56656053781928,1.15356363143403,140672.844359251
1734,MFB,LPF,MFB_LPF_Maheshwari,Maheshwari MFB equation + current signature,1345.02141680667,1452.76307307202,1611.10328262296,7.7909576398634e-11,1.34929790040108e-10,NaN,NaN,NaN,NaN,-1.19782723344884,0.241988807875664,1014639.34817172
721,PASSIVE,BSF,PASSIVE_RLC_BSF,Passive RLC equation + source-current signature,9045.22639191102,NaN,NaN,1.44838192148349e-10,NaN,NaN,0.0123355452768693,NaN,NaN,1,1.02027721239564,119069.19243599
1014,VCVS,HPF,VCVS_HPF_Maheshwari,Maheshwari VCVS equations + prototype input/supply-current signature,521856.099268345,521856.099268345,NaN,2.59534088236079e-12,2.59534088236079e-12,NaN,NaN,9915.46010932883,568.459409009175,1.05733061327879,0.514755627918642,117510.036195658
1805,MFB,HPF,MFB_HPF_Maheshwari,Maheshwari MFB equation + current signature,8193.05148894598,261.047088674935,NaN,7.20916408926808e-10,5.65693542760167e-11,3.33089906826431e-10,NaN,NaN,NaN,-0.462036794698965,1.49868391098545,792805.24608955
601,PASSIVE,BSF,PASSIVE_RLC_BSF,Passive RLC equation + source-current signature,3228320.99112018,NaN,NaN,2.69977720804239e-12,NaN,NaN,533.906480867337,NaN,NaN,1,4.35604064116784,4192.02218177714
2998,ACTIVE_OTHER,BPF,ACTIVE_OTHER_STATE_VARIABLE_BPF,State-variable/biquad-like active-other equation + current signature,139571.846669693,167489.980101419,52669.94604721,1.02996082403771e-11,8.26849494839831e-12,NaN,NaN,9560.98551281354,25668.7770364884,3.68474175618061,5.31770771939068,112798.472386276
322,PASSIVE,HPF,PASSIVE_RC_HPF,Passive RC equation + source-current signature,333948.535801203,NaN,NaN,5.96355037980141e-11,NaN,NaN,NaN,NaN,NaN,1,NaN,7991.6360167332
3169,ACTIVE_OTHER,BSF,ACTIVE_OTHER_STATE_VARIABLE_BSF,State-variable/biquad-like active-other equation + current signature,76909.3757152271,5894.78702037833,17907.7131525584,3.16830719577356e-12,5.18388640330227e-11,NaN,NaN,9529.38941601771,31697.4991462947,4.32628857553194,1.71591894251342,583250.40547556
2033,MFB,BPF,MFB_BPF_Maheshwari,Maheshwari MFB equation + current signature,5568.58921036457,192298.9957167,NaN,4.03828697558888e-10,1.85665672520474e-10,NaN,NaN,NaN,NaN,-967215.401453897,2.72961032457167,17762.1133059631
1816,MFB,HPF,MFB_HPF_Maheshwari,Maheshwari MFB equation + current signature,32753.9806177733,11902.4796666788,NaN,8.66794174508061e-11,4.49482730098205e-11,3.48560012418403e-11,NaN,NaN,NaN,-0.40212546723243,0.980788420615198,203645.152832288
1201,VCVS,BPF,VCVS_BPF_Maheshwari,Maheshwari VCVS equations + prototype input/supply-current signature,198336.081952223,198336.081952223,NaN,4.61336209005553e-10,4.61336209005553e-10,NaN,NaN,9993.09134852071,5167.73330281205,1.51713059778814,0.674368220497634,1739.40558197603
2500,ACTIVE_OTHER,LPF,ACTIVE_OTHER_STATE_VARIABLE_LPF,State-variable/biquad-like active-other equation + current signature,77096.5609490296,14377.769230906,17760.5137057191,1.13887431692222e-11,3.35971437605869e-11,NaN,NaN,10022.1823185907,10917.2808380663,2.08931173780537,1.70551020189489,244381.201626262
21,PASSIVE,LPF,PASSIVE_RC_LPF,Passive RC equation + source-current signature,40681.4171538589,NaN,NaN,1.56319637062007e-10,NaN,NaN,NaN,NaN,NaN,1,NaN,25027.0995010665
2074,MFB,BPF,MFB_BPF_Maheshwari,Maheshwari MFB equation + current signature,8626.81278743438,644040.799864066,NaN,1.85591677309604e-11,6.41568604532347e-11,NaN,NaN,NaN,NaN,-1806785.19481983,3.60448009205324,61878.1690332772
2813,ACTIVE_OTHER,BPF,ACTIVE_OTHER_STATE_VARIABLE_BPF,State-variable/biquad-like active-other equation + current signature,604329.719252674,78128.0396067207,23116.2263271663,7.87964367981444e-10,9.06242670191795e-10,NaN,NaN,10077.2392245646,17458.6685993725,2.73248527799308,2.40608710686638,866.770554039597
251,PASSIVE,HPF,PASSIVE_RC_HPF,Passive RC equation + source-current signature,103483.292690527,NaN,NaN,7.69089318073891e-10,NaN,NaN,NaN,NaN,NaN,1,NaN,1999.73806415033
1179,VCVS,HPF,VCVS_HPF_Maheshwari,Maheshwari VCVS equations + prototype input/supply-current signature,4293.40584093394,4293.40584093394,NaN,1.31075590674077e-12,1.31075590674077e-12,NaN,NaN,10107.8208726941,7476.2808619229,1.73965308211187,0.793432336610643,28281104.4239987
617,PASSIVE,BSF,PASSIVE_RLC_BSF,Passive RLC equation + source-current signature,2443791.05207845,NaN,NaN,1.51126490064131e-11,NaN,NaN,104.72466908745,NaN,NaN,1,1.0771845856795,4000.60188567262
2471,ACTIVE_OTHER,LPF,ACTIVE_OTHER_STATE_VARIABLE_LPF,State-variable/biquad-like active-other equation + current signature,223619.85496848,64580.7866171642,51730.9946739381,3.68864229602832e-10,1.53812534858272e-11,NaN,NaN,9682.98288147849,28022.0548904884,3.89394861412889,5.05902557662123,17582.6426660967
2394,MFB,BSF,MFB_BSF_1_MINUS_BP,Maheshwari MFB BPF denominator + 1-minus-BP notch + current signature,1980065.64620078,295326105.035156,NaN,1.33291567238461e-10,1.27853461680653e-11,NaN,NaN,NaN,NaN,1,3.45133506245761,159.430656911724
1745,MFB,LPF,MFB_LPF_Maheshwari,Maheshwari MFB equation + current signature,94052.8709443619,1020894.60600285,85442.2003104309,1.84610113440881e-10,1.2521965251144e-10,NaN,NaN,NaN,NaN,-0.908448614619912,0.176326240172307,3544.29182833407
986,VCVS,LPF,VCVS_LPF_Maheshwari,Maheshwari VCVS equations + prototype input/supply-current signature,1507.54994883912,1507.54994883912,NaN,1.89742478495771e-11,1.89742478495771e-11,NaN,NaN,9923.99643877168,3384.921281628,1.34108449176821,0.602803455051117,5563958.11663536
573,PASSIVE,BPF,PASSIVE_RLC_BPF,Passive RLC equation + source-current signature,22856.4693108951,NaN,NaN,3.0910252554557e-11,NaN,NaN,0.141094436061817,NaN,NaN,1,2.95593256754878,76210.3420512697
2960,ACTIVE_OTHER,BPF,ACTIVE_OTHER_STATE_VARIABLE_BPF,State-variable/biquad-like active-other equation + current signature,391993.873454337,172667.886508974,38707.5000718299,1.75350215244632e-11,5.2208985698294e-10,NaN,NaN,9618.67656624174,27255.4877298108,3.83360060421079,4.02208997353337,6393.65098929831
633,PASSIVE,BSF,PASSIVE_RLC_BSF,Passive RLC equation + source-current signature,3710777.05225857,NaN,NaN,1.43147239543775e-10,NaN,NaN,702.204195026558,NaN,NaN,1,0.596863963931428,501.992158368069
2332,MFB,BSF,MFB_BSF_1_MINUS_BP,Maheshwari MFB BPF denominator + 1-minus-BP notch + current signature,2197.60093833826,656611.366445675,NaN,2.31809742743507e-11,1.24708000141442e-10,NaN,NaN,NaN,NaN,1,6.28430109639356,77925.3062248105
2242,MFB,BSF,MFB_BSF_1_MINUS_BP,Maheshwari MFB BPF denominator + 1-minus-BP notch + current signature,3925.98310389803,3972719.96977135,NaN,1.56114913926791e-11,4.06090752110859e-10,NaN,NaN,NaN,NaN,1,6.00616970112146,16005.4612807421
2694,ACTIVE_OTHER,HPF,ACTIVE_OTHER_STATE_VARIABLE_HPF,State-variable/biquad-like active-other equation + current signature,2183.96703769669,485358.12061068,34380.8069957918,6.71592208593135e-10,5.62193465988765e-12,NaN,NaN,10447.2385047709,10631.9905751489,2.01768429717514,3.39207752712796,79555.5019819607
640,PASSIVE,BSF,PASSIVE_RLC_BSF,Passive RLC equation + source-current signature,1825.17212036823,NaN,NaN,5.45547328735813e-10,NaN,NaN,0.0074494052385775,NaN,NaN,1,2.02460710657074,78948.3603691952
1600,VCVS,BSF,VCVS_BSF_Maheshwari,Maheshwari VCVS equations + prototype input/supply-current signature,280034.019640437,280034.019640437,NaN,5.75255557304631e-11,5.75255557304631e-11,NaN,NaN,10086.4489091605,5188.2222770501,1.51437550755233,1.02960210569256,9879.80821859615
3051,ACTIVE_OTHER,BSF,ACTIVE_OTHER_STATE_VARIABLE_BSF,State-variable/biquad-like active-other equation + current signature,1398.81579371396,6572.92061220045,46215.8399347819,1.22972964393902e-11,1.35242576393486e-11,NaN,NaN,9917.13168718519,6146.05041912356,1.61974072876993,4.80687510494007,4070044.29427663
1157,VCVS,HPF,VCVS_HPF_Maheshwari,Maheshwari VCVS equations + prototype input/supply-current signature,1122.99187758319,1122.99187758319,NaN,5.95042533193666e-10,5.95042533193666e-10,NaN,NaN,10171.19565342,2021.4923310065,1.19874677470458,0.555169026740254,238174.634084032
395,PASSIVE,HPF,PASSIVE_RC_HPF,Passive RC equation + source-current signature,51507.2984242417,NaN,NaN,7.9393692536848e-12,NaN,NaN,NaN,NaN,NaN,1,NaN,389193.303333602
1744,MFB,LPF,MFB_LPF_Maheshwari,Maheshwari MFB equation + current signature,34519.9789601597,397.645730953612,71517.5323800398,3.29759435657714e-10,2.48502704735864e-11,NaN,NaN,NaN,NaN,-2.07177218915979,0.267066918624374,329686.780288286
2050,MFB,BPF,MFB_BPF_Maheshwari,Maheshwari MFB equation + current signature,11188.9817722504,67475.6658927337,NaN,9.03090998863668e-11,4.64623751465486e-10,NaN,NaN,NaN,NaN,-192357.013900006,0.906471870100728,28277.0954963831
654,PASSIVE,BSF,PASSIVE_RLC_BSF,Passive RLC equation + source-current signature,5695562.80732715,NaN,NaN,2.51223516491144e-11,NaN,NaN,9898.67700018452,NaN,NaN,1,3.48515249811045,319.154821600641
1273,VCVS,BPF,VCVS_BPF_Maheshwari,Maheshwari VCVS equations + prototype input/supply-current signature,17855.172411784,17855.172411784,NaN,7.42440677718757e-12,7.42440677718757e-12,NaN,NaN,10005.9281062544,6411.89573717468,1.64080969492143,0.735732146016297,1200588.90332576
1725,MFB,LPF,MFB_LPF_Maheshwari,Maheshwari MFB equation + current signature,873.306864714107,6468.58967887659,2555.65513787714,1.37308868960481e-10,5.11699727473038e-11,NaN,NaN,NaN,NaN,-2.92641136940311,0.238261394961853,466989.716849115
1845,MFB,HPF,MFB_HPF_Maheshwari,Maheshwari MFB equation + current signature,3860.71769322784,2275.35086827428,NaN,2.30098276581806e-11,5.24183353494643e-10,1.23041692668329e-11,NaN,NaN,NaN,-0.534735394354788,0.349655714574241,668642.780282219
666,PASSIVE,BSF,PASSIVE_RLC_BSF,Passive RLC equation + source-current signature,720728.960595791,NaN,NaN,1.07189961473152e-12,NaN,NaN,5.35328660107,NaN,NaN,1,3.1007104769871,66440.4900006938
2598,ACTIVE_OTHER,LPF,ACTIVE_OTHER_STATE_VARIABLE_LPF,State-variable/biquad-like active-other equation + current signature,10345.6706072611,98146.4683193549,32549.1912380066,1.42091717174255e-11,5.37673167922085e-12,NaN,NaN,9585.59911721617,34292.9201138129,4.57754582624066,3.42439685022141,571425.880958844
638,PASSIVE,BSF,PASSIVE_RLC_BSF,Passive RLC equation + source-current signature,491381.900042855,NaN,NaN,5.69221305162656e-12,NaN,NaN,3.05379312874691,NaN,NaN,1,1.49059643469373,38173.3040502928
641,PASSIVE,BSF,PASSIVE_RLC_BSF,Passive RLC equation + source-current signature,1686.97855120256,NaN,NaN,1.17012643755179e-10,NaN,NaN,0.00763518456654552,NaN,NaN,1,4.78832713173285,168381.341736522
1737,MFB,LPF,MFB_LPF_Maheshwari,Maheshwari MFB equation + current signature,650041.923537365,2291694.40376522,965623.727666754,3.36681008051637e-10,2.30772562945795e-10,NaN,NaN,NaN,NaN,-1.48547915557826,0.269725579659222,383.827793166424
2328,MFB,BSF,MFB_BSF_1_MINUS_BP,Maheshwari MFB BPF denominator + 1-minus-BP notch + current signature,128777.834874627,1081309.97352766,NaN,1.51707533308727e-10,3.22488650916868e-10,NaN,NaN,NaN,NaN,1,1.35162831484426,1928.25149389032
2089,MFB,BPF,MFB_BPF_Maheshwari,Maheshwari MFB equation + current signature,137323.735459745,3767838.02604169,NaN,3.20293454019265e-11,8.09146940207761e-10,NaN,NaN,NaN,NaN,-8999.67850190761,1.00247607618421,1374.40107265271
2996,ACTIVE_OTHER,BPF,ACTIVE_OTHER_STATE_VARIABLE_BPF,State-variable/biquad-like active-other equation + current signature,330780.35857667,28718.3954584103,7653.95166894221,8.77324316588758e-11,1.45709938649867e-10,NaN,NaN,10037.4696443361,14092.0633790999,2.40394580291973,0.775768626627023,14442.6044806881
898,VCVS,LPF,VCVS_LPF_Maheshwari,Maheshwari VCVS equations + prototype input/supply-current signature,818418.422291706,818418.422291706,NaN,3.41896595023247e-10,3.41896595023247e-10,NaN,NaN,9917.55777713109,7921.12831396613,1.79869747088658,0.832429779980581,568.787389798883
1898,MFB,HPF,MFB_HPF_Maheshwari,Maheshwari MFB equation + current signature,77765.0658938189,15115.4556423587,NaN,9.56734674177272e-10,2.53378493133796e-11,9.37303571865318e-10,NaN,NaN,NaN,-0.979690187011709,0.185890767916922,30122.5842251265
1205,VCVS,BPF,VCVS_BPF_Maheshwari,Maheshwari VCVS equations + prototype input/supply-current signature,19069.1246089188,19069.1246089188,NaN,1.08878766696432e-10,1.08878766696432e-10,NaN,NaN,10096.8270883138,13270.3301709423,2.31430696543289,1.45837853031614,76656.0050480109
3059,ACTIVE_OTHER,BSF,ACTIVE_OTHER_STATE_VARIABLE_BSF,State-variable/biquad-like active-other equation + current signature,7318.4277896366,21345.403552844,34181.2510471807,9.09790516078375e-10,2.15361790772083e-11,NaN,NaN,10422.1385786612,14440.8643278751,2.38559511743991,3.50375186299079,90971.2204420234
1617,MFB,LPF,MFB_LPF_Maheshwari,Maheshwari MFB equation + current signature,18685.2016407028,21438.3473497827,25022.6662610089,7.36768207635111e-11,2.73300818461706e-10,NaN,NaN,NaN,NaN,-1.33917025580826,0.159977658967154,48425.240185511
3100,ACTIVE_OTHER,BSF,ACTIVE_OTHER_STATE_VARIABLE_BSF,State-variable/biquad-like active-other equation + current signature,2807.09895467989,28021.8623138682,6289.43743672344,7.3804328150417e-11,4.81602863175762e-12,NaN,NaN,10194.3192598737,7748.10403410058,1.76004133641353,0.611498685717895,951825.481780345
2579,ACTIVE_OTHER,LPF,ACTIVE_OTHER_STATE_VARIABLE_LPF,State-variable/biquad-like active-other equation + current signature,409283.238756555,7146.66444684942,56287.9325326187,1.38989867147725e-10,5.76025346699948e-11,NaN,NaN,10222.1580358401,24617.0615947321,3.40820592955241,5.36438771675542,32888.501737471
2383,MFB,BSF,MFB_BSF_1_MINUS_BP,Maheshwari MFB BPF denominator + 1-minus-BP notch + current signature,1861948.29933725,354709087.109039,NaN,2.77593911938999e-11,1.0443108224944e-10,NaN,NaN,NaN,NaN,1,5.62175672807187,115.02183915577
2861,ACTIVE_OTHER,BPF,ACTIVE_OTHER_STATE_VARIABLE_BPF,State-variable/biquad-like active-other equation + current signature,787992.703977977,433505.951356652,38068.4566443613,3.25518748098993e-10,4.76465617380954e-12,NaN,NaN,9688.26110128026,31718.0563730108,4.27386473603807,3.95629689746371,6914.45118336655
254,PASSIVE,HPF,PASSIVE_RC_HPF,Passive RC equation + source-current signature,306755.450046934,NaN,NaN,4.63193724498376e-10,NaN,NaN,NaN,NaN,NaN,1,NaN,1120.12161366021
2730,ACTIVE_OTHER,HPF,ACTIVE_OTHER_STATE_VARIABLE_HPF,State-variable/biquad-like active-other equation + current signature,29539.628440376,271106.517483072,11415.9959900727,3.347695769267e-12,6.57642885145132e-11,NaN,NaN,10164.8848376764,28285.2126366392,3.78263975326109,1.16483908109161,119861.46558227
871,VCVS,LPF,VCVS_LPF_Maheshwari,Maheshwari VCVS equations + prototype input/supply-current signature,518126.518626852,518126.518626852,NaN,2.23210959642731e-10,2.23210959642731e-10,NaN,NaN,9970.53093154255,8162.65816459515,1.81867838539791,0.84650952597429,1376.15957504212
2847,ACTIVE_OTHER,BPF,ACTIVE_OTHER_STATE_VARIABLE_BPF,State-variable/biquad-like active-other equation + current signature,16702.0452533285,571138.687821004,42311.6992266576,1.16848191619551e-10,6.28856004330487e-10,NaN,NaN,10018.8794193792,19347.3571573007,2.9310899300652,4.40512542862095,6011.43160366176
2646,ACTIVE_OTHER,HPF,ACTIVE_OTHER_STATE_VARIABLE_HPF,State-variable/biquad-like active-other equation + current signature,340928.784412729,752589.192691993,52661.7907550339,5.78101684439881e-11,6.41535248403218e-10,NaN,NaN,9909.174396848,24479.2430075212,3.47036150815024,5.34437516460833,1631.53700656709
2409,ACTIVE_OTHER,LPF,ACTIVE_OTHER_STATE_VARIABLE_LPF,State-variable/biquad-like active-other equation + current signature,431212.271537996,1031963.25398778,29148.9170014275,1.79449507880569e-10,9.41947239680836e-10,NaN,NaN,9841.99954340575,5771.90751440179,1.58645679558775,2.8744602368048,580.307300874138
988,VCVS,LPF,VCVS_LPF_Maheshwari,Maheshwari VCVS equations + prototype input/supply-current signature,928095.953369825,928095.953369825,NaN,3.97261747563774e-12,3.97261747563774e-12,NaN,NaN,10095.5657713663,5422.29173325624,1.53709637043179,0.683572027430925,43166.8644742562
1867,MFB,HPF,MFB_HPF_Maheshwari,Maheshwari MFB equation + current signature,131414.979415746,101485.85751961,NaN,9.19690405773915e-10,1.11571758897793e-11,7.26507926415713e-11,NaN,NaN,NaN,-0.0789948358550463,0.408697157203223,48405.8237099297
1122,VCVS,HPF,VCVS_HPF_Maheshwari,Maheshwari VCVS equations + prototype input/supply-current signature,20541.4236950158,20541.4236950158,NaN,2.15481506321072e-12,2.15481506321072e-12,NaN,NaN,9836.77859502236,1689.97904942007,1.17180208267321,0.546986729676516,3595668.02625967
1001,VCVS,HPF,VCVS_HPF_Maheshwari,Maheshwari VCVS equations + prototype input/supply-current signature,239512.286357856,239512.286357856,NaN,1.66597908571822e-12,1.66597908571822e-12,NaN,NaN,10102.4244315508,3751.98280840878,1.37139429587723,0.61402216476863,398862.117069357
1527,VCVS,BSF,VCVS_BSF_Maheshwari,Maheshwari VCVS equations + prototype input/supply-current signature,485216.243002343,485216.243002343,NaN,3.59211112486475e-10,3.59211112486475e-10,NaN,NaN,9920.50027918699,846.129600940752,1.08529102133245,0.546621943875907,913.135100939712
3007,ACTIVE_OTHER,BSF,ACTIVE_OTHER_STATE_VARIABLE_BSF,State-variable/biquad-like active-other equation + current signature,116557.035430714,679161.143841219,28477.0548047163,1.02633369503038e-11,2.42040039864314e-12,NaN,NaN,9889.00641207872,13858.3328442646,2.4013877903181,2.92756734215095,113494.9579172
2485,ACTIVE_OTHER,LPF,ACTIVE_OTHER_STATE_VARIABLE_LPF,State-variable/biquad-like active-other equation + current signature,8169.06929544799,116118.123677352,46249.4127068504,1.71833647735579e-10,4.3425615089176e-10,NaN,NaN,9518.8777781053,17773.0366228401,2.86713571044272,4.51588102379745,18917.1950942585
2664,ACTIVE_OTHER,HPF,ACTIVE_OTHER_STATE_VARIABLE_HPF,State-variable/biquad-like active-other equation + current signature,1355.83669628334,77447.4540857879,28424.6321640608,3.40761172179377e-12,5.29910540780895e-11,NaN,NaN,9641.21076919183,14188.3038790228,2.47163092050233,2.80859678330943,1155810.23438463
1185,VCVS,HPF,VCVS_HPF_Maheshwari,Maheshwari VCVS equations + prototype input/supply-current signature,2402.55937231012,2402.55937231012,NaN,4.03998557998164e-10,4.03998557998164e-10,NaN,NaN,10100.3908725874,777.410972989064,1.07696840476728,0.520012256937975,163970.676274796
1278,VCVS,BPF,VCVS_BPF_Maheshwari,Maheshwari VCVS equations + prototype input/supply-current signature,7545.69589317222,7545.69589317222,NaN,8.33110382656894e-11,8.33110382656894e-11,NaN,NaN,10001.3010006821,13899.8430212766,2.38980348859899,1.63881631788421,253173.523847416
921,VCVS,LPF,VCVS_LPF_Maheshwari,Maheshwari VCVS equations + prototype input/supply-current signature,4088.81757289407,4088.81757289407,NaN,3.36419875440724e-12,3.36419875440724e-12,NaN,NaN,9998.38160491649,4516.2782545299,1.45170092850918,0.645870050827535,11570196.9458259
1544,VCVS,BSF,VCVS_BSF_Maheshwari,Maheshwari VCVS equations + prototype input/supply-current signature,3046.90768574834,3046.90768574834,NaN,3.75698415962691e-10,3.75698415962691e-10,NaN,NaN,9809.40656249887,5648.50565154232,1.57582541976968,1.1787599335361,139034.145276682
244,PASSIVE,HPF,PASSIVE_RC_HPF,Passive RC equation + source-current signature,136701.859661736,NaN,NaN,2.64940424488299e-11,NaN,NaN,NaN,NaN,NaN,1,NaN,43943.7870236392
2594,ACTIVE_OTHER,LPF,ACTIVE_OTHER_STATE_VARIABLE_LPF,State-variable/biquad-like active-other equation + current signature,838578.518816727,3413.9949996016,26165.8638314902,9.64882847874756e-13,1.2369716017692e-11,NaN,NaN,9618.38556238678,20619.7560232203,3.14378555418437,2.5955719283789,860993.091819122
187,PASSIVE,LPF,PASSIVE_RC_LPF,Passive RC equation + source-current signature,11292.5559963067,NaN,NaN,3.65450254487314e-10,NaN,NaN,NaN,NaN,NaN,1,NaN,38565.5571766806
579,PASSIVE,BPF,PASSIVE_RLC_BPF,Passive RLC equation + source-current signature,32359440.1692984,NaN,NaN,7.43921797460141e-12,NaN,NaN,43514.6599807501,NaN,NaN,1,2.36348666110143,279.729772707193
693,PASSIVE,BSF,PASSIVE_RLC_BSF,Passive RLC equation + source-current signature,2379219.08689289,NaN,NaN,1.37804896958964e-12,NaN,NaN,199.269171400129,NaN,NaN,1,5.05421016503501,9604.34492855251
2725,ACTIVE_OTHER,HPF,ACTIVE_OTHER_STATE_VARIABLE_HPF,State-variable/biquad-like active-other equation + current signature,19375.5873387632,2430.7825218348,18199.1959534841,2.69883114268044e-10,2.7293368809642e-10,NaN,NaN,10459.0658117381,31293.2290291906,3.99197171071153,1.80093806317677,85448.2578591731
1913,MFB,HPF,MFB_HPF_Maheshwari,Maheshwari MFB equation + current signature,8711.27154958846,2438.73840001578,NaN,3.86798046423329e-10,1.60602028784084e-10,3.83003267550834e-10,NaN,NaN,NaN,-0.990189250158875,0.508798065612008,139225.887258712
2323,MFB,BSF,MFB_BSF_1_MINUS_BP,Maheshwari MFB BPF denominator + 1-minus-BP notch + current signature,15126.6493718601,8156114.92443793,NaN,2.17572916845422e-10,1.26295277547145e-11,NaN,NaN,NaN,NaN,1,5.28757255560163,8643.92759373767
829,VCVS,LPF,VCVS_LPF_Maheshwari,Maheshwari VCVS equations + prototype input/supply-current signature,56752.5375337774,56752.5375337774,NaN,2.82470582768651e-11,2.82470582768651e-11,NaN,NaN,9813.40054164447,9131.02286211488,1.93046470725068,0.934985508920819,99279.9663110412
2667,ACTIVE_OTHER,HPF,ACTIVE_OTHER_STATE_VARIABLE_HPF,State-variable/biquad-like active-other equation + current signature,1757.90649235277,1368.17294620027,17938.4038396913,8.27543894426975e-11,5.9102875820971e-12,NaN,NaN,10364.647020513,15650.7801222078,2.51001573823333,1.75932251781092,4640362.63660948
959,VCVS,LPF,VCVS_LPF_Maheshwari,Maheshwari VCVS equations + prototype input/supply-current signature,25555.8008716603,25555.8008716603,NaN,3.31334590257226e-12,3.31334590257226e-12,NaN,NaN,10166.9324030483,4711.32773357219,1.46339717299189,0.650786255513455,1879593.17318016
2041,MFB,BPF,MFB_BPF_Maheshwari,Maheshwari MFB equation + current signature,36628.3536779952,3791503.59405628,NaN,2.86019571097201e-11,9.51080395976595e-11,NaN,NaN,NaN,NaN,-287055.168631919,4.28942157271885,8188.40294169323
1908,MFB,HPF,MFB_HPF_Maheshwari,Maheshwari MFB equation + current signature,172127.413289289,652.701167088997,NaN,2.29680415970831e-11,7.98045710811786e-10,3.91169646298003e-11,NaN,NaN,NaN,-1.70310404848657,1.95865815570353,84984.8394535045
1331,VCVS,BPF,VCVS_BPF_Maheshwari,Maheshwari VCVS equations + prototype input/supply-current signature,4314.68384315366,4314.68384315366,NaN,5.74744071771127e-11,5.74744071771127e-11,NaN,NaN,10159.6219190895,13133.9418324269,2.29275891731254,1.41394501037762,641795.477981318
1635,MFB,LPF,MFB_LPF_Maheshwari,Maheshwari MFB equation + current signature,102256.851795123,254145.284956406,364068.175540731,1.49366879521476e-10,1.17036338521453e-10,NaN,NaN,NaN,NaN,-3.56033037541738,0.225623168767363,3957.3114100461
1217,VCVS,BPF,VCVS_BPF_Maheshwari,Maheshwari VCVS equations + prototype input/supply-current signature,7033.34694797179,7033.34694797179,NaN,1.34357408146035e-11,1.34357408146035e-11,NaN,NaN,9846.99443119975,10289.436713938,2.04493170843444,1.04704554515237,1684210.89718201
2380,MFB,BSF,MFB_BSF_1_MINUS_BP,Maheshwari MFB BPF denominator + 1-minus-BP notch + current signature,611941.73797653,11213643.445987,NaN,1.11866809495867e-10,3.39817051637248e-10,NaN,NaN,NaN,NaN,1,1.84780854056353,311.615113226077
1407,VCVS,BSF,VCVS_BSF_Maheshwari,Maheshwari VCVS equations + prototype input/supply-current signature,3612.34869776886,3612.34869776886,NaN,6.62217343321336e-11,6.62217343321336e-11,NaN,NaN,10013.2716531685,6787.63447384896,1.67786381004666,1.55213855379744,665318.983263748
1568,VCVS,BSF,VCVS_BSF_Maheshwari,Maheshwari VCVS equations + prototype input/supply-current signature,232130.866562668,232130.866562668,NaN,1.63054553985636e-12,1.63054553985636e-12,NaN,NaN,10199.3330962005,3143.0208302044,1.30815944538327,0.722709873920292,420488.677620387
1811,MFB,HPF,MFB_HPF_Maheshwari,Maheshwari MFB equation + current signature,14177.7036342981,7409.69347420499,NaN,5.14120606452439e-10,1.47969209672934e-10,2.15197030964082e-10,NaN,NaN,NaN,-0.418573051270976,0.672192648139855,87018.8318358938
1113,VCVS,HPF,VCVS_HPF_Maheshwari,Maheshwari VCVS equations + prototype input/supply-current signature,554163.777497459,554163.777497459,NaN,9.81666991495123e-12,9.81666991495123e-12,NaN,NaN,9971.08124307299,4816.2986632013,1.48302671954932,0.659207392039831,29256.192741318
2083,MFB,BPF,MFB_BPF_Maheshwari,Maheshwari MFB equation + current signature,2960.42204621582,381657.329503302,NaN,2.22925171622492e-11,2.5411837087502e-11,NaN,NaN,NaN,NaN,-13292611.3743124,5.66499529344133,198933.959680772
728,PASSIVE,BSF,PASSIVE_RLC_BSF,Passive RLC equation + source-current signature,2799.64267306902,NaN,NaN,1.40521132080657e-10,NaN,NaN,0.0165967330884867,NaN,NaN,1,3.88184222960315,104216.865491898
827,VCVS,LPF,VCVS_LPF_Maheshwari,Maheshwari VCVS equations + prototype input/supply-current signature,507989.9580254,507989.9580254,NaN,5.57302419801719e-11,5.57302419801719e-11,NaN,NaN,10116.3304626106,12881.0839109966,2.27329607890968,1.37607624092579,5621.78297122394
2789,ACTIVE_OTHER,HPF,ACTIVE_OTHER_STATE_VARIABLE_HPF,State-variable/biquad-like active-other equation + current signature,91152.8889312888,1112.24820726647,10335.5355432162,7.30719664509385e-10,1.14320346174124e-11,NaN,NaN,9603.53010177747,17448.5820792801,2.81689252747286,1.02962487255081,172940.572710995
1357,VCVS,BPF,VCVS_BPF_Maheshwari,Maheshwari VCVS equations + prototype input/supply-current signature,318581.849221294,318581.849221294,NaN,2.15918286367167e-12,2.15918286367167e-12,NaN,NaN,10167.6974919767,9120.65404214547,1.89702256084453,0.906636858108074,231371.401908844
2669,ACTIVE_OTHER,HPF,ACTIVE_OTHER_STATE_VARIABLE_HPF,State-variable/biquad-like active-other equation + current signature,753434.933747239,301947.582630086,26197.9474292836,8.67127443286769e-11,4.20208529189333e-11,NaN,NaN,9927.13178795445,15401.4469410505,2.55144983163602,2.75397292210594,5527.86692460733
1652,MFB,LPF,MFB_LPF_Maheshwari,Maheshwari MFB equation + current signature,129289.264630968,24369.28595253,453965.20206813,3.22383989181018e-10,3.87067280326693e-11,NaN,NaN,NaN,NaN,-3.51123663177981,0.53829886213136,13545.8881305258
2604,ACTIVE_OTHER,HPF,ACTIVE_OTHER_STATE_VARIABLE_HPF,State-variable/biquad-like active-other equation + current signature,298853.351530224,165168.473591155,24273.2911633718,4.56168902376211e-12,9.00034512000179e-12,NaN,NaN,9599.79208974201,21991.1589046035,3.29079533171374,2.36785882499314,111798.26647021
997,VCVS,LPF,VCVS_LPF_Maheshwari,Maheshwari VCVS equations + prototype input/supply-current signature,40467.1847718934,40467.1847718934,NaN,4.02054510545648e-10,4.02054510545648e-10,NaN,NaN,9946.98838884849,11364.0956704917,2.14246596318861,1.16613447055506,9782.10230562575
837,VCVS,LPF,VCVS_LPF_Maheshwari,Maheshwari VCVS equations + prototype input/supply-current signature,11275.8025546696,11275.8025546696,NaN,9.64519146656794e-11,9.64519146656794e-11,NaN,NaN,10077.2868646219,9869.0416267733,1.97933518806737,0.979753576599253,146339.583911033
3046,ACTIVE_OTHER,BSF,ACTIVE_OTHER_STATE_VARIABLE_BSF,State-variable/biquad-like active-other equation + current signature,14920.9488002156,218114.027183078,27969.9265471358,1.78169785558777e-10,1.48876959040838e-10,NaN,NaN,10003.6348033815,15935.6327903591,2.59298426057821,2.75658986011332,17129.6835517895
713,PASSIVE,BSF,PASSIVE_RLC_BSF,Passive RLC equation + source-current signature,229622.789570093,NaN,NaN,1.60202138085406e-11,NaN,NaN,19.0326459422869,NaN,NaN,1,4.74679462238106,9114.57437934702
1840,MFB,HPF,MFB_HPF_Maheshwari,Maheshwari MFB equation + current signature,105163.164841266,208874.151669846,NaN,8.46988981007846e-10,2.44728373583761e-11,1.23473941839797e-11,NaN,NaN,NaN,-0.0145779867989396,0.95733341062053,61775.4816047261
308,PASSIVE,HPF,PASSIVE_RC_HPF,Passive RC equation + source-current signature,14250.6675878149,NaN,NaN,1.18636908300932e-12,NaN,NaN,NaN,NaN,NaN,1,NaN,9413802.9077979
2249,MFB,BSF,MFB_BSF_1_MINUS_BP,Maheshwari MFB BPF denominator + 1-minus-BP notch + current signature,41085.1275245657,16995468.7985194,NaN,3.30206795928829e-10,2.00005815888535e-11,NaN,NaN,NaN,NaN,1,4.71968788715952,2343.67248760211
1267,VCVS,BPF,VCVS_BPF_Maheshwari,Maheshwari VCVS equations + prototype input/supply-current signature,37706.206892078,37706.206892078,NaN,4.45592900456863e-11,4.45592900456863e-11,NaN,NaN,10171.6941155399,3519.81173884891,1.3460398728931,0.604609496692762,94725.9616299672
2985,ACTIVE_OTHER,BPF,ACTIVE_OTHER_STATE_VARIABLE_BPF,State-variable/biquad-like active-other equation + current signature,1328.46800573582,783280.968630082,12327.387352996,1.70817696293937e-12,1.81224869238849e-10,NaN,NaN,9551.81861094964,20100.1127248802,3.1043231183053,1.21783103642965,280420.956793665
1077,VCVS,HPF,VCVS_HPF_Maheshwari,Maheshwari VCVS equations + prototype input/supply-current signature,3983.69283554705,3983.69283554705,NaN,6.17676064568869e-12,6.17676064568869e-12,NaN,NaN,9930.11665799029,12735.960082474,2.28255895888454,1.39384275876554,6468052.1771629
397,PASSIVE,HPF,PASSIVE_RC_HPF,Passive RC equation + source-current signature,8721.70883596642,NaN,NaN,7.85523124290017e-11,NaN,NaN,NaN,NaN,NaN,1,NaN,232305.543305784
27,PASSIVE,LPF,PASSIVE_RC_LPF,Passive RC equation + source-current signature,5018.71663006743,NaN,NaN,1.59626924762783e-12,NaN,NaN,NaN,NaN,NaN,1,NaN,19866497.6261115
3053,ACTIVE_OTHER,BSF,ACTIVE_OTHER_STATE_VARIABLE_BSF,State-variable/biquad-like active-other equation + current signature,83496.0661662744,2281.74669896502,26015.7187325142,5.24112301692779e-11,1.82561943671331e-10,NaN,NaN,10283.9816018627,9728.78736352308,1.94601368809926,2.58798030312464,117878.908749831
1836,MFB,HPF,MFB_HPF_Maheshwari,Maheshwari MFB equation + current signature,39876.4270208373,12660.6103951905,NaN,1.12699116610715e-11,9.10426070911647e-10,1.55269735132077e-11,NaN,NaN,NaN,-1.37773693176682,0.163413272735109,59575.6708606864
670,PASSIVE,BSF,PASSIVE_RLC_BSF,Passive RLC equation + source-current signature,827665.419838079,NaN,NaN,4.89845473444655e-11,NaN,NaN,659.833167853941,NaN,NaN,1,4.43437800087859,885.265441541745
1854,MFB,HPF,MFB_HPF_Maheshwari,Maheshwari MFB equation + current signature,168821.788163239,5598.67424428975,NaN,9.47526827847951e-11,1.65496217824474e-11,2.10627647128112e-11,NaN,NaN,NaN,-0.222292014260425,3.48438488197942,277275.539763308
3114,ACTIVE_OTHER,BSF,ACTIVE_OTHER_STATE_VARIABLE_BSF,State-variable/biquad-like active-other equation + current signature,3999.85080823968,418676.625432507,53655.7255330632,5.53510564685717e-11,2.31523200395456e-12,NaN,NaN,10435.4986617785,4842.62107190373,1.46405267528235,5.60585613230682,343556.889362541
75,PASSIVE,LPF,PASSIVE_RC_LPF,Passive RC equation + source-current signature,924092.922609999,NaN,NaN,4.89685566491552e-11,NaN,NaN,NaN,NaN,NaN,1,NaN,3517.11998375529
2278,MFB,BSF,MFB_BSF_1_MINUS_BP,Maheshwari MFB BPF denominator + 1-minus-BP notch + current signature,323.288698181678,3523.40977174251,NaN,3.56031038291351e-10,5.86690477322421e-11,NaN,NaN,NaN,NaN,1,1.15053713484279,1031798.38367914
672,PASSIVE,BSF,PASSIVE_RLC_BSF,Passive RLC equation + source-current signature,774.156622892574,NaN,NaN,1.28027133519479e-10,NaN,NaN,0.00188973613943358,NaN,NaN,1,4.96273105156248,323570.214172636
539,PASSIVE,BPF,PASSIVE_RLC_BPF,Passive RLC equation + source-current signature,4357.18443977172,NaN,NaN,2.7348789049169e-10,NaN,NaN,0.044406243778528,NaN,NaN,1,2.92446901719297,45669.794936219
2407,ACTIVE_OTHER,LPF,ACTIVE_OTHER_STATE_VARIABLE_LPF,State-variable/biquad-like active-other equation + current signature,2245.15887454012,522110.29385246,37286.9342604853,1.4249797680553e-10,8.38790728985169e-12,NaN,NaN,9799.35695289056,20286.7547472573,3.07021285629087,3.85781512451689,134457.274770889
1323,VCVS,BPF,VCVS_BPF_Maheshwari,Maheshwari VCVS equations + prototype input/supply-current signature,59932.1542739937,59932.1542739937,NaN,8.24798755313257e-11,8.24798755313257e-11,NaN,NaN,10053.40760027,10562.555732146,2.05064433395323,1.05334600694397,32196.7656095297
1169,VCVS,HPF,VCVS_HPF_Maheshwari,Maheshwari VCVS equations + prototype input/supply-current signature,1844.01004260615,1844.01004260615,NaN,1.14057176034798e-11,1.14057176034798e-11,NaN,NaN,10045.2369305338,3724.4176708287,1.37076454209934,0.613784824747517,7567182.97081883
1291,VCVS,BPF,VCVS_BPF_Maheshwari,Maheshwari VCVS equations + prototype input/supply-current signature,16810.0937723272,16810.0937723272,NaN,9.87006954791056e-12,9.87006954791056e-12,NaN,NaN,9825.91080093911,6205.33556340549,1.63152777275491,0.730741903336342,959245.52687657
1759,MFB,LPF,MFB_LPF_Maheshwari,Maheshwari MFB equation + current signature,70347.5775075873,67641.4640409285,143560.932043234,1.95284808186105e-10,6.97479895105415e-11,NaN,NaN,NaN,NaN,-2.04073739465655,0.472136924379575,13838.7040267344
1806,MFB,HPF,MFB_HPF_Maheshwari,Maheshwari MFB equation + current signature,195635.343495441,71.225785240257,NaN,4.35447044643149e-10,1.71969607667553e-11,5.76337314552292e-10,NaN,NaN,NaN,-1.32355316597591,3.8310725223862,428266.032941658
1402,VCVS,BSF,VCVS_BSF_Maheshwari,Maheshwari VCVS equations + prototype input/supply-current signature,293823.72167251,293823.72167251,NaN,1.0075933934149e-10,1.0075933934149e-10,NaN,NaN,9809.30716953943,1385.76851405216,1.1412707839709,0.582255722370873,5375.86018419632
1474,VCVS,BSF,VCVS_BSF_Maheshwari,Maheshwari VCVS equations + prototype input/supply-current signature,76775.5376331023,76775.5376331023,NaN,3.89734504917864e-11,3.89734504917864e-11,NaN,NaN,10041.0652901328,3874.45523049955,1.38586097376609,0.814147902415771,53189.8061812593
3167,ACTIVE_OTHER,BSF,ACTIVE_OTHER_STATE_VARIABLE_BSF,State-variable/biquad-like active-other equation + current signature,122503.895178069,48260.584353,19167.9730169668,1.52061125280974e-12,6.05866687098117e-12,NaN,NaN,10203.3990370744,22084.1673819044,3.16439318913833,1.86131355322273,681947.996206923
32,PASSIVE,LPF,PASSIVE_RC_LPF,Passive RC equation + source-current signature,394515.058715225,NaN,NaN,1.25638186166848e-10,NaN,NaN,NaN,NaN,NaN,1,NaN,3210.95995081061
2018,MFB,BPF,MFB_BPF_Maheshwari,Maheshwari MFB equation + current signature,29972.3065973637,26102401.193665,NaN,4.10375514716541e-10,1.21360888298247e-11,NaN,NaN,NaN,NaN,-2749166.77682613,4.92914506812598,2549.70376126017
1235,VCVS,BPF,VCVS_BPF_Maheshwari,Maheshwari VCVS equations + prototype input/supply-current signature,17298.4340068417,17298.4340068417,NaN,1.82867651447994e-12,1.82867651447994e-12,NaN,NaN,9928.97626152456,2751.15194765752,1.277083142833,0.580411060371367,5031256.45883122
1314,VCVS,BPF,VCVS_BPF_Maheshwari,Maheshwari VCVS equations + prototype input/supply-current signature,10362.2583746639,10362.2583746639,NaN,4.72441205839388e-11,4.72441205839388e-11,NaN,NaN,10021.0377842988,13689.2416543601,2.36605029828435,1.57741220998088,325100.730574043
1979,MFB,HPF,MFB_HPF_Maheshwari,Maheshwari MFB equation + current signature,2378.1369507751,1157.24095846118,NaN,1.47624753257682e-10,3.75040013381641e-10,3.02403391441247e-11,NaN,NaN,NaN,-0.204845992808127,1.34790905433043,900860.762848217
584,PASSIVE,BPF,PASSIVE_RLC_BPF,Passive RLC equation + source-current signature,163.853040820718,NaN,NaN,2.45124701272811e-10,NaN,NaN,0.0001615840747893,NaN,NaN,1,4.95508642492018,799700.403231347
2127,MFB,BPF,MFB_BPF_Maheshwari,Maheshwari MFB equation + current signature,5871.8961193516,114112.824434263,NaN,1.01519267730366e-11,1.7335724209458e-11,NaN,NaN,NaN,NaN,-9823803.0475297,2.12757878211981,463466.650729849
1975,MFB,HPF,MFB_HPF_Maheshwari,Maheshwari MFB equation + current signature,807449.76520351,99.9521893935646,NaN,4.05545306977155e-11,1.18885466017715e-11,1.9114848277058e-10,NaN,NaN,NaN,-4.71336936914297,3.73179431196025,371634.829988926
2566,ACTIVE_OTHER,LPF,ACTIVE_OTHER_STATE_VARIABLE_LPF,State-variable/biquad-like active-other equation + current signature,71739.2526120029,265634.383202919,6100.48303732846,6.0170132850908e-10,6.05885253356413e-10,NaN,NaN,10148.2025552271,7970.58627652537,1.78541852442824,0.639656252886608,1909.47460597232
1572,VCVS,BSF,VCVS_BSF_Maheshwari,Maheshwari VCVS equations + prototype input/supply-current signature,11517.2765106535,11517.2765106535,NaN,1.90709716890223e-11,1.90709716890223e-11,NaN,NaN,9914.70764003213,7008.47021160432,1.70687613453235,1.70576353174897,724598.643307327
3111,ACTIVE_OTHER,BSF,ACTIVE_OTHER_STATE_VARIABLE_BSF,State-variable/biquad-like active-other equation + current signature,46537.6393187768,602374.336409136,51922.1722037976,6.15894681486017e-12,8.01813170906351e-10,NaN,NaN,10408.5262302827,25953.9620586315,3.49352900539566,5.33665011035597,13526.7949499294
17,PASSIVE,LPF,PASSIVE_RC_LPF,Passive RC equation + source-current signature,40390.4513456241,NaN,NaN,9.02464233882346e-11,NaN,NaN,NaN,NaN,NaN,1,NaN,43662.7842805318
953,VCVS,LPF,VCVS_LPF_Maheshwari,Maheshwari VCVS equations + prototype input/supply-current signature,326676.503134297,326676.503134297,NaN,1.00996632218918e-12,1.00996632218918e-12,NaN,NaN,10064.4146072269,9916.21694193402,1.98527508344236,0.98548876023702,482386.717797228
1658,MFB,LPF,MFB_LPF_Maheshwari,Maheshwari MFB equation + current signature,722.652055610532,13308.7360752607,2852.28354797331,6.92583658375088e-11,1.54774588846379e-11,NaN,NaN,NaN,NaN,-3.94696662913878,0.189738969558158,788986.236670718
3025,ACTIVE_OTHER,BSF,ACTIVE_OTHER_STATE_VARIABLE_BSF,State-variable/biquad-like active-other equation + current signature,7156.28851391163,712471.200217333,22871.6302516183,9.65577231525792e-11,7.03510944330637e-12,NaN,NaN,10185.071835411,14315.9285414411,2.40557953569539,2.28137270193451,85519.1974919714
2331,MFB,BSF,MFB_BSF_1_MINUS_BP,Maheshwari MFB BPF denominator + 1-minus-BP notch + current signature,108.623420619996,273684.756227106,NaN,9.96273067642631e-10,1.78666489363972e-11,NaN,NaN,NaN,NaN,1,6.60353558793882,218787.417896362
3030,ACTIVE_OTHER,BSF,ACTIVE_OTHER_STATE_VARIABLE_BSF,State-variable/biquad-like active-other equation + current signature,1954.51141632339,232215.838190358,6357.29612507399,3.64076724472362e-11,1.58963067379676e-12,NaN,NaN,9945.17060218091,6196.09908448407,1.62302592206164,0.632848802344849,981997.839776418
1580,VCVS,BSF,VCVS_BSF_Maheshwari,Maheshwari VCVS equations + prototype input/supply-current signature,2070.38801165946,2070.38801165946,NaN,1.00172899697491e-09,1.00172899697491e-09,NaN,NaN,9881.54638551671,4172.80177483248,1.42228226352795,0.865474553461618,76739.3545284499
912,VCVS,LPF,VCVS_LPF_Maheshwari,Maheshwari VCVS equations + prototype input/supply-current signature,107329.741709546,107329.741709546,NaN,1.08230702597679e-10,1.08230702597679e-10,NaN,NaN,9957.14325434583,12751.4339001024,2.28063176097592,1.39010863387107,13700.9149267249
1535,VCVS,BSF,VCVS_BSF_Maheshwari,Maheshwari VCVS equations + prototype input/supply-current signature,2039.70242871486,2039.70242871486,NaN,2.48190157515059e-12,2.48190157515059e-12,NaN,NaN,10198.1889122952,4140.787917837,1.40603169380837,0.841795757093291,31439002.9130458
1884,MFB,HPF,MFB_HPF_Maheshwari,Maheshwari MFB equation + current signature,523476.164962873,184.372489764288,NaN,1.1034849607391e-11,6.44497882464807e-11,2.24406592362226e-11,NaN,NaN,NaN,-2.03361713431892,10.1757132121493,425985.741270707
651,PASSIVE,BSF,PASSIVE_RLC_BSF,Passive RLC equation + source-current signature,774723.082410412,NaN,NaN,2.36017003202383e-12,NaN,NaN,25.6476847736106,NaN,NaN,1,4.25506248586378,20456.1736716901
191,PASSIVE,LPF,PASSIVE_RC_LPF,Passive RC equation + source-current signature,17027.1742208895,NaN,NaN,1.74104172957865e-11,NaN,NaN,NaN,NaN,NaN,1,NaN,536869.054227843
262,PASSIVE,HPF,PASSIVE_RC_HPF,Passive RC equation + source-current signature,2857.55811422924,NaN,NaN,4.54407439678378e-11,NaN,NaN,NaN,NaN,NaN,1,NaN,1225687.13325632
755,PASSIVE,BSF,PASSIVE_RLC_BSF,Passive RLC equation + source-current signature,15478.1541873519,NaN,NaN,2.09350231701251e-11,NaN,NaN,0.024754645362326,NaN,NaN,1,2.22163374249227,221082.849866924
2060,MFB,BPF,MFB_BPF_Maheshwari,Maheshwari MFB equation + current signature,2047235.03094437,92559275.2144396,NaN,2.51135343149165e-11,3.13737422048185e-11,NaN,NaN,NaN,NaN,-15569.1883293852,3.34127764114106,411.897566986175
3004,ACTIVE_OTHER,BSF,ACTIVE_OTHER_STATE_VARIABLE_BSF,State-variable/biquad-like active-other equation + current signature,7688.77368258907,363909.151453943,23182.8844188903,6.97593382880277e-10,8.02026589864855e-12,NaN,NaN,10257.8004751888,18913.8912970771,2.84385447375637,2.42145181174291,40225.3234166327
1790,MFB,LPF,MFB_LPF_Maheshwari,Maheshwari MFB equation + current signature,19363.8354150254,3065.02369469657,15548.6933924188,1.14957385690953e-10,1.70865328393736e-11,NaN,NaN,NaN,NaN,-0.802975911494979,0.84965123350796,520188.625340882
775,PASSIVE,BSF,PASSIVE_RLC_BSF,Passive RLC equation + source-current signature,117665.111857579,NaN,NaN,1.14125150096439e-11,NaN,NaN,1.43698600526978,NaN,NaN,1,3.01569819757378,39300.9620381266
1682,MFB,LPF,MFB_LPF_Maheshwari,Maheshwari MFB equation + current signature,88164.0986556743,405033.077422275,168696.088541809,2.23147252605807e-10,2.65034744819117e-11,NaN,NaN,NaN,NaN,-1.91343291786663,0.562362305625266,7917.26536194079
883,VCVS,LPF,VCVS_LPF_Maheshwari,Maheshwari VCVS equations + prototype input/supply-current signature,37886.4756783246,37886.4756783246,NaN,2.10500058991701e-11,2.10500058991701e-11,NaN,NaN,10186.3518828427,3577.5426963152,1.35120941603647,0.606505161859973,199564.690122947
56,PASSIVE,LPF,PASSIVE_RC_LPF,Passive RC equation + source-current signature,1507.08207059382,NaN,NaN,1.56205936460397e-10,NaN,NaN,NaN,NaN,NaN,1,NaN,676060.704533678
876,VCVS,LPF,VCVS_LPF_Maheshwari,Maheshwari VCVS equations + prototype input/supply-current signature,13176.537993106,13176.537993106,NaN,1.35435089278892e-12,1.35435089278892e-12,NaN,NaN,9956.61359623704,5527.93079720589,1.55520190110572,0.692138230777929,8918413.71020495
459,PASSIVE,BPF,PASSIVE_RLC_BPF,Passive RLC equation + source-current signature,66225.0564186625,NaN,NaN,1.89293574595942e-10,NaN,NaN,8.52433733570339,NaN,NaN,1,3.20435069536466,3962.06760350287
2780,ACTIVE_OTHER,HPF,ACTIVE_OTHER_STATE_VARIABLE_HPF,State-variable/biquad-like active-other equation + current signature,28621.9171668788,508199.202809953,31736.4037351947,1.2530817889019e-11,5.20023758311385e-10,NaN,NaN,9683.75195558823,28932.2752277745,3.98771337395506,3.09052024186663,16347.5426694198
65,PASSIVE,LPF,PASSIVE_RC_LPF,Passive RC equation + source-current signature,44054.8995617769,NaN,NaN,4.02622545685552e-10,NaN,NaN,NaN,NaN,NaN,1,NaN,8972.79665536849
929,VCVS,LPF,VCVS_LPF_Maheshwari,Maheshwari VCVS equations + prototype input/supply-current signature,21274.452525625,21274.452525625,NaN,3.28795611420492e-12,3.28795611420492e-12,NaN,NaN,9826.78557507242,10300.4011631369,2.04819638980074,1.05063690585356,2275284.59623826
2401,ACTIVE_OTHER,LPF,ACTIVE_OTHER_STATE_VARIABLE_LPF,State-variable/biquad-like active-other equation + current signature,701141.865130201,9533.52536533086,29148.8533931357,9.90387068442817e-11,5.95815430627055e-11,NaN,NaN,10419.8523060504,15928.7243778735,2.52869003417873,2.95798002815868,25341.4852377364
1991,MFB,HPF,MFB_HPF_Maheshwari,Maheshwari MFB equation + current signature,13207.8376729111,52778.1234437212,NaN,1.20301117464036e-10,3.1967554485146e-10,6.60619179492045e-11,NaN,NaN,NaN,-0.549138024166347,0.261609818706324,41480.7883700454
725,PASSIVE,BSF,PASSIVE_RLC_BSF,Passive RLC equation + source-current signature,2984645.40444362,NaN,NaN,7.41714880395591e-12,NaN,NaN,202.969646766073,NaN,NaN,1,1.75268677823147,4101.90962613513
1664,MFB,LPF,MFB_LPF_Maheshwari,Maheshwari MFB equation + current signature,210241.083569765,77864.0024538303,708827.510040866,2.81081253768326e-10,1.78609534760295e-10,NaN,NaN,NaN,NaN,-3.37149855777667,0.280892337568107,3023.52265267683
415,PASSIVE,BPF,PASSIVE_RLC_BPF,Passive RLC equation + source-current signature,614517.454278538,NaN,NaN,8.52375828589702e-11,NaN,NaN,544.806353614422,NaN,NaN,1,4.11406639503254,738.556095699251
127,PASSIVE,LPF,PASSIVE_RC_LPF,Passive RC equation + source-current signature,13051.388989923,NaN,NaN,8.04267935146759e-11,NaN,NaN,NaN,NaN,NaN,1,NaN,151622.147481116
1380,VCVS,BPF,VCVS_BPF_Maheshwari,Maheshwari VCVS equations + prototype input/supply-current signature,381208.085201375,381208.085201375,NaN,3.19384409259741e-10,3.19384409259741e-10,NaN,NaN,10097.525843176,7987.43666606565,1.79102908872113,0.827149760735092,1307.20685367591
2487,ACTIVE_OTHER,LPF,ACTIVE_OTHER_STATE_VARIABLE_LPF,State-variable/biquad-like active-other equation + current signature,26915.5948550926,35499.7966605672,18710.195334978,1.53863117734833e-10,3.09753417581594e-11,NaN,NaN,10404.2570690169,23299.5654129824,3.23942615589217,1.80150276738371,74581.2898689333
1289,VCVS,BPF,VCVS_BPF_Maheshwari,Maheshwari VCVS equations + prototype input/supply-current signature,112991.257307688,112991.257307688,NaN,4.24497636993376e-12,4.24497636993376e-12,NaN,NaN,9949.57152195,2261.10503625009,1.22725652368665,0.564097407978977,331818.055008159
2621,ACTIVE_OTHER,HPF,ACTIVE_OTHER_STATE_VARIABLE_HPF,State-variable/biquad-like active-other equation + current signature,526833.717240499,10069.3396813869,48067.6905630066,1.20759450845731e-10,3.70054569619345e-10,NaN,NaN,10443.8696761234,10487.8883458639,2.00421478542969,4.6745705998477,10336.8783287949
1912,MFB,HPF,MFB_HPF_Maheshwari,Maheshwari MFB equation + current signature,821521.867454694,31.1890837128637,NaN,9.29534427300307e-11,1.44475269858858e-10,6.35972159029635e-10,NaN,NaN,NaN,-6.84183544311232,8.23261525856162,103727.390041861
2180,MFB,BPF,MFB_BPF_Maheshwari,Maheshwari MFB equation + current signature,3094.44978714032,381534.309970281,NaN,1.5192379145861e-10,5.04928122310316e-10,NaN,NaN,NaN,NaN,-640010.354607997,4.68204177917498,16723.7604241306
323,PASSIVE,HPF,PASSIVE_RC_HPF,Passive RC equation + source-current signature,426558.926746843,NaN,NaN,1.3585051789938e-10,NaN,NaN,NaN,NaN,NaN,1,NaN,2746.50123229939
3161,ACTIVE_OTHER,BSF,ACTIVE_OTHER_STATE_VARIABLE_BSF,State-variable/biquad-like active-other equation + current signature,746505.914212897,405616.752376225,26794.7242465228,2.17303447731539e-11,8.29425099604152e-10,NaN,NaN,9697.18850391102,8108.38199029283,1.83615802528976,2.78705230670206,2154.38674436913
1769,MFB,LPF,MFB_LPF_Maheshwari,Maheshwari MFB equation + current signature,71073.5500756366,2240.41734667891,91289.7643944396,1.05193047574673e-10,5.52301559452931e-11,NaN,NaN,NaN,NaN,-1.28444075605185,0.204723842649218,146003.400823153
2413,ACTIVE_OTHER,LPF,ACTIVE_OTHER_STATE_VARIABLE_LPF,State-variable/biquad-like active-other equation + current signature,706799.655616037,3466.04542841669,53640.6180556772,4.94683110904885e-10,4.44095363098985e-12,NaN,NaN,9908.25647580967,12246.8297209709,2.23602267975911,5.17230563658148,68604.5911967432
506,PASSIVE,BPF,PASSIVE_RLC_BPF,Passive RLC equation + source-current signature,1591.62627547539,NaN,NaN,2.77638822024455e-10,NaN,NaN,0.0134682548193956,NaN,NaN,1,4.3759713067055,82304.6500664172
1932,MFB,HPF,MFB_HPF_Maheshwari,Maheshwari MFB equation + current signature,59736.1721010128,4296.83037765402,NaN,2.14869780525359e-10,2.05888075503599e-11,2.2168206016757e-10,NaN,NaN,NaN,-1.03170422395162,0.534097337472119,147043.712986069
1431,VCVS,BSF,VCVS_BSF_Maheshwari,Maheshwari VCVS equations + prototype input/supply-current signature,2839.59890268386,2839.59890268386,NaN,7.07364475193196e-12,7.07364475193196e-12,NaN,NaN,9804.22357749961,1272.36696135198,1.12977743227643,0.574565655436817,7923551.53254555
1210,VCVS,BPF,VCVS_BPF_Maheshwari,Maheshwari VCVS equations + prototype input/supply-current signature,67194.4862700167,67194.4862700167,NaN,1.93441240543588e-10,1.93441240543588e-10,NaN,NaN,9877.74240651664,1227.29412829632,1.1242484444104,0.533119643174531,12244.3976419861
1853,MFB,HPF,MFB_HPF_Maheshwari,Maheshwari MFB equation + current signature,125496.022475468,1595.04071131448,NaN,5.45402768696024e-10,1.25584990203586e-11,1.40157170638627e-10,NaN,NaN,NaN,-0.256979206346389,2.07433326221531,268128.350158498
1303,VCVS,BPF,VCVS_BPF_Maheshwari,Maheshwari VCVS equations + prototype input/supply-current signature,370831.141410427,370831.141410427,NaN,1.87891591379017e-11,1.87891591379017e-11,NaN,NaN,10130.4838896776,13333.4543321663,2.31617151533623,1.46235499460321,22842.1294793719
1340,VCVS,BPF,VCVS_BPF_Maheshwari,Maheshwari VCVS equations + prototype input/supply-current signature,29415.334020439,29415.334020439,NaN,1.16028803534232e-12,1.16028803534232e-12,NaN,NaN,9810.46180426115,10421.1170074719,2.06224530663231,1.06637696091797,4663162.32383188
2973,ACTIVE_OTHER,BPF,ACTIVE_OTHER_STATE_VARIABLE_BPF,State-variable/biquad-like active-other equation + current signature,970259.790554349,87034.7472085028,53429.1296480104,1.36286274568301e-11,2.13055106076105e-11,NaN,NaN,9852.35338515728,26245.2084362955,3.66385171240755,5.25678335222612,32140.8786507269
1493,VCVS,BSF,VCVS_BSF_Maheshwari,Maheshwari VCVS equations + prototype input/supply-current signature,3291.42929047282,3291.42929047282,NaN,5.06796652588107e-11,5.06796652588107e-11,NaN,NaN,9895.71026058265,6899.56187380652,1.69722755538724,1.65140523484394,954117.506111308
1710,MFB,LPF,MFB_LPF_Maheshwari,Maheshwari MFB equation + current signature,245397.267854107,840923.677484486,510104.506562678,6.71479545658049e-10,4.48316400522648e-11,NaN,NaN,NaN,NaN,-2.07868861386813,0.817906833007128,1400.56591764355
3001,ACTIVE_OTHER,BSF,ACTIVE_OTHER_STATE_VARIABLE_BSF,State-variable/biquad-like active-other equation + current signature,17328.6739800631,25060.5201409898,36278.8802770296,7.62615636898349e-12,3.73151447159848e-10,NaN,NaN,10054.7145799926,23081.8371025464,3.29562330376596,3.77830323917864,143168.346010422
117,PASSIVE,LPF,PASSIVE_RC_LPF,Passive RC equation + source-current signature,1365.76725123368,NaN,NaN,1.78159168210433e-12,NaN,NaN,NaN,NaN,NaN,1,NaN,65408661.2598998
2649,ACTIVE_OTHER,HPF,ACTIVE_OTHER_STATE_VARIABLE_HPF,State-variable/biquad-like active-other equation + current signature,16744.2335542089,5516.96206896331,31592.9868858147,4.94571224391657e-11,1.15367106747805e-10,NaN,NaN,10411.8631398475,15896.2331348763,2.52674242077188,3.1710023460267,219220.959040355
857,VCVS,LPF,VCVS_LPF_Maheshwari,Maheshwari VCVS equations + prototype input/supply-current signature,3707.04093374528,3707.04093374528,NaN,1.61326738534232e-10,1.61326738534232e-10,NaN,NaN,10047.4293728031,7010.75958057178,1.69776649533351,0.767911435557867,266125.442191261
326,PASSIVE,HPF,PASSIVE_RC_HPF,Passive RC equation + source-current signature,14093.5589748731,NaN,NaN,1.91513914938363e-12,NaN,NaN,NaN,NaN,NaN,1,NaN,5896565.40697515
1899,MFB,HPF,MFB_HPF_Maheshwari,Maheshwari MFB equation + current signature,37371.306504466,757.428169971192,NaN,1.63320410729e-10,7.59100885379738e-11,7.3234828486436e-10,NaN,NaN,NaN,-4.48411978389864,0.380147176542014,126873.722143389
580,PASSIVE,BPF,PASSIVE_RLC_BPF,Passive RLC equation + source-current signature,54859.8785883753,NaN,NaN,7.53529384097199e-10,NaN,NaN,46.060527379821,NaN,NaN,1,4.50670898299071,854.290510704544
1351,VCVS,BPF,VCVS_BPF_Maheshwari,Maheshwari VCVS equations + prototype input/supply-current signature,30552.9175554763,30552.9175554763,NaN,3.05556507689733e-11,3.05556507689733e-11,NaN,NaN,10024.6292823174,1254.79460893051,1.12517117327659,0.533382027066265,170480.969234117
514,PASSIVE,BPF,PASSIVE_RLC_BPF,Passive RLC equation + source-current signature,234626.335043679,NaN,NaN,4.45830293479315e-12,NaN,NaN,0.659378003322194,NaN,NaN,1,1.63910087959861,92825.6751567098
1126,VCVS,HPF,VCVS_HPF_Maheshwari,Maheshwari VCVS equations + prototype input/supply-current signature,218458.981847503,218458.981847503,NaN,2.38590075895251e-12,2.38590075895251e-12,NaN,NaN,9903.50414477062,1874.6563826878,1.18929222982935,0.552270231825289,305349.948494549
1102,VCVS,HPF,VCVS_HPF_Maheshwari,Maheshwari VCVS equations + prototype input/supply-current signature,3825.95757515446,3825.95757515446,NaN,2.08400059206572e-10,2.08400059206572e-10,NaN,NaN,10164.0467272033,10080.6648452606,1.99179638935351,0.991863140976821,199609.930607525
2565,ACTIVE_OTHER,LPF,ACTIVE_OTHER_STATE_VARIABLE_LPF,State-variable/biquad-like active-other equation + current signature,390044.104996745,62343.3294936877,5838.89399729236,3.84802591698405e-12,1.41886394310973e-12,NaN,NaN,10472.7175134824,32491.9326803208,4.10253118529085,0.572146115042783,436796.254660284
1379,VCVS,BPF,VCVS_BPF_Maheshwari,Maheshwari VCVS equations + prototype input/supply-current signature,236889.697672034,236889.697672034,NaN,1.13853728362612e-12,1.13853728362612e-12,NaN,NaN,9961.00185096797,3546.94534819943,1.35608319336421,0.608303288805993,590101.476048603
1696,MFB,LPF,MFB_LPF_Maheshwari,Maheshwari MFB equation + current signature,1148.88120924507,13931.8118689006,1291.0908470444,1.27820931121782e-10,7.12134531787597e-11,NaN,NaN,NaN,NaN,-1.12378097635767,0.184007708324478,393328.955399672
229,PASSIVE,HPF,PASSIVE_RC_HPF,Passive RC equation + source-current signature,1173.27336073102,NaN,NaN,9.86917268036651e-10,NaN,NaN,NaN,NaN,NaN,1,NaN,137448.553490121
854,VCVS,LPF,VCVS_LPF_Maheshwari,Maheshwari VCVS equations + prototype input/supply-current signature,4722.5497098529,4722.5497098529,NaN,4.12091455274012e-10,4.12091455274012e-10,NaN,NaN,10063.0981483112,692.183592490654,1.06878434278283,0.517808560769941,81780.5419227573
2389,MFB,BSF,MFB_BSF_1_MINUS_BP,Maheshwari MFB BPF denominator + 1-minus-BP notch + current signature,1325.03841883809,439498.109348637,NaN,9.61422992530132e-12,2.75680903055033e-10,NaN,NaN,NaN,NaN,1,3.28647627043133,128105.211359574
2203,MFB,BSF,MFB_BSF_1_MINUS_BP,Maheshwari MFB BPF denominator + 1-minus-BP notch + current signature,1475.44502834808,256101.155703471,NaN,5.41673510221549e-10,6.07330041921638e-11,NaN,NaN,NaN,NaN,1,3.96675861604274,45141.0508499148
785,PASSIVE,BSF,PASSIVE_RLC_BSF,Passive RLC equation + source-current signature,7625238.99930545,NaN,NaN,8.17808652698675e-12,NaN,NaN,7596.49205718707,NaN,NaN,1,3.9969363565652,638.53945462089
30,PASSIVE,LPF,PASSIVE_RC_LPF,Passive RC equation + source-current signature,2102.74083338037,NaN,NaN,3.68804164438097e-12,NaN,NaN,NaN,NaN,NaN,1,NaN,20522892.3393388
1084,VCVS,HPF,VCVS_HPF_Maheshwari,Maheshwari VCVS equations + prototype input/supply-current signature,173428.472418203,173428.472418203,NaN,8.42739605621053e-10,8.42739605621053e-10,NaN,NaN,9963.68520699429,7280.92919860008,1.73074661105201,0.787864746872048,1088.94596056949
1039,VCVS,HPF,VCVS_HPF_Maheshwari,Maheshwari VCVS equations + prototype input/supply-current signature,268557.255531219,268557.255531219,NaN,1.07144035240128e-11,1.07144035240128e-11,NaN,NaN,10120.3779623575,5088.6593604963,1.50281317352212,0.667919315288456,55311.4753661004
181,PASSIVE,LPF,PASSIVE_RC_LPF,Passive RC equation + source-current signature,139823.938663691,NaN,NaN,1.54289791804277e-11,NaN,NaN,NaN,NaN,NaN,1,NaN,73773.6731263625
2022,MFB,BPF,MFB_BPF_Maheshwari,Maheshwari MFB equation + current signature,174.256057970734,9606.49497025856,NaN,1.88061180127996e-10,9.42454828670063e-10,NaN,NaN,NaN,NaN,-6089078.47124957,2.76497794287236,292188.997737717
971,VCVS,LPF,VCVS_LPF_Maheshwari,Maheshwari VCVS equations + prototype input/supply-current signature,185894.764406441,185894.764406441,NaN,5.75362817389431e-12,5.75362817389431e-12,NaN,NaN,10144.3831766678,5681.15331980439,1.56002944889455,0.694458646555174,148802.8265921
1055,VCVS,HPF,VCVS_HPF_Maheshwari,Maheshwari VCVS equations + prototype input/supply-current signature,62433.3271362969,62433.3271362969,NaN,3.93793892125207e-12,3.93793892125207e-12,NaN,NaN,10154.0832793686,12657.2094290805,2.24651424267888,1.32716509938465,647343.328136873
1422,VCVS,BSF,VCVS_BSF_Maheshwari,Maheshwari VCVS equations + prototype input/supply-current signature,9231.14875549945,9231.14875549945,NaN,3.58052063404366e-12,3.58052063404366e-12,NaN,NaN,9943.61157006815,6375.75037525033,1.64119061070752,1.39349753635467,4815242.91963013
2834,ACTIVE_OTHER,BPF,ACTIVE_OTHER_STATE_VARIABLE_BPF,State-variable/biquad-like active-other equation + current signature,312910.865275508,2391.67844619114,50821.0584284908,6.108619088027e-10,8.94513162013358e-12,NaN,NaN,10374.8244670684,18356.6337023283,2.76934402703348,4.88460442303455,78703.4055486069
1384,VCVS,BPF,VCVS_BPF_Maheshwari,Maheshwari VCVS equations + prototype input/supply-current signature,46591.375564624,46591.375564624,NaN,6.26806394543597e-12,6.26806394543597e-12,NaN,NaN,9830.48002027274,3522.21400284215,1.35829522012949,0.609122914339613,544980.772891113
2048,MFB,BPF,MFB_BPF_Maheshwari,Maheshwari MFB equation + current signature,205060.33269153,45004700.789988,NaN,4.48602091631233e-11,3.52979640086702e-10,NaN,NaN,NaN,NaN,-13815.5661430595,4.68581678712606,416.336884899422
483,PASSIVE,BPF,PASSIVE_RLC_BPF,Passive RLC equation + source-current signature,6340.80719201037,NaN,NaN,1.44216053362798e-10,NaN,NaN,0.0966569114568119,NaN,NaN,1,4.08286580716323,42628.1879139021
927,VCVS,LPF,VCVS_LPF_Maheshwari,Maheshwari VCVS equations + prototype input/supply-current signature,1680.1027027007,1680.1027027007,NaN,3.28447591726112e-12,3.28447591726112e-12,NaN,NaN,9815.83442767975,7346.10637711144,1.74839346886252,0.7989731398183,28841524.9543036
448,PASSIVE,BPF,PASSIVE_RLC_BPF,Passive RLC equation + source-current signature,1186757.46166401,NaN,NaN,3.39157346853814e-12,NaN,NaN,106.251920590129,NaN,NaN,1,4.71634763600992,8383.99715985907
1835,MFB,HPF,MFB_HPF_Maheshwari,Maheshwari MFB equation + current signature,736614.176420584,39537.5632330837,NaN,1.28752771367277e-10,2.70908421224489e-10,1.81618420870995e-10,NaN,NaN,NaN,-1.41059814823647,1.16766398669977,4204.3992041149
2625,ACTIVE_OTHER,HPF,ACTIVE_OTHER_STATE_VARIABLE_HPF,State-variable/biquad-like active-other equation + current signature,151730.167784702,176720.065711231,46211.0646623029,3.74796774712103e-11,7.28557627228951e-11,NaN,NaN,10131.0322331888,18890.8428878864,2.86465134579288,4.45566916378223,18599.9318677074
1145,VCVS,HPF,VCVS_HPF_Maheshwari,Maheshwari VCVS equations + prototype input/supply-current signature,1154.90766682145,1154.90766682145,NaN,4.45674242392306e-10,4.45674242392306e-10,NaN,NaN,9983.87095303192,9342.39582432893,1.93574885615802,0.939627836705884,309211.282692331
121,PASSIVE,LPF,PASSIVE_RC_LPF,Passive RC equation + source-current signature,24690.9017128071,NaN,NaN,9.538366173242e-10,NaN,NaN,NaN,NaN,NaN,1,NaN,6757.85999650636
2915,ACTIVE_OTHER,BPF,ACTIVE_OTHER_STATE_VARIABLE_BPF,State-variable/biquad-like active-other equation + current signature,587456.005633789,10594.567245655,5992.29518382685,3.85827471629559e-12,2.38717233514536e-12,NaN,NaN,9620.15994441645,14619.8724156225,2.51971199024689,0.593112851332516,664740.878675728
924,VCVS,LPF,VCVS_LPF_Maheshwari,Maheshwari VCVS equations + prototype input/supply-current signature,32925.5683884174,32925.5683884174,NaN,2.96013715974185e-10,2.96013715974185e-10,NaN,NaN,10091.9200920259,12615.2590838348,2.25003556992121,1.33339657174799,16329.580046223
3198,ACTIVE_OTHER,BSF,ACTIVE_OTHER_STATE_VARIABLE_BSF,State-variable/biquad-like active-other equation + current signature,312114.783470386,511120.673922982,35600.9395434081,3.22952421462762e-12,1.38796484072615e-10,NaN,NaN,10358.134827117,21274.177503197,3.05386180603698,3.49118644536494,18821.0016535404
2334,MFB,BSF,MFB_BSF_1_MINUS_BP,Maheshwari MFB BPF denominator + 1-minus-BP notch + current signature,104612.657534557,13023750.0136637,NaN,1.81193232066571e-10,1.07668962989655e-10,NaN,NaN,NaN,NaN,1,5.3951242656785,976.211090894927
325,PASSIVE,HPF,PASSIVE_RC_HPF,Passive RC equation + source-current signature,1798.17892290039,NaN,NaN,9.35854109248082e-11,NaN,NaN,NaN,NaN,NaN,1,NaN,945755.938965243
1888,MFB,HPF,MFB_HPF_Maheshwari,Maheshwari MFB equation + current signature,854759.891979807,1221194.9947417,NaN,1.44951489803049e-10,5.79576002712472e-10,4.44937086361857e-11,NaN,NaN,NaN,-0.306955856035981,0.56914093713726,970.065490716023
1197,VCVS,HPF,VCVS_HPF_Maheshwari,Maheshwari VCVS equations + prototype input/supply-current signature,13484.6499620998,13484.6499620998,NaN,5.31223301308048e-12,5.31223301308048e-12,NaN,NaN,9986.74404091949,5034.47057179256,1.50411531037187,0.668500725312321,2221791.68848681
207,PASSIVE,HPF,PASSIVE_RC_HPF,Passive RC equation + source-current signature,25193.4480383696,NaN,NaN,6.08524436481483e-10,NaN,NaN,NaN,NaN,NaN,1,NaN,10381.3659048475
406,PASSIVE,BPF,PASSIVE_RLC_BPF,Passive RLC equation + source-current signature,698.515232101376,NaN,NaN,3.95180719994826e-10,NaN,NaN,0.00275920205327087,NaN,NaN,1,3.78284021423558,152415.980860416
1524,VCVS,BSF,VCVS_BSF_Maheshwari,Maheshwari VCVS equations + prototype input/supply-current signature,6534.8870177074,6534.8870177074,NaN,1.88712975369734e-12,1.88712975369734e-12,NaN,NaN,10140.4120852366,599.929213697089,1.05916221240856,0.531441239493588,12905661.9835334
894,VCVS,LPF,VCVS_LPF_Maheshwari,Maheshwari VCVS equations + prototype input/supply-current signature,11814.9933256807,11814.9933256807,NaN,7.22280764519186e-10,7.22280764519186e-10,NaN,NaN,10124.5989330216,12284.8647623647,2.21336803992278,1.27124252604972,18650.0758292099
2679,ACTIVE_OTHER,HPF,ACTIVE_OTHER_STATE_VARIABLE_HPF,State-variable/biquad-like active-other equation + current signature,15374.9586913603,8162.5647938874,29904.5130334307,1.55013974668649e-10,5.54629993943308e-12,NaN,NaN,10343.7378464874,28639.7120719461,3.76879716955237,2.96590094619666,484521.139456691
957,VCVS,LPF,VCVS_LPF_Maheshwari,Maheshwari VCVS equations + prototype input/supply-current signature,6518.34218042274,6518.34218042274,NaN,2.05121203512863e-10,2.05121203512863e-10,NaN,NaN,9966.47158154933,3094.87110480478,1.31052826263351,0.591900993596246,119034.381753399
2007,MFB,BPF,MFB_BPF_Maheshwari,Maheshwari MFB equation + current signature,110109.793094441,12739285.840823,NaN,1.557848981322e-10,1.94998210797407e-11,NaN,NaN,NaN,NaN,-465739.87997244,3.3821549554894,2438.12869943302
2295,MFB,BSF,MFB_BSF_1_MINUS_BP,Maheshwari MFB BPF denominator + 1-minus-BP notch + current signature,366.876676361115,133288.033183206,NaN,6.17237590172909e-10,6.09993434688313e-11,NaN,NaN,NaN,NaN,1,5.4530923965035,117293.983662
2852,ACTIVE_OTHER,BPF,ACTIVE_OTHER_STATE_VARIABLE_BPF,State-variable/biquad-like active-other equation + current signature,21493.6827599627,816382.269836015,19690.5045376046,6.67388857934816e-10,1.20741582754105e-12,NaN,NaN,10472.2126104334,31602.5216853625,4.01775019864255,2.04511133339108,42325.2979586513
2921,ACTIVE_OTHER,BPF,ACTIVE_OTHER_STATE_VARIABLE_BPF,State-variable/biquad-like active-other equation + current signature,72997.9657798886,667471.709270129,49332.6348968662,4.30606524582935e-10,5.99085377283125e-10,NaN,NaN,10366.3756138279,30369.9551258024,3.92965991752134,4.89753117548989,1419.59237707442
248,PASSIVE,HPF,PASSIVE_RC_HPF,Passive RC equation + source-current signature,1798.11130893054,NaN,NaN,1.13448825885094e-10,NaN,NaN,NaN,NaN,NaN,1,NaN,780195.702108692
2333,MFB,BSF,MFB_BSF_1_MINUS_BP,Maheshwari MFB BPF denominator + 1-minus-BP notch + current signature,995.210445714654,21414.8790929394,NaN,3.40377498012803e-10,1.92567449168262e-11,NaN,NaN,NaN,NaN,1,1.04426608454855,425826.804821557
45,PASSIVE,LPF,PASSIVE_RC_LPF,Passive RC equation + source-current signature,337728.081146245,NaN,NaN,6.55919099205784e-10,NaN,NaN,NaN,NaN,NaN,1,NaN,718.460145914836
1152,VCVS,HPF,VCVS_HPF_Maheshwari,Maheshwari VCVS equations + prototype input/supply-current signature,13910.9175128329,13910.9175128329,NaN,1.09476841476749e-10,1.09476841476749e-10,NaN,NaN,10130.9493055766,11776.2257275814,2.16240101222292,1.19388873982993,104506.209804461
1644,MFB,LPF,MFB_LPF_Maheshwari,Maheshwari MFB equation + current signature,17675.961570319,17887.3141068515,61735.6741458133,3.96190054662245e-10,7.28068178513756e-11,NaN,NaN,NaN,NaN,-3.49263455344224,0.545534229131745,28199.5162194539
197,PASSIVE,LPF,PASSIVE_RC_LPF,Passive RC equation + source-current signature,769187.698509117,NaN,NaN,2.90539363960653e-11,NaN,NaN,NaN,NaN,NaN,1,NaN,7121.68597946083
2034,MFB,BPF,MFB_BPF_Maheshwari,Maheshwari MFB equation + current signature,2160.21058820351,432514.301084244,NaN,3.74809242425356e-10,4.37354094098638e-11,NaN,NaN,NaN,NaN,-10584508.9196349,4.32844733626923,40667.7463794583
1441,VCVS,BSF,VCVS_BSF_Maheshwari,Maheshwari VCVS equations + prototype input/supply-current signature,43742.5837242135,43742.5837242135,NaN,1.71154606329756e-12,1.71154606329756e-12,NaN,NaN,10197.5288035249,5226.38084330969,1.51251444776534,1.02567142289237,2125823.03163324
3182,ACTIVE_OTHER,BSF,ACTIVE_OTHER_STATE_VARIABLE_BSF,State-variable/biquad-like active-other equation + current signature,499670.135335452,90314.8605044524,35810.7658809164,1.38093388088822e-12,2.10321818445145e-11,NaN,NaN,10345.7615946772,21258.9924949613,3.05485041390272,3.56034489827953,139017.739017792
943,VCVS,LPF,VCVS_LPF_Maheshwari,Maheshwari VCVS equations + prototype input/supply-current signature,41514.1469273812,41514.1469273812,NaN,1.36958662752421e-11,1.36958662752421e-11,NaN,NaN,10006.6581269026,12718.6761700111,2.27102135485346,1.37178229658426,279920.372003406
805,VCVS,LPF,VCVS_LPF_Maheshwari,Maheshwari VCVS equations + prototype input/supply-current signature,528304.448339287,528304.448339287,NaN,2.25262805232633e-12,2.25262805232633e-12,NaN,NaN,9804.12284104431,4931.94390012864,1.50304795034609,0.668024069462477,133735.398464166
2678,ACTIVE_OTHER,HPF,ACTIVE_OTHER_STATE_VARIABLE_HPF,State-variable/biquad-like active-other equation + current signature,230945.799754983,66859.7914572199,39537.6583974938,1.28424241062084e-10,4.1054546729283e-12,NaN,NaN,10032.0664981066,27544.5025824885,3.7456459332369,3.78643491920405,55779.9928221345
201,PASSIVE,HPF,PASSIVE_RC_HPF,Passive RC equation + source-current signature,58194.777010715,NaN,NaN,8.04841894644939e-12,NaN,NaN,NaN,NaN,NaN,1,NaN,339801.700947176
2492,ACTIVE_OTHER,LPF,ACTIVE_OTHER_STATE_VARIABLE_LPF,State-variable/biquad-like active-other equation + current signature,20551.2404883016,371752.870110603,25510.7816144436,4.22770104211499e-12,1.31260301122498e-12,NaN,NaN,9760.57839009285,5749.45052245601,1.58904813758699,2.50035704476331,772956.606146225
1950,MFB,HPF,MFB_HPF_Maheshwari,Maheshwari MFB equation + current signature,2122.52669535637,96.0713857055198,NaN,1.09044544944858e-10,4.50768502234432e-10,2.6546384533856e-10,NaN,NaN,NaN,-2.43445323626964,0.809296948414815,1018865.95855541
1718,MFB,LPF,MFB_LPF_Maheshwari,Maheshwari MFB equation + current signature,42101.6554447089,34454.8786191719,151815.144013853,4.27302439243124e-10,6.62680314349043e-11,NaN,NaN,NaN,NaN,-3.60591863693409,0.591453840148083,13077.282354066
3121,ACTIVE_OTHER,BSF,ACTIVE_OTHER_STATE_VARIABLE_BSF,State-variable/biquad-like active-other equation + current signature,11183.0243059864,1503.17092305077,9389.94475483897,3.3589856795596e-11,7.06194038750382e-11,NaN,NaN,10357.1033506826,13163.6202859784,2.27097508253704,0.90825952837819,797021.825735889
2997,ACTIVE_OTHER,BPF,ACTIVE_OTHER_STATE_VARIABLE_BPF,State-variable/biquad-like active-other equation + current signature,346510.476243204,275183.782430207,31174.3222176454,1.24079278585916e-12,4.35408887878698e-11,NaN,NaN,10224.6225348084,18370.5048358946,2.79669271636724,3.07840607899956,70121.6705823264
2047,MFB,BPF,MFB_BPF_Maheshwari,Maheshwari MFB equation + current signature,7897.65596724498,79873.8242404183,NaN,1.91440028439552e-10,5.33603077341459e-10,NaN,NaN,NaN,NaN,-237292.200164541,1.40189292502853,19826.3719291704
1333,VCVS,BPF,VCVS_BPF_Maheshwari,Maheshwari VCVS equations + prototype input/supply-current signature,76045.7126256127,76045.7126256127,NaN,1.04571661595741e-12,1.04571661595741e-12,NaN,NaN,10025.046598406,1301.46900451017,1.12982174114952,0.534708386897118,2001388.44840093
2149,MFB,BPF,MFB_BPF_Maheshwari,Maheshwari MFB equation + current signature,71.586985160106,13384.3086741489,NaN,8.16765871797126e-10,7.37921838023732e-11,NaN,NaN,NaN,NaN,-189302157.720175,3.76940386897031,662294.5030019
2738,ACTIVE_OTHER,HPF,ACTIVE_OTHER_STATE_VARIABLE_HPF,State-variable/biquad-like active-other equation + current signature,2097.04659628274,45785.1214572217,55317.6581674317,2.8200120638562e-11,1.02943998562973e-10,NaN,NaN,9812.35867352219,31711.28893544,4.23177025937812,5.65898056447069,301458.758574872
782,PASSIVE,BSF,PASSIVE_RLC_BSF,Passive RLC equation + source-current signature,815457.772628427,NaN,NaN,3.25967524473616e-12,NaN,NaN,3.21472822606217,NaN,NaN,1,1.21782108202253,49165.5421807011
80,PASSIVE,LPF,PASSIVE_RC_LPF,Passive RC equation + source-current signature,96160.8994018581,NaN,NaN,1.45823984160696e-11,NaN,NaN,NaN,NaN,NaN,1,NaN,113499.162060003
768,PASSIVE,BSF,PASSIVE_RLC_BSF,Passive RLC equation + source-current signature,83616.6814663559,NaN,NaN,2.64563472484304e-10,NaN,NaN,0.485367990314488,NaN,NaN,1,0.512244963647854,14044.9314799927
1716,MFB,LPF,MFB_LPF_Maheshwari,Maheshwari MFB equation + current signature,198347.391607452,136706.869547188,632851.555811546,7.91730718324475e-10,2.52995295834288e-10,NaN,NaN,NaN,NaN,-3.1906220227187,0.431544451342539,1209.00769657842
2275,MFB,BSF,MFB_BSF_1_MINUS_BP,Maheshwari MFB BPF denominator + 1-minus-BP notch + current signature,1872328.18357721,28973985.4644778,NaN,1.65532002632472e-11,6.52453331344009e-10,NaN,NaN,NaN,NaN,1,0.611080583779746,207.926246765805
2310,MFB,BSF,MFB_BSF_1_MINUS_BP,Maheshwari MFB BPF denominator + 1-minus-BP notch + current signature,14931.4593145393,319032.260038658,NaN,2.57256933892907e-10,4.37204215771664e-10,NaN,NaN,NaN,NaN,1,2.23225565973647,6875.84358661482
1841,MFB,HPF,MFB_HPF_Maheshwari,Maheshwari MFB equation + current signature,5633.93273676707,168407.341260298,NaN,7.90871808334939e-10,8.03276174372432e-11,1.54877072559959e-11,NaN,NaN,NaN,-0.0195830817242088,0.371535130610962,146489.934441292
900,VCVS,LPF,VCVS_LPF_Maheshwari,Maheshwari VCVS equations + prototype input/supply-current signature,10766.8514130978,10766.8514130978,NaN,1.84591942320784e-10,1.84591942320784e-10,NaN,NaN,9974.9650865227,4510.60243444854,1.45219230296283,0.646075091830989,80079.0057574929
2802,ACTIVE_OTHER,BPF,ACTIVE_OTHER_STATE_VARIABLE_BPF,State-variable/biquad-like active-other equation + current signature,1044.3415886921,2027.76946893391,44733.0363129135,5.03479740446766e-12,4.96327547874938e-11,NaN,NaN,10108.2450180524,20615.6576634521,3.03948931062063,4.43241251112774,6918538.54676219
769,PASSIVE,BSF,PASSIVE_RLC_BSF,Passive RLC equation + source-current signature,7372.83452647972,NaN,NaN,6.65423698991903e-10,NaN,NaN,0.0840425845998892,NaN,NaN,1,1.52428466717665,21282.4342112295
72,PASSIVE,LPF,PASSIVE_RC_LPF,Passive RC equation + source-current signature,916325.796988456,NaN,NaN,3.03048703065083e-12,NaN,NaN,NaN,NaN,NaN,1,NaN,57313.6132338981
2670,ACTIVE_OTHER,HPF,ACTIVE_OTHER_STATE_VARIABLE_HPF,State-variable/biquad-like active-other equation + current signature,1491.85768991058,4768.44726564896,37515.7195401339,2.63287023276329e-10,3.73545638229569e-12,NaN,NaN,10286.674100668,7333.63539859945,1.7129258035037,3.73530466514185,1902748.45917393
1543,VCVS,BSF,VCVS_BSF_Maheshwari,Maheshwari VCVS equations + prototype input/supply-current signature,11682.5489929314,11682.5489929314,NaN,1.89800750155749e-11,1.89800750155749e-11,NaN,NaN,9889.65505271596,3441.73472552671,1.34801362708617,0.766887193923115,717768.832388495
2934,ACTIVE_OTHER,BPF,ACTIVE_OTHER_STATE_VARIABLE_BPF,State-variable/biquad-like active-other equation + current signature,353498.269248717,565567.849363421,16012.1286079092,2.65485463819786e-12,2.19400770228032e-12,NaN,NaN,9861.33993639912,10091.4398865724,2.02333353800369,1.54685474199667,147483.92317517
438,PASSIVE,BPF,PASSIVE_RLC_BPF,Passive RLC equation + source-current signature,15736.2585337657,NaN,NaN,1.74288201619991e-11,NaN,NaN,0.00557949705737217,NaN,NaN,1,1.13700415047067,510374.080927342
2592,ACTIVE_OTHER,LPF,ACTIVE_OTHER_STATE_VARIABLE_LPF,State-variable/biquad-like active-other equation + current signature,2574.44651644006,836482.796797721,23610.3336533108,5.90212993131021e-12,3.57474797678427e-12,NaN,NaN,9610.84133286647,31157.5875306989,4.24192091530514,2.39342203894093,746659.49181589
3072,ACTIVE_OTHER,BSF,ACTIVE_OTHER_STATE_VARIABLE_BSF,State-variable/biquad-like active-other equation + current signature,2223.02802652912,925007.057430956,49125.412851809,2.57872554690579e-12,8.52684538903283e-11,NaN,NaN,10463.144883731,26861.1339823265,3.5672141866345,5.06255987915705,236689.168503546
1463,VCVS,BSF,VCVS_BSF_Maheshwari,Maheshwari VCVS equations + prototype input/supply-current signature,975957.187999071,975957.187999071,NaN,1.02011340988639e-10,1.02011340988639e-10,NaN,NaN,10083.2898587561,4596.07431017987,1.45581098773916,0.918798411461384,1598.60404667321
1395,VCVS,BPF,VCVS_BPF_Maheshwari,Maheshwari VCVS equations + prototype input/supply-current signature,15658.4138905987,15658.4138905987,NaN,5.08736787621792e-12,5.08736787621792e-12,NaN,NaN,9982.20991085731,11135.6740267839,2.11555197959442,1.13064869492435,1997925.17806664
2550,ACTIVE_OTHER,LPF,ACTIVE_OTHER_STATE_VARIABLE_LPF,State-variable/biquad-like active-other equation + current signature,3668.07768501534,2580.23456454065,32640.1253060181,1.32670613026892e-12,4.66137535127673e-12,NaN,NaN,9858.3396178854,22400.3874614812,3.27222720353857,3.22173088166871,20803043.1188572
283,PASSIVE,HPF,PASSIVE_RC_HPF,Passive RC equation + source-current signature,451287.485692966,NaN,NaN,1.94854879706512e-11,NaN,NaN,NaN,NaN,NaN,1,NaN,18099.040624452
2237,MFB,BSF,MFB_BSF_1_MINUS_BP,Maheshwari MFB BPF denominator + 1-minus-BP notch + current signature,3478.29017498703,89491.2905445818,NaN,1.6975550588718e-11,7.07782983185923e-11,NaN,NaN,NaN,NaN,1,2.00356436929694,260246.470374079
1773,MFB,LPF,MFB_LPF_Maheshwari,Maheshwari MFB equation + current signature,23944.1132657081,609200.59428779,78964.8100168199,3.33388255605325e-10,2.37094496019207e-11,NaN,NaN,NaN,NaN,-3.29787990645326,0.30492459307536,8161.8252231912
1344,VCVS,BPF,VCVS_BPF_Maheshwari,Maheshwari VCVS equations + prototype input/supply-current signature,31526.3407633384,31526.3407633384,NaN,4.90654845405432e-10,4.90654845405432e-10,NaN,NaN,10197.8506949849,3633.86854481434,1.35633670794978,0.608397112009878,10288.9361977705
2405,ACTIVE_OTHER,LPF,ACTIVE_OTHER_STATE_VARIABLE_LPF,State-variable/biquad-like active-other equation + current signature,2353.43044853692,281919.001790913,34343.4058742903,1.25668854092862e-12,2.44010213851907e-10,NaN,NaN,10257.6795500333,6704.73945915765,1.65363120640047,3.47646378692556,352849.44840373
594,PASSIVE,BPF,PASSIVE_RLC_BPF,Passive RLC equation + source-current signature,983102.9607263,NaN,NaN,1.53117385596088e-12,NaN,NaN,24.3300292057709,NaN,NaN,1,4.05471243099347,26075.7353099904
2792,ACTIVE_OTHER,HPF,ACTIVE_OTHER_STATE_VARIABLE_HPF,State-variable/biquad-like active-other equation + current signature,644428.896234723,4998.74913054465,32730.1078408734,6.30057548770741e-11,5.01776847980382e-11,NaN,NaN,10046.9942829243,30483.0667023644,4.03404837745083,3.14981777694812,49871.9717234478
247,PASSIVE,HPF,PASSIVE_RC_HPF,Passive RC equation + source-current signature,4904.29142105139,NaN,NaN,6.82385465967749e-11,NaN,NaN,NaN,NaN,NaN,1,NaN,475569.610200291
1242,VCVS,BPF,VCVS_BPF_Maheshwari,Maheshwari VCVS equations + prototype input/supply-current signature,29743.1039478828,29743.1039478828,NaN,4.75287714451389e-12,4.75287714451389e-12,NaN,NaN,10008.7527722122,1915.55607382628,1.19138808974726,0.552910214917393,1125841.50244117
1172,VCVS,HPF,VCVS_HPF_Maheshwari,Maheshwari VCVS equations + prototype input/supply-current signature,2329.53235881123,2329.53235881123,NaN,4.39875446708278e-10,4.39875446708278e-10,NaN,NaN,10108.852029784,5611.48852921518,1.55510640700664,0.692092486844183,155317.954830331
2931,ACTIVE_OTHER,BPF,ACTIVE_OTHER_STATE_VARIABLE_BPF,State-variable/biquad-like active-other equation + current signature,1882.40546908992,13374.3181462716,8308.36705831552,8.43027369168085e-11,2.31780148443994e-12,NaN,NaN,9974.78537952995,15825.5915806895,2.5865596079056,0.872240021970937,2269179.03880417
2900,ACTIVE_OTHER,BPF,ACTIVE_OTHER_STATE_VARIABLE_BPF,State-variable/biquad-like active-other equation + current signature,36982.5030603116,604409.550441425,26559.3922398808,7.19306496437048e-10,1.74634027010066e-12,NaN,NaN,10294.6151245016,27895.6631630261,3.70973346994132,2.66857098982264,30035.5020661104
1707,MFB,LPF,MFB_LPF_Maheshwari,Maheshwari MFB equation + current signature,321871.846396352,76993.2330481172,426462.52431857,2.43725517201455e-10,9.25707846988244e-10,NaN,NaN,NaN,NaN,-1.32494509567458,0.153563980417742,1849.12361000812
826,VCVS,LPF,VCVS_LPF_Maheshwari,Maheshwari VCVS equations + prototype input/supply-current signature,876528.485800865,876528.485800865,NaN,1.568199999989e-10,1.568199999989e-10,NaN,NaN,9857.04776603842,4492.80744209867,1.45579645637695,0.647583023707986,1157.85092669322
2872,ACTIVE_OTHER,BPF,ACTIVE_OTHER_STATE_VARIABLE_BPF,State-variable/biquad-like active-other equation + current signature,303272.740515591,2369.02111433806,28178.2812859006,9.51037015444502e-10,3.96204263478013e-12,NaN,NaN,10027.9648790068,6474.38544356787,1.6456330393739,2.76368663025606,96729.8903512096
3112,ACTIVE_OTHER,BSF,ACTIVE_OTHER_STATE_VARIABLE_BSF,State-variable/biquad-like active-other equation + current signature,2466.48279968156,645412.237833497,7798.60501566878,8.56450504340183e-10,1.00683364475577e-10,NaN,NaN,9825.52845931926,17376.5126118766,2.76850666952121,0.766349900086298,13584.1507816845
1394,VCVS,BPF,VCVS_BPF_Maheshwari,Maheshwari VCVS equations + prototype input/supply-current signature,233032.359843503,233032.359843503,NaN,5.95194280776142e-11,5.95194280776142e-11,NaN,NaN,9842.42541704952,9985.43277554842,2.01452968678342,1.01474391119505,11474.8006427689
1009,VCVS,HPF,VCVS_HPF_Maheshwari,Maheshwari VCVS equations + prototype input/supply-current signature,8177.852657438,8177.852657438,NaN,5.08495189154051e-11,5.08495189154051e-11,NaN,NaN,10024.8492542565,3967.86044623748,1.39580250491575,0.623364643732647,382731.318653383
1161,VCVS,HPF,VCVS_HPF_Maheshwari,Maheshwari VCVS equations + prototype input/supply-current signature,16445.4492824048,16445.4492824048,NaN,4.59934823710339e-12,4.59934823710339e-12,NaN,NaN,9995.92372000228,1518.87285053247,1.15194922381142,0.541110673410391,2104156.77962538
369,PASSIVE,HPF,PASSIVE_RC_HPF,Passive RC equation + source-current signature,58071.3492870307,NaN,NaN,6.73680676755451e-12,NaN,NaN,NaN,NaN,NaN,1,NaN,406821.712895482
216,PASSIVE,HPF,PASSIVE_RC_HPF,Passive RC equation + source-current signature,20307.7779785102,NaN,NaN,8.45687590559469e-11,NaN,NaN,NaN,NaN,NaN,1,NaN,92671.8359524892
299,PASSIVE,HPF,PASSIVE_RC_HPF,Passive RC equation + source-current signature,315250.35501395,NaN,NaN,9.58407263562728e-11,NaN,NaN,NaN,NaN,NaN,1,NaN,5267.62015672567
396,PASSIVE,HPF,PASSIVE_RC_HPF,Passive RC equation + source-current signature,379234.622532906,NaN,NaN,7.81342531383694e-10,NaN,NaN,NaN,NaN,NaN,1,NaN,537.119211903862
1749,MFB,LPF,MFB_LPF_Maheshwari,Maheshwari MFB equation + current signature,49875.4950939758,168084.952370577,166979.995333122,9.72346142780852e-11,5.1669915948729e-11,NaN,NaN,NaN,NaN,-3.34793659729085,0.255980744454731,13402.75769728
2199,MFB,BPF,MFB_BPF_Maheshwari,Maheshwari MFB equation + current signature,809443.636679324,134081393.664593,NaN,7.15322592736001e-11,5.46640832962113e-11,NaN,NaN,NaN,NaN,-22600.1497719608,6.37743716738362,244.30961624976
593,PASSIVE,BPF,PASSIVE_RLC_BPF,Passive RLC equation + source-current signature,256.429959708675,NaN,NaN,1.41075983434261e-10,NaN,NaN,0.000182783543458388,NaN,NaN,1,4.43887830655665,991117.266761435
324,PASSIVE,HPF,PASSIVE_RC_HPF,Passive RC equation + source-current signature,904806.499760688,NaN,NaN,8.11933295235175e-11,NaN,NaN,NaN,NaN,NaN,1,NaN,2166.42704622429
2853,ACTIVE_OTHER,BPF,ACTIVE_OTHER_STATE_VARIABLE_BPF,State-variable/biquad-like active-other equation + current signature,17446.5901376661,13003.3258655094,51085.5180505108,1.83440756520968e-11,7.95234954762903e-11,NaN,NaN,9962.95424159546,12834.3694466067,2.28820921339005,5.35768663131149,276657.203187926
1308,VCVS,BPF,VCVS_BPF_Maheshwari,Maheshwari VCVS equations + prototype input/supply-current signature,295081.281547103,295081.281547103,NaN,1.68676998868283e-11,1.68676998868283e-11,NaN,NaN,10132.0508075795,6436.98235741908,1.63530893001481,0.732766574057566,31975.8873560436
2417,ACTIVE_OTHER,LPF,ACTIVE_OTHER_STATE_VARIABLE_LPF,State-variable/biquad-like active-other equation + current signature,136546.949617206,19220.6014125436,16701.4327339699,9.86377219573729e-11,1.34061324178453e-10,NaN,NaN,9628.09948480511,24864.5014858136,3.58249320388248,1.59457950440695,27016.0825573002
1891,MFB,HPF,MFB_HPF_Maheshwari,Maheshwari MFB equation + current signature,422490.197689865,151819.932938248,NaN,1.62555240784092e-10,2.44211795506483e-11,7.07540207266415e-11,NaN,NaN,NaN,-0.435261394128892,0.618140125275172,15117.7978856014
2414,ACTIVE_OTHER,LPF,ACTIVE_OTHER_STATE_VARIABLE_LPF,State-variable/biquad-like active-other equation + current signature,1175.01197880063,40482.2999975249,8232.51854817312,2.28796567250555e-12,2.04604243327559e-10,NaN,NaN,9854.68311952985,17242.160989861,2.74964134114985,0.795875461658816,1066557.62480494
214,PASSIVE,HPF,PASSIVE_RC_HPF,Passive RC equation + source-current signature,140846.192615833,NaN,NaN,2.1601915203686e-11,NaN,NaN,NaN,NaN,NaN,1,NaN,52309.7642969078
515,PASSIVE,BPF,PASSIVE_RLC_BPF,Passive RLC equation + source-current signature,4965743.34756539,NaN,NaN,3.35726169528705e-11,NaN,NaN,2554.0571707124,NaN,NaN,1,1.75646071188788,543.515866576294
2200,MFB,BPF,MFB_BPF_Maheshwari,Maheshwari MFB equation + current signature,2417382.63315472,703309153.345263,NaN,1.10758040219493e-11,8.88622014567142e-11,NaN,NaN,NaN,NaN,-4655.19131649873,5.35446302153246,123.034846721608
1352,VCVS,BPF,VCVS_BPF_Maheshwari,Maheshwari VCVS equations + prototype input/supply-current signature,117630.781108237,117630.781108237,NaN,5.1797997497094e-11,5.1797997497094e-11,NaN,NaN,9803.22753307153,10573.065498578,2.07852903167956,1.08522138448126,26120.7823488823
346,PASSIVE,HPF,PASSIVE_RC_HPF,Passive RC equation + source-current signature,266335.257107626,NaN,NaN,2.08783856436972e-12,NaN,NaN,NaN,NaN,NaN,1,NaN,286216.42636556
447,PASSIVE,BPF,PASSIVE_RLC_BPF,Passive RLC equation + source-current signature,180551.06047122,NaN,NaN,1.25687836074035e-11,NaN,NaN,2.87573444482291,NaN,NaN,1,2.64927914927465,26472.7535996302
1047,VCVS,HPF,VCVS_HPF_Maheshwari,Maheshwari VCVS equations + prototype input/supply-current signature,19562.9637550667,19562.9637550667,NaN,1.36406040131591e-11,1.36406040131591e-11,NaN,NaN,10079.6874988354,7904.37108149019,1.7841881092448,0.822495657102722,596419.562474097
2258,MFB,BSF,MFB_BSF_1_MINUS_BP,Maheshwari MFB BPF denominator + 1-minus-BP notch + current signature,246538.327445779,42380907.0913955,NaN,7.30534839941553e-11,1.01379088036692e-10,NaN,NaN,NaN,NaN,1,6.46859518443067,572.134489324537
1341,VCVS,BPF,VCVS_BPF_Maheshwari,Maheshwari VCVS equations + prototype input/supply-current signature,77777.8307654052,77777.8307654052,NaN,9.75677182567664e-11,9.75677182567664e-11,NaN,NaN,10187.4270114699,3252.47618547174,1.31926375342958,0.594977351170073,20972.8840875635
2503,ACTIVE_OTHER,LPF,ACTIVE_OTHER_STATE_VARIABLE_LPF,State-variable/biquad-like active-other equation + current signature,2431.81159028193,1897.86226861641,8472.64282334922,3.42718425602951e-11,3.65335787773277e-10,NaN,NaN,10189.332656258,27498.3385180569,3.69873792972773,0.875424305610146,662076.218019911
1945,MFB,HPF,MFB_HPF_Maheshwari,Maheshwari MFB equation + current signature,173444.218328701,12525.2125186717,NaN,7.55590220039471e-11,2.22908023011918e-11,8.775037864331e-11,NaN,NaN,NaN,-1.16134878821917,0.763543164840358,77207.6469337055
1571,VCVS,BSF,VCVS_BSF_Maheshwari,Maheshwari VCVS equations + prototype input/supply-current signature,13949.788353066,13949.788353066,NaN,8.04783224371988e-10,8.04783224371988e-10,NaN,NaN,10166.0178048053,6272.55737904076,1.6170122362048,1.30552473803672,14176.6493706962
367,PASSIVE,HPF,PASSIVE_RC_HPF,Passive RC equation + source-current signature,7715.8119635979,NaN,NaN,4.37244406969763e-10,NaN,NaN,NaN,NaN,NaN,1,NaN,47175.2525184982
2106,MFB,BPF,MFB_BPF_Maheshwari,Maheshwari MFB equation + current signature,3764.59444004323,1339363.7166532,NaN,6.82550663274516e-10,5.25349316537087e-11,NaN,NaN,NaN,NaN,-5056309.2949034,4.85896517847247,11836.4164321057
2238,MFB,BSF,MFB_BSF_1_MINUS_BP,Maheshwari MFB BPF denominator + 1-minus-BP notch + current signature,660722.929781896,43620590.6797853,NaN,3.43906748679138e-10,2.42544692916845e-10,NaN,NaN,NaN,NaN,1,4.00147640881912,102.647513538336
2456,ACTIVE_OTHER,LPF,ACTIVE_OTHER_STATE_VARIABLE_LPF,State-variable/biquad-like active-other equation + current signature,2591.40322313128,288070.038793053,22248.0324623864,5.380036442034e-12,1.12688162417911e-10,NaN,NaN,10279.4213484794,11991.0249890298,2.16650778118007,2.23328418532616,236576.624854098
1443,VCVS,BSF,VCVS_BSF_Maheshwari,Maheshwari VCVS equations + prototype input/supply-current signature,10382.3756320891,10382.3756320891,NaN,1.82562132995623e-11,1.82562132995623e-11,NaN,NaN,10011.7036835741,3091.67238529595,1.30880582196698,0.723385722696457,839677.842008471
349,PASSIVE,HPF,PASSIVE_RC_HPF,Passive RC equation + source-current signature,6568.08798247571,NaN,NaN,5.16242674169882e-10,NaN,NaN,NaN,NaN,NaN,1,NaN,46938.2904641464
2825,ACTIVE_OTHER,BPF,ACTIVE_OTHER_STATE_VARIABLE_BPF,State-variable/biquad-like active-other equation + current signature,302883.023736466,1299.34369760195,9434.91382969948,1.13219553647452e-11,2.09289932345665e-12,NaN,NaN,10137.6128736583,19472.1547770953,2.92078303045996,0.962450668512467,1648108.33358036
1429,VCVS,BSF,VCVS_BSF_Maheshwari,Maheshwari VCVS equations + prototype input/supply-current signature,473599.801250606,473599.801250606,NaN,4.38867862343276e-11,4.38867862343276e-11,NaN,NaN,9964.67675254576,3025.64867411681,1.30363741336053,0.71801674816121,7657.28551707803
365,PASSIVE,HPF,PASSIVE_RC_HPF,Passive RC equation + source-current signature,315558.128231943,NaN,NaN,6.68448067364634e-11,NaN,NaN,NaN,NaN,NaN,1,NaN,7545.24051949367
793,PASSIVE,BSF,PASSIVE_RLC_BSF,Passive RLC equation + source-current signature,2465.48801016827,NaN,NaN,2.10570164127962e-10,NaN,NaN,0.0156541477706416,NaN,NaN,1,3.49714308591215,87661.1168021451
2882,ACTIVE_OTHER,BPF,ACTIVE_OTHER_STATE_VARIABLE_BPF,State-variable/biquad-like active-other equation + current signature,19950.5430766283,244585.021575493,42969.3831138366,6.3071985380214e-11,5.64361045092045e-10,NaN,NaN,9954.35714763794,24151.1149558679,3.42618529731965,4.15405985261154,12076.2216742777
206,PASSIVE,HPF,PASSIVE_RC_HPF,Passive RC equation + source-current signature,43582.3107818414,NaN,NaN,3.41846315181232e-10,NaN,NaN,NaN,NaN,NaN,1,NaN,10682.6494038357
311,PASSIVE,HPF,PASSIVE_RC_HPF,Passive RC equation + source-current signature,101823.137988431,NaN,NaN,3.36252038793819e-11,NaN,NaN,NaN,NaN,NaN,1,NaN,46484.5604137917
2663,ACTIVE_OTHER,HPF,ACTIVE_OTHER_STATE_VARIABLE_HPF,State-variable/biquad-like active-other equation + current signature,154718.948709294,48104.4159183407,44024.0502145454,3.56404085792072e-12,8.63319825084116e-11,NaN,NaN,10300.23744639,24100.665691124,3.33981651554749,4.44159893474925,105171.655879622
1614,MFB,LPF,MFB_LPF_Maheshwari,Maheshwari MFB equation + current signature,283.859151670789,4555.02684562565,1039.05026466485,6.69990875641851e-10,2.10215515700928e-11,NaN,NaN,NaN,NaN,-3.66044307026574,0.551562173136856,616438.215650509
1022,VCVS,HPF,VCVS_HPF_Maheshwari,Maheshwari VCVS equations + prototype input/supply-current signature,282173.336989594,282173.336989594,NaN,2.3560403294894e-10,2.3560403294894e-10,NaN,NaN,9895.50661642593,11798.4279294398,2.19230155531958,1.23808583090149,2393.98506801428
1584,VCVS,BSF,VCVS_BSF_Maheshwari,Maheshwari VCVS equations + prototype input/supply-current signature,76257.3774818158,76257.3774818158,NaN,1.499105004547e-11,1.499105004547e-11,NaN,NaN,9959.13650468333,3649.36912119848,1.36643429071209,0.789184125135129,139221.469023091
95,PASSIVE,LPF,PASSIVE_RC_LPF,Passive RC equation + source-current signature,5714.38994760882,NaN,NaN,6.70705983474283e-11,NaN,NaN,NaN,NaN,NaN,1,NaN,415258.066736451
484,PASSIVE,BPF,PASSIVE_RLC_BPF,Passive RLC equation + source-current signature,160273591.400183,NaN,NaN,1.25176115766619e-12,NaN,NaN,484739.485551041,NaN,NaN,1,3.88267906911906,204.317326519567
1654,MFB,LPF,MFB_LPF_Maheshwari,Maheshwari MFB equation + current signature,7007.84064219848,2241.90892436597,24376.1054015772,4.41937905726473e-11,3.86377482640835e-11,NaN,NaN,NaN,NaN,-3.4784046393398,0.229721651189233,521005.680303592
3027,ACTIVE_OTHER,BSF,ACTIVE_OTHER_STATE_VARIABLE_BSF,State-variable/biquad-like active-other equation + current signature,456800.157791277,14613.1639007551,16500.9906345967,6.35469408329661e-12,6.19223016596295e-11,NaN,NaN,10037.9347409269,12428.3313475249,2.23813629678741,1.70753861647689,98200.5707142252
1989,MFB,HPF,MFB_HPF_Maheshwari,Maheshwari MFB equation + current signature,361870.003123044,13.9044017799121,NaN,6.35873141327577e-10,3.88729131315728e-11,8.02157730389125e-10,NaN,NaN,NaN,-1.2615059172249,15.2901615085742,401803.998970854
870,VCVS,LPF,VCVS_LPF_Maheshwari,Maheshwari VCVS equations + prototype input/supply-current signature,306903.804172757,306903.804172757,NaN,6.92045433137951e-11,6.92045433137951e-11,NaN,NaN,10088.4467801461,13711.7340097783,2.35915213794484,1.56043276292295,7493.47483035936
140,PASSIVE,LPF,PASSIVE_RC_LPF,Passive RC equation + source-current signature,6332.05208112377,NaN,NaN,2.60926493235413e-10,NaN,NaN,NaN,NaN,NaN,1,NaN,96329.0940389913
1279,VCVS,BPF,VCVS_BPF_Maheshwari,Maheshwari VCVS equations + prototype input/supply-current signature,145384.404298962,145384.404298962,NaN,5.65228016789002e-11,5.65228016789002e-11,NaN,NaN,10175.9584187382,8740.10440363792,1.85889741722448,0.876345400575366,19367.725885896
1824,MFB,HPF,MFB_HPF_Maheshwari,Maheshwari MFB equation + current signature,70313.8195440288,2072547.78628554,NaN,6.34679050658017e-10,5.15576899845112e-10,6.17674350518224e-11,NaN,NaN,NaN,-0.0973207402824841,0.278662272450853,2336.25907418035
926,VCVS,LPF,VCVS_LPF_Maheshwari,Maheshwari VCVS equations + prototype input/supply-current signature,805341.385163027,805341.385163027,NaN,2.67618394935718e-10,2.67618394935718e-10,NaN,NaN,9822.21100298462,5684.26601366086,1.57871552667048,0.703588914650837,738.455199360715
3075,ACTIVE_OTHER,BSF,ACTIVE_OTHER_STATE_VARIABLE_BSF,State-variable/biquad-like active-other equation + current signature,113063.39677916,387951.12093417,23706.5303151702,4.84288145060341e-10,7.49442077213399e-12,NaN,NaN,10055.797496165,19072.8779593848,2.89670465884567,2.48253864627554,12613.9079169215
2097,MFB,BPF,MFB_BPF_Maheshwari,Maheshwari MFB equation + current signature,4209219.82940316,467951326.71525,NaN,1.99800716714452e-11,4.8173967859128e-11,NaN,NaN,NaN,NaN,-4931.57876399336,4.79968422732756,115.588401070325
2002,MFB,BPF,MFB_BPF_Maheshwari,Maheshwari MFB equation + current signature,1131.62722233958,351281.700457365,NaN,1.03034387646431e-10,6.11225874884603e-10,NaN,NaN,NaN,NaN,-1445755.59903568,6.19029781756787,31808.9045344059
1516,VCVS,BSF,VCVS_BSF_Maheshwari,Maheshwari VCVS equations + prototype input/supply-current signature,2417.30376564495,2417.30376564495,NaN,2.00154871341519e-11,2.00154871341519e-11,NaN,NaN,9980.04697997001,2063.39750170691,1.20675228341591,0.630320125159792,3289445.82832977
680,PASSIVE,BSF,PASSIVE_RLC_BSF,Passive RLC equation + source-current signature,48110.3831655033,NaN,NaN,1.53860229322651e-10,NaN,NaN,1.3066023931696,NaN,NaN,1,1.91544515436252,11224.9707834539
2932,ACTIVE_OTHER,BPF,ACTIVE_OTHER_STATE_VARIABLE_BPF,State-variable/biquad-like active-other equation + current signature,21454.8248559824,32088.0725900001,27282.8471897225,1.18052460663267e-10,1.828520266192e-12,NaN,NaN,9705.81577932249,21135.6506577748,3.17762742857769,2.62070601307697,412855.826592654
1883,MFB,HPF,MFB_HPF_Maheshwari,Maheshwari MFB equation + current signature,446480.656585338,2999.7639032721,NaN,7.02985170997305e-10,2.04789634475058e-11,7.45856605512771e-11,NaN,NaN,NaN,-0.106098483479338,5.6311912258535,111273.978093227
2116,MFB,BPF,MFB_BPF_Maheshwari,Maheshwari MFB equation + current signature,89893.6711960744,1788308.66978832,NaN,1.29234494356512e-10,4.09610553936948e-11,NaN,NaN,NaN,NaN,-271581.226216642,1.90670399028769,5455.81378881531
183,PASSIVE,LPF,PASSIVE_RC_LPF,Passive RC equation + source-current signature,965921.24842934,NaN,NaN,4.98532419958575e-10,NaN,NaN,NaN,NaN,NaN,1,NaN,330.510305617226
2756,ACTIVE_OTHER,HPF,ACTIVE_OTHER_STATE_VARIABLE_HPF,State-variable/biquad-like active-other equation + current signature,14536.3861318361,26130.9295430391,10124.3743516211,1.31885690743961e-11,5.42563916810994e-11,NaN,NaN,9769.34034818366,16886.6126145704,2.72853150906038,1.04257352720163,305274.257682613
271,PASSIVE,HPF,PASSIVE_RC_HPF,Passive RC equation + source-current signature,25008.0197719729,NaN,NaN,2.63695478632365e-12,NaN,NaN,NaN,NaN,NaN,1,NaN,2413449.10175735
2447,ACTIVE_OTHER,LPF,ACTIVE_OTHER_STATE_VARIABLE_LPF,State-variable/biquad-like active-other equation + current signature,25498.8950897212,389515.324418763,23000.4113417405,3.85834659330437e-12,1.23660549644531e-12,NaN,NaN,9857.67182326947,10867.3923056066,2.10242991453151,2.26542117968115,731107.049225836
1160,VCVS,HPF,VCVS_HPF_Maheshwari,Maheshwari VCVS equations + prototype input/supply-current signature,5670.40575126089,5670.40575126089,NaN,1.18285570734744e-12,1.18285570734744e-12,NaN,NaN,10055.3468044155,12580.1335055265,2.25108897288379,1.33527210014606,23728715.2956841
413,PASSIVE,BPF,PASSIVE_RLC_BPF,Passive RLC equation + source-current signature,14691.1935276259,NaN,NaN,3.41997359816621e-10,NaN,NaN,0.486686156958846,NaN,NaN,1,2.56776952577341,12336.281137618
15,PASSIVE,LPF,PASSIVE_RC_LPF,Passive RC equation + source-current signature,2562.08253937957,NaN,NaN,1.78973507727342e-11,NaN,NaN,NaN,NaN,NaN,1,NaN,3470869.33871774
2164,MFB,BPF,MFB_BPF_Maheshwari,Maheshwari MFB equation + current signature,149.425266033801,4659.72543217426,NaN,5.48962321341649e-10,1.18808078983373e-10,NaN,NaN,NaN,NaN,-56328733.7405377,2.13567535318103,746850.530254201
1270,VCVS,BPF,VCVS_BPF_Maheshwari,Maheshwari VCVS equations + prototype input/supply-current signature,4462.82297704606,4462.82297704606,NaN,5.30533921916702e-12,5.30533921916702e-12,NaN,NaN,10124.8740432704,747.874083865358,1.07386502594197,0.519174415847491,6721981.51224171
217,PASSIVE,HPF,PASSIVE_RC_HPF,Passive RC equation + source-current signature,205525.170520021,NaN,NaN,3.98601341580591e-12,NaN,NaN,NaN,NaN,NaN,1,NaN,194274.749817694
2111,MFB,BPF,MFB_BPF_Maheshwari,Maheshwari MFB equation + current signature,38190.8920215576,8832609.26979009,NaN,4.54043791071466e-10,1.60514182879275e-11,NaN,NaN,NaN,NaN,-1631273.51617727,2.76174998059411,3209.88995970457
1608,MFB,LPF,MFB_LPF_Maheshwari,Maheshwari MFB equation + current signature,72258.9965147354,431132.882369604,115133.731383289,1.02955876599004e-10,5.68249731069985e-11,NaN,NaN,NaN,NaN,-1.59334805265128,0.243178570259386,9339.38068305255
337,PASSIVE,HPF,PASSIVE_RC_HPF,Passive RC equation + source-current signature,65146.9546864106,NaN,NaN,1.89532622422505e-12,NaN,NaN,NaN,NaN,NaN,1,NaN,1288967.71809769
398,PASSIVE,HPF,PASSIVE_RC_HPF,Passive RC equation + source-current signature,1864.50938966374,NaN,NaN,1.70121292273344e-12,NaN,NaN,NaN,NaN,NaN,1,NaN,50176097.8726014
623,PASSIVE,BSF,PASSIVE_RLC_BSF,Passive RLC equation + source-current signature,30789.6941769161,NaN,NaN,2.15993140394411e-10,NaN,NaN,0.101393901455344,NaN,NaN,1,0.703688676320345,34009.0292057677
390,PASSIVE,HPF,PASSIVE_RC_HPF,Passive RC equation + source-current signature,104872.021665975,NaN,NaN,7.92047743703934e-10,NaN,NaN,NaN,NaN,NaN,1,NaN,1916.06011365026
616,PASSIVE,BSF,PASSIVE_RLC_BSF,Passive RLC equation + source-current signature,5279.11900684366,NaN,NaN,2.21780243252435e-10,NaN,NaN,0.148912934166666,NaN,NaN,1,4.90843823422484,27694.4339769092
498,PASSIVE,BPF,PASSIVE_RLC_BPF,Passive RLC equation + source-current signature,21549.918330729,NaN,NaN,2.89360176319941e-12,NaN,NaN,0.0101124905936288,NaN,NaN,1,2.74324159036814,930404.251243255
1381,VCVS,BPF,VCVS_BPF_Maheshwari,Maheshwari VCVS equations + prototype input/supply-current signature,76815.5905533031,76815.5905533031,NaN,1.67098128651576e-12,1.67098128651576e-12,NaN,NaN,9980.60097914658,5287.24429840585,1.52975209703834,0.680157406098392,1239935.72109638
3052,ACTIVE_OTHER,BSF,ACTIVE_OTHER_STATE_VARIABLE_BSF,State-variable/biquad-like active-other equation + current signature,893443.377635872,834098.044021046,36910.6882966151,1.2198594687531e-12,2.86520787522089e-11,NaN,NaN,10201.5360212944,7433.06533144444,1.72862217179147,3.80056768664531,31184.953033347
1387,VCVS,BPF,VCVS_BPF_Maheshwari,Maheshwari VCVS equations + prototype input/supply-current signature,353503.921704768,353503.921704768,NaN,1.19663178008275e-10,1.19663178008275e-10,NaN,NaN,10180.8836867914,10308.1392893056,2.01249946531452,1.01265767954091,3762.40344048563
2218,MFB,BSF,MFB_BSF_1_MINUS_BP,Maheshwari MFB BPF denominator + 1-minus-BP notch + current signature,304595.018482479,12092797.8407634,NaN,4.87025434550867e-11,6.26351647955259e-11,NaN,NaN,NaN,NaN,1,3.12568100833863,1501.448372956
1794,MFB,LPF,MFB_LPF_Maheshwari,Maheshwari MFB equation + current signature,11123.7521682814,17981.2666758831,39351.7282883677,1.87960710531765e-10,2.73353423240284e-10,NaN,NaN,NaN,NaN,-3.53763080056533,0.182380633399968,26395.6455373357
2689,ACTIVE_OTHER,HPF,ACTIVE_OTHER_STATE_VARIABLE_HPF,State-variable/biquad-like active-other equation + current signature,192135.073690912,78749.2154790307,31854.6112375228,1.23638740720633e-11,2.54744984392248e-11,NaN,NaN,9631.62864884411,16293.8149860306,2.69169883724556,3.29626126454269,72906.0519125546
1416,VCVS,BSF,VCVS_BSF_Maheshwari,Maheshwari VCVS equations + prototype input/supply-current signature,2118.15816266597,2118.15816266597,NaN,4.10569321851019e-10,4.10569321851019e-10,NaN,NaN,10126.1514584766,1450.75009834283,1.14326766731584,0.583612851908471,183010.181023955
3037,ACTIVE_OTHER,BSF,ACTIVE_OTHER_STATE_VARIABLE_BSF,State-variable/biquad-like active-other equation + current signature,88319.7988552473,1968.23442690474,47543.9545113054,1.4666595690003e-10,1.62088343062565e-12,NaN,NaN,9817.87774085096,22951.6004868277,3.33773541417499,4.96118523324286,782910.527039513
1923,MFB,HPF,MFB_HPF_Maheshwari,Maheshwari MFB equation + current signature,1981.56851875241,7183.97561943506,NaN,4.59556129931985e-11,4.40768791551488e-10,4.00306917284554e-11,NaN,NaN,NaN,-0.871072957603242,0.152041032634354,317563.949038026
814,VCVS,LPF,VCVS_LPF_Maheshwari,Maheshwari VCVS equations + prototype input/supply-current signature,33407.5043267355,33407.5043267355,NaN,5.02525864436482e-12,5.02525864436482e-12,NaN,NaN,10156.2722063847,11363.3838375252,2.11885380842606,1.13488545892,948020.391677531
155,PASSIVE,LPF,PASSIVE_RC_LPF,Passive RC equation + source-current signature,774114.613745908,NaN,NaN,9.40586602749278e-10,NaN,NaN,NaN,NaN,NaN,1,NaN,218.582846319176
1338,VCVS,BPF,VCVS_BPF_Maheshwari,Maheshwari VCVS equations + prototype input/supply-current signature,1313.97143062181,1313.97143062181,NaN,2.61400858186544e-12,2.61400858186544e-12,NaN,NaN,10178.1305519683,5567.33226019918,1.54698966885648,0.688226352260689,46336923.9511009
1903,MFB,HPF,MFB_HPF_Maheshwari,Maheshwari MFB equation + current signature,665250.723966527,105258.824133841,NaN,1.09122145480029e-10,4.19928241798774e-10,1.2213528184993e-11,NaN,NaN,NaN,-0.111925293727186,2.97190015410557,8398.2748828982
2567,ACTIVE_OTHER,LPF,ACTIVE_OTHER_STATE_VARIABLE_LPF,State-variable/biquad-like active-other equation + current signature,759785.955577177,1391.70908368854,48464.7388717954,2.00048371640884e-11,3.42895118680116e-12,NaN,NaN,10251.9325251294,25859.5586753891,3.52240820079556,5.04036926777288,590951.865933479
2163,MFB,BPF,MFB_BPF_Maheshwari,Maheshwari MFB equation + current signature,160067.129495648,12999731.1072306,NaN,3.85528347253053e-10,5.60963596956492e-10,NaN,NaN,NaN,NaN,-11136.8703561119,4.42786816893324,237.250081785468
2891,ACTIVE_OTHER,BPF,ACTIVE_OTHER_STATE_VARIABLE_BPF,State-variable/biquad-like active-other equation + current signature,303107.703961081,5547.17699285112,43377.7211743575,5.76295526078306e-12,1.03655190881077e-12,NaN,NaN,9840.15202490878,15491.0317749511,2.57426752510916,4.43831948665712,1588062.0986618
2950,ACTIVE_OTHER,BPF,ACTIVE_OTHER_STATE_VARIABLE_BPF,State-variable/biquad-like active-other equation + current signature,2428.33370815087,651160.678970344,19505.1993492646,6.2762980940614e-12,7.79205744636946e-11,NaN,NaN,10441.2531794876,9465.33314556577,1.90653228907053,1.99683939212845,180985.594946848
1203,VCVS,BPF,VCVS_BPF_Maheshwari,Maheshwari VCVS equations + prototype input/supply-current signature,194750.682682348,194750.682682348,NaN,3.41818439642913e-12,3.41818439642913e-12,NaN,NaN,9850.74127132756,10230.999232048,2.03860196408034,1.04015190653413,239081.325834542
243,PASSIVE,HPF,PASSIVE_RC_HPF,Passive RC equation + source-current signature,10273.2175158238,NaN,NaN,1.92162799634788e-11,NaN,NaN,NaN,NaN,NaN,1,NaN,806202.85298212
3023,ACTIVE_OTHER,BSF,ACTIVE_OTHER_STATE_VARIABLE_BSF,State-variable/biquad-like active-other equation + current signature,445200.128469051,2191.31212803332,50734.1092416471,5.91303987682144e-11,2.29503859810834e-10,NaN,NaN,10281.6878054874,35494.9126459646,4.45224571271468,4.9785814295907,43741.1270537478
120,PASSIVE,LPF,PASSIVE_RC_LPF,Passive RC equation + source-current signature,2447.18094178014,NaN,NaN,2.46200713441945e-10,NaN,NaN,NaN,NaN,NaN,1,NaN,264158.59302517
375,PASSIVE,HPF,PASSIVE_RC_HPF,Passive RC equation + source-current signature,276453.513097235,NaN,NaN,6.56600413380638e-10,NaN,NaN,NaN,NaN,NaN,1,NaN,876.792581515548
726,PASSIVE,BSF,PASSIVE_RLC_BSF,Passive RLC equation + source-current signature,5855609.95698824,NaN,NaN,8.93844903779873e-12,NaN,NaN,213.338442161668,NaN,NaN,1,0.834317465118374,3644.63874511769
1902,MFB,HPF,MFB_HPF_Maheshwari,Maheshwari MFB equation + current signature,95293.5612329365,6502.94540235068,NaN,1.15825048547236e-10,1.64499068739066e-11,2.84700807870339e-11,NaN,NaN,NaN,-0.245802450714478,2.09666486218026,295431.791129438
3134,ACTIVE_OTHER,BSF,ACTIVE_OTHER_STATE_VARIABLE_BSF,State-variable/biquad-like active-other equation + current signature,117642.56133209,7255.13657381443,22388.0757809167,7.62470645959793e-11,3.79078192259785e-12,NaN,NaN,10408.0917986307,19126.9809688091,2.83770294679044,2.32223009041785,320434.401305794
159,PASSIVE,LPF,PASSIVE_RC_LPF,Passive RC equation + source-current signature,12529.0607405282,NaN,NaN,4.3701324141833e-11,NaN,NaN,NaN,NaN,NaN,1,NaN,290674.557994919
1199,VCVS,HPF,VCVS_HPF_Maheshwari,Maheshwari VCVS equations + prototype input/supply-current signature,127192.957813668,127192.957813668,NaN,2.73379769529086e-10,2.73379769529086e-10,NaN,NaN,10078.1761536329,4696.70603444556,1.466027380634,0.651902118313757,4577.10306571813
1138,VCVS,HPF,VCVS_HPF_Maheshwari,Maheshwari VCVS equations + prototype input/supply-current signature,436162.296575863,436162.296575863,NaN,2.98767190740138e-12,2.98767190740138e-12,NaN,NaN,10059.2203130347,13496.0231704056,2.34165698239232,1.51896499735632,122134.71047463
2622,ACTIVE_OTHER,HPF,ACTIVE_OTHER_STATE_VARIABLE_HPF,State-variable/biquad-like active-other equation + current signature,55683.0606567772,392737.712940697,48595.9793104212,3.20092652656245e-12,1.48168287723942e-10,NaN,NaN,10354.3233408372,14972.6320444802,2.44602708951811,4.63227679901806,49418.7544432872
812,VCVS,LPF,VCVS_LPF_Maheshwari,Maheshwari VCVS equations + prototype input/supply-current signature,10499.526280229,10499.526280229,NaN,4.76438935013853e-10,4.76438935013853e-10,NaN,NaN,9826.35132486453,1571.04087397375,1.15988038917339,0.543442933881229,31815.8244385842
493,PASSIVE,BPF,PASSIVE_RLC_BPF,Passive RLC equation + source-current signature,76789088.7560961,NaN,NaN,2.32484754115383e-12,NaN,NaN,121313.034999487,NaN,NaN,1,2.97479457689321,299.687865584067
1423,VCVS,BSF,VCVS_BSF_Maheshwari,Maheshwari VCVS equations + prototype input/supply-current signature,8327.10234535307,8327.10234535307,NaN,2.78165865496854e-12,2.78165865496854e-12,NaN,NaN,10187.7765810216,1906.28666208324,1.18711508315115,0.615093218777209,6871038.68589933
3159,ACTIVE_OTHER,BSF,ACTIVE_OTHER_STATE_VARIABLE_BSF,State-variable/biquad-like active-other equation + current signature,6895.87751389359,636507.622342671,39736.3365894542,4.55597873893039e-10,6.63697570397929e-12,NaN,NaN,9590.021583316,30727.9465531264,4.20415822698299,3.83482734077856,43686.5349555451
2920,ACTIVE_OTHER,BPF,ACTIVE_OTHER_STATE_VARIABLE_BPF,State-variable/biquad-like active-other equation + current signature,1767.45235629962,1266.8980035385,15637.4774834235,1.28627357507392e-11,8.53535354687501e-10,NaN,NaN,10347.0621106268,31533.2249845242,4.04755346468235,1.54542668447323,1015074.73075808
488,PASSIVE,BPF,PASSIVE_RLC_BPF,Passive RLC equation + source-current signature,47624418.9146095,NaN,NaN,2.1265861134241e-11,NaN,NaN,46739.4504052367,NaN,NaN,1,0.984397776699432,159.638208052095
1968,MFB,HPF,MFB_HPF_Maheshwari,Maheshwari MFB equation + current signature,11201.0902479697,80346.7134436276,NaN,2.57558992687233e-10,1.79470121372294e-10,1.88287623646058e-10,NaN,NaN,NaN,-0.731046591235527,0.150143987398846,28860.1749628984
1339,VCVS,BPF,VCVS_BPF_Maheshwari,Maheshwari VCVS equations + prototype input/supply-current signature,7308.35121234517,7308.35121234517,NaN,1.53455841986677e-10,1.53455841986677e-10,NaN,NaN,10085.581825509,13411.2915760038,2.32974892356564,1.49197820810651,141911.403560297
1345,VCVS,BPF,VCVS_BPF_Maheshwari,Maheshwari VCVS equations + prototype input/supply-current signature,138015.401492181,138015.401492181,NaN,4.6873341041105e-10,4.6873341041105e-10,NaN,NaN,9883.83488190333,7875.33795375232,1.79678971248008,0.831109915176355,2460.17877993534
2113,MFB,BPF,MFB_BPF_Maheshwari,Maheshwari MFB equation + current signature,484812.95585361,7930038.48356743,NaN,2.13518460809813e-10,3.36901805059495e-10,NaN,NaN,NaN,NaN,-6122.41049799367,1.97072264555629,302.639765409993
1091,VCVS,HPF,VCVS_HPF_Maheshwari,Maheshwari VCVS equations + prototype input/supply-current signature,114880.818965909,114880.818965909,NaN,3.01219179983065e-11,3.01219179983065e-11,NaN,NaN,10078.2249651524,4679.09129161998,1.46427732143298,0.651159232038625,45992.8145076406
2595,ACTIVE_OTHER,LPF,ACTIVE_OTHER_STATE_VARIABLE_LPF,State-variable/biquad-like active-other equation + current signature,485839.25775784,43334.9668115126,5446.53900633794,9.86435556856262e-11,4.40266388116061e-11,NaN,NaN,10417.9953827858,11890.0645807427,2.14130061915647,0.541687269313084,16644.1825585729
1842,MFB,HPF,MFB_HPF_Maheshwari,Maheshwari MFB equation + current signature,292238.675752228,33828.8962798022,NaN,7.3640026214812e-10,4.13304339368807e-11,5.09489379439366e-11,NaN,NaN,NaN,-0.0691864744796746,2.35244574018514,34882.2766042299
3186,ACTIVE_OTHER,BSF,ACTIVE_OTHER_STATE_VARIABLE_BSF,State-variable/biquad-like active-other equation + current signature,311688.882774562,1786.17500580298,8638.66504812367,4.00512851164456e-11,1.36076368664032e-12,NaN,NaN,10390.8761159705,7559.12048475324,1.72747672096052,0.87931979104314,913687.930524642
1085,VCVS,HPF,VCVS_HPF_Maheshwari,Maheshwari VCVS equations + prototype input/supply-current signature,1685.46343854851,1685.46343854851,NaN,3.55107053004689e-10,3.55107053004689e-10,NaN,NaN,9813.97544949749,796.07858397623,1.08111683059254,0.521136469349926,265914.180247461
2517,ACTIVE_OTHER,LPF,ACTIVE_OTHER_STATE_VARIABLE_LPF,State-variable/biquad-like active-other equation + current signature,450643.70943348,468387.016253647,46631.9574891898,3.07678728486735e-10,5.34946476141163e-11,NaN,NaN,10022.0804045776,12731.7763430787,2.27037260021018,4.63801868550742,2700.20756443681
115,PASSIVE,LPF,PASSIVE_RC_LPF,Passive RC equation + source-current signature,24336.4776291259,NaN,NaN,2.72795230841003e-10,NaN,NaN,NaN,NaN,NaN,1,NaN,23973.1795384171
2145,MFB,BPF,MFB_BPF_Maheshwari,Maheshwari MFB equation + current signature,32116.8291869953,4050878.98630225,NaN,1.80591207237286e-11,6.41028145570089e-11,NaN,NaN,NaN,NaN,-485724.756912216,4.65076604830033,12968.5767343256
2991,ACTIVE_OTHER,BPF,ACTIVE_OTHER_STATE_VARIABLE_BPF,State-variable/biquad-like active-other equation + current signature,877561.278066671,94114.5932166251,34367.581169208,1.63337940084019e-12,2.61908888583396e-10,NaN,NaN,10062.9590467948,26651.5687856814,3.64848228654675,3.42145720615229,26775.2950351469
1877,MFB,HPF,MFB_HPF_Maheshwari,Maheshwari MFB equation + current signature,89404.226270961,128.427644360957,NaN,1.84375046416356e-11,6.08741404189599e-10,1.0432911461413e-10,NaN,NaN,NaN,-5.65852682572531,1.60637329193512,186377.150255856
144,PASSIVE,LPF,PASSIVE_RC_LPF,Passive RC equation + source-current signature,630340.584070473,NaN,NaN,2.02846242419205e-11,NaN,NaN,NaN,NaN,NaN,1,NaN,12447.3784697661
1596,VCVS,BSF,VCVS_BSF_Maheshwari,Maheshwari VCVS equations + prototype input/supply-current signature,66012.0223884212,66012.0223884212,NaN,4.93693161620606e-10,4.93693161620606e-10,NaN,NaN,9954.76851906224,3472.43877088834,1.34882164906587,0.767838794521872,4883.59883780274
982,VCVS,LPF,VCVS_LPF_Maheshwari,Maheshwari VCVS equations + prototype input/supply-current signature,662678.970386424,662678.970386424,NaN,3.40236855062904e-10,3.40236855062904e-10,NaN,NaN,10190.35002388,7263.49540389928,1.71278173829928,0.776869028162141,705.887656151612
343,PASSIVE,HPF,PASSIVE_RC_HPF,Passive RC equation + source-current signature,1316.12324707448,NaN,NaN,6.28963048071325e-10,NaN,NaN,NaN,NaN,NaN,1,NaN,192264.206644212
1393,VCVS,BPF,VCVS_BPF_Maheshwari,Maheshwari VCVS equations + prototype input/supply-current signature,3214.47991192123,3214.47991192123,NaN,7.37903565693577e-10,7.37903565693577e-10,NaN,NaN,10105.7389925486,1858.61135507724,1.18391642179238,0.550635450922885,67098.0357389612
2957,ACTIVE_OTHER,BPF,ACTIVE_OTHER_STATE_VARIABLE_BPF,State-variable/biquad-like active-other equation + current signature,5044.0260206847,4822.20389262556,49054.7618191676,2.30501668691733e-10,5.60935917938264e-10,NaN,NaN,10336.0897058607,35950.384739813,4.47814171150514,5.11024204173459,89745.9845074949
2496,ACTIVE_OTHER,LPF,ACTIVE_OTHER_STATE_VARIABLE_LPF,State-variable/biquad-like active-other equation + current signature,2010.48699934894,461318.583278147,16961.1060714814,7.19117925547535e-11,3.86836936540291e-11,NaN,NaN,10310.7764147116,17463.2071033715,2.69368497589131,1.68420421021773,99084.3346161867
502,PASSIVE,BPF,PASSIVE_RLC_BPF,Passive RLC equation + source-current signature,20218.7918599976,NaN,NaN,1.68290752612418e-10,NaN,NaN,0.347673630196563,NaN,NaN,1,2.24802195456978,20806.7442599373
245,PASSIVE,HPF,PASSIVE_RC_HPF,Passive RC equation + source-current signature,149915.260057959,NaN,NaN,3.22822732902685e-12,NaN,NaN,NaN,NaN,NaN,1,NaN,328859.338898769
293,PASSIVE,HPF,PASSIVE_RC_HPF,Passive RC equation + source-current signature,2001.37737096868,NaN,NaN,5.89575581687522e-10,NaN,NaN,NaN,NaN,NaN,1,NaN,134881.27372141
1204,VCVS,BPF,VCVS_BPF_Maheshwari,Maheshwari VCVS equations + prototype input/supply-current signature,17387.0358656074,17387.0358656074,NaN,5.35248273220317e-10,5.35248273220317e-10,NaN,NaN,9943.8984079318,2004.58126495062,1.20158907329058,0.556046443639949,17101.7009082707
1372,VCVS,BPF,VCVS_BPF_Maheshwari,Maheshwari VCVS equations + prototype input/supply-current signature,2800.87804559629,2800.87804559629,NaN,3.09028741054192e-12,3.09028741054192e-12,NaN,NaN,10172.3669543723,11551.5439252329,2.13558073327938,1.15684603351535,18387685.1852127
160,PASSIVE,LPF,PASSIVE_RC_LPF,Passive RC equation + source-current signature,2232.61886410392,NaN,NaN,2.18755567954898e-10,NaN,NaN,NaN,NaN,NaN,1,NaN,325871.534640358
403,PASSIVE,BPF,PASSIVE_RLC_BPF,Passive RLC equation + source-current signature,379.931033290334,NaN,NaN,4.42046726502225e-10,NaN,NaN,0.0013621044948288,NaN,NaN,1,4.6202593527735,205107.16375752
2630,ACTIVE_OTHER,HPF,ACTIVE_OTHER_STATE_VARIABLE_HPF,State-variable/biquad-like active-other equation + current signature,25397.7301185224,9669.91500459332,21032.4449001608,1.96714422296199e-11,2.01652827707466e-11,NaN,NaN,9736.44003109581,10367.5296229291,2.06481728330044,2.1065678663057,509907.138769468
2976,ACTIVE_OTHER,BPF,ACTIVE_OTHER_STATE_VARIABLE_BPF,State-variable/biquad-like active-other equation + current signature,25480.61722606,3243.71108974431,46501.4233761668,1.52047580686163e-10,3.95537538178118e-10,NaN,NaN,9686.59782553822,8429.81551701103,1.8702555498677,4.513005692234,71385.5757670892
2090,MFB,BPF,MFB_BPF_Maheshwari,Maheshwari MFB equation + current signature,200196.190839848,20483690.5819705,NaN,1.95179113688141e-10,6.82672482677052e-11,NaN,NaN,NaN,NaN,-73169.7873049824,4.43207256655567,680.871653477249
2511,ACTIVE_OTHER,LPF,ACTIVE_OTHER_STATE_VARIABLE_LPF,State-variable/biquad-like active-other equation + current signature,11472.7724869423,371063.797683423,13630.8168118555,1.46847586711391e-12,1.01301525849202e-11,NaN,NaN,10021.6438844333,5574.93066263816,1.55628904069299,1.33908732913763,632441.336987715
541,PASSIVE,BPF,PASSIVE_RLC_BPF,Passive RLC equation + source-current signature,2317.03534561515,NaN,NaN,9.24412841775933e-11,NaN,NaN,0.0115370345819856,NaN,NaN,1,4.82149203168606,154113.274955953
2680,ACTIVE_OTHER,HPF,ACTIVE_OTHER_STATE_VARIABLE_HPF,State-variable/biquad-like active-other equation + current signature,3148.39901961952,703130.425945967,38527.462332111,9.08373415177269e-12,8.5241745027251e-12,NaN,NaN,9985.66586092698,9979.53639002577,1.99938617304178,3.89717936320991,384413.763022071
2560,ACTIVE_OTHER,LPF,ACTIVE_OTHER_STATE_VARIABLE_LPF,State-variable/biquad-like active-other equation + current signature,3951.72055350114,607978.950146934,47884.0285609616,1.62739712148674e-12,5.04480266261867e-10,NaN,NaN,10322.7110106047,16398.7413117737,2.58860800180563,5.02078142193031,113321.909569055
2004,MFB,BPF,MFB_BPF_Maheshwari,Maheshwari MFB equation + current signature,301291.070751837,49511814.4464693,NaN,4.62504557582876e-10,1.22786562244531e-10,NaN,NaN,NaN,NaN,-27031.0489456833,5.21942647498625,172.917581113934
1374,VCVS,BPF,VCVS_BPF_Maheshwari,Maheshwari VCVS equations + prototype input/supply-current signature,70446.2768996314,70446.2768996314,NaN,2.37022513748336e-11,2.37022513748336e-11,NaN,NaN,10185.6617446637,12622.6761729801,2.23925931268954,1.3145083688575,95317.4656124229
408,PASSIVE,BPF,PASSIVE_RLC_BPF,Passive RLC equation + source-current signature,178280.637090944,NaN,NaN,1.73192393447613e-11,NaN,NaN,16.5747020841871,NaN,NaN,1,5.48724411179607,9393.61721826572
3005,ACTIVE_OTHER,BSF,ACTIVE_OTHER_STATE_VARIABLE_BSF,State-variable/biquad-like active-other equation + current signature,20991.3808952409,5519.47459221544,42222.7355062491,5.64412315544187e-12,2.01587357534284e-12,NaN,NaN,10496.2093861722,8846.4810776033,1.84282627681358,4.30588683353982,4383498.58852063
60,PASSIVE,LPF,PASSIVE_RC_LPF,Passive RC equation + source-current signature,1336.78520109363,NaN,NaN,9.37276578780642e-11,NaN,NaN,NaN,NaN,NaN,1,NaN,1270254.48749456
548,PASSIVE,BPF,PASSIVE_RLC_BPF,Passive RLC equation + source-current signature,120641.119339411,NaN,NaN,1.15193045566029e-12,NaN,NaN,0.308006555697733,NaN,NaN,1,4.28619072082242,267194.196642251
2298,MFB,BSF,MFB_BSF_1_MINUS_BP,Maheshwari MFB BPF denominator + 1-minus-BP notch + current signature,37107.293246015,5740825.6551092,NaN,1.1087786908778e-11,1.05022543209697e-11,NaN,NaN,NaN,NaN,1,6.21681251069925,31955.0582604893
2949,ACTIVE_OTHER,BPF,ACTIVE_OTHER_STATE_VARIABLE_BPF,State-variable/biquad-like active-other equation + current signature,17774.3428696616,243060.888371746,18151.919243246,2.67421244127845e-10,6.24050493976571e-10,NaN,NaN,10385.6485083579,25535.4044077113,3.4587202606714,1.87225804579045,5927.3148417828
604,PASSIVE,BSF,PASSIVE_RLC_BSF,Passive RLC equation + source-current signature,4410.37497990847,NaN,NaN,8.82429213340331e-10,NaN,NaN,0.337450715896101,NaN,NaN,1,4.43393908742936,9223.05962166519
2682,ACTIVE_OTHER,HPF,ACTIVE_OTHER_STATE_VARIABLE_HPF,State-variable/biquad-like active-other equation + current signature,71006.2489684949,131497.520313292,8996.58904519102,4.61839736074681e-10,6.03158142582766e-10,NaN,NaN,10119.2558027439,20224.8408686294,2.99864903732794,0.857208122564111,3120.69854767034
2569,ACTIVE_OTHER,LPF,ACTIVE_OTHER_STATE_VARIABLE_LPF,State-variable/biquad-like active-other equation + current signature,3451.25949029782,16079.9364298431,26961.795347957,1.35944139032351e-12,3.07972454820959e-12,NaN,NaN,10288.5300704764,12810.1514617271,2.24509054004582,2.72538466493565,10441261.6575253
2280,MFB,BSF,MFB_BSF_1_MINUS_BP,Maheshwari MFB BPF denominator + 1-minus-BP notch + current signature,1057124.98261216,19222785.6300566,NaN,9.64063210562282e-11,1.78234824364971e-10,NaN,NaN,NaN,NaN,1,2.03529997747024,269.339323953503
1448,VCVS,BSF,VCVS_BSF_Maheshwari,Maheshwari VCVS equations + prototype input/supply-current signature,4710.18758820451,4710.18758820451,NaN,1.34270110220271e-10,1.34270110220271e-10,NaN,NaN,9999.16880755696,3653.37165787319,1.36536753486071,0.787857582877137,251653.272599545
2103,MFB,BPF,MFB_BPF_Maheshwari,Maheshwari MFB equation + current signature,18.5887515601594,3043.95607734619,NaN,7.40044450614118e-10,8.75246329343058e-10,NaN,NaN,NaN,NaN,-61463810.1662811,6.37584010645156,831345.93418843
2351,MFB,BSF,MFB_BSF_1_MINUS_BP,Maheshwari MFB BPF denominator + 1-minus-BP notch + current signature,190074.812192427,8084902.22201872,NaN,6.25129086303247e-10,5.21401646223628e-11,NaN,NaN,NaN,NaN,1,1.73854043026193,711.130668184041
1879,MFB,HPF,MFB_HPF_Maheshwari,Maheshwari MFB equation + current signature,183158.071494427,562.177092517612,NaN,6.97770947229156e-11,4.91694638397228e-10,1.97510073864279e-11,NaN,NaN,NaN,-0.283058609202046,10.8118460769628,159157.88746124
1565,VCVS,BSF,VCVS_BSF_Maheshwari,Maheshwari VCVS equations + prototype input/supply-current signature,79856.0663271328,79856.0663271328,NaN,9.43820286710116e-12,9.43820286710116e-12,NaN,NaN,9971.60709057382,2044.30530881813,1.20501262136076,0.628940802627383,211165.473444186
2848,ACTIVE_OTHER,BPF,ACTIVE_OTHER_STATE_VARIABLE_BPF,State-variable/biquad-like active-other equation + current signature,63745.0834761628,3505.01283171905,35431.3826483853,9.56609490939047e-12,6.72834011639569e-11,NaN,NaN,10011.8803008336,10309.5699147152,2.02973363693299,3.60277630632975,419691.977164207
61,PASSIVE,LPF,PASSIVE_RC_LPF,Passive RC equation + source-current signature,78685.3634966969,NaN,NaN,9.40902603733702e-12,NaN,NaN,NaN,NaN,NaN,1,NaN,214971.80641337
2327,MFB,BSF,MFB_BSF_1_MINUS_BP,Maheshwari MFB BPF denominator + 1-minus-BP notch + current signature,23067.2492152069,1052165.1245831,NaN,2.11670953707711e-11,3.73757086002676e-10,NaN,NaN,NaN,NaN,1,1.52109266339308,11485.6327501551
2926,ACTIVE_OTHER,BPF,ACTIVE_OTHER_STATE_VARIABLE_BPF,State-variable/biquad-like active-other equation + current signature,395939.08152161,1361.23133990405,6287.33392576758,1.22462432577371e-10,4.2870709601286e-12,NaN,NaN,9507.06278829168,29035.0303068321,4.05404844307854,0.64197618048456,299197.664592821
1020,VCVS,HPF,VCVS_HPF_Maheshwari,Maheshwari VCVS equations + prototype input/supply-current signature,110646.154098462,110646.154098462,NaN,9.3165374789865e-10,9.3165374789865e-10,NaN,NaN,9834.72942152125,12701.7442578135,2.29151944231616,1.41147133701057,1543.93592670314
3154,ACTIVE_OTHER,BSF,ACTIVE_OTHER_STATE_VARIABLE_BSF,State-variable/biquad-like active-other equation + current signature,6755.46569718427,5105.51048491473,7477.69421611821,1.81011159991838e-10,2.01084952212988e-11,NaN,NaN,9666.06766793736,29588.6189403676,4.06108129560421,0.712293453542764,449190.369973109
844,VCVS,LPF,VCVS_LPF_Maheshwari,Maheshwari VCVS equations + prototype input/supply-current signature,17771.5416883747,17771.5416883747,NaN,2.04066826916858e-11,2.04066826916858e-11,NaN,NaN,9834.62443283694,1200.70700116673,1.12208976655557,0.532506816455127,438856.581067402
2045,MFB,BPF,MFB_BPF_Maheshwari,Maheshwari MFB equation + current signature,200788.492979381,16130366.0127495,NaN,8.16282693339829e-10,7.6084320987587e-11,NaN,NaN,NaN,NaN,-65458.4942183985,2.5030934937096,354.863009699672
429,PASSIVE,BPF,PASSIVE_RLC_BPF,Passive RLC equation + source-current signature,6231.90266242305,NaN,NaN,1.29076331052734e-10,NaN,NaN,0.029527290765581,NaN,NaN,1,2.42698913923239,81523.9145601164
656,PASSIVE,BSF,PASSIVE_RLC_BSF,Passive RLC equation + source-current signature,11072.9675787528,NaN,NaN,4.37354640642657e-10,NaN,NaN,0.117865095698403,NaN,NaN,1,1.48255805488393,22167.1906025697
84,PASSIVE,LPF,PASSIVE_RC_LPF,Passive RC equation + source-current signature,141408.296488571,NaN,NaN,4.91051570289807e-12,NaN,NaN,NaN,NaN,NaN,1,NaN,229201.859655718
2233,MFB,BSF,MFB_BSF_1_MINUS_BP,Maheshwari MFB BPF denominator + 1-minus-BP notch + current signature,198311.059985041,12607082.3755379,NaN,1.86766730155263e-11,4.59429998481349e-11,NaN,NaN,NaN,NaN,1,3.61433584185682,3436.21188976476
888,VCVS,LPF,VCVS_LPF_Maheshwari,Maheshwari VCVS equations + prototype input/supply-current signature,265917.110204143,265917.110204143,NaN,1.66364270796736e-11,1.66364270796736e-11,NaN,NaN,10076.5265075627,10635.0408154802,2.05542726528812,1.05867972179509,35976.0756962077
2731,ACTIVE_OTHER,HPF,ACTIVE_OTHER_STATE_VARIABLE_HPF,State-variable/biquad-like active-other equation + current signature,39487.5663792255,1768.90440304848,28573.5307956263,3.49151605720853e-12,3.19156855977191e-11,NaN,NaN,9699.2414554265,24819.8788007665,3.55895050296746,2.79966892093951,1803967.27429943
333,PASSIVE,HPF,PASSIVE_RC_HPF,Passive RC equation + source-current signature,967596.500825596,NaN,NaN,2.01457988185856e-11,NaN,NaN,NaN,NaN,NaN,1,NaN,8164.72101854039
2786,ACTIVE_OTHER,HPF,ACTIVE_OTHER_STATE_VARIABLE_HPF,State-variable/biquad-like active-other equation + current signature,105279.813908716,2023.91658148958,44229.9867851565,2.28989785550858e-11,4.86381819806162e-10,NaN,NaN,9562.20311244541,12121.5273531954,2.26765006041536,4.48640897850267,103312.899725377
24,PASSIVE,LPF,PASSIVE_RC_LPF,Passive RC equation + source-current signature,16304.3853160857,NaN,NaN,1.89101073748165e-10,NaN,NaN,NaN,NaN,NaN,1,NaN,51620.4405263444
1538,VCVS,BSF,VCVS_BSF_Maheshwari,Maheshwari VCVS equations + prototype input/supply-current signature,271449.520285996,271449.520285996,NaN,1.34159183986614e-10,1.34159183986614e-10,NaN,NaN,9874.35015333617,3100.48266417724,1.31399359107492,0.728856164454009,4370.2939108182
2361,MFB,BSF,MFB_BSF_1_MINUS_BP,Maheshwari MFB BPF denominator + 1-minus-BP notch + current signature,280.389308714834,30818.2201448575,NaN,1.63608762090739e-10,2.88887071062322e-10,NaN,NaN,NaN,NaN,1,5.03704463724625,249039.53565794
1330,VCVS,BPF,VCVS_BPF_Maheshwari,Maheshwari VCVS equations + prototype input/supply-current signature,284632.902602092,284632.902602092,NaN,4.17932704611632e-11,4.17932704611632e-11,NaN,NaN,10017.7402003814,7841.54802860825,1.7827661600078,0.821534833443675,13379.1546124437
76,PASSIVE,LPF,PASSIVE_RC_LPF,Passive RC equation + source-current signature,34952.2178983438,NaN,NaN,1.2538314222965e-12,NaN,NaN,NaN,NaN,NaN,1,NaN,3631668.86674695
2344,MFB,BSF,MFB_BSF_1_MINUS_BP,Maheshwari MFB BPF denominator + 1-minus-BP notch + current signature,3004.60624250547,385210.159580523,NaN,7.61997429654134e-11,1.10581937030805e-10,NaN,NaN,NaN,NaN,1,5.56467309540785,50963.428031379
2230,MFB,BSF,MFB_BSF_1_MINUS_BP,Maheshwari MFB BPF denominator + 1-minus-BP notch + current signature,715216.893743488,3511253.86284475,NaN,1.68119188415761e-10,5.11435842441091e-11,NaN,NaN,NaN,NaN,1,0.9370258114606,1083.0934056903
1977,MFB,HPF,MFB_HPF_Maheshwari,Maheshwari MFB equation + current signature,113669.149205782,5099.52170235467,NaN,3.30484176222023e-10,1.44541433246586e-11,2.42391717710368e-10,NaN,NaN,NaN,-0.733444246805714,0.648727533312392,111680.934219746
3158,ACTIVE_OTHER,BSF,ACTIVE_OTHER_STATE_VARIABLE_BSF,State-variable/biquad-like active-other equation + current signature,338970.906325212,320326.326643959,50357.0476779849,1.91457593919997e-12,5.14449779790504e-11,NaN,NaN,9661.10215530066,28564.7026011713,3.95667121017853,4.85298812719211,48667.0264173301
1531,VCVS,BSF,VCVS_BSF_Maheshwari,Maheshwari VCVS equations + prototype input/supply-current signature,59677.1998512939,59677.1998512939,NaN,2.27745231755674e-12,2.27745231755674e-12,NaN,NaN,10040.6767521686,7128.30312232582,1.70994249673322,1.72379612445375,1171014.84710972
1037,VCVS,HPF,VCVS_HPF_Maheshwari,Maheshwari VCVS equations + prototype input/supply-current signature,1398.22057273944,1398.22057273944,NaN,4.08348056053617e-10,4.08348056053617e-10,NaN,NaN,9857.97858826218,3045.89722194199,1.30897786951665,0.591358316354007,278749.406474792
532,PASSIVE,BPF,PASSIVE_RLC_BPF,Passive RLC equation + source-current signature,2277.8155285659,NaN,NaN,9.34539897152418e-11,NaN,NaN,0.0062706307138327,NaN,NaN,1,3.5961528273493,207905.316686775
799,PASSIVE,BSF,PASSIVE_RLC_BSF,Passive RLC equation + source-current signature,20831486.1199862,NaN,NaN,1.34704942000826e-11,NaN,NaN,119269.412984062,NaN,NaN,1,4.51702529521851,125.563619485413
2547,ACTIVE_OTHER,LPF,ACTIVE_OTHER_STATE_VARIABLE_LPF,State-variable/biquad-like active-other equation + current signature,239871.218533617,989328.049715029,40687.5244096106,6.26622197824117e-12,8.11804957775172e-10,NaN,NaN,9792.63663955924,24587.9135614073,3.51085733765304,4.19574278073843,4580.70329627226
526,PASSIVE,BPF,PASSIVE_RLC_BPF,Passive RLC equation + source-current signature,3080011.517408,NaN,NaN,3.98832723544489e-11,NaN,NaN,8172.65513569197,NaN,NaN,1,4.64765469529161,278.768149967301
219,PASSIVE,HPF,PASSIVE_RC_HPF,Passive RC equation + source-current signature,531790.039205621,NaN,NaN,4.80077017171899e-11,NaN,NaN,NaN,NaN,NaN,1,NaN,6234.03186478115
1981,MFB,HPF,MFB_HPF_Maheshwari,Maheshwari MFB equation + current signature,926441.023249965,247.271370389842,NaN,1.27395716549261e-11,2.58979500418391e-11,7.80219585695573e-11,NaN,NaN,NaN,-6.12437848641387,3.8510666046941,233928.537979536
13,PASSIVE,LPF,PASSIVE_RC_LPF,Passive RC equation + source-current signature,6307.74557198318,NaN,NaN,2.39085449079191e-10,NaN,NaN,NaN,NaN,NaN,1,NaN,105534.101946849
2124,MFB,BPF,MFB_BPF_Maheshwari,Maheshwari MFB equation + current signature,2216.63063460219,206133.947785382,NaN,1.01682179950619e-10,7.62213994060216e-11,NaN,NaN,NaN,NaN,-5918746.65509254,4.77204238147434,84574.1852161407
2748,ACTIVE_OTHER,HPF,ACTIVE_OTHER_STATE_VARIABLE_HPF,State-variable/biquad-like active-other equation + current signature,332919.777648061,6066.6414382108,54778.5551151964,1.2177229773439e-11,8.43487970046393e-12,NaN,NaN,9662.15012394602,24113.8025848969,3.49569736296427,5.49731384970944,349431.838444918
1400,VCVS,BPF,VCVS_BPF_Maheshwari,Maheshwari VCVS equations + prototype input/supply-current signature,13767.4896287148,13767.4896287148,NaN,4.96589105724368e-10,4.96589105724368e-10,NaN,NaN,9831.33188133629,9225.84082948867,1.93841210334918,0.941985117911461,23279.2072072417
2359,MFB,BSF,MFB_BSF_1_MINUS_BP,Maheshwari MFB BPF denominator + 1-minus-BP notch + current signature,58265.8553131831,2437974.27726882,NaN,1.9008483681023e-10,2.22467980086178e-11,NaN,NaN,NaN,NaN,1,1.98107211918407,6493.68198467477
1955,MFB,HPF,MFB_HPF_Maheshwari,Maheshwari MFB equation + current signature,9143.51131241077,34.8698779908267,NaN,2.04805894734283e-10,6.01670066438273e-10,2.83487451774668e-10,NaN,NaN,NaN,-1.38417623253699,4.43275883749257,682483.712905775
1616,MFB,LPF,MFB_LPF_Maheshwari,Maheshwari MFB equation + current signature,1473.26242803358,369.701161282146,2824.51521844979,4.18524340374415e-10,1.2345663789669e-10,NaN,NaN,NaN,NaN,-1.91718404318487,0.482060759844684,685180.795082125
2525,ACTIVE_OTHER,LPF,ACTIVE_OTHER_STATE_VARIABLE_LPF,State-variable/biquad-like active-other equation + current signature,5334.01115111062,14903.4701197637,19271.7884987536,1.44160835120948e-11,2.02589377964928e-10,NaN,NaN,9864.76404247535,22435.3292793807,3.27428949975685,1.89388084350782,330306.782203249
1230,VCVS,BPF,VCVS_BPF_Maheshwari,Maheshwari VCVS equations + prototype input/supply-current signature,1619.44902642238,1619.44902642238,NaN,2.89226011759802e-12,2.89226011759802e-12,NaN,NaN,9811.30579679243,8142.36855532513,1.82989652182557,0.854625269177203,33979383.8797067
1476,VCVS,BSF,VCVS_BSF_Maheshwari,Maheshwari VCVS equations + prototype input/supply-current signature,5333.26758306537,5333.26758306537,NaN,1.18816113613699e-11,1.18816113613699e-11,NaN,NaN,10181.7483724373,5389.71799667926,1.52935093262269,1.06236267031453,2511605.43957615
2402,ACTIVE_OTHER,LPF,ACTIVE_OTHER_STATE_VARIABLE_LPF,State-variable/biquad-like active-other equation + current signature,142712.287445353,5994.38986268501,10704.1597677587,2.5737356461722e-10,5.93158447819938e-11,NaN,NaN,9646.59025293309,34117.5459332584,4.53674666785861,1.11713624105767,44040.2348928167
819,VCVS,LPF,VCVS_LPF_Maheshwari,Maheshwari VCVS equations + prototype input/supply-current signature,140090.679913769,140090.679913769,NaN,5.38202782465161e-11,5.38202782465161e-11,NaN,NaN,9944.67298972897,6704.28065181497,1.67415797972837,0.754237672897957,21108.868278057
344,PASSIVE,HPF,PASSIVE_RC_HPF,Passive RC equation + source-current signature,3630.48028219366,NaN,NaN,2.89751309403277e-11,NaN,NaN,NaN,NaN,NaN,1,NaN,1512971.13344965
1566,VCVS,BSF,VCVS_BSF_Maheshwari,Maheshwari VCVS equations + prototype input/supply-current signature,384958.081680626,384958.081680626,NaN,2.59517153637899e-12,2.59517153637899e-12,NaN,NaN,9930.35265282453,6325.80611888449,1.63701726817176,1.37747599584599,159309.113486549
2627,ACTIVE_OTHER,HPF,ACTIVE_OTHER_STATE_VARIABLE_HPF,State-variable/biquad-like active-other equation + current signature,17318.3996467248,974.673139970106,33425.1184614129,1.91718510764371e-12,1.79008497471266e-10,NaN,NaN,10351.1035722413,13648.8878920362,2.31859253429157,3.34216913038754,2091066.80083627
2061,MFB,BPF,MFB_BPF_Maheshwari,Maheshwari MFB equation + current signature,1487242.26484901,188620380.275288,NaN,7.46329636870573e-11,4.6792392821838e-11,NaN,NaN,NaN,NaN,-14369.545335003,5.48083884371839,160.798499988584
599,PASSIVE,BPF,PASSIVE_RLC_BPF,Passive RLC equation + source-current signature,32213.429692706,NaN,NaN,1.5248128692932e-11,NaN,NaN,0.0902182352565308,NaN,NaN,1,2.38782186040638,135695.264983067
1986,MFB,HPF,MFB_HPF_Maheshwari,Maheshwari MFB equation + current signature,20380.8330188807,2148663.94626978,NaN,2.16723186948762e-10,1.08425529095696e-10,1.33619551535979e-11,NaN,NaN,NaN,-0.061654478884887,0.177619442162378,19981.3182937539
1987,MFB,HPF,MFB_HPF_Maheshwari,Maheshwari MFB equation + current signature,13043.1767435605,1945.97579711501,NaN,5.33536752793138e-11,2.96139567463498e-10,1.71452689445929e-10,NaN,NaN,NaN,-3.21351225662245,0.348474280744023,140197.204802964
2635,ACTIVE_OTHER,HPF,ACTIVE_OTHER_STATE_VARIABLE_HPF,State-variable/biquad-like active-other equation + current signature,102176.877879713,410977.463765857,33875.9443999538,9.39234333347005e-10,3.28217857365999e-10,NaN,NaN,9821.88995728137,30010.0506769172,4.05542526005085,3.36894364976237,1398.83577512609
2868,ACTIVE_OTHER,BPF,ACTIVE_OTHER_STATE_VARIABLE_BPF,State-variable/biquad-like active-other equation + current signature,86004.9163469305,4626.31814440705,53548.0842030755,5.16532231117311e-10,3.71678226351003e-11,NaN,NaN,10337.5412439347,34553.1419404428,4.342491326041,5.47242283123435,57584.8807784655
2157,MFB,BPF,MFB_BPF_Maheshwari,Maheshwari MFB equation + current signature,51.0897549907801,40322.5130090956,NaN,9.82763223838905e-10,1.99972481421625e-11,NaN,NaN,NaN,NaN,-978804470.68769,3.92752759682478,790987.936973644
2618,ACTIVE_OTHER,HPF,ACTIVE_OTHER_STATE_VARIABLE_HPF,State-variable/biquad-like active-other equation + current signature,7359.19220141504,627876.318383887,45380.234068741,1.33620043993689e-12,4.06232689519489e-11,NaN,NaN,9642.16007093823,29635.678682281,4.07355182492809,4.77177977639907,317793.322857625
1012,VCVS,HPF,VCVS_HPF_Maheshwari,Maheshwari VCVS equations + prototype input/supply-current signature,135642.708443562,135642.708443562,NaN,3.8473441973531e-11,3.8473441973531e-11,NaN,NaN,10146.4905255966,10995.1446346507,2.08364016177941,1.09127436438269,30497.3874395418
3003,ACTIVE_OTHER,BSF,ACTIVE_OTHER_STATE_VARIABLE_BSF,State-variable/biquad-like active-other equation + current signature,4023.59022039674,33458.9239298119,41548.4114867768,3.14261593536012e-11,1.24636417620882e-12,NaN,NaN,9608.00396599486,24353.9663731244,3.53475815157022,4.09899122081924,2191740.5457869
1651,MFB,LPF,MFB_LPF_Maheshwari,Maheshwari MFB equation + current signature,273973.838141863,289346.130756298,428429.406338268,3.78582859606017e-10,1.11565794599724e-10,NaN,NaN,NaN,NaN,-1.56376028179898,0.554226351806307,2199.50853151978
359,PASSIVE,HPF,PASSIVE_RC_HPF,Passive RC equation + source-current signature,373830.367136483,NaN,NaN,8.15441311731729e-11,NaN,NaN,NaN,NaN,NaN,1,NaN,5220.9897977907
166,PASSIVE,LPF,PASSIVE_RC_LPF,Passive RC equation + source-current signature,5231.99963741812,NaN,NaN,3.43754432776661e-12,NaN,NaN,NaN,NaN,NaN,1,NaN,8849202.21234619
642,PASSIVE,BSF,PASSIVE_RLC_BSF,Passive RLC equation + source-current signature,621103.314028924,NaN,NaN,1.52189919477499e-11,NaN,NaN,116.007204638985,NaN,NaN,1,4.44514252992491,3787.77965504515
698,PASSIVE,BSF,PASSIVE_RLC_BSF,Passive RLC equation + source-current signature,265.466726087372,NaN,NaN,4.27892461228638e-10,NaN,NaN,0.000365553808614307,NaN,NaN,1,3.48175529869526,402417.776974859
694,PASSIVE,BSF,PASSIVE_RLC_BSF,Passive RLC equation + source-current signature,7276495.02627932,NaN,NaN,8.06855190183997e-11,NaN,NaN,3880.94864403878,NaN,NaN,1,0.953122918515964,284.415581509658
620,PASSIVE,BSF,PASSIVE_RLC_BSF,Passive RLC equation + source-current signature,14352.2414025055,NaN,NaN,4.93582195721666e-12,NaN,NaN,0.009776057061958,NaN,NaN,1,3.1008616547535,724533.59061065
320,PASSIVE,HPF,PASSIVE_RC_HPF,Passive RC equation + source-current signature,790849.579708816,NaN,NaN,2.24120256368255e-11,NaN,NaN,NaN,NaN,NaN,1,NaN,8979.35481631242
1349,VCVS,BPF,VCVS_BPF_Maheshwari,Maheshwari VCVS equations + prototype input/supply-current signature,2669.52083643932,2669.52083643932,NaN,2.28866656088104e-10,2.28866656088104e-10,NaN,NaN,10109.3738780696,6146.3591523197,1.60798613509122,0.718383649192698,260497.939434486
773,PASSIVE,BSF,PASSIVE_RLC_BSF,Passive RLC equation + source-current signature,42596.8941633145,NaN,NaN,1.69129874194946e-11,NaN,NaN,0.638092759086394,NaN,NaN,1,4.55988416530163,48447.1306604819
1878,MFB,HPF,MFB_HPF_Maheshwari,Maheshwari MFB equation + current signature,139861.867785132,1640.32550614608,NaN,5.82255397774016e-10,9.94699752690473e-11,6.71476308190686e-10,NaN,NaN,NaN,-1.15323329033576,1.52920706392055,40657.8209342602
1591,VCVS,BSF,VCVS_BSF_Maheshwari,Maheshwari VCVS equations + prototype input/supply-current signature,5864.59743617222,5864.59743617222,NaN,1.25037709359041e-11,1.25037709359041e-11,NaN,NaN,9854.77011825658,3824.10599780824,1.38804619000943,0.8170551303663,2170405.67583875
3055,ACTIVE_OTHER,BSF,ACTIVE_OTHER_STATE_VARIABLE_BSF,State-variable/biquad-like active-other equation + current signature,5557.17787677424,35537.7491126521,16395.2290369102,3.01517331592697e-10,9.21131740115076e-12,NaN,NaN,10088.1383641099,7251.71540858097,1.71883583936359,1.60227430585908,214897.325190774
1406,VCVS,BSF,VCVS_BSF_Maheshwari,Maheshwari VCVS equations + prototype input/supply-current signature,2296.21020528564,2296.21020528564,NaN,2.96429535289771e-11,2.96429535289771e-11,NaN,NaN,9947.20639763587,7365.64915036717,1.74047414479283,1.92659031833597,2338228.8552045
2321,MFB,BSF,MFB_BSF_1_MINUS_BP,Maheshwari MFB BPF denominator + 1-minus-BP notch + current signature,44711.8098638033,9076763.33625912,NaN,2.77024321563346e-11,1.12128537890996e-11,NaN,NaN,NaN,NaN,1,6.45284427813623,14175.1110920658
2355,MFB,BSF,MFB_BSF_1_MINUS_BP,Maheshwari MFB BPF denominator + 1-minus-BP notch + current signature,3005.43528501203,190890.269626351,NaN,8.36654494156715e-11,2.62710050413683e-11,NaN,NaN,NaN,NaN,1,3.39866138180158,141730.437425123
2713,ACTIVE_OTHER,HPF,ACTIVE_OTHER_STATE_VARIABLE_HPF,State-variable/biquad-like active-other equation + current signature,1469.78102551786,2423.91696859053,17004.9060023354,1.7971403386389e-11,4.14139627234659e-11,NaN,NaN,10236.7190894647,23255.5549861194,3.27177817256443,1.62056694775239,3090797.50905003
2134,MFB,BPF,MFB_BPF_Maheshwari,Maheshwari MFB equation + current signature,760506.975858244,112718929.317154,NaN,9.76676058172645e-12,3.540828238353e-11,NaN,NaN,NaN,NaN,-37135.7276321418,5.01159483612511,924.362678275838
1319,VCVS,BPF,VCVS_BPF_Maheshwari,Maheshwari VCVS equations + prototype input/supply-current signature,939134.837985329,939134.837985329,NaN,1.96094931873118e-11,1.96094931873118e-11,NaN,NaN,9865.78277849073,7694.06397898679,1.77987364527844,0.819587246952143,8642.22981498692
2961,ACTIVE_OTHER,BPF,ACTIVE_OTHER_STATE_VARIABLE_BPF,State-variable/biquad-like active-other equation + current signature,11121.7077476146,32997.8042406322,40435.1118648257,3.07279599338807e-12,2.22160903586485e-12,NaN,NaN,9553.90831194468,13025.5035568684,2.36336911885405,4.11097033872043,3179736.93040686
66,PASSIVE,LPF,PASSIVE_RC_LPF,Passive RC equation + source-current signature,186888.942387363,NaN,NaN,8.94138004443228e-11,NaN,NaN,NaN,NaN,NaN,1,NaN,9524.27596973917
2358,MFB,BSF,MFB_BSF_1_MINUS_BP,Maheshwari MFB BPF denominator + 1-minus-BP notch + current signature,36956011.9730836,69243230.176604,NaN,1.21092468380768e-11,4.42035432643467e-11,NaN,NaN,NaN,NaN,1,0.562375214660712,135.988384618769
2586,ACTIVE_OTHER,LPF,ACTIVE_OTHER_STATE_VARIABLE_LPF,State-variable/biquad-like active-other equation + current signature,26891.5391833881,479641.8453429,48918.3646383447,6.00945371335881e-12,1.47441116220998e-10,NaN,NaN,9746.78008713733,9937.68293245718,2.01958624731585,5.08992161342428,47078.9714942258
820,VCVS,LPF,VCVS_LPF_Maheshwari,Maheshwari VCVS equations + prototype input/supply-current signature,6265.42574400264,6265.42574400264,NaN,2.76189014347891e-10,2.76189014347891e-10,NaN,NaN,10079.880854913,2362.16976545478,1.23434500858246,0.566362061025954,91973.5911984479
1228,VCVS,BPF,VCVS_BPF_Maheshwari,Maheshwari VCVS equations + prototype input/supply-current signature,12692.660872166,12692.660872166,NaN,1.90397185402006e-11,1.90397185402006e-11,NaN,NaN,10082.7369851598,1693.50169262068,1.16796051460166,0.54583976380977,658577.563571088
389,PASSIVE,HPF,PASSIVE_RC_HPF,Passive RC equation + source-current signature,930601.951287422,NaN,NaN,4.05086975841465e-11,NaN,NaN,NaN,NaN,NaN,1,NaN,4221.89951630678
1560,VCVS,BSF,VCVS_BSF_Maheshwari,Maheshwari VCVS equations + prototype input/supply-current signature,3524.39401750384,3524.39401750384,NaN,2.36524946672865e-10,2.36524946672865e-10,NaN,NaN,9829.79253777732,1325.95480977695,1.13489143384065,0.577962142046232,190923.208004085
1897,MFB,HPF,MFB_HPF_Maheshwari,Maheshwari MFB equation + current signature,8440.06645784323,22193.1486172603,NaN,3.27721164337876e-10,5.32730152769844e-10,4.71216138254084e-10,NaN,NaN,NaN,-1.43785690254739,0.161367375982508,23209.9401462368
176,PASSIVE,LPF,PASSIVE_RC_LPF,Passive RC equation + source-current signature,29438.147297145,NaN,NaN,9.96457407505566e-11,NaN,NaN,NaN,NaN,NaN,1,NaN,54256.3929299131
1019,VCVS,HPF,VCVS_HPF_Maheshwari,Maheshwari VCVS equations + prototype input/supply-current signature,466541.686312689,466541.686312689,NaN,5.07521532154397e-10,5.07521532154397e-10,NaN,NaN,10158.8693653719,9534.70697807331,1.93855985692403,0.942116243222227,672.16393160137
1051,VCVS,HPF,VCVS_HPF_Maheshwari,Maheshwari VCVS equations + prototype input/supply-current signature,304135.260280328,304135.260280328,NaN,1.16883330446779e-11,1.16883330446779e-11,NaN,NaN,10195.5977126754,5404.40908471643,1.53007280563822,0.680305802787861,44771.4108633916
563,PASSIVE,BPF,PASSIVE_RLC_BPF,Passive RLC equation + source-current signature,371965.776353698,NaN,NaN,3.16488246685656e-11,NaN,NaN,64.5370554739186,NaN,NaN,1,3.83904141079947,3521.57356455698
2114,MFB,BPF,MFB_BPF_Maheshwari,Maheshwari MFB equation + current signature,203297.709863055,17523083.9084542,NaN,9.27757765720214e-11,3.603273491191e-10,NaN,NaN,NaN,NaN,-13651.1829491256,3.74634597022352,461.192998705924
2668,ACTIVE_OTHER,HPF,ACTIVE_OTHER_STATE_VARIABLE_HPF,State-variable/biquad-like active-other equation + current signature,2327.90583581766,42315.0391108579,28716.7948216026,2.52853762365291e-11,1.02794155823916e-09,NaN,NaN,9909.049918225,16789.4906744946,2.69435927894711,2.79144499333805,99465.1934358814
2804,ACTIVE_OTHER,BPF,ACTIVE_OTHER_STATE_VARIABLE_BPF,State-variable/biquad-like active-other equation + current signature,175898.27725098,31471.1182737225,18273.2129569827,1.08717740791633e-09,2.14393237789763e-11,NaN,NaN,10224.9471426209,11539.7917425782,2.12859182366593,1.81671520494562,14011.2699343418
2876,ACTIVE_OTHER,BPF,ACTIVE_OTHER_STATE_VARIABLE_BPF,State-variable/biquad-like active-other equation + current signature,4377.74852044669,13366.5610630502,13988.2901394153,7.10965097593129e-11,1.16006078569592e-10,NaN,NaN,10201.5074434985,33269.0216517104,4.26118682321926,1.40790701257034,229097.510347075
1505,VCVS,BSF,VCVS_BSF_Maheshwari,Maheshwari VCVS equations + prototype input/supply-current signature,6193.8033139866,6193.8033139866,NaN,8.78312208683331e-11,8.78312208683331e-11,NaN,NaN,10046.274005925,4797.10107424713,1.47750052122985,0.956938753655593,292559.228449586
1269,VCVS,BPF,VCVS_BPF_Maheshwari,Maheshwari VCVS equations + prototype input/supply-current signature,3256.5445693731,3256.5445693731,NaN,1.94376438632231e-12,1.94376438632231e-12,NaN,NaN,9986.42680245092,2106.45548431249,1.21093185039873,0.558950199981411,25143138.3209532
1552,VCVS,BSF,VCVS_BSF_Maheshwari,Maheshwari VCVS equations + prototype input/supply-current signature,526428.721700131,526428.721700131,NaN,7.1942743537977e-10,7.1942743537977e-10,NaN,NaN,10152.7841149634,4584.78732083121,1.45157931744791,0.911708868588325,420.236295961968
1332,VCVS,BPF,VCVS_BPF_Maheshwari,Maheshwari VCVS equations + prototype input/supply-current signature,3186.01088262862,3186.01088262862,NaN,6.8308361913486e-12,6.8308361913486e-12,NaN,NaN,9848.20797866922,13502.4844479786,2.37106004231677,1.58997689331684,7313057.80042878
2930,ACTIVE_OTHER,BPF,ACTIVE_OTHER_STATE_VARIABLE_BPF,State-variable/biquad-like active-other equation + current signature,250114.008202876,11613.4905010195,26214.3535454313,7.99444559797896e-11,5.16588540999245e-11,NaN,NaN,10161.7764959057,7119.34218728556,1.70060015491918,2.70537703135596,45951.8688944638
2223,MFB,BSF,MFB_BSF_1_MINUS_BP,Maheshwari MFB BPF denominator + 1-minus-BP notch + current signature,4670.89379183352,5618.362510678,NaN,9.43130036290136e-10,5.15939956458903e-10,NaN,NaN,NaN,NaN,1,0.524341372152548,44537.9155312696
273,PASSIVE,HPF,PASSIVE_RC_HPF,Passive RC equation + source-current signature,1109.7273697681,NaN,NaN,9.77942666585531e-12,NaN,NaN,NaN,NaN,NaN,1,NaN,14665282.7234425
856,VCVS,LPF,VCVS_LPF_Maheshwari,Maheshwari VCVS equations + prototype input/supply-current signature,2488.13862952636,2488.13862952636,NaN,2.26234294533223e-12,2.26234294533223e-12,NaN,NaN,9835.63169888197,2166.01736792021,1.22022147984317,0.561867664248406,28273991.1724487
3010,ACTIVE_OTHER,BSF,ACTIVE_OTHER_STATE_VARIABLE_BSF,State-variable/biquad-like active-other equation + current signature,215970.784310488,32663.3057271321,22977.0407319737,5.04541477499449e-12,3.86477377967974e-10,NaN,NaN,10270.6998703928,9668.64782903235,1.94138159531893,2.33332457916874,42912.3288803704
939,VCVS,LPF,VCVS_LPF_Maheshwari,Maheshwari VCVS equations + prototype input/supply-current signature,882481.719166805,882481.719166805,NaN,3.27862465813345e-11,3.27862465813345e-11,NaN,NaN,10031.6641177382,6398.78927267929,1.63785920237947,0.73413849856554,5500.76020554719
1483,VCVS,BSF,VCVS_BSF_Maheshwari,Maheshwari VCVS equations + prototype input/supply-current signature,8250.35435578404,8250.35435578404,NaN,6.35921666603167e-11,6.35921666603167e-11,NaN,NaN,10156.7533347664,5821.49608829051,1.57316505544775,1.17141299319929,303349.93583661
1256,VCVS,BPF,VCVS_BPF_Maheshwari,Maheshwari VCVS equations + prototype input/supply-current signature,481082.924780614,481082.924780614,NaN,1.77091348717982e-11,1.77091348717982e-11,NaN,NaN,10039.0890951725,10754.8410660916,2.07129650550301,1.07676993348843,18681.1171313213
1965,MFB,HPF,MFB_HPF_Maheshwari,Maheshwari MFB equation + current signature,79313.3984903051,644.847573360092,NaN,1.80779612543515e-11,4.0921524408376e-10,2.69072314123399e-10,NaN,NaN,NaN,-14.8839966154165,0.35505720663858,67066.8499135209
2159,MFB,BPF,MFB_BPF_Maheshwari,Maheshwari MFB equation + current signature,1583395.10336586,191228805.244046,NaN,1.33707716975757e-11,3.94817247527241e-11,NaN,NaN,NaN,NaN,-15996.1175129843,4.77741310218697,398.081992178352
3095,ACTIVE_OTHER,BSF,ACTIVE_OTHER_STATE_VARIABLE_BSF,State-variable/biquad-like active-other equation + current signature,1884.67087222077,97918.4132597468,38883.9970961139,9.68364267470001e-11,1.55148382463248e-10,NaN,NaN,10486.8160762729,29770.8555982635,3.83888411713656,3.87467503163247,95582.2357618041
96,PASSIVE,LPF,PASSIVE_RC_LPF,Passive RC equation + source-current signature,8759.38122375786,NaN,NaN,3.15654020960197e-10,NaN,NaN,NaN,NaN,NaN,1,NaN,57561.9340623237
2476,ACTIVE_OTHER,LPF,ACTIVE_OTHER_STATE_VARIABLE_LPF,State-variable/biquad-like active-other equation + current signature,46853.2772393816,1556.50342939757,41077.2872666581,2.38605569479005e-10,1.37286105924103e-12,NaN,NaN,9558.01610574737,12228.5833354245,2.27940601900338,4.13246970303978,1029725.62917167
1672,MFB,LPF,MFB_LPF_Maheshwari,Maheshwari MFB equation + current signature,895829.94667951,1191042.2868805,821334.311637028,8.13725297027483e-11,1.13309754472019e-10,NaN,NaN,NaN,NaN,-0.916841767437438,0.26999443181136,1675.80699974682
3040,ACTIVE_OTHER,BSF,ACTIVE_OTHER_STATE_VARIABLE_BSF,State-variable/biquad-like active-other equation + current signature,6384.68082066003,6904.70417975967,41325.4847520913,4.60446339151961e-11,3.06007930234161e-11,NaN,NaN,10422.8667510015,17282.6557604232,2.65814800988054,4.0406422268741,638590.046150036
1924,MFB,HPF,MFB_HPF_Maheshwari,Maheshwari MFB equation + current signature,81904.697263763,19.1481286927825,NaN,3.28642330785087e-11,5.70473968002479e-10,3.24742006112925e-11,NaN,NaN,NaN,-0.988132007636251,14.1688441814626,933717.304857168
3099,ACTIVE_OTHER,BSF,ACTIVE_OTHER_STATE_VARIABLE_BSF,State-variable/biquad-like active-other equation + current signature,2675.24322583656,5055.97013845255,18768.6071091894,1.82291192295468e-11,3.02517678068397e-11,NaN,NaN,10218.0013470402,31191.3933757935,4.05259241180553,1.91403322757989,1842799.23405188
1470,VCVS,BSF,VCVS_BSF_Maheshwari,Maheshwari VCVS equations + prototype input/supply-current signature,1383.48691810393,1383.48691810393,NaN,1.60798240680425e-10,1.60798240680425e-10,NaN,NaN,10011.028689218,1987.84797033528,1.19856580497829,0.623881540251041,715424.456037993
2421,ACTIVE_OTHER,LPF,ACTIVE_OTHER_STATE_VARIABLE_LPF,State-variable/biquad-like active-other equation + current signature,37482.630334295,4125.83450826881,29943.8043189542,2.00988381597177e-11,1.08796105265238e-10,NaN,NaN,9867.86536578701,16707.4857065519,2.69312055720568,3.08993378273835,273688.814806035
762,PASSIVE,BSF,PASSIVE_RLC_BSF,Passive RLC equation + source-current signature,360.066010551156,NaN,NaN,1.10981782538002e-10,NaN,NaN,0.000287777443004049,NaN,NaN,1,4.47219158274678,890565.586420613
1369,VCVS,BPF,VCVS_BPF_Maheshwari,Maheshwari VCVS equations + prototype input/supply-current signature,160475.025083167,160475.025083167,NaN,2.67458389840177e-12,2.67458389840177e-12,NaN,NaN,10076.6102680929,10076.275329029,1.99996676074047,0.999966761845282,370814.282790436
2896,ACTIVE_OTHER,BPF,ACTIVE_OTHER_STATE_VARIABLE_BPF,State-variable/biquad-like active-other equation + current signature,254750.630813613,213475.398916333,39890.3839707634,5.45337187328199e-10,1.12386357917924e-11,NaN,NaN,10482.3358679543,17403.3313488655,2.66025316953157,4.0506584460606,8717.64591141044
2168,MFB,BPF,MFB_BPF_Maheshwari,Maheshwari MFB equation + current signature,153.739495301381,163970.162199446,NaN,2.25267594419856e-11,5.30408684309048e-10,NaN,NaN,NaN,NaN,-12263203.1530625,6.45609528938521,289994.872644219
1542,VCVS,BSF,VCVS_BSF_Maheshwari,Maheshwari VCVS equations + prototype input/supply-current signature,40612.9865241117,40612.9865241117,NaN,4.05430578418731e-11,4.05430578418731e-11,NaN,NaN,9921.73387596651,6578.99533135424,1.66308927588661,1.48407267627288,96658.2000721488
1031,VCVS,HPF,VCVS_HPF_Maheshwari,Maheshwari VCVS equations + prototype input/supply-current signature,45720.3785470081,45720.3785470081,NaN,1.04508748133976e-10,1.04508748133976e-10,NaN,NaN,10138.4511633371,4604.5488314697,1.45416688972382,0.646900362886743,33308.6988926563
2076,MFB,BPF,MFB_BPF_Maheshwari,Maheshwari MFB equation + current signature,7376.91346972097,546015.108032871,NaN,5.92932988122366e-11,7.61185035628263e-11,NaN,NaN,NaN,NaN,-1780881.69079458,4.26831432425019,37327.8116177587
1586,VCVS,BSF,VCVS_BSF_Maheshwari,Maheshwari VCVS equations + prototype input/supply-current signature,40242.1573615488,40242.1573615488,NaN,3.7452753760743e-12,3.7452753760743e-12,NaN,NaN,9908.85946352401,7134.43284538881,1.72000545286284,1.7857490623025,1055978.61055848
2616,ACTIVE_OTHER,HPF,ACTIVE_OTHER_STATE_VARIABLE_HPF,State-variable/biquad-like active-other equation + current signature,29710.9002541186,6821.90082809243,32824.009771547,5.87157409406634e-10,2.31861712174814e-11,NaN,NaN,9679.75122393725,25179.7547043092,3.60128118190079,3.27081846890537,95811.5206518661
1040,VCVS,HPF,VCVS_HPF_Maheshwari,Maheshwari VCVS equations + prototype input/supply-current signature,24870.7765051183,24870.7765051183,NaN,1.89846510031156e-11,1.89846510031156e-11,NaN,NaN,9856.53705380375,4240.30948396567,1.43020276399502,0.637024946320408,337076.261808858
2729,ACTIVE_OTHER,HPF,ACTIVE_OTHER_STATE_VARIABLE_HPF,State-variable/biquad-like active-other equation + current signature,6328.51193636577,27478.038378142,15962.3541173036,5.69758107801691e-10,1.06595546161296e-10,NaN,NaN,10466.6869392357,32081.3232155346,4.06508863805544,1.54353709051215,48973.5606066467
180,PASSIVE,LPF,PASSIVE_RC_LPF,Passive RC equation + source-current signature,12080.9131278268,NaN,NaN,9.88921197072828e-11,NaN,NaN,NaN,NaN,NaN,1,NaN,133216.704020055
3070,ACTIVE_OTHER,BSF,ACTIVE_OTHER_STATE_VARIABLE_BSF,State-variable/biquad-like active-other equation + current signature,56580.9559741995,25907.3138233563,48966.1984938092,2.83924636686956e-10,1.48011895918182e-10,NaN,NaN,10270.720243491,26832.975547629,3.61256999621172,4.82018794366706,20277.9453404547
125,PASSIVE,LPF,PASSIVE_RC_LPF,Passive RC equation + source-current signature,9475.89748155508,NaN,NaN,1.37748438279757e-10,NaN,NaN,NaN,NaN,NaN,1,NaN,121930.707668514
2009,MFB,BPF,MFB_BPF_Maheshwari,Maheshwari MFB equation + current signature,1735.93306079553,961646.135408657,NaN,1.60336148965248e-11,3.72735685861589e-10,NaN,NaN,NaN,NaN,-1545489.47345591,4.68021070845139,50388.309454666
3190,ACTIVE_OTHER,BSF,ACTIVE_OTHER_STATE_VARIABLE_BSF,State-variable/biquad-like active-other equation + current signature,9191.56690121825,8587.86114603711,5356.93545495307,9.77238753783215e-10,1.38373123936365e-10,NaN,NaN,10407.3915262367,10612.7550663126,2.0197324699045,0.535220851981113,48714.3189113741
711,PASSIVE,BSF,PASSIVE_RLC_BSF,Passive RLC equation + source-current signature,8180.76360853223,NaN,NaN,2.32573910983483e-11,NaN,NaN,0.016506093026252,NaN,NaN,1,3.25647540691882,256872.427197683
692,PASSIVE,BSF,PASSIVE_RLC_BSF,Passive RLC equation + source-current signature,3152719.52370359,NaN,NaN,6.20399830880995e-11,NaN,NaN,16421.66970067,NaN,NaN,1,5.1604489335505,157.679647338414
877,VCVS,LPF,VCVS_LPF_Maheshwari,Maheshwari VCVS equations + prototype input/supply-current signature,39092.1956825522,39092.1956825522,NaN,1.85180589549891e-12,1.85180589549891e-12,NaN,NaN,10181.4655545761,7884.56098215719,1.77440334496966,0.815929119825518,2198541.18288925
2747,ACTIVE_OTHER,HPF,ACTIVE_OTHER_STATE_VARIABLE_HPF,State-variable/biquad-like active-other equation + current signature,64925.4873616438,13791.3289038081,20507.8482394238,3.1281238028943e-11,3.55387871095083e-12,NaN,NaN,10444.2429088226,27093.6524058228,3.5941231587917,2.02273168381697,504447.75910646
2341,MFB,BSF,MFB_BSF_1_MINUS_BP,Maheshwari MFB BPF denominator + 1-minus-BP notch + current signature,129139.936357699,1966687.48263953,NaN,5.75810651849569e-11,1.60998393379209e-11,NaN,NaN,NaN,NaN,1,1.61262379031639,10372.2160025322
2581,ACTIVE_OTHER,LPF,ACTIVE_OTHER_STATE_VARIABLE_LPF,State-variable/biquad-like active-other equation + current signature,298909.293640661,805381.964627962,6277.92041939429,3.52087759242404e-12,2.44978913329609e-11,NaN,NaN,10307.4241498751,19401.1971853772,2.8822546645286,0.61091451181242,34926.8691615158
566,PASSIVE,BPF,PASSIVE_RLC_BPF,Passive RLC equation + source-current signature,60542.3238588345,NaN,NaN,4.57168456943338e-11,NaN,NaN,4.63775893006826,NaN,NaN,1,5.26086150954647,10930.1951879489
560,PASSIVE,BPF,PASSIVE_RLC_BPF,Passive RLC equation + source-current signature,105443.974031447,NaN,NaN,3.9710919309764e-10,NaN,NaN,17.2719999962364,NaN,NaN,1,1.97785558759106,1921.73653357785
1275,VCVS,BPF,VCVS_BPF_Maheshwari,Maheshwari VCVS equations + prototype input/supply-current signature,438576.243248802,438576.243248802,NaN,2.29138433040815e-11,2.29138433040815e-11,NaN,NaN,10040.4361450992,11173.724157092,2.11287238877028,1.12723354266227,15837.1521701609
2085,MFB,BPF,MFB_BPF_Maheshwari,Maheshwari MFB equation + current signature,1775.73337712897,26916.8168199653,NaN,3.94562677989695e-11,6.11245818707345e-11,NaN,NaN,NaN,NaN,-9213111.78969739,1.90096281840222,468763.136295781
1111,VCVS,HPF,VCVS_HPF_Maheshwari,Maheshwari VCVS equations + prototype input/supply-current signature,263314.847321495,263314.847321495,NaN,1.89977597835346e-12,1.89977597835346e-12,NaN,NaN,10007.8664062241,3464.19177922821,1.34614688472198,0.604648617680836,318157.665757877
2829,ACTIVE_OTHER,BPF,ACTIVE_OTHER_STATE_VARIABLE_BPF,State-variable/biquad-like active-other equation + current signature,1291.57938478628,373663.54442543,18534.4988217516,2.33919803030621e-12,2.6479003286721e-11,NaN,NaN,10136.4983260644,19584.093362742,2.93203734985923,1.88400730947034,920523.549281696
1455,VCVS,BSF,VCVS_BSF_Maheshwari,Maheshwari VCVS equations + prototype input/supply-current signature,136088.681202144,136088.681202144,NaN,6.15667338970256e-11,6.15667338970256e-11,NaN,NaN,10131.4422189125,1612.77358745948,1.15918499583888,0.594661129410805,18995.5560580982
1368,VCVS,BPF,VCVS_BPF_Maheshwari,Maheshwari VCVS equations + prototype input/supply-current signature,14739.2795654269,14739.2795654269,NaN,4.35014891042928e-11,4.35014891042928e-11,NaN,NaN,9927.69556700255,4175.2505343158,1.42056593155348,0.633138172702308,248221.703453772
976,VCVS,LPF,VCVS_LPF_Maheshwari,Maheshwari VCVS equations + prototype input/supply-current signature,46162.1424801634,46162.1424801634,NaN,6.13466293523828e-10,6.13466293523828e-10,NaN,NaN,9935.62844464395,5868.45501898362,1.59064759231684,0.709545742107115,5620.09256750936
3054,ACTIVE_OTHER,BSF,ACTIVE_OTHER_STATE_VARIABLE_BSF,State-variable/biquad-like active-other equation + current signature,1872.0987523341,662287.196753338,40409.994393735,6.99979014767781e-12,1.69589342334374e-11,NaN,NaN,10207.4618776538,20240.9614895425,2.98295734357373,3.91692399130147,414849.706289366
1464,VCVS,BSF,VCVS_BSF_Maheshwari,Maheshwari VCVS equations + prototype input/supply-current signature,5997.60743187834,5997.60743187834,NaN,9.23215417494078e-11,9.23215417494078e-11,NaN,NaN,9872.8268952828,3463.03201376436,1.35076397575845,0.770135946452002,287434.601272927
47,PASSIVE,LPF,PASSIVE_RC_LPF,Passive RC equation + source-current signature,1080.48064156759,NaN,NaN,9.01832488380803e-10,NaN,NaN,NaN,NaN,NaN,1,NaN,163334.250780441
421,PASSIVE,BPF,PASSIVE_RLC_BPF,Passive RLC equation + source-current signature,231515.358587424,NaN,NaN,3.21749546794005e-11,NaN,NaN,2.09662748439577,NaN,NaN,1,1.10260982556172,19377.6238991709
1196,VCVS,HPF,VCVS_HPF_Maheshwari,Maheshwari VCVS equations + prototype input/supply-current signature,6037.82965569776,6037.82965569776,NaN,2.26355986706316e-10,2.26355986706316e-10,NaN,NaN,10016.0045019636,11027.5528788343,2.10099320309535,1.11233864242526,116452.090756967
2587,ACTIVE_OTHER,LPF,ACTIVE_OTHER_STATE_VARIABLE_LPF,State-variable/biquad-like active-other equation + current signature,582852.239009964,30778.603086281,50788.4642029449,2.53929300204804e-10,2.51028994345464e-11,NaN,NaN,10040.0058658469,23790.7104174511,3.3695912866326,5.20685306028482,14883.2608515112
2733,ACTIVE_OTHER,HPF,ACTIVE_OTHER_STATE_VARIABLE_HPF,State-variable/biquad-like active-other equation + current signature,2982.98604374034,2555.54971981504,7695.47749033202,2.04361957806193e-11,2.58200602308781e-11,NaN,NaN,10458.9356838032,20829.802239299,2.99157953247157,0.78973859013587,2509421.99743741
1871,MFB,HPF,MFB_HPF_Maheshwari,Maheshwari MFB equation + current signature,401478.631832844,340081.963894113,NaN,3.67652687959347e-11,1.71438542257313e-10,1.04505578564877e-10,NaN,NaN,NaN,-2.84250821461241,0.163614103518694,3217.90445003876
716,PASSIVE,BSF,PASSIVE_RLC_BSF,Passive RLC equation + source-current signature,61433.2369933281,NaN,NaN,2.03789876222325e-11,NaN,NaN,0.153473350617607,NaN,NaN,1,1.4126084023371,89993.7484402717
179,PASSIVE,LPF,PASSIVE_RC_LPF,Passive RC equation + source-current signature,41950.7452687,NaN,NaN,2.33260581949501e-11,NaN,NaN,NaN,NaN,NaN,1,NaN,162644.393082483
1313,VCVS,BPF,VCVS_BPF_Maheshwari,Maheshwari VCVS equations + prototype input/supply-current signature,13760.1590228067,13760.1590228067,NaN,1.05897155779309e-10,1.05897155779309e-10,NaN,NaN,10055.7248603691,6358.10600740637,1.63228718920746,0.731147644526731,109222.567886734
1993,MFB,HPF,MFB_HPF_Maheshwari,Maheshwari MFB equation + current signature,10777.6088819788,1319.1796372586,NaN,3.2701953006868e-11,2.68667438424011e-10,1.36143537688661e-11,NaN,NaN,NaN,-0.416316229370362,1.318268240285,697912.407920314
2877,ACTIVE_OTHER,BPF,ACTIVE_OTHER_STATE_VARIABLE_BPF,State-variable/biquad-like active-other equation + current signature,1566.37200082233,76643.8608206045,28658.4919494278,8.79387996710738e-12,7.29669565719079e-12,NaN,NaN,10134.0665342563,30192.2755025039,3.97928530471402,2.77443297855194,1813345.69785088
1972,MFB,HPF,MFB_HPF_Maheshwari,Maheshwari MFB equation + current signature,544331.428586508,12451.9314384688,NaN,2.52886015003937e-11,4.84211377690324e-11,1.34579879200727e-11,NaN,NaN,NaN,-0.532176044605045,3.6383951425994,75729.0491772006
2952,ACTIVE_OTHER,BPF,ACTIVE_OTHER_STATE_VARIABLE_BPF,State-variable/biquad-like active-other equation + current signature,21710.6091575933,2519.76646041781,52103.0857652984,2.61509099348085e-11,1.02791002150783e-09,NaN,NaN,10207.0747648965,15856.4635740566,2.55347775335095,5.32761690121935,131245.079130377
2895,ACTIVE_OTHER,BPF,ACTIVE_OTHER_STATE_VARIABLE_BPF,State-variable/biquad-like active-other equation + current signature,860761.880459926,58629.4996894064,41238.1797559558,1.95268894722703e-11,1.50850441501858e-11,NaN,NaN,10364.2758013489,30461.0369324115,3.93904152265487,4.09986168222163,41279.1454353491
1916,MFB,HPF,MFB_HPF_Maheshwari,Maheshwari MFB equation + current signature,35421.1044419878,424879.092385171,NaN,7.14144580968358e-10,8.30235740104642e-10,1.16978015967147e-11,NaN,NaN,NaN,-0.0163801587359983,1.11635341182316,13164.4756022379
1253,VCVS,BPF,VCVS_BPF_Maheshwari,Maheshwari VCVS equations + prototype input/supply-current signature,342829.715121164,342829.715121164,NaN,3.21032627733395e-12,3.21032627733395e-12,NaN,NaN,9905.59618890125,13654.4389199262,2.37845705190621,1.6088992773016,144608.060128423
884,VCVS,LPF,VCVS_LPF_Maheshwari,Maheshwari VCVS equations + prototype input/supply-current signature,10568.6658236568,10568.6658236568,NaN,2.4668233132539e-12,2.4668233132539e-12,NaN,NaN,10143.3541027335,5979.90270650435,1.58953898739401,0.708988047923695,6104666.19458434
958,VCVS,LPF,VCVS_LPF_Maheshwari,Maheshwari VCVS equations + prototype input/supply-current signature,56180.4416427432,56180.4416427432,NaN,1.05170816677001e-12,1.05170816677001e-12,NaN,NaN,9819.16687557932,1053.9139467677,1.10733231852784,0.52835477130469,2693641.13976388
2115,MFB,BPF,MFB_BPF_Maheshwari,Maheshwari MFB equation + current signature,93436.778545998,118388079.825024,NaN,1.81426247953128e-11,8.10361487325231e-10,NaN,NaN,NaN,NaN,-13206.9748384824,5.20942569304028,394.655135953599
1149,VCVS,HPF,VCVS_HPF_Maheshwari,Maheshwari VCVS equations + prototype input/supply-current signature,536938.767673199,536938.767673199,NaN,2.68619165794457e-12,2.68619165794457e-12,NaN,NaN,10019.7755127878,2690.72913751682,1.26854185845609,0.577547892153094,110346.452035174
1695,MFB,LPF,MFB_LPF_Maheshwari,Maheshwari MFB equation + current signature,3087.04343570549,5887.40949288433,9995.33227652794,1.47061154235865e-10,1.21370285515813e-10,NaN,NaN,NaN,NaN,-3.23783337834496,0.241638481630129,155293.836702062
1355,VCVS,BPF,VCVS_BPF_Maheshwari,Maheshwari VCVS equations + prototype input/supply-current signature,6738.83023195371,6738.83023195371,NaN,3.83473457292497e-12,3.83473457292497e-12,NaN,NaN,9956.19009528584,2828.50407657307,1.28409502525593,0.582782854947519,6158859.646771
1168,VCVS,HPF,VCVS_HPF_Maheshwari,Maheshwari VCVS equations + prototype input/supply-current signature,16161.5150377729,16161.5150377729,NaN,1.02375723412305e-11,1.02375723412305e-11,NaN,NaN,10106.9432836224,2717.97765852585,1.26892182752526,0.577674663051411,961924.70182045
2558,ACTIVE_OTHER,LPF,ACTIVE_OTHER_STATE_VARIABLE_LPF,State-variable/biquad-like active-other equation + current signature,13851.6465047614,3644.42576081321,42464.391023224,2.72904163860063e-10,2.16790047572598e-11,NaN,NaN,10479.3210854,33706.5329417616,4.21648059708011,4.33509796540976,291225.987460763
2671,ACTIVE_OTHER,HPF,ACTIVE_OTHER_STATE_VARIABLE_HPF,State-variable/biquad-like active-other equation + current signature,10062.0827350377,8633.11305526618,38518.5973379891,5.05097516086321e-12,4.66853061081395e-12,NaN,NaN,10006.6693534537,25474.0883415245,3.54571100950112,3.7838613860426,3516533.45713391
2766,ACTIVE_OTHER,HPF,ACTIVE_OTHER_STATE_VARIABLE_HPF,State-variable/biquad-like active-other equation + current signature,1979.27538667925,593996.284122578,26983.4862154606,1.48959470176588e-12,3.57197388329532e-10,NaN,NaN,9763.17489797685,19221.0185490478,2.96872623402771,2.68713950087583,201227.32717117
2835,ACTIVE_OTHER,BPF,ACTIVE_OTHER_STATE_VARIABLE_BPF,State-variable/biquad-like active-other equation + current signature,11104.8961749405,2650.09917993855,18222.9551693279,2.10556571714712e-12,2.32449619030474e-12,NaN,NaN,9643.68778626172,12977.7621253907,2.34572607627123,1.85696840880464,13261205.2465771
1900,MFB,HPF,MFB_HPF_Maheshwari,Maheshwari MFB equation + current signature,13021.7584456318,23959.291042424,NaN,5.93109842855208e-10,3.81192426691094e-11,7.53720260425256e-11,NaN,NaN,NaN,-0.127079371469689,0.440073976994594,168101.313152738
665,PASSIVE,BSF,PASSIVE_RLC_BSF,Passive RLC equation + source-current signature,6656.21487427755,NaN,NaN,9.53242574126005e-11,NaN,NaN,0.0092922989232442,NaN,NaN,1,1.48331209294736,169105.148523737
2919,ACTIVE_OTHER,BPF,ACTIVE_OTHER_STATE_VARIABLE_BPF,State-variable/biquad-like active-other equation + current signature,491442.52576109,1111.91209553563,49290.8670855934,6.17039239954203e-11,1.64192094832193e-10,NaN,NaN,9742.34258512012,25375.0137296891,3.60461110949284,4.8906179304823,67641.9351259448
2632,ACTIVE_OTHER,HPF,ACTIVE_OTHER_STATE_VARIABLE_HPF,State-variable/biquad-like active-other equation + current signature,3984.75985993499,2547.27304576443,22767.0593646182,1.42234614737576e-11,3.41791246119248e-10,NaN,NaN,9539.67859728721,25810.5186117106,3.7055962471367,2.29775552816957,716470.290622613
1457,VCVS,BSF,VCVS_BSF_Maheshwari,Maheshwari VCVS equations + prototype input/supply-current signature,46963.7277137683,46963.7277137683,NaN,1.08530117749467e-11,1.08530117749467e-11,NaN,NaN,9986.38574955516,4902.67838453448,1.49093621130676,0.982195180850514,312253.486337912
2983,ACTIVE_OTHER,BPF,ACTIVE_OTHER_STATE_VARIABLE_BPF,State-variable/biquad-like active-other equation + current signature,11807.2660929128,208398.518533591,21872.3869080358,2.26370398318248e-11,1.29345572449884e-10,NaN,NaN,10329.8847310954,26042.5033778848,3.52108363798974,2.22787422489692,59294.2447201236
1003,VCVS,HPF,VCVS_HPF_Maheshwari,Maheshwari VCVS equations + prototype input/supply-current signature,102585.063121927,102585.063121927,NaN,1.52817917866727e-10,1.52817917866727e-10,NaN,NaN,9912.83942712178,7489.94961022764,1.755580645212,0.803587629967682,10152.2364349974
1187,VCVS,HPF,VCVS_HPF_Maheshwari,Maheshwari VCVS equations + prototype input/supply-current signature,1241.98454239605,1241.98454239605,NaN,3.47118702093252e-10,3.47118702093252e-10,NaN,NaN,10112.6615426862,7918.17317756569,1.7829959644296,0.82168996221225,369169.597195246
2494,ACTIVE_OTHER,LPF,ACTIVE_OTHER_STATE_VARIABLE_LPF,State-variable/biquad-like active-other equation + current signature,1092.42286611462,52930.9087269064,46390.6647350246,2.16495636075307e-10,1.0002633425982e-11,NaN,NaN,10364.307496185,6846.75689683417,1.66060920127605,4.77080794677106,449767.75409599
402,PASSIVE,BPF,PASSIVE_RLC_BPF,Passive RLC equation + source-current signature,2421.21856436417,NaN,NaN,4.65659330768804e-10,NaN,NaN,0.00370609830567861,NaN,NaN,1,1.1651727454696,121151.141182536
1803,MFB,HPF,MFB_HPF_Maheshwari,Maheshwari MFB equation + current signature,31860.3248871678,17502.0315623429,NaN,1.5674316349736e-11,3.16274681919316e-10,3.61858871794374e-11,NaN,NaN,NaN,-2.30861023677418,0.169834181898303,63001.2221048801
2772,ACTIVE_OTHER,HPF,ACTIVE_OTHER_STATE_VARIABLE_HPF,State-variable/biquad-like active-other equation + current signature,2995.27918795325,5884.89609372226,33915.1696061033,1.11311891636246e-10,9.94603844894857e-13,NaN,NaN,9974.22854103845,33084.131859348,4.31696147959966,3.30283789734306,3602767.43964536
82,PASSIVE,LPF,PASSIVE_RC_LPF,Passive RC equation + source-current signature,382130.749596926,NaN,NaN,4.47463927307119e-11,NaN,NaN,NaN,NaN,NaN,1,NaN,9307.86584976661
1216,VCVS,BPF,VCVS_BPF_Maheshwari,Maheshwari VCVS equations + prototype input/supply-current signature,5469.1828229853,5469.1828229853,NaN,6.07358684332666e-11,6.07358684332666e-11,NaN,NaN,9825.58615390804,12598.2714843239,2.28219032299799,1.39312694163804,479128.985526561
2185,MFB,BPF,MFB_BPF_Maheshwari,Maheshwari MFB equation + current signature,5266.2698783738,9133.35812078676,NaN,7.91746624960815e-11,2.48277410872564e-10,NaN,NaN,NaN,NaN,-764820.782968887,0.563868270779576,163678.493181705
1013,VCVS,HPF,VCVS_HPF_Maheshwari,Maheshwari VCVS equations + prototype input/supply-current signature,4886.74814405784,4886.74814405784,NaN,1.82852916592615e-12,1.82852916592615e-12,NaN,NaN,9904.88045250019,3249.81855747088,1.32810275429933,0.598122882594326,17811409.2718605
368,PASSIVE,HPF,PASSIVE_RC_HPF,Passive RC equation + source-current signature,67147.0954332881,NaN,NaN,2.85471995672514e-12,NaN,NaN,NaN,NaN,NaN,1,NaN,830289.200832751
2531,ACTIVE_OTHER,LPF,ACTIVE_OTHER_STATE_VARIABLE_LPF,State-variable/biquad-like active-other equation + current signature,2964.54674231355,808701.723208459,53599.4255313607,1.02439295722553e-09,2.47294593518942e-10,NaN,NaN,9708.59023735617,22010.7495273447,3.26714167445784,5.14388232732291,6458.12123257361
2458,ACTIVE_OTHER,LPF,ACTIVE_OTHER_STATE_VARIABLE_LPF,State-variable/biquad-like active-other equation + current signature,13970.3316567875,141761.769754829,36359.759594592,4.11606163618452e-11,4.07164377430145e-11,NaN,NaN,10329.8680237002,12874.8945289596,2.24637551026017,3.68747125819057,87359.7511227001
2088,MFB,BPF,MFB_BPF_Maheshwari,Maheshwari MFB equation + current signature,3053.32957190015,12983.0659773271,NaN,1.82758246107143e-10,1.46305969433135e-11,NaN,NaN,NaN,NaN,-22385369.63079,0.540192689351215,488849.464483222
42,PASSIVE,LPF,PASSIVE_RC_LPF,Passive RC equation + source-current signature,3328.3448239431,NaN,NaN,1.36113599064123e-12,NaN,NaN,NaN,NaN,NaN,1,NaN,35130982.8603012
2740,ACTIVE_OTHER,HPF,ACTIVE_OTHER_STATE_VARIABLE_HPF,State-variable/biquad-like active-other equation + current signature,139832.079054219,18344.8389906576,57385.7705444155,1.13025968750239e-10,1.80903636041485e-10,NaN,NaN,9937.0299855356,34036.4515322703,4.42521372903312,5.71485778659534,21975.91694103
2962,ACTIVE_OTHER,BPF,ACTIVE_OTHER_STATE_VARIABLE_BPF,State-variable/biquad-like active-other equation + current signature,1171.5251228289,348734.407212678,49354.5696814811,3.8921415266575e-11,1.18969838458816e-12,NaN,NaN,9587.20942748765,34949.0721652372,4.64538528438047,5.0291492275153,1157135.40384543
887,VCVS,LPF,VCVS_LPF_Maheshwari,Maheshwari VCVS equations + prototype input/supply-current signature,138243.235126851,138243.235126851,NaN,2.90550352257878e-12,2.90550352257878e-12,NaN,NaN,10164.8435356409,13112.2318234129,2.28995904141934,1.40836945800838,396236.826656957
2184,MFB,BPF,MFB_BPF_Maheshwari,Maheshwari MFB equation + current signature,5303.82528385852,32323.5163097751,NaN,2.71309151509982e-11,3.17227604660043e-10,NaN,NaN,NaN,NaN,-594346.649439172,0.665076450328749,131023.295848097
287,PASSIVE,HPF,PASSIVE_RC_HPF,Passive RC equation + source-current signature,15064.4448518627,NaN,NaN,1.09518548733634e-11,NaN,NaN,NaN,NaN,NaN,1,NaN,964671.214671177
1556,VCVS,BSF,VCVS_BSF_Maheshwari,Maheshwari VCVS equations + prototype input/supply-current signature,5492.02265102561,5492.02265102561,NaN,1.32684813375219e-12,1.32684813375219e-12,NaN,NaN,10107.8557629171,2866.42090753945,1.28358347950072,0.697918020722839,21840702.0345406
2584,ACTIVE_OTHER,LPF,ACTIVE_OTHER_STATE_VARIABLE_LPF,State-variable/biquad-like active-other equation + current signature,274342.829005576,960619.543114437,27855.3174710863,6.57330915488413e-12,4.32244872736674e-12,NaN,NaN,9943.30655863625,23982.682426032,3.41194237395828,2.77269546957829,58162.1781025482
608,PASSIVE,BSF,PASSIVE_RLC_BSF,Passive RLC equation + source-current signature,398279.85379858,NaN,NaN,2.26354672493107e-12,NaN,NaN,5.93203191598208,NaN,NaN,1,4.06460800899472,43433.3832641409
221,PASSIVE,HPF,PASSIVE_RC_HPF,Passive RC equation + source-current signature,3465.53872001664,NaN,NaN,7.105259076874e-12,NaN,NaN,NaN,NaN,NaN,1,NaN,6463525.37326744
33,PASSIVE,LPF,PASSIVE_RC_LPF,Passive RC equation + source-current signature,4099.38374718612,NaN,NaN,5.8376887768983e-10,NaN,NaN,NaN,NaN,NaN,1,NaN,66505.9679730608
2613,ACTIVE_OTHER,HPF,ACTIVE_OTHER_STATE_VARIABLE_HPF,State-variable/biquad-like active-other equation + current signature,378888.194806087,16420.2604280105,57238.2249374524,2.45841944831218e-10,1.07667227059375e-12,NaN,NaN,9614.48539550061,33623.8820400332,4.49721078735722,6.01533809921876,124023.738621301
78,PASSIVE,LPF,PASSIVE_RC_LPF,Passive RC equation + source-current signature,1734.49032684473,NaN,NaN,4.69530900630792e-12,NaN,NaN,NaN,NaN,NaN,1,NaN,19542677.7286413
632,PASSIVE,BSF,PASSIVE_RLC_BSF,Passive RLC equation + source-current signature,5609.17453583446,NaN,NaN,1.71540944019092e-10,NaN,NaN,0.0136760692934727,NaN,NaN,1,1.5918340662546,103909.579533839
1255,VCVS,BPF,VCVS_BPF_Maheshwari,Maheshwari VCVS equations + prototype input/supply-current signature,1791.67205133046,1791.67205133046,NaN,2.58348008114796e-11,2.58348008114796e-11,NaN,NaN,10036.097271563,7374.21737063124,1.73476941993437,0.790369767973933,3438400.76761725
1553,VCVS,BSF,VCVS_BSF_Maheshwari,Maheshwari VCVS equations + prototype input/supply-current signature,1968.75039293596,1968.75039293596,NaN,1.65383132256676e-11,1.65383132256676e-11,NaN,NaN,10130.4764070115,3799.71846727724,1.37507796421572,0.800099806646276,4888079.50225383
190,PASSIVE,LPF,PASSIVE_RC_LPF,Passive RC equation + source-current signature,4882.16285386472,NaN,NaN,1.16048689622345e-11,NaN,NaN,NaN,NaN,NaN,1,NaN,2809102.7743233
2501,ACTIVE_OTHER,LPF,ACTIVE_OTHER_STATE_VARIABLE_LPF,State-variable/biquad-like active-other equation + current signature,265908.648306619,2335.3478699124,9415.35981805408,2.39334421434099e-10,6.23699385006359e-11,NaN,NaN,9999.56542840141,7348.85875631165,1.73491781307205,0.905365030046939,52274.2571288801
863,VCVS,LPF,VCVS_LPF_Maheshwari,Maheshwari VCVS equations + prototype input/supply-current signature,15343.6005161647,15343.6005161647,NaN,1.07202687676541e-10,1.07202687676541e-10,NaN,NaN,9854.6710758312,13213.5281118242,2.34083908129929,1.51708023280738,96758.0651348974
1934,MFB,HPF,MFB_HPF_Maheshwari,Maheshwari MFB equation + current signature,777708.837283329,17609.620167266,NaN,4.96064077879567e-10,1.06535604484921e-11,2.69487148391821e-10,NaN,NaN,NaN,-0.54325068153241,0.844448838965039,25381.6706093015
1708,MFB,LPF,MFB_LPF_Maheshwari,Maheshwari MFB equation + current signature,10812.3084578079,26381.7977867118,25898.1483456956,2.54165653466308e-10,4.69067721484242e-10,NaN,NaN,NaN,NaN,-2.39524690280121,0.166630610788741,17634.2655219248
3069,ACTIVE_OTHER,BSF,ACTIVE_OTHER_STATE_VARIABLE_BSF,State-variable/biquad-like active-other equation + current signature,168784.837169232,7612.52533871236,35363.3319832938,1.43689253998379e-10,1.19727722175423e-12,NaN,NaN,9828.77340361925,19924.452982235,3.02715559348415,3.56554996915378,338516.261847795
3031,ACTIVE_OTHER,BSF,ACTIVE_OTHER_STATE_VARIABLE_BSF,State-variable/biquad-like active-other equation + current signature,129498.05261639,64030.6279992367,25810.0232977925,6.40943138972478e-11,1.9285494575817e-11,NaN,NaN,10256.9665466255,30419.9548890208,3.96578474256882,2.51966772190429,49712.9448582695
177,PASSIVE,LPF,PASSIVE_RC_LPF,Passive RC equation + source-current signature,68670.4518103553,NaN,NaN,3.0125596940492e-12,NaN,NaN,NaN,NaN,NaN,1,NaN,769333.361389823
2137,MFB,BPF,MFB_BPF_Maheshwari,Maheshwari MFB equation + current signature,236521.400855559,1646243.15432163,NaN,4.35642942127321e-10,3.58875725955582e-10,NaN,NaN,NaN,NaN,-11781.0899916662,1.31294050585361,645.060629625552
3189,ACTIVE_OTHER,BSF,ACTIVE_OTHER_STATE_VARIABLE_BSF,State-variable/biquad-like active-other equation + current signature,341926.489024956,1064.89797362751,33946.0758085372,8.49567619919748e-12,2.77093383289481e-11,NaN,NaN,10099.7686174428,24451.6418931566,3.42101010620455,3.500477077131,543610.334481199
2465,ACTIVE_OTHER,LPF,ACTIVE_OTHER_STATE_VARIABLE_LPF,State-variable/biquad-like active-other equation + current signature,369813.724073904,138960.455237199,33355.0650966891,2.94440986524774e-10,4.2924776091853e-12,NaN,NaN,9800.68806177075,14823.9715450012,2.51254396135968,3.45534047544034,19748.3062813496
797,PASSIVE,BSF,PASSIVE_RLC_BSF,Passive RLC equation + source-current signature,4667682.04211958,NaN,NaN,2.60403478410894e-11,NaN,NaN,8995.02681167187,NaN,NaN,1,3.98177371963233,328.848231005583
2628,ACTIVE_OTHER,HPF,ACTIVE_OTHER_STATE_VARIABLE_HPF,State-variable/biquad-like active-other equation + current signature,16096.1937728602,803369.362047338,15058.2456809249,1.82148301469938e-11,2.11863534673432e-10,NaN,NaN,10490.7511161557,20116.3263132384,2.91752964973684,1.52748193677183,22529.9502923121
603,PASSIVE,BSF,PASSIVE_RLC_BSF,Passive RLC equation + source-current signature,16746.6708755074,NaN,NaN,3.32616467210331e-12,NaN,NaN,0.00916025285076489,NaN,NaN,1,3.13367081171878,911789.375936678
1554,VCVS,BSF,VCVS_BSF_Maheshwari,Maheshwari VCVS equations + prototype input/supply-current signature,1075.00092074384,1075.00092074384,NaN,2.49807998804504e-12,2.49807998804504e-12,NaN,NaN,10074.9241506599,4841.3673373986,1.4805363559071,0.962531267944873,59265909.7206283
1868,MFB,HPF,MFB_HPF_Maheshwari,Maheshwari MFB equation + current signature,1025761.76333052,127051.206011103,NaN,8.20111158820375e-10,1.617783172607e-10,2.3726867641992e-11,NaN,NaN,NaN,-0.0289312825301878,6.05081964565803,7115.85552579335
674,PASSIVE,BSF,PASSIVE_RLC_BSF,Passive RLC equation + source-current signature,33479.3451920031,NaN,NaN,1.51330347888036e-10,NaN,NaN,1.35619786637487,NaN,NaN,1,2.82762334095136,11109.5274920125
2216,MFB,BSF,MFB_BSF_1_MINUS_BP,Maheshwari MFB BPF denominator + 1-minus-BP notch + current signature,2019310.21182174,18911090.4206577,NaN,1.49623267548605e-10,3.25787931708957e-10,NaN,NaN,NaN,NaN,1,1.42119745238841,116.652288054744
1492,VCVS,BSF,VCVS_BSF_Maheshwari,Maheshwari VCVS equations + prototype input/supply-current signature,3132.83005755226,3132.83005755226,NaN,1.13001354022577e-12,1.13001354022577e-12,NaN,NaN,9841.0500780905,4167.52693289301,1.42348396764806,0.867278569791394,44957240.6222951
2779,ACTIVE_OTHER,HPF,ACTIVE_OTHER_STATE_VARIABLE_HPF,State-variable/biquad-like active-other equation + current signature,3109.62521830237,660357.826097506,8523.69700910151,3.2719610509585e-11,4.33703902526741e-10,NaN,NaN,10096.1762854858,29503.8480921225,3.92227941131902,0.813668551541814,29483.274412292
1990,MFB,HPF,MFB_HPF_Maheshwari,Maheshwari MFB equation + current signature,19645.61292181,94.942863691762,NaN,2.7781832637088e-10,6.01740363413643e-10,4.01588593629899e-11,NaN,NaN,NaN,-0.14455079291414,16.8198428132065,749654.099481725
1865,MFB,HPF,MFB_HPF_Maheshwari,Maheshwari MFB equation + current signature,2968.66995853009,58652.990048355,NaN,1.13611509250228e-10,3.9067983323426e-11,1.65484916389521e-11,NaN,NaN,NaN,-0.145658584664203,0.232069099855757,474355.991211428
2745,ACTIVE_OTHER,HPF,ACTIVE_OTHER_STATE_VARIABLE_HPF,State-variable/biquad-like active-other equation + current signature,76409.4675756343,38005.7991261154,23683.1931679239,3.26328745008055e-12,1.63835377018027e-12,NaN,NaN,10305.898989444,30376.8156344037,3.94751730688587,2.33464138700572,1277291.73726804
664,PASSIVE,BSF,PASSIVE_RLC_BSF,Passive RLC equation + source-current signature,43677104.1501508,NaN,NaN,4.39521971592934e-12,NaN,NaN,175725.477329897,NaN,NaN,1,4.5779730781658,181.097506524548
1548,VCVS,BSF,VCVS_BSF_Maheshwari,Maheshwari VCVS equations + prototype input/supply-current signature,18494.4410666222,18494.4410666222,NaN,4.49193844302468e-12,4.49193844302468e-12,NaN,NaN,10162.308500918,6631.95567826782,1.65260326211006,1.43927661220124,1915777.74901041
1231,VCVS,BPF,VCVS_BPF_Maheshwari,Maheshwari VCVS equations + prototype input/supply-current signature,168345.1131966,168345.1131966,NaN,7.23350662253629e-12,7.23350662253629e-12,NaN,NaN,10188.0708210984,2698.78611777026,1.2648966781995,0.576334554510743,130698.539403797
1927,MFB,HPF,MFB_HPF_Maheshwari,Maheshwari MFB equation + current signature,321578.499515153,150854.411210695,NaN,2.19080087267826e-10,7.71264574978885e-10,1.19222507666297e-11,NaN,NaN,NaN,-0.0544196002261705,2.56688594951163,7535.58206980773
1241,VCVS,BPF,VCVS_BPF_Maheshwari,Maheshwari VCVS equations + prototype input/supply-current signature,194047.634505214,194047.634505214,NaN,1.00790184414027e-11,1.00790184414027e-11,NaN,NaN,9894.55054094585,7430.51694627905,1.7509706393969,0.800621691964988,81375.4754233581
1540,VCVS,BSF,VCVS_BSF_Maheshwari,Maheshwari VCVS equations + prototype input/supply-current signature,477696.711859946,477696.711859946,NaN,1.93937979842932e-12,1.93937979842932e-12,NaN,NaN,10060.5178409853,7391.10072778323,1.73466404459548,1.88440348854237,171792.821396779
1414,VCVS,BSF,VCVS_BSF_Maheshwari,Maheshwari VCVS equations + prototype input/supply-current signature,152716.551766013,152716.551766013,NaN,1.10530317338179e-10,1.10530317338179e-10,NaN,NaN,10078.7235915231,5428.59346491764,1.53861914315057,1.08370339292854,9428.7170996257
99,PASSIVE,LPF,PASSIVE_RC_LPF,Passive RC equation + source-current signature,522593.887963812,NaN,NaN,5.22205571176238e-10,NaN,NaN,NaN,NaN,NaN,1,NaN,583.195688646442
288,PASSIVE,HPF,PASSIVE_RC_HPF,Passive RC equation + source-current signature,104345.837084603,NaN,NaN,1.90496225922594e-10,NaN,NaN,NaN,NaN,NaN,1,NaN,8006.79350670637
1642,MFB,LPF,MFB_LPF_Maheshwari,Maheshwari MFB equation + current signature,20733.960573077,158358.650176744,20541.0011104422,4.14450121111182e-10,4.91957020835466e-10,NaN,NaN,NaN,NaN,-0.990693555051639,0.155899078790645,6180.00342976541
3136,ACTIVE_OTHER,BSF,ACTIVE_OTHER_STATE_VARIABLE_BSF,State-variable/biquad-like active-other equation + current signature,4105.80062628754,38549.2318693812,47527.3453443383,1.47052851983648e-12,3.1536085771733e-10,NaN,NaN,9580.49926812018,19292.6664377989,3.01374332358614,4.58900702470915,587452.44950027
2138,MFB,BPF,MFB_BPF_Maheshwari,Maheshwari MFB equation + current signature,8815.95553607002,800068.626546161,NaN,6.2023078501291e-10,1.10793798052963e-10,NaN,NaN,NaN,NaN,-1023800.07841985,3.41610591563712,7229.15324879432
2801,ACTIVE_OTHER,BPF,ACTIVE_OTHER_STATE_VARIABLE_BPF,State-variable/biquad-like active-other equation + current signature,1193.70472593951,447353.828026353,20783.5141369193,1.13188776199021e-12,2.21914303744826e-10,NaN,NaN,9777.72467296752,11694.6735477661,2.19605265426407,2.11712805502227,434562.018782699
635,PASSIVE,BSF,PASSIVE_RLC_BSF,Passive RLC equation + source-current signature,1526256.42753456,NaN,NaN,9.08306240797245e-10,NaN,NaN,1561.89106622206,NaN,NaN,1,0.859175165883752,133.622198250341
575,PASSIVE,BPF,PASSIVE_RLC_BPF,Passive RLC equation + source-current signature,84386.1438098061,NaN,NaN,6.59399608617651e-11,NaN,NaN,3.08233148441692,NaN,NaN,1,2.56208885489058,11163.6475782508
685,PASSIVE,BSF,PASSIVE_RLC_BSF,Passive RLC equation + source-current signature,14130.8649075157,NaN,NaN,3.93487718624076e-11,NaN,NaN,0.11691419248913,NaN,NaN,1,3.85744090705693,74202.9076513254
2967,ACTIVE_OTHER,BPF,ACTIVE_OTHER_STATE_VARIABLE_BPF,State-variable/biquad-like active-other equation + current signature,997.134086609247,662981.368721521,6312.22380419486,1.60011144428098e-11,1.04731207002531e-11,NaN,NaN,10451.7673060056,27131.7705996298,3.59590266461825,0.605479361940546,478166.909374528
1668,MFB,LPF,MFB_LPF_Maheshwari,Maheshwari MFB equation + current signature,1177.24413402564,893.728171488613,2926.78208476562,7.41966183508359e-10,1.82802359052486e-11,NaN,NaN,NaN,NaN,-2.48613010689411,1.70524625731497,844966.050221934
193,PASSIVE,LPF,PASSIVE_RC_LPF,Passive RC equation + source-current signature,220374.773144438,NaN,NaN,2.15574609389787e-11,NaN,NaN,NaN,NaN,NaN,1,NaN,33501.2217510798
1971,MFB,HPF,MFB_HPF_Maheshwari,Maheshwari MFB equation + current signature,369314.896355,1558.92992348784,NaN,1.42333846039507e-10,7.62497725801875e-10,1.23098337946962e-11,NaN,NaN,NaN,-0.0864856401848332,18.7996680851306,68464.1233104798
2666,ACTIVE_OTHER,HPF,ACTIVE_OTHER_STATE_VARIABLE_HPF,State-variable/biquad-like active-other equation + current signature,20656.9661402582,4161.26760856911,50717.9126149836,3.59242427788884e-12,2.10772809949366e-12,NaN,NaN,10323.8826330788,26411.1357296331,3.5582561007628,5.27546411997315,6238395.94849454
3194,ACTIVE_OTHER,BSF,ACTIVE_OTHER_STATE_VARIABLE_BSF,State-variable/biquad-like active-other equation + current signature,51668.025474195,371352.967890211,49785.4834427326,2.64711175750464e-10,1.00985712720556e-12,NaN,NaN,10477.4546225073,29000.0491972056,3.76785252163334,4.85028136189952,70274.8040895489
317,PASSIVE,HPF,PASSIVE_RC_HPF,Passive RC equation + source-current signature,4136.79849668691,NaN,NaN,1.15653714055733e-12,NaN,NaN,NaN,NaN,NaN,1,NaN,33265662.7746715
2887,ACTIVE_OTHER,BPF,ACTIVE_OTHER_STATE_VARIABLE_BPF,State-variable/biquad-like active-other equation + current signature,49079.7268875512,28611.0543898588,31807.3883456764,1.1481859048687e-10,2.05478039698527e-12,NaN,NaN,9758.27491359685,32759.4486125201,4.35709425104167,3.0331483713567,276511.576944818
1735,MFB,LPF,MFB_LPF_Maheshwari,Maheshwari MFB equation + current signature,54845.8611373998,1817.865497441,137170.666762844,6.84511911740366e-10,2.64378100379189e-11,NaN,NaN,NaN,NaN,-2.50102129710761,0.559797934503273,74921.3146625557
1994,MFB,HPF,MFB_HPF_Maheshwari,Maheshwari MFB equation + current signature,54981.3684153387,63.6625969189892,NaN,3.42621293762574e-11,5.78853753373224e-11,6.8113107971089e-10,NaN,NaN,NaN,-19.8799984738512,0.379588497045675,428420.662640913
3149,ACTIVE_OTHER,BSF,ACTIVE_OTHER_STATE_VARIABLE_BSF,State-variable/biquad-like active-other equation + current signature,32207.2575585625,538247.301166937,47100.1699483542,9.30814473457565e-11,5.15645347034876e-12,NaN,NaN,10313.5424709231,11639.8125465292,2.12859500790784,4.49385273152354,55175.3647210896
39,PASSIVE,LPF,PASSIVE_RC_LPF,Passive RC equation + source-current signature,1458.29362414325,NaN,NaN,2.94402465789286e-10,NaN,NaN,NaN,NaN,NaN,1,NaN,370709.496463572
1029,VCVS,HPF,VCVS_HPF_Maheshwari,Maheshwari VCVS equations + prototype input/supply-current signature,5554.08807085755,5554.08807085755,NaN,2.88120130294794e-12,2.88120130294794e-12,NaN,NaN,10042.6410820553,9482.49532759634,1.94422326259774,0.947169950401165,9945663.63266388
3088,ACTIVE_OTHER,BSF,ACTIVE_OTHER_STATE_VARIABLE_BSF,State-variable/biquad-like active-other equation + current signature,5077.18295809099,103418.07798737,28118.0970296159,1.94083374999687e-12,7.19823786900559e-12,NaN,NaN,10013.2952033274,10827.9387904978,2.08135619400292,2.87498716163912,1858246.09510158
489,PASSIVE,BPF,PASSIVE_RLC_BPF,Passive RLC equation + source-current signature,751019.857944482,NaN,NaN,2.78412151558553e-10,NaN,NaN,284.42769411091,NaN,NaN,1,1.34583068643974,565.574861925278
1748,MFB,LPF,MFB_LPF_Maheshwari,Maheshwari MFB equation + current signature,22660.1456617196,6196.3112732474,32234.679155884,2.2982348736446e-10,6.48537823259804e-11,NaN,NaN,NaN,NaN,-1.42252744695895,0.56311641485699,92241.6329097539
432,PASSIVE,BPF,PASSIVE_RLC_BPF,Passive RLC equation + source-current signature,28368.4090514138,NaN,NaN,2.52925036848991e-10,NaN,NaN,4.11063970889064,NaN,NaN,1,4.49390425319334,4935.93593317841
1653,MFB,LPF,MFB_LPF_Maheshwari,Maheshwari MFB equation + current signature,796.608764768812,10983.3021197012,1568.67553155391,4.29577530843985e-10,1.3766479680784e-11,NaN,NaN,NaN,NaN,-1.96919190565165,0.678371609086266,498602.989040884
1799,MFB,LPF,MFB_LPF_Maheshwari,Maheshwari MFB equation + current signature,96102.5198840396,1868992.89894767,153738.983570645,9.42169334579762e-11,2.69483065761084e-11,NaN,NaN,NaN,NaN,-1.59973935913597,0.199953324303045,5892.42523968147
1436,VCVS,BSF,VCVS_BSF_Maheshwari,Maheshwari VCVS equations + prototype input/supply-current signature,32199.7019527915,32199.7019527915,NaN,1.69168134427746e-10,1.69168134427746e-10,NaN,NaN,9944.02961218934,5441.74807781023,1.54723771851401,1.10433227423223,29217.9485422154
517,PASSIVE,BPF,PASSIVE_RLC_BPF,Passive RLC equation + source-current signature,3477727.21472987,NaN,NaN,2.94248788696287e-10,NaN,NaN,2472.65155550855,NaN,NaN,1,0.833544143202375,186.58697751436
9,PASSIVE,LPF,PASSIVE_RC_LPF,Passive RC equation + source-current signature,1558.30961953562,NaN,NaN,3.43336462142133e-10,NaN,NaN,NaN,NaN,NaN,1,NaN,297472.245875523
1620,MFB,LPF,MFB_LPF_Maheshwari,Maheshwari MFB equation + current signature,126803.11823166,33710.7433991808,207747.815105151,8.04399498039961e-10,2.50350497902103e-11,NaN,NaN,NaN,NaN,-1.63834941918078,1.5988705325581,13401.6295537649
2354,MFB,BSF,MFB_BSF_1_MINUS_BP,Maheshwari MFB BPF denominator + 1-minus-BP notch + current signature,28257.5140963652,1669342.056028,NaN,1.32676580305855e-11,4.2333745799845e-11,NaN,NaN,NaN,NaN,1,3.2761246506721,30920.0369583869
578,PASSIVE,BPF,PASSIVE_RLC_BPF,Passive RLC equation + source-current signature,1836.0548310618,NaN,NaN,1.12887606224788e-10,NaN,NaN,0.000572058701468904,NaN,NaN,1,1.22605942268448,626291.765596891
841,VCVS,LPF,VCVS_LPF_Maheshwari,Maheshwari VCVS equations + prototype input/supply-current signature,3481.47266448492,3481.47266448492,NaN,3.17939029250955e-11,3.17939029250955e-11,NaN,NaN,9959.38528874254,3027.66331538715,1.30400102291548,0.589622997131187,1437849.06115571
659,PASSIVE,BSF,PASSIVE_RLC_BSF,Passive RLC equation + source-current signature,16008856.8505303,NaN,NaN,1.06769362821006e-11,NaN,NaN,34762.9779397494,NaN,NaN,1,3.56430483492135,261.239184732676
885,VCVS,LPF,VCVS_LPF_Maheshwari,Maheshwari VCVS equations + prototype input/supply-current signature,69422.835973945,69422.835973945,NaN,2.4156028941291e-11,2.4156028941291e-11,NaN,NaN,9861.30802066826,3152.07955665722,1.31964112164946,0.595110968784008,94905.6874695872
1028,VCVS,HPF,VCVS_HPF_Maheshwari,Maheshwari VCVS equations + prototype input/supply-current signature,13732.1596845388,13732.1596845388,NaN,2.07761058635795e-12,2.07761058635795e-12,NaN,NaN,10110.9347044184,9221.36292881399,1.91201883885021,0.919133561966453,5578496.14259087
2769,ACTIVE_OTHER,HPF,ACTIVE_OTHER_STATE_VARIABLE_HPF,State-variable/biquad-like active-other equation + current signature,26782.5988410953,54951.6752079073,36506.0725148916,1.87557356255919e-10,2.23973387044148e-12,NaN,NaN,10214.1698279046,18979.832228034,2.85818647504588,3.52571200095891,202412.833838514
766,PASSIVE,BSF,PASSIVE_RLC_BSF,Passive RLC equation + source-current signature,309.495586184884,NaN,NaN,3.6484559246965e-10,NaN,NaN,0.000342053575760156,NaN,NaN,1,3.12851365992196,450524.602522155
511,PASSIVE,BPF,PASSIVE_RLC_BPF,Passive RLC equation + source-current signature,49229.1371238646,NaN,NaN,3.03438636996031e-12,NaN,NaN,0.0590195003239268,NaN,NaN,1,2.83295777255677,376085.793160398
1915,MFB,HPF,MFB_HPF_Maheshwari,Maheshwari MFB equation + current signature,206384.381421604,2307.65398849032,NaN,6.39053348139755e-10,1.7973099392241e-11,1.52613428083223e-11,NaN,NaN,NaN,-0.0238811718188272,9.75551213007262,440340.377371232
2542,ACTIVE_OTHER,LPF,ACTIVE_OTHER_STATE_VARIABLE_LPF,State-variable/biquad-like active-other equation + current signature,5455.80630250542,94244.1595599623,50870.9885686826,2.36411989809354e-11,4.87035395832279e-10,NaN,NaN,9503.8745507749,5759.63768052454,1.60603048259459,5.32319868791602,65410.6440539396
304,PASSIVE,HPF,PASSIVE_RC_HPF,Passive RC equation + source-current signature,1985.41552285439,NaN,NaN,1.43895683160673e-10,NaN,NaN,NaN,NaN,NaN,1,NaN,557084.343661584
2253,MFB,BSF,MFB_BSF_1_MINUS_BP,Maheshwari MFB BPF denominator + 1-minus-BP notch + current signature,3505.28908927453,593287.173151507,NaN,2.24558326723275e-10,8.14122079815516e-11,NaN,NaN,NaN,NaN,1,5.74910581329783,25811.6865874513
1472,VCVS,BSF,VCVS_BSF_Maheshwari,Maheshwari VCVS equations + prototype input/supply-current signature,29680.4738467486,29680.4738467486,NaN,2.70123973278339e-10,2.70123973278339e-10,NaN,NaN,9856.77755361131,3918.05914070274,1.39749899187562,0.829874130097356,19851.1729147054
2365,MFB,BSF,MFB_BSF_1_MINUS_BP,Maheshwari MFB BPF denominator + 1-minus-BP notch + current signature,223.085507081191,12926.2252897759,NaN,6.88619387571903e-10,4.10415405484044e-11,NaN,NaN,NaN,NaN,1,1.75380191811385,557502.915257629
1079,VCVS,HPF,VCVS_HPF_Maheshwari,Maheshwari VCVS equations + prototype input/supply-current signature,92707.275344501,92707.275344501,NaN,9.45674792283871e-10,9.45674792283871e-10,NaN,NaN,10002.3028845101,12939.6450871797,2.29366659224232,1.41576200278363,1815.36727170611
1606,MFB,LPF,MFB_LPF_Maheshwari,Maheshwari MFB equation + current signature,104408.576660481,2125304.50493084,151023.585941558,4.85208126165211e-10,1.27637839452668e-10,NaN,NaN,NaN,NaN,-1.44646724217552,0.206448620128714,1128.84264132341
295,PASSIVE,HPF,PASSIVE_RC_HPF,Passive RC equation + source-current signature,616988.180461273,NaN,NaN,2.57396004617835e-10,NaN,NaN,NaN,NaN,NaN,1,NaN,1002.17020282003
2070,MFB,BPF,MFB_BPF_Maheshwari,Maheshwari MFB equation + current signature,13708.8303275281,85648.435655368,NaN,2.21198878472938e-11,2.79655518639842e-11,NaN,NaN,NaN,NaN,-2608412.09156584,1.24122691220537,186748.471605911
312,PASSIVE,HPF,PASSIVE_RC_HPF,Passive RC equation + source-current signature,2726.63046358884,NaN,NaN,7.12929914478908e-10,NaN,NaN,NaN,NaN,NaN,1,NaN,81874.1889694402
2315,MFB,BSF,MFB_BSF_1_MINUS_BP,Maheshwari MFB BPF denominator + 1-minus-BP notch + current signature,19265.4547680006,4399028.94519658,NaN,4.54196616637101e-11,1.36626532804467e-10,NaN,NaN,NaN,NaN,1,6.53877876395945,6940.05030127622
1833,MFB,HPF,MFB_HPF_Maheshwari,Maheshwari MFB equation + current signature,215100.908963909,2163807.5379674,NaN,9.30680832639794e-10,1.17218010043016e-11,1.91999691549422e-11,NaN,NaN,NaN,-0.0206300253336938,0.23843162259543,15550.4247675143
2904,ACTIVE_OTHER,BPF,ACTIVE_OTHER_STATE_VARIABLE_BPF,State-variable/biquad-like active-other equation + current signature,83208.4253239942,35081.4042997343,49658.9380633125,1.22970272238308e-10,3.59970024100058e-10,NaN,NaN,10074.1609964536,32254.1031609317,4.20166643875219,4.82760636958057,14001.1838800974
1756,MFB,LPF,MFB_LPF_Maheshwari,Maheshwari MFB equation + current signature,1146.6464944922,4580.22814543832,1785.41430475992,4.97143134839694e-10,1.21028225195952e-11,NaN,NaN,NaN,NaN,-1.55707475088092,1.35787668481899,717501.833915979
2727,ACTIVE_OTHER,HPF,ACTIVE_OTHER_STATE_VARIABLE_HPF,State-variable/biquad-like active-other equation + current signature,161656.490962301,1185.00299006426,19501.5141625151,2.04225489426981e-10,8.08810912643313e-12,NaN,NaN,9925.90409223714,29117.8946992265,3.93352569485323,1.90334949813427,282934.144287312
1373,VCVS,BPF,VCVS_BPF_Maheshwari,Maheshwari VCVS equations + prototype input/supply-current signature,53370.4259879533,53370.4259879533,NaN,1.23611152113982e-10,1.23611152113982e-10,NaN,NaN,10046.6125134169,3492.2497020536,1.34760469734349,0.605182064117664,24124.6937065172
1741,MFB,LPF,MFB_LPF_Maheshwari,Maheshwari MFB equation + current signature,2824.77392778596,4513.93053087107,4489.63693119602,1.24610462324147e-10,1.49537873793217e-10,NaN,NaN,NaN,NaN,-1.58937920200749,0.254016633736704,258990.736646113
2652,ACTIVE_OTHER,HPF,ACTIVE_OTHER_STATE_VARIABLE_HPF,State-variable/biquad-like active-other equation + current signature,42410.4760116596,30632.6181009461,48228.3240632932,3.37780486371933e-12,1.48206036476556e-11,NaN,NaN,9587.2699671791,31884.8010628069,4.32574352990589,4.72240362023305,624081.45158961
2320,MFB,BSF,MFB_BSF_1_MINUS_BP,Maheshwari MFB BPF denominator + 1-minus-BP notch + current signature,53234.4083468019,63750291.1742594,NaN,3.26116030886803e-10,1.0837648864751e-11,NaN,NaN,NaN,NaN,1,6.10559901997146,1453.21281009936
450,PASSIVE,BPF,PASSIVE_RLC_BPF,Passive RLC equation + source-current signature,51552.5625153352,NaN,NaN,2.7300104302362e-10,NaN,NaN,0.917179122672514,NaN,NaN,1,1.1243322539701,10057.983022862
174,PASSIVE,LPF,PASSIVE_RC_LPF,Passive RC equation + source-current signature,6989.79604415307,NaN,NaN,6.9652074645969e-10,NaN,NaN,NaN,NaN,NaN,1,NaN,32690.5006094075
1023,VCVS,HPF,VCVS_HPF_Maheshwari,Maheshwari VCVS equations + prototype input/supply-current signature,2373.42686171121,2373.42686171121,NaN,5.08725739612498e-11,5.08725739612498e-11,NaN,NaN,10061.3794437246,7799.76815012566,1.77521856657444,0.81647220696604,1318137.04766197
1736,MFB,LPF,MFB_LPF_Maheshwari,Maheshwari MFB equation + current signature,708439.368123881,29700.358647826,756334.781958349,2.32923692629627e-10,2.00760486459357e-11,NaN,NaN,NaN,NaN,-1.06760693432567,0.62429308292714,15528.7427465303
474,PASSIVE,BPF,PASSIVE_RLC_BPF,Passive RLC equation + source-current signature,519813.841075627,NaN,NaN,2.23144219850377e-12,NaN,NaN,3.511312780945,NaN,NaN,1,2.41320434460502,56858.1273825676
2110,MFB,BPF,MFB_BPF_Maheshwari,Maheshwari MFB equation + current signature,553581.671826317,18644067.8239846,NaN,4.27737682617936e-11,7.39502647137235e-10,NaN,NaN,NaN,NaN,-2442.74742495472,1.31940422714666,278.54817702363
2751,ACTIVE_OTHER,HPF,ACTIVE_OTHER_STATE_VARIABLE_HPF,State-variable/biquad-like active-other equation + current signature,756371.990864781,1257.64129620502,26225.1504228503,3.15753731082074e-10,2.34038288503645e-10,NaN,NaN,9722.72409045965,31958.14068979,4.28695336743626,2.71988240504186,18982.6270604979
2927,ACTIVE_OTHER,BPF,ACTIVE_OTHER_STATE_VARIABLE_BPF,State-variable/biquad-like active-other equation + current signature,40276.3376890728,5068.1435273041,38415.1446579688,9.09670385350034e-10,1.36658994393598e-10,NaN,NaN,10054.8904495486,16142.1693163071,2.60540479255364,3.75258586289558,31594.3593710791
742,PASSIVE,BSF,PASSIVE_RLC_BSF,Passive RLC equation + source-current signature,37234.6012317746,NaN,NaN,2.51924780104643e-12,NaN,NaN,0.0150643698151236,NaN,NaN,1,2.07679358274829,816975.820605537
2548,ACTIVE_OTHER,LPF,ACTIVE_OTHER_STATE_VARIABLE_LPF,State-variable/biquad-like active-other equation + current signature,495719.858713273,211606.107405127,8325.86554423222,1.27037231368862e-10,1.2565206788673e-10,NaN,NaN,10201.0789706901,22071.3680178981,3.16363073762235,0.81388564113401,3889.44418570021
2368,MFB,BSF,MFB_BSF_1_MINUS_BP,Maheshwari MFB BPF denominator + 1-minus-BP notch + current signature,734527.677494762,148714317.529203,NaN,1.81824627054673e-11,3.76458734881629e-10,NaN,NaN,NaN,NaN,1,2.98301151821763,184.057965001279
2865,ACTIVE_OTHER,BPF,ACTIVE_OTHER_STATE_VARIABLE_BPF,State-variable/biquad-like active-other equation + current signature,2034.13882951279,399612.094834965,36392.4582753831,1.29386906714724e-12,4.17935374903453e-11,NaN,NaN,9826.8352879282,8476.7576401194,1.86261318031174,3.57470917610913,759120.628521721
351,PASSIVE,HPF,PASSIVE_RC_HPF,Passive RC equation + source-current signature,2662.56306003821,NaN,NaN,7.39287942449037e-11,NaN,NaN,NaN,NaN,NaN,1,NaN,808549.48756876
1075,VCVS,HPF,VCVS_HPF_Maheshwari,Maheshwari VCVS equations + prototype input/supply-current signature,363432.468471941,363432.468471941,NaN,1.24608755450424e-10,1.24608755450424e-10,NaN,NaN,9828.24183596308,3331.13360095754,1.33893484272725,0.602023343648884,3514.37296447315
2440,ACTIVE_OTHER,LPF,ACTIVE_OTHER_STATE_VARIABLE_LPF,State-variable/biquad-like active-other equation + current signature,232596.927305062,99800.5292638237,52197.3447064456,9.84476450384076e-13,3.87207418860661e-10,NaN,NaN,10421.5512386283,13798.1402707287,2.324000617066,5.0521174032959,53502.8876078075
2346,MFB,BSF,MFB_BSF_1_MINUS_BP,Maheshwari MFB BPF denominator + 1-minus-BP notch + current signature,2412.70306927112,296655.14889135,NaN,4.72812484615749e-10,1.84958051744469e-10,NaN,NaN,NaN,NaN,1,4.98517811319786,20116.9047292277
985,VCVS,LPF,VCVS_LPF_Maheshwari,Maheshwari VCVS equations + prototype input/supply-current signature,2976.84401467358,2976.84401467358,NaN,1.83532291146334e-11,1.83532291146334e-11,NaN,NaN,9911.68541284265,13255.436681937,2.33735445888566,1.50910243554698,2913074.33541787
2699,ACTIVE_OTHER,HPF,ACTIVE_OTHER_STATE_VARIABLE_HPF,State-variable/biquad-like active-other equation + current signature,112722.055277769,9576.01993415087,49921.3166484358,3.7397400999515e-11,1.80822629526903e-12,NaN,NaN,10437.4775756841,28076.9815206508,3.69001598490241,5.0327305855817,589082.417911623
2819,ACTIVE_OTHER,BPF,ACTIVE_OTHER_STATE_VARIABLE_BPF,State-variable/biquad-like active-other equation + current signature,971.837215676121,103297.259553881,23048.0499245746,3.12605151953875e-12,1.72767485633069e-10,NaN,NaN,9535.49410845033,8380.51901134142,1.87887621931564,2.340410110395,683517.906732225
2702,ACTIVE_OTHER,HPF,ACTIVE_OTHER_STATE_VARIABLE_HPF,State-variable/biquad-like active-other equation + current signature,8204.98673057243,170802.446653008,28826.1758850898,1.78500889524821e-11,1.00567756681023e-10,NaN,NaN,10404.0935908096,31394.9696071184,4.01755932250082,2.85645675556854,100342.420434064
1507,VCVS,BSF,VCVS_BSF_Maheshwari,Maheshwari VCVS equations + prototype input/supply-current signature,134883.876008217,134883.876008217,NaN,3.8881445692572e-12,3.8881445692572e-12,NaN,NaN,9995.40998739199,4755.00251085044,1.47571860652523,0.95368633375706,303471.34522914
1860,MFB,HPF,MFB_HPF_Maheshwari,Maheshwari MFB equation + current signature,34055.4001359723,16453.198739002,NaN,1.5805278319897e-10,9.20323730007237e-10,1.62083499467404e-11,NaN,NaN,NaN,-0.102550234286833,1.56538597851314,55050.6249606282
442,PASSIVE,BPF,PASSIVE_RLC_BPF,Passive RLC equation + source-current signature,4604655.9318941,NaN,NaN,1.21140006594526e-11,NaN,NaN,811.980632836733,NaN,NaN,1,1.77800040012286,1604.73564640923
134,PASSIVE,LPF,PASSIVE_RC_LPF,Passive RC equation + source-current signature,6587.94681163628,NaN,NaN,1.51592355582758e-10,NaN,NaN,NaN,NaN,NaN,1,NaN,159364.926202405
1385,VCVS,BPF,VCVS_BPF_Maheshwari,Maheshwari VCVS equations + prototype input/supply-current signature,2829.93319956301,2829.93319956301,NaN,5.04692420072775e-11,5.04692420072775e-11,NaN,NaN,10189.4576593188,7190.16260341012,1.70564723303348,0.772586906383818,1114338.57657435
487,PASSIVE,BPF,PASSIVE_RLC_BPF,Passive RLC equation + source-current signature,14503998.904061,NaN,NaN,1.25916472518495e-11,NaN,NaN,18724.3741457324,NaN,NaN,1,2.65873236710793,327.774529046617
1321,VCVS,BPF,VCVS_BPF_Maheshwari,Maheshwari VCVS equations + prototype input/supply-current signature,2371.35312999588,2371.35312999588,NaN,1.33961176304302e-11,1.33961176304302e-11,NaN,NaN,9923.33234517406,3780.88353099238,1.38100946330102,0.617668835816011,5010083.30908831
2486,ACTIVE_OTHER,LPF,ACTIVE_OTHER_STATE_VARIABLE_LPF,State-variable/biquad-like active-other equation + current signature,37737.1319917037,27266.5281745034,32558.6860913746,3.13036679377179e-11,9.42080862821026e-12,NaN,NaN,10147.5557647691,23992.6531339452,3.36437755949511,3.23611328524249,288920.967027043
1704,MFB,LPF,MFB_LPF_Maheshwari,Maheshwari MFB equation + current signature,2790.24551332977,43218.2140974989,3352.43374883883,3.15516899546747e-10,2.22255279320039e-11,NaN,NaN,NaN,NaN,-1.20148342962056,0.460444691814546,157895.322861238
554,PASSIVE,BPF,PASSIVE_RLC_BPF,Passive RLC equation + source-current signature,53719.2332865997,NaN,NaN,1.14276199571659e-10,NaN,NaN,3.63497192905932,NaN,NaN,1,3.32003628938534,7808.93317802703
1052,VCVS,HPF,VCVS_HPF_Maheshwari,Maheshwari VCVS equations + prototype input/supply-current signature,41449.0522480654,41449.0522480654,NaN,2.13059365258618e-11,2.13059365258618e-11,NaN,NaN,10000.4096923267,5856.16722203625,1.58559273091878,0.707009941096803,180220.793754606
1743,MFB,LPF,MFB_LPF_Maheshwari,Maheshwari MFB equation + current signature,455373.094007714,79180.0280848087,809006.461712543,8.80693152853598e-10,4.84321660064638e-11,NaN,NaN,NaN,NaN,-1.77657940787085,1.04899773175881,3044.7879674249
585,PASSIVE,BPF,PASSIVE_RLC_BPF,Passive RLC equation + source-current signature,3481989.91302971,NaN,NaN,2.29710648330882e-12,NaN,NaN,132.474428304497,NaN,NaN,1,2.18096127596861,9123.5433700051
168,PASSIVE,LPF,PASSIVE_RC_LPF,Passive RC equation + source-current signature,18485.9687235548,NaN,NaN,3.35140415687664e-12,NaN,NaN,NaN,NaN,NaN,1,NaN,2568923.15768069
3156,ACTIVE_OTHER,BSF,ACTIVE_OTHER_STATE_VARIABLE_BSF,State-variable/biquad-like active-other equation + current signature,27493.7557877144,132352.543441501,38412.4959122716,1.76930267688576e-12,8.25161535618735e-11,NaN,NaN,10344.2949517967,8063.66434713906,1.77952768987301,3.98024302381226,218356.636256228
646,PASSIVE,BSF,PASSIVE_RLC_BSF,Passive RLC equation + source-current signature,7023946.62892134,NaN,NaN,1.5383833559774e-12,NaN,NaN,1624.64886545235,NaN,NaN,1,4.62664594798378,3183.52371619748
124,PASSIVE,LPF,PASSIVE_RC_LPF,Passive RC equation + source-current signature,7449.67369806132,NaN,NaN,2.67444891394763e-12,NaN,NaN,NaN,NaN,NaN,1,NaN,7988193.46258155
2582,ACTIVE_OTHER,LPF,ACTIVE_OTHER_STATE_VARIABLE_LPF,State-variable/biquad-like active-other equation + current signature,2517.97803832414,58441.1510179651,37722.4599145888,2.60774822542349e-12,2.11913820327888e-10,NaN,NaN,9890.30249191843,5949.70613285132,1.60156968279918,3.66502712491313,558113.223551776
2507,ACTIVE_OTHER,LPF,ACTIVE_OTHER_STATE_VARIABLE_LPF,State-variable/biquad-like active-other equation + current signature,532952.489320666,8249.85594405931,29822.2326553985,2.34919128871981e-11,2.68694836774702e-11,NaN,NaN,10482.0897519046,15371.4291509397,2.46644700768249,3.10130030769461,95535.295250006
481,PASSIVE,BPF,PASSIVE_RLC_BPF,Passive RLC equation + source-current signature,495559.171471541,NaN,NaN,2.9874692841602e-11,NaN,NaN,35.5481736340099,NaN,NaN,1,2.20120962860312,4883.8212575246
331,PASSIVE,HPF,PASSIVE_RC_HPF,Passive RC equation + source-current signature,2605.70418353819,NaN,NaN,8.48339307183563e-11,NaN,NaN,NaN,NaN,NaN,1,NaN,719988.286939967
2027,MFB,BPF,MFB_BPF_Maheshwari,Maheshwari MFB equation + current signature,3701.50230818914,25763.6386879039,NaN,1.48477804601573e-10,2.3901760479956e-11,NaN,NaN,NaN,NaN,-11302957.2613664,0.911747373239036,273578.400252162
2171,MFB,BPF,MFB_BPF_Maheshwari,Maheshwari MFB equation + current signature,143764.015726975,30809255.7309517,NaN,2.39124772009242e-11,2.38202069327088e-10,NaN,NaN,NaN,NaN,-29201.4404371083,4.21511503771498,1002.00382866176
1569,VCVS,BSF,VCVS_BSF_Maheshwari,Maheshwari VCVS equations + prototype input/supply-current signature,166336.796876248,166336.796876248,NaN,2.29708837929704e-12,2.29708837929704e-12,NaN,NaN,9885.70285721527,2266.26312341007,1.22924653473233,0.648715863802645,416537.487205036
813,VCVS,LPF,VCVS_LPF_Maheshwari,Maheshwari VCVS equations + prototype input/supply-current signature,1789.73644749982,1789.73644749982,NaN,1.24750872071321e-10,1.24750872071321e-10,NaN,NaN,9854.64976471824,8539.89129922461,1.86658496274512,0.882289335442376,712832.44544184
2455,ACTIVE_OTHER,LPF,ACTIVE_OTHER_STATE_VARIABLE_LPF,State-variable/biquad-like active-other equation + current signature,124868.293202048,13599.7361493344,9410.48382168374,6.24630779192523e-12,8.85949497894866e-11,NaN,NaN,9933.50049933503,12086.6703670614,2.2167584194384,0.974797065189823,164177.118527118
2132,MFB,BPF,MFB_BPF_Maheshwari,Maheshwari MFB equation + current signature,151688.618933985,223150.295066017,NaN,6.21736605845276e-11,7.02785332975332e-11,NaN,NaN,NaN,NaN,-93804.6383588991,0.605309711237976,13086.7057231685
1604,MFB,LPF,MFB_LPF_Maheshwari,Maheshwari MFB equation + current signature,1003.00981164469,4588.18833773302,1832.12641735091,1.26224466897715e-10,8.75259224399234e-11,NaN,NaN,NaN,NaN,-1.82662860929213,0.235236077592198,522253.87863772
2808,ACTIVE_OTHER,BPF,ACTIVE_OTHER_STATE_VARIABLE_BPF,State-variable/biquad-like active-other equation + current signature,2698.44345266059,1767.2135568604,19513.5429088218,5.46505822249714e-10,6.951691317704e-11,NaN,NaN,10005.0458082855,25899.3331984978,3.58862714821852,1.89247343390128,373917.952794493
1730,MFB,LPF,MFB_LPF_Maheshwari,Maheshwari MFB equation + current signature,3780.53545672052,2111.16751590632,3276.19896127796,5.18838788485222e-11,1.81999255716256e-10,NaN,NaN,NaN,NaN,-0.866596544003835,0.194570676912212,622762.747239336
2935,ACTIVE_OTHER,BPF,ACTIVE_OTHER_STATE_VARIABLE_BPF,State-variable/biquad-like active-other equation + current signature,62236.4234512583,598191.553734593,19857.9793773815,4.92075726433706e-12,1.72027744383793e-11,NaN,NaN,9864.21049742459,16344.269975396,2.65692631758651,1.98519906823117,89652.5116895277
2307,MFB,BSF,MFB_BSF_1_MINUS_BP,Maheshwari MFB BPF denominator + 1-minus-BP notch + current signature,18457.5377802675,3658489.37190145,NaN,1.93760522089504e-10,5.28523075587067e-10,NaN,NaN,NaN,NaN,1,6.23764835669353,1913.8933126439
1244,VCVS,BPF,VCVS_BPF_Maheshwari,Maheshwari VCVS equations + prototype input/supply-current signature,55964.5502822685,55964.5502822685,NaN,1.37804910959201e-12,1.37804910959201e-12,NaN,NaN,10005.947177032,2537.77032477798,1.25362619648875,0.572615094196561,2063680.30099398
2387,MFB,BSF,MFB_BSF_1_MINUS_BP,Maheshwari MFB BPF denominator + 1-minus-BP notch + current signature,771831.477348619,3230370.59043885,NaN,9.03589690302301e-11,2.79485655021953e-11,NaN,NaN,NaN,NaN,1,0.868996288015617,2005.70621411353
1624,MFB,LPF,MFB_LPF_Maheshwari,Maheshwari MFB equation + current signature,15837.3173611014,60.7436521175132,15073.1910104891,5.10888096260511e-10,8.65272660065665e-11,NaN,NaN,NaN,NaN,-0.951751528798112,0.153049430535613,791093.284509921
794,PASSIVE,BSF,PASSIVE_RLC_BSF,Passive RLC equation + source-current signature,15353.238054163,NaN,NaN,1.15154648396893e-10,NaN,NaN,0.0147307115936654,NaN,NaN,1,0.736666876685662,122198.966104541
2966,ACTIVE_OTHER,BPF,ACTIVE_OTHER_STATE_VARIABLE_BPF,State-variable/biquad-like active-other equation + current signature,99257.9945524975,1748.57817991561,14604.2202743902,7.22953039150963e-10,2.90772249004759e-10,NaN,NaN,9645.81367537969,24044.3038741988,3.49271908865194,1.39498235695261,26348.951284579
360,PASSIVE,HPF,PASSIVE_RC_HPF,Passive RC equation + source-current signature,6675.51730357722,NaN,NaN,1.02948987242069e-11,NaN,NaN,NaN,NaN,NaN,1,NaN,2315864.40184701
73,PASSIVE,LPF,PASSIVE_RC_LPF,Passive RC equation + source-current signature,37381.0821311509,NaN,NaN,1.13742719938067e-12,NaN,NaN,NaN,NaN,NaN,1,NaN,3743213.96843252
3126,ACTIVE_OTHER,BSF,ACTIVE_OTHER_STATE_VARIABLE_BSF,State-variable/biquad-like active-other equation + current signature,96267.2245298227,3749.51211693435,35117.7482391102,9.18830733082217e-13,8.48179559858671e-11,NaN,NaN,9588.73829487009,5331.70312482337,1.5560380272007,3.61013860086608,948924.954759173
2479,ACTIVE_OTHER,LPF,ACTIVE_OTHER_STATE_VARIABLE_LPF,State-variable/biquad-like active-other equation + current signature,843949.37396016,9013.60011862346,28144.3797137408,3.42661428072861e-12,1.80569765924255e-11,NaN,NaN,9844.1131656486,20918.9928166983,3.125025633563,2.88934946364421,231983.802438854
758,PASSIVE,BSF,PASSIVE_RLC_BSF,Passive RLC equation + source-current signature,22033.5504065168,NaN,NaN,1.40498353861065e-10,NaN,NaN,0.91593606060073,NaN,NaN,1,3.66448102682158,14029.81469358
1280,VCVS,BPF,VCVS_BPF_Maheshwari,Maheshwari VCVS equations + prototype input/supply-current signature,7450.0707830758,7450.0707830758,NaN,1.87332934985189e-11,1.87332934985189e-11,NaN,NaN,9927.12389944679,1087.65563625944,1.10956402350534,0.528978506775062,1140369.50527967
631,PASSIVE,BSF,PASSIVE_RLC_BSF,Passive RLC equation + source-current signature,51634804.7666813,NaN,NaN,9.6312148305356e-13,NaN,NaN,37943.8057884472,NaN,NaN,1,3.84403532515724,832.54775138126
2193,MFB,BPF,MFB_BPF_Maheshwari,Maheshwari MFB equation + current signature,2734.59509173651,60095.6502333688,NaN,6.51634863582598e-11,5.0902177323632e-10,NaN,NaN,NaN,NaN,-718407.091237893,1.48693950796557,68168.1898342809
622,PASSIVE,BSF,PASSIVE_RLC_BSF,Passive RLC equation + source-current signature,11104.0875246392,NaN,NaN,6.65762172770748e-12,NaN,NaN,0.00799149806528068,NaN,NaN,1,3.12012264218759,689995.843238582
2020,MFB,BPF,MFB_BPF_Maheshwari,Maheshwari MFB equation + current signature,476662.486711614,143903512.608914,NaN,1.90638687821652e-11,2.88502590321439e-10,NaN,NaN,NaN,NaN,-7271.75618255561,4.18959088426868,259.118588064553
2279,MFB,BSF,MFB_BSF_1_MINUS_BP,Maheshwari MFB BPF denominator + 1-minus-BP notch + current signature,403214.843243181,76944011.313535,NaN,2.02940265614288e-10,3.36391001299095e-11,NaN,NaN,NaN,NaN,1,4.82445866865597,345.826418731696
1294,VCVS,BPF,VCVS_BPF_Maheshwari,Maheshwari VCVS equations + prototype input/supply-current signature,197539.508469627,197539.508469627,NaN,3.05668431030064e-10,3.05668431030064e-10,NaN,NaN,9854.23211315033,7534.33955823367,1.76457906326148,0.809440709852282,2635.8189444981
2776,ACTIVE_OTHER,HPF,ACTIVE_OTHER_STATE_VARIABLE_HPF,State-variable/biquad-like active-other equation + current signature,31075.6147724083,48432.0069330695,35731.0198551454,1.03317183712138e-12,3.91808602036447e-12,NaN,NaN,10178.0809102975,33758.4859790772,4.3167830238923,3.67314879866573,2039016.64587214
260,PASSIVE,HPF,PASSIVE_RC_HPF,Passive RC equation + source-current signature,4982.76256032377,NaN,NaN,9.29525275630285e-10,NaN,NaN,NaN,NaN,NaN,1,NaN,34362.8151171172
2457,ACTIVE_OTHER,LPF,ACTIVE_OTHER_STATE_VARIABLE_LPF,State-variable/biquad-like active-other equation + current signature,41706.7266408119,126574.127818497,34953.1353103133,5.48065662735336e-10,1.94108196341921e-12,NaN,NaN,9831.140939038,21134.7172338592,3.14977258132232,3.33851738828642,67159.3328482575
3,PASSIVE,LPF,PASSIVE_RC_LPF,Passive RC equation + source-current signature,800915.468725169,NaN,NaN,9.54233943401341e-12,NaN,NaN,NaN,NaN,NaN,1,NaN,20824.6921065665
1115,VCVS,HPF,VCVS_HPF_Maheshwari,Maheshwari VCVS equations + prototype input/supply-current signature,569693.172696769,569693.172696769,NaN,4.10274345661848e-12,4.10274345661848e-12,NaN,NaN,10055.1004649328,10435.4328669486,2.0378248236646,1.03931178500017,68093.3585525249
2977,ACTIVE_OTHER,BPF,ACTIVE_OTHER_STATE_VARIABLE_BPF,State-variable/biquad-like active-other equation + current signature,117213.77765967,41299.4004824934,51307.2819972889,6.1599610913252e-12,1.8366043140088e-11,NaN,NaN,10064.9033435138,6185.33103029429,1.61454450372644,5.33622156263253,215061.238227426
2481,ACTIVE_OTHER,LPF,ACTIVE_OTHER_STATE_VARIABLE_LPF,State-variable/biquad-like active-other equation + current signature,285174.847372016,60603.9118693079,14006.9504988739,7.94352648070479e-11,3.31580364280421e-10,NaN,NaN,9872.19608952032,21700.933706872,3.19818706092237,1.38367955173829,7459.55839022179
1959,MFB,HPF,MFB_HPF_Maheshwari,Maheshwari MFB equation + current signature,13986.4192645239,124.59874299911,NaN,1.58089132407715e-10,6.24795768187011e-10,9.30216888333976e-11,NaN,NaN,NaN,-0.588412925143347,4.95584361049026,500090.81732154
2108,MFB,BPF,MFB_BPF_Maheshwari,Maheshwari MFB equation + current signature,27883.8361011915,2529608.3927297,NaN,1.95318063777166e-11,2.74434929296286e-10,NaN,NaN,NaN,NaN,-130679.689034267,2.37215517241152,8185.14402986257
3042,ACTIVE_OTHER,BSF,ACTIVE_OTHER_STATE_VARIABLE_BSF,State-variable/biquad-like active-other equation + current signature,1756.57070712855,18742.8968411195,7989.92185978827,1.62128388574805e-11,7.86190398232953e-12,NaN,NaN,9562.64939930152,21589.4418847206,3.25768413995159,0.776735155413282,2456832.53858722
1754,MFB,LPF,MFB_LPF_Maheshwari,Maheshwari MFB equation + current signature,4922.45194146902,20197.9985161663,5708.15862010189,1.17662992841464e-10,3.14349529976925e-11,NaN,NaN,NaN,NaN,-1.15961693236936,0.421135013080465,243720.238335848
736,PASSIVE,BSF,PASSIVE_RLC_BSF,Passive RLC equation + source-current signature,105248.296916403,NaN,NaN,8.57370090662805e-10,NaN,NaN,90.9045740221416,NaN,NaN,1,3.09380991176689,570.089574690311
3087,ACTIVE_OTHER,BSF,ACTIVE_OTHER_STATE_VARIABLE_BSF,State-variable/biquad-like active-other equation + current signature,400526.189976927,25594.8964050501,23324.9453904105,4.54170202195163e-11,4.46553632193392e-12,NaN,NaN,9636.39243921239,28899.1398697755,3.99895838116547,2.23858400194623,110377.830148026
2749,ACTIVE_OTHER,HPF,ACTIVE_OTHER_STATE_VARIABLE_HPF,State-variable/biquad-like active-other equation + current signature,629791.162907536,1795.35846957376,21573.4973168447,2.21053929564779e-11,5.39941840493996e-12,NaN,NaN,10060.159490234,19253.1932519899,2.91380596606644,2.15141916924567,433235.116714431
1334,VCVS,BPF,VCVS_BPF_Maheshwari,Maheshwari VCVS equations + prototype input/supply-current signature,42976.3475157748,42976.3475157748,NaN,3.01904064812827e-12,3.01904064812827e-12,NaN,NaN,9803.88956561958,775.994239922529,1.07915167084744,0.520603310955414,1226652.83943772
1285,VCVS,BPF,VCVS_BPF_Maheshwari,Maheshwari VCVS equations + prototype input/supply-current signature,581016.368566474,581016.368566474,NaN,3.88953427405358e-10,3.88953427405358e-10,NaN,NaN,10098.4559613156,12934.8916090669,2.28087815192906,1.39058492337915,704.261846765106
851,VCVS,LPF,VCVS_LPF_Maheshwari,Maheshwari VCVS equations + prototype input/supply-current signature,26630.9925078894,26630.9925078894,NaN,2.48093202908247e-10,2.48093202908247e-10,NaN,NaN,10156.11076906,4915.94282190738,1.48403792885792,0.659647110594679,24088.9523911475
2846,ACTIVE_OTHER,BPF,ACTIVE_OTHER_STATE_VARIABLE_BPF,State-variable/biquad-like active-other equation + current signature,53701.431992994,21930.5791923964,6299.20911172951,2.39502787003433e-10,6.72541911549288e-12,NaN,NaN,10269.3894131636,16688.0864344329,2.62503200171196,0.65360647073181,115554.585683348
401,PASSIVE,BPF,PASSIVE_RLC_BPF,Passive RLC equation + source-current signature,2707.04011484854,NaN,NaN,1.28639647388009e-10,NaN,NaN,0.0158943253280178,NaN,NaN,1,4.10618901675847,111304.228105724
496,PASSIVE,BPF,PASSIVE_RLC_BPF,Passive RLC equation + source-current signature,9192.57201260671,NaN,NaN,1.01708965543993e-09,NaN,NaN,0.245594516511686,NaN,NaN,1,1.69041241477392,10070.03963868
340,PASSIVE,HPF,PASSIVE_RC_HPF,Passive RC equation + source-current signature,181056.93582305,NaN,NaN,1.7831131549682e-11,NaN,NaN,NaN,NaN,NaN,1,NaN,49297.6323276758
1404,VCVS,BSF,VCVS_BSF_Maheshwari,Maheshwari VCVS equations + prototype input/supply-current signature,1302.02642308723,1302.02642308723,NaN,2.35653471458911e-12,2.35653471458911e-12,NaN,NaN,10022.7668908076,3918.89279005739,1.39099909563412,0.821016843186178,51871223.5087902
1098,VCVS,HPF,VCVS_HPF_Maheshwari,Maheshwari VCVS equations + prototype input/supply-current signature,149761.04640747,149761.04640747,NaN,3.82520331774183e-11,3.82520331774183e-11,NaN,NaN,10008.8389099326,13030.2273228458,2.30187201933232,1.43240212065932,27782.2069439002
3026,ACTIVE_OTHER,BSF,ACTIVE_OTHER_STATE_VARIABLE_BSF,State-variable/biquad-like active-other equation + current signature,55840.9374199894,5028.47665191356,50535.3348501491,1.73645294358918e-12,6.94674596472078e-11,NaN,NaN,9826.21614320383,14616.7212106979,2.48752286716259,5.13274682257356,864775.434828862
2425,ACTIVE_OTHER,LPF,ACTIVE_OTHER_STATE_VARIABLE_LPF,State-variable/biquad-like active-other equation + current signature,1437.38348664921,156158.09188928,45452.6664189758,6.2438191713472e-12,6.06859603084266e-12,NaN,NaN,10106.7862835742,16800.2814607944,2.66227730451753,4.58791562808298,1725767.50169306
2231,MFB,BSF,MFB_BSF_1_MINUS_BP,Maheshwari MFB BPF denominator + 1-minus-BP notch + current signature,699037.714177971,193821076.503058,NaN,5.97308732682195e-11,1.13666408562326e-11,NaN,NaN,NaN,NaN,1,6.10254909533735,524.751666137204
1643,MFB,LPF,MFB_LPF_Maheshwari,Maheshwari MFB equation + current signature,1211.5781477165,11970.1688266296,4533.79801613149,8.65642705706113e-11,3.73170312627877e-11,NaN,NaN,NaN,NaN,-3.7420599114275,0.183044802152374,380115.894222867
2898,ACTIVE_OTHER,BPF,ACTIVE_OTHER_STATE_VARIABLE_BPF,State-variable/biquad-like active-other equation + current signature,18583.1802121016,141062.300739539,16346.6017414079,1.37873848629187e-12,4.08732980800959e-11,NaN,NaN,9808.53801939434,7550.85881423829,1.76982510536311,1.6794758667499,414089.139579378
2823,ACTIVE_OTHER,BPF,ACTIVE_OTHER_STATE_VARIABLE_BPF,State-variable/biquad-like active-other equation + current signature,19815.9896729876,300424.05608846,23921.39180152,8.90876585334957e-12,5.88840067262472e-10,NaN,NaN,9892.13763815307,32508.7315853701,4.28632018422256,2.35219192184352,28479.8335154094
91,PASSIVE,LPF,PASSIVE_RC_LPF,Passive RC equation + source-current signature,42871.1461844371,NaN,NaN,4.94262269339296e-11,NaN,NaN,NaN,NaN,NaN,1,NaN,75109.968184682
3104,ACTIVE_OTHER,BSF,ACTIVE_OTHER_STATE_VARIABLE_BSF,State-variable/biquad-like active-other equation + current signature,87600.9594997622,745714.796020779,41467.7043578219,1.97190964540638e-11,6.63159413821236e-11,NaN,NaN,9891.87754124218,10223.77912363,2.0335529408855,4.07630293399789,17219.7501143849
2418,ACTIVE_OTHER,LPF,ACTIVE_OTHER_STATE_VARIABLE_LPF,State-variable/biquad-like active-other equation + current signature,16035.3954255333,129830.784579047,8281.32178300223,2.52825362391002e-11,1.3380223439181e-11,NaN,NaN,10033.0325333557,21454.7987467244,3.13841614441058,0.8024370800501,189648.517336908
2374,MFB,BSF,MFB_BSF_1_MINUS_BP,Maheshwari MFB BPF denominator + 1-minus-BP notch + current signature,1009.81904813237,2359.14072877412,NaN,8.58063327302563e-10,5.02361778369197e-10,NaN,NaN,NaN,NaN,1,0.737646816039384,157055.613291929
1761,MFB,LPF,MFB_LPF_Maheshwari,Maheshwari MFB equation + current signature,5174.32100714508,30598.0155837981,15279.2042599715,6.67821998801416e-10,4.97660245390671e-10,NaN,NaN,NaN,NaN,-2.95289067664585,0.183860619392514,12768.1006422194
1739,MFB,LPF,MFB_LPF_Maheshwari,Maheshwari MFB equation + current signature,73986.26713065,61730.1271506069,159203.184428897,3.2752927310554e-10,1.63053111905097e-10,NaN,NaN,NaN,NaN,-2.15179371257866,0.397165550862175,6947.14021043679
975,VCVS,LPF,VCVS_LPF_Maheshwari,Maheshwari VCVS equations + prototype input/supply-current signature,5979.77483832029,5979.77483832029,NaN,4.5613961194997e-10,4.5613961194997e-10,NaN,NaN,9978.44016575009,5002.39139919539,1.50131997748161,0.667253840028902,58349.5500538901
810,VCVS,LPF,VCVS_LPF_Maheshwari,Maheshwari VCVS equations + prototype input/supply-current signature,113021.832459574,113021.832459574,NaN,4.40962822196886e-12,4.40962822196886e-12,NaN,NaN,10112.0180116508,8957.96159072664,1.88587278824123,0.89756357213589,319341.831576556
2093,MFB,BPF,MFB_BPF_Maheshwari,Maheshwari MFB equation + current signature,61248.7311089248,2929747.65242108,NaN,1.1802498887893e-11,9.42934692333158e-11,NaN,NaN,NaN,NaN,-173149.519070909,2.17468055301721,11262.3413154894
602,PASSIVE,BSF,PASSIVE_RLC_BSF,Passive RLC equation + source-current signature,122424.580862624,NaN,NaN,8.98578809537485e-10,NaN,NaN,285.536614542484,NaN,NaN,1,4.60451816693421,314.203589565821
2404,ACTIVE_OTHER,LPF,ACTIVE_OTHER_STATE_VARIABLE_LPF,State-variable/biquad-like active-other equation + current signature,1270.85619546326,100602.973972036,6331.53344288403,9.61209602742596e-12,4.60501643433787e-12,NaN,NaN,9811.24224172418,6050.69558893593,1.6167104470425,0.618298848742182,2115640.50934422
309,PASSIVE,HPF,PASSIVE_RC_HPF,Passive RC equation + source-current signature,6870.89892290978,NaN,NaN,1.25649199733475e-10,NaN,NaN,NaN,NaN,NaN,1,NaN,184351.571896326
211,PASSIVE,HPF,PASSIVE_RC_HPF,Passive RC equation + source-current signature,26121.2360392189,NaN,NaN,6.41120558067216e-11,NaN,NaN,NaN,NaN,NaN,1,NaN,95035.6840216874
1976,MFB,HPF,MFB_HPF_Maheshwari,Maheshwari MFB equation + current signature,7279.79102016407,105.129968225978,NaN,2.55712152184995e-11,5.57350796032933e-10,4.20836312818962e-10,NaN,NaN,NaN,-16.457423287201,0.243964202912566,375644.03131292
1234,VCVS,BPF,VCVS_BPF_Maheshwari,Maheshwari VCVS equations + prototype input/supply-current signature,7680.87340873652,7680.87340873652,NaN,1.16542572183626e-12,1.16542572183626e-12,NaN,NaN,9859.2789751014,6093.59391960469,1.61805674988946,0.723618715833674,17779720.3221453
2737,ACTIVE_OTHER,HPF,ACTIVE_OTHER_STATE_VARIABLE_HPF,State-variable/biquad-like active-other equation + current signature,198081.48146922,31876.7056127023,14674.7770650419,2.70143666559057e-10,3.71573774457467e-12,NaN,NaN,10162.8037386719,29447.341993921,3.89756082584443,1.51409740058948,63218.1170140335
2066,MFB,BPF,MFB_BPF_Maheshwari,Maheshwari MFB equation + current signature,27786.7740045397,3500537.05361003,NaN,5.93405059060225e-11,1.06152172584697e-11,NaN,NaN,NaN,NaN,-3390259.8306358,4.02684664397029,20332.6348730504
3180,ACTIVE_OTHER,BSF,ACTIVE_OTHER_STATE_VARIABLE_BSF,State-variable/biquad-like active-other equation + current signature,483064.771872873,394377.713155351,53185.3186014421,2.7820439872747e-12,5.73670608356272e-11,NaN,NaN,10021.4254912026,19559.71173057,2.95178936846267,5.46479868967456,28863.4320225899
1726,MFB,LPF,MFB_LPF_Maheshwari,Maheshwari MFB equation + current signature,212651.563058164,99723.8618621409,568535.473065029,1.5084195802902e-11,2.44133498699241e-11,NaN,NaN,NaN,NaN,-2.67355416950086,0.200203417348149,34831.0876159962
1237,VCVS,BPF,VCVS_BPF_Maheshwari,Maheshwari VCVS equations + prototype input/supply-current signature,29533.871612736,29533.871612736,NaN,3.25696841791929e-12,3.25696841791929e-12,NaN,NaN,9891.72476898648,9585.01644087644,1.96899344297653,0.969925936152157,1654574.02346076
2993,ACTIVE_OTHER,BPF,ACTIVE_OTHER_STATE_VARIABLE_BPF,State-variable/biquad-like active-other equation + current signature,12235.4312164669,265165.005778808,36998.7448294088,2.40936352933082e-12,2.80638549713154e-10,NaN,NaN,10214.3504540957,11084.9153449203,2.0852295889726,3.84108694787268,107455.22984416
70,PASSIVE,LPF,PASSIVE_RC_LPF,Passive RC equation + source-current signature,450505.553699374,NaN,NaN,2.31009108380016e-12,NaN,NaN,NaN,NaN,NaN,1,NaN,152929.362649201
530,PASSIVE,BPF,PASSIVE_RLC_BPF,Passive RLC equation + source-current signature,3498890.19918593,NaN,NaN,3.06261475700185e-11,NaN,NaN,934.193991516732,NaN,NaN,1,1.57849072946358,940.925874582879
1764,MFB,LPF,MFB_LPF_Maheshwari,Maheshwari MFB equation + current signature,10544.6426411141,27294.0717624545,30875.1002533826,8.73682666536952e-11,4.68380066174401e-11,NaN,NaN,NaN,NaN,-2.92803666318658,0.287119401892433,85704.9127782845
2170,MFB,BPF,MFB_BPF_Maheshwari,Maheshwari MFB equation + current signature,35.857754547195,5568.91775504641,NaN,2.630161722344e-10,5.03846115687548e-10,NaN,NaN,NaN,NaN,-55350174.5941247,5.91584327481042,978369.714624007
1080,VCVS,HPF,VCVS_HPF_Maheshwari,Maheshwari VCVS equations + prototype input/supply-current signature,243446.68087548,243446.68087548,NaN,2.27870092865157e-10,2.27870092865157e-10,NaN,NaN,9944.53592511506,5113.42681409179,1.5141946142683,0.673035654334729,2868.98940560978
979,VCVS,LPF,VCVS_LPF_Maheshwari,Maheshwari VCVS equations + prototype input/supply-current signature,12824.4943646116,12824.4943646116,NaN,1.44653451606733e-11,1.44653451606733e-11,NaN,NaN,10045.8942623361,5802.18523902192,1.57756781900198,0.703021214901345,857928.469482796
436,PASSIVE,BPF,PASSIVE_RLC_BPF,Passive RLC equation + source-current signature,153200.755879315,NaN,NaN,1.85732418390516e-12,NaN,NaN,0.100898353479341,NaN,NaN,1,1.52137850057355,367649.716327063
1813,MFB,HPF,MFB_HPF_Maheshwari,Maheshwari MFB equation + current signature,45166.3945686753,10675.1637062123,NaN,2.17789361845377e-10,2.19983913515134e-10,1.70821262775025e-10,NaN,NaN,NaN,-0.78434162866184,0.835321289147015,37390.2803722054
2719,ACTIVE_OTHER,HPF,ACTIVE_OTHER_STATE_VARIABLE_HPF,State-variable/biquad-like active-other equation + current signature,334489.91238312,5262.83410349259,46446.1581075884,4.03781694463811e-11,3.47040463180877e-12,NaN,NaN,9905.37929791504,23635.9897577442,3.38617715151193,4.59858626116984,320446.408796321
2610,ACTIVE_OTHER,HPF,ACTIVE_OTHER_STATE_VARIABLE_HPF,State-variable/biquad-like active-other equation + current signature,11459.7947607125,11262.6548678405,8226.50205570485,6.62498845742495e-10,1.36289458038663e-11,NaN,NaN,9607.81714676162,27887.0429841899,3.90253681540863,0.815367039028815,147430.598520251
378,PASSIVE,HPF,PASSIVE_RC_HPF,Passive RC equation + source-current signature,310786.548371744,NaN,NaN,1.03192095588819e-10,NaN,NaN,NaN,NaN,NaN,1,NaN,4962.62531294241
2053,MFB,BPF,MFB_BPF_Maheshwari,Maheshwari MFB equation + current signature,818.086586501473,12034.6823531341,NaN,3.22540006000016e-10,8.08076524295822e-10,NaN,NaN,NaN,NaN,-1512684.08585214,1.73189033678524,99353.9504259151
1765,MFB,LPF,MFB_LPF_Maheshwari,Maheshwari MFB equation + current signature,72090.6283162899,262.396253585583,137710.210954504,7.53772716655101e-10,5.94478492307751e-11,NaN,NaN,NaN,NaN,-1.91023735221609,0.154577494856302,125074.842454869
533,PASSIVE,BPF,PASSIVE_RLC_BPF,Passive RLC equation + source-current signature,74300.6657349348,NaN,NaN,6.06252766293818e-11,NaN,NaN,7.12563523238853,NaN,NaN,1,4.61415544898166,7657.40242832141
2555,ACTIVE_OTHER,LPF,ACTIVE_OTHER_STATE_VARIABLE_LPF,State-variable/biquad-like active-other equation + current signature,115767.252774542,690014.657913214,27497.7024472789,7.77353098519752e-10,6.81561342731542e-10,NaN,NaN,9545.35566955459,6921.768458041,1.72514515934889,2.86086805432531,773.635638386999
1320,VCVS,BPF,VCVS_BPF_Maheshwari,Maheshwari VCVS equations + prototype input/supply-current signature,336047.952569471,336047.952569471,NaN,4.98499927508326e-11,4.98499927508326e-11,NaN,NaN,9866.39482666323,7892.61401360699,1.79994913565366,0.833298012367745,9500.6600468227
2078,MFB,BPF,MFB_BPF_Maheshwari,Maheshwari MFB equation + current signature,633226.046998047,11463341.9287253,NaN,4.57446928496617e-11,2.03514754722604e-11,NaN,NaN,NaN,NaN,-77597.0709715401,1.96412110715298,1936.05109405767
1558,VCVS,BSF,VCVS_BSF_Maheshwari,Maheshwari VCVS equations + prototype input/supply-current signature,39965.9399235578,39965.9399235578,NaN,3.25823671001279e-12,3.25823671001279e-12,NaN,NaN,10156.4936022419,2459.34036162204,1.24214462765764,0.659756489492989,1222214.60180511
2533,ACTIVE_OTHER,LPF,ACTIVE_OTHER_STATE_VARIABLE_LPF,State-variable/biquad-like active-other equation + current signature,3119.84392355802,246770.175982369,55069.7298772285,7.83525802143736e-11,4.13070210812177e-12,NaN,NaN,9603.04616127201,21861.7209704861,3.27654023560273,5.54272484122963,318837.042995936
2063,MFB,BPF,MFB_BPF_Maheshwari,Maheshwari MFB equation + current signature,3455.11104831003,371442.302095553,NaN,3.27773106632931e-11,3.1178193895399e-11,NaN,NaN,NaN,NaN,-9282971.90666262,5.1826142157033,138973.280691006
1142,VCVS,HPF,VCVS_HPF_Maheshwari,Maheshwari VCVS equations + prototype input/supply-current signature,25441.0685825419,25441.0685825419,NaN,1.55395396041792e-11,1.55395396041792e-11,NaN,NaN,9949.52197121062,6986.50742048589,1.70219528543197,0.770531951976184,402574.845826052
1828,MFB,HPF,MFB_HPF_Maheshwari,Maheshwari MFB equation + current signature,18122.7430853097,1152.11374904687,NaN,4.37760206627911e-10,9.83871972781815e-10,9.48930490547422e-11,NaN,NaN,NaN,-0.216769472460067,3.68640479456027,113991.899291584
2146,MFB,BPF,MFB_BPF_Maheshwari,Maheshwari MFB equation + current signature,85259.7344218779,26427581.5215822,NaN,1.99560979263272e-11,2.32704285618446e-10,NaN,NaN,NaN,NaN,-50402.4494698651,4.74853426021023,1555.89193384218
1288,VCVS,BPF,VCVS_BPF_Maheshwari,Maheshwari VCVS equations + prototype input/supply-current signature,1868.01483384532,1868.01483384532,NaN,1.50009395221519e-10,1.50009395221519e-10,NaN,NaN,9957.70610252845,9553.2364128563,1.95938123845918,0.960966721875478,567964.70846361
104,PASSIVE,LPF,PASSIVE_RC_LPF,Passive RC equation + source-current signature,335696.951022981,NaN,NaN,3.56692597534915e-12,NaN,NaN,NaN,NaN,NaN,1,NaN,132916.420917139
1729,MFB,LPF,MFB_LPF_Maheshwari,Maheshwari MFB equation + current signature,7080.73983689566,161026.239287342,8976.10907398034,6.92309114752289e-11,1.16571969873373e-11,NaN,NaN,NaN,NaN,-1.26767954772303,0.247639812042076,147360.353080877
835,VCVS,LPF,VCVS_LPF_Maheshwari,Maheshwari VCVS equations + prototype input/supply-current signature,1125.13532587101,1125.13532587101,NaN,7.23349934313568e-10,7.23349934313568e-10,NaN,NaN,9836.20465865129,6149.29903518011,1.62516989515581,0.727362600278039,195554.099553401
1536,VCVS,BSF,VCVS_BSF_Maheshwari,Maheshwari VCVS equations + prototype input/supply-current signature,48957.7932224452,48957.7932224452,NaN,5.55389931147278e-12,5.55389931147278e-12,NaN,NaN,10143.3183465758,6655.19406039581,1.65611605916347,1.45397891737456,585329.342662183
178,PASSIVE,LPF,PASSIVE_RC_LPF,Passive RC equation + source-current signature,590791.767986083,NaN,NaN,9.94792622878549e-12,NaN,NaN,NaN,NaN,NaN,1,NaN,27080.2793693605
787,PASSIVE,BSF,PASSIVE_RLC_BSF,Passive RLC equation + source-current signature,5136.90852388432,NaN,NaN,5.89828498860176e-11,NaN,NaN,0.0114893196290055,NaN,NaN,1,2.71695501258011,193334.829421013
400,PASSIVE,HPF,PASSIVE_RC_HPF,Passive RC equation + source-current signature,6813.54715102215,NaN,NaN,1.50608111855418e-12,NaN,NaN,NaN,NaN,NaN,1,NaN,15509525.1756987
534,PASSIVE,BPF,PASSIVE_RLC_BPF,Passive RLC equation + source-current signature,21505.9102020339,NaN,NaN,1.49779367362754e-11,NaN,NaN,0.151205337284151,NaN,NaN,1,4.67196667838407,105757.353667176
2135,MFB,BPF,MFB_BPF_Maheshwari,Maheshwari MFB equation + current signature,154898.265362132,6738768.02990372,NaN,2.53609018018562e-11,2.90987407303509e-10,NaN,NaN,NaN,NaN,-22186.0123656032,1.79110440707437,1813.37305135134
77,PASSIVE,LPF,PASSIVE_RC_LPF,Passive RC equation + source-current signature,12724.7949025712,NaN,NaN,2.42621102232277e-12,NaN,NaN,NaN,NaN,NaN,1,NaN,5155143.62076101
1650,MFB,LPF,MFB_LPF_Maheshwari,Maheshwari MFB equation + current signature,1000.51761302365,433.503756713093,1972.12828197587,8.55898147061176e-10,3.52386254041198e-10,NaN,NaN,NaN,NaN,-1.97110801079846,0.442010603685725,313426.415357077
2552,ACTIVE_OTHER,LPF,ACTIVE_OTHER_STATE_VARIABLE_LPF,State-variable/biquad-like active-other equation + current signature,2726.85495527689,2283.93361342618,7778.13879784039,3.74305021031167e-10,8.83096778448149e-12,NaN,NaN,9953.14772302354,24407.9096274232,3.45228045505272,0.795308400815575,1109252.45329062
3107,ACTIVE_OTHER,BSF,ACTIVE_OTHER_STATE_VARIABLE_BSF,State-variable/biquad-like active-other equation + current signature,857697.20469267,4150.59276936309,29545.4553673024,5.25628554438293e-12,8.93310050727177e-12,NaN,NaN,10455.699088579,9318.13433344154,1.89120146386194,2.83152860220215,389275.872325165
2767,ACTIVE_OTHER,HPF,ACTIVE_OTHER_STATE_VARIABLE_HPF,State-variable/biquad-like active-other equation + current signature,110255.327920785,397732.225251121,27110.4381850852,1.28406996063448e-11,1.19648575106653e-10,NaN,NaN,10395.7382731415,15519.0747283336,2.49283045807616,2.75427649239624,19389.9567502897
1532,VCVS,BSF,VCVS_BSF_Maheshwari,Maheshwari VCVS equations + prototype input/supply-current signature,10450.3764743579,10450.3764743579,NaN,6.38141638618312e-10,6.38141638618312e-10,NaN,NaN,9845.46043382367,2722.22798322296,1.27649575167362,0.691080945490793,23865.5315814066
2589,ACTIVE_OTHER,LPF,ACTIVE_OTHER_STATE_VARIABLE_LPF,State-variable/biquad-like active-other equation + current signature,477307.456911739,133459.676978285,7543.51915872654,2.70802150599224e-12,7.49948839356769e-11,NaN,NaN,10224.7564802511,19645.4551601307,2.9213616674466,0.779208348840879,44249.0666092327
1116,VCVS,HPF,VCVS_HPF_Maheshwari,Maheshwari VCVS equations + prototype input/supply-current signature,39798.6648996702,39798.6648996702,NaN,2.79540754773426e-10,2.79540754773426e-10,NaN,NaN,10121.6964515366,4808.97547346119,1.47511555957906,0.655787398370955,14305.6137470357
2049,MFB,BPF,MFB_BPF_Maheshwari,Maheshwari MFB equation + current signature,84046.2864334861,1842405.78147245,NaN,3.0797319463705e-11,2.68075737849012e-11,NaN,NaN,NaN,NaN,-443837.467136208,2.33538892998245,14076.1215772341
918,VCVS,LPF,VCVS_LPF_Maheshwari,Maheshwari VCVS equations + prototype input/supply-current signature,2476.04010312952,2476.04010312952,NaN,2.9963474543234e-11,2.9963474543234e-11,NaN,NaN,10054.3636664859,2849.87792140444,1.28344687102416,0.582562801651609,2145212.33139938
974,VCVS,LPF,VCVS_LPF_Maheshwari,Maheshwari VCVS equations + prototype input/supply-current signature,157045.385121063,157045.385121063,NaN,8.00427200961791e-11,8.00427200961791e-11,NaN,NaN,9858.16695554215,11448.1493960223,2.16128580979107,1.19230127697123,12661.1488295476
2516,ACTIVE_OTHER,LPF,ACTIVE_OTHER_STATE_VARIABLE_LPF,State-variable/biquad-like active-other equation + current signature,10863.9486329422,2522.53816179331,46829.4662795226,2.95470953097415e-12,2.02435689671896e-10,NaN,NaN,9604.46354631748,11897.5883000646,2.23875615152148,4.49896916313734,1243101.15509686
701,PASSIVE,BSF,PASSIVE_RLC_BSF,Passive RLC equation + source-current signature,1615.94640562787,NaN,NaN,4.76550511431501e-10,NaN,NaN,0.00980211224982781,NaN,NaN,1,2.80658637743201,73638.6513204292
372,PASSIVE,HPF,PASSIVE_RC_HPF,Passive RC equation + source-current signature,23124.4881001072,NaN,NaN,2.53040704060846e-11,NaN,NaN,NaN,NaN,NaN,1,NaN,271992.930786914
2818,ACTIVE_OTHER,BPF,ACTIVE_OTHER_STATE_VARIABLE_BPF,State-variable/biquad-like active-other equation + current signature,14640.7312329537,415247.31783412,37461.3728616226,4.60004686558405e-10,1.50696732040774e-12,NaN,NaN,9848.47561847517,34639.3582529164,4.51723044203257,3.66333568757296,77526.876015982
2123,MFB,BPF,MFB_BPF_Maheshwari,Maheshwari MFB equation + current signature,836.766996887348,294236.980075667,NaN,1.50258942289561e-11,3.20879188971787e-10,NaN,NaN,NaN,NaN,-3724379.31518385,3.87632979359165,146075.806799827
3131,ACTIVE_OTHER,BSF,ACTIVE_OTHER_STATE_VARIABLE_BSF,State-variable/biquad-like active-other equation + current signature,4293.38213498757,129070.738671313,11113.2913015538,1.04778959154958e-10,6.43278611120033e-12,NaN,NaN,9656.85439781265,6669.18924735339,1.69061714846441,1.15128489295845,260417.320339337
199,PASSIVE,LPF,PASSIVE_RC_LPF,Passive RC equation + source-current signature,464795.309588814,NaN,NaN,4.47434829072541e-12,NaN,NaN,NaN,NaN,NaN,1,NaN,76529.4527151575
3179,ACTIVE_OTHER,BSF,ACTIVE_OTHER_STATE_VARIABLE_BSF,State-variable/biquad-like active-other equation + current signature,181569.052962448,1362.27363582493,8715.53614388417,5.88189218498757e-12,4.01099083754734e-11,NaN,NaN,9708.43925762867,5429.35263403122,1.55924052156632,0.88309159653979,658844.123748291
294,PASSIVE,HPF,PASSIVE_RC_HPF,Passive RC equation + source-current signature,160014.820434714,NaN,NaN,1.78067204900217e-12,NaN,NaN,NaN,NaN,NaN,1,NaN,558567.909751603
2330,MFB,BSF,MFB_BSF_1_MINUS_BP,Maheshwari MFB BPF denominator + 1-minus-BP notch + current signature,438429.63795037,2052942.93892608,NaN,4.86022788728654e-11,1.22794194673256e-10,NaN,NaN,NaN,NaN,1,0.975335066343024,2171.52336132044
1371,VCVS,BPF,VCVS_BPF_Maheshwari,Maheshwari VCVS equations + prototype input/supply-current signature,1473.02465920191,1473.02465920191,NaN,2.46730629820505e-10,2.46730629820505e-10,NaN,NaN,10138.213111646,3074.73286908461,1.30328153839581,0.589372970607355,437912.202519162
34,PASSIVE,LPF,PASSIVE_RC_LPF,Passive RC equation + source-current signature,19223.0867546653,NaN,NaN,1.96754910025116e-10,NaN,NaN,NaN,NaN,NaN,1,NaN,42079.5829327939
1046,VCVS,HPF,VCVS_HPF_Maheshwari,Maheshwari VCVS equations + prototype input/supply-current signature,186660.194645999,186660.194645999,NaN,3.60078001786715e-11,3.60078001786715e-11,NaN,NaN,9929.02091782772,5140.13852905968,1.51768835735158,0.67462196965094,23679.4618071337
2732,ACTIVE_OTHER,HPF,ACTIVE_OTHER_STATE_VARIABLE_HPF,State-variable/biquad-like active-other equation + current signature,59149.7052001751,8266.56680229905,21590.5028095111,1.90038693722177e-11,1.2939078837321e-10,NaN,NaN,9806.06089810717,19431.2049079772,2.98155050329413,2.10708160158855,145147.163050612
1550,VCVS,BSF,VCVS_BSF_Maheshwari,Maheshwari VCVS equations + prototype input/supply-current signature,59748.3620573884,59748.3620573884,NaN,1.71231940473962e-12,1.71231940473962e-12,NaN,NaN,10015.0835922915,2487.91207611345,1.24841650628142,0.665262082228777,1555640.88729932
1633,MFB,LPF,MFB_LPF_Maheshwari,Maheshwari MFB equation + current signature,116316.293654771,494555.619270955,176878.474543477,5.7303639001195e-10,1.24333821678767e-10,NaN,NaN,NaN,NaN,-1.52066807655044,0.446053956182142,2015.99442441699
164,PASSIVE,LPF,PASSIVE_RC_LPF,Passive RC equation + source-current signature,353566.491915901,NaN,NaN,8.29344612494309e-10,NaN,NaN,NaN,NaN,NaN,1,NaN,542.767711748655
2906,ACTIVE_OTHER,BPF,ACTIVE_OTHER_STATE_VARIABLE_BPF,State-variable/biquad-like active-other equation + current signature,165433.820696289,129226.357558626,9742.64047145785,8.84352042902982e-12,4.63314105970565e-10,NaN,NaN,10076.9314582779,16119.9648486533,2.59968983766494,0.976478989313328,17005.2130334853
2427,ACTIVE_OTHER,LPF,ACTIVE_OTHER_STATE_VARIABLE_LPF,State-variable/biquad-like active-other equation + current signature,1662.25377699849,1575.68743546114,17196.4324705156,2.11484052377954e-10,3.48914853231595e-12,NaN,NaN,9567.19525742884,30520.8821453816,4.19015984561227,1.67976189884237,3620244.40325427
708,PASSIVE,BSF,PASSIVE_RLC_BSF,Passive RLC equation + source-current signature,8085482.35488127,NaN,NaN,3.06433363960495e-12,NaN,NaN,986.457734582553,NaN,NaN,1,2.21904077809451,2894.76202080489
1163,VCVS,HPF,VCVS_HPF_Maheshwari,Maheshwari VCVS equations + prototype input/supply-current signature,3998.90657976583,3998.90657976583,NaN,2.70577730589019e-10,2.70577730589019e-10,NaN,NaN,10071.5481733686,9853.51767123209,1.97835183842808,0.978810551042726,147091.244769024
51,PASSIVE,LPF,PASSIVE_RC_LPF,Passive RC equation + source-current signature,30556.3301330616,NaN,NaN,1.05304755856799e-09,NaN,NaN,NaN,NaN,NaN,1,NaN,4946.19179323412
923,VCVS,LPF,VCVS_LPF_Maheshwari,Maheshwari VCVS equations + prototype input/supply-current signature,712434.468817916,712434.468817916,NaN,3.01158001756914e-10,3.01158001756914e-10,NaN,NaN,9983.8615914028,5284.13905626426,1.52926806004748,0.679933557458663,741.789704890307
1504,VCVS,BSF,VCVS_BSF_Maheshwari,Maheshwari VCVS equations + prototype input/supply-current signature,2854.16987970528,2854.16987970528,NaN,4.15918758915029e-12,4.15918758915029e-12,NaN,NaN,10159.5099688839,3534.20533468119,1.3478716341148,0.76672021362128,13407006.0219681
3175,ACTIVE_OTHER,BSF,ACTIVE_OTHER_STATE_VARIABLE_BSF,State-variable/biquad-like active-other equation + current signature,188557.4932301,31450.3738410433,16825.393883188,9.6233303294331e-11,7.1053797826088e-11,NaN,NaN,10332.9016990027,23152.2063294041,3.2406296898807,1.68609141637559,24993.6096589916
126,PASSIVE,LPF,PASSIVE_RC_LPF,Passive RC equation + source-current signature,41314.7198548343,NaN,NaN,3.78962180283318e-12,NaN,NaN,NaN,NaN,NaN,1,NaN,1016528.24193895
1781,MFB,LPF,MFB_LPF_Maheshwari,Maheshwari MFB equation + current signature,493437.554911781,20214.1593067514,980698.170153293,5.20604503070741e-11,1.05390070557135e-11,NaN,NaN,NaN,NaN,-1.98748182093401,0.300581579130346,48258.1644852938
2304,MFB,BSF,MFB_BSF_1_MINUS_BP,Maheshwari MFB BPF denominator + 1-minus-BP notch + current signature,798622.05213902,30729117.5692638,NaN,1.6223647009891e-11,1.69046911298946e-11,NaN,NaN,NaN,NaN,1,3.10086321721146,1939.97696764201
800,PASSIVE,BSF,PASSIVE_RLC_BSF,Passive RLC equation + source-current signature,1981317.30695512,NaN,NaN,6.49905432908824e-11,NaN,NaN,4739.1082513021,NaN,NaN,1,4.30991988771656,286.778595455964
1035,VCVS,HPF,VCVS_HPF_Maheshwari,Maheshwari VCVS equations + prototype input/supply-current signature,2256.4924848523,2256.4924848523,NaN,1.6485689162084e-10,1.6485689162084e-10,NaN,NaN,10126.3209896546,9259.98594690421,1.914447207072,0.921189652419168,427837.781124183
932,VCVS,LPF,VCVS_LPF_Maheshwari,Maheshwari VCVS equations + prototype input/supply-current signature,170476.338328185,170476.338328185,NaN,3.45904174348429e-11,3.45904174348429e-11,NaN,NaN,10182.7516912215,5512.17341314402,1.54132454372781,0.685553455842475,26989.8344063549
427,PASSIVE,BPF,PASSIVE_RLC_BPF,Passive RLC equation + source-current signature,361758.367480746,NaN,NaN,1.19171424870074e-11,NaN,NaN,10.1790662366892,NaN,NaN,1,2.55475536027592,14450.4075371825
625,PASSIVE,BSF,PASSIVE_RLC_BSF,Passive RLC equation + source-current signature,32987.3303809622,NaN,NaN,1.06550580668182e-09,NaN,NaN,16.869476650539,NaN,NaN,1,3.81439552495997,1187.11123842315
671,PASSIVE,BSF,PASSIVE_RLC_BSF,Passive RLC equation + source-current signature,1076.67685509978,NaN,NaN,4.66917836111287e-11,NaN,NaN,0.000729416522399529,NaN,NaN,1,3.67098144096564,862406.659154736
1578,VCVS,BSF,VCVS_BSF_Maheshwari,Maheshwari VCVS equations + prototype input/supply-current signature,3379.31034369099,3379.31034369099,NaN,2.83735961326793e-12,2.83735961326793e-12,NaN,NaN,9827.66380636387,2483.784447299,1.25273396569494,0.669105749554093,16598837.422848
2637,ACTIVE_OTHER,HPF,ACTIVE_OTHER_STATE_VARIABLE_HPF,State-variable/biquad-like active-other equation + current signature,11308.7500645945,100052.307323562,34549.884312235,1.55301127378402e-12,2.24371556105152e-11,NaN,NaN,10320.7237235926,8504.80249442371,1.8240509795822,3.34985336900521,801545.297121794
2235,MFB,BSF,MFB_BSF_1_MINUS_BP,Maheshwari MFB BPF denominator + 1-minus-BP notch + current signature,281733.50437587,1238273.77846821,NaN,5.00708090547765e-11,4.06915663197365e-10,NaN,NaN,NaN,NaN,1,0.654832541673368,1887.76546454154
709,PASSIVE,BSF,PASSIVE_RLC_BSF,Passive RLC equation + source-current signature,486.24012717299,NaN,NaN,4.04221166195939e-10,NaN,NaN,0.000217217160953783,NaN,NaN,1,1.50760213877646,537110.372893122
2955,ACTIVE_OTHER,BPF,ACTIVE_OTHER_STATE_VARIABLE_BPF,State-variable/biquad-like active-other equation + current signature,27828.2912377676,12408.5663874461,14113.2090228281,9.30517213431924e-11,1.22452865040931e-11,NaN,NaN,10369.2782183041,33110.0990767221,4.19309583364014,1.41073831886081,253728.57262517
3071,ACTIVE_OTHER,BSF,ACTIVE_OTHER_STATE_VARIABLE_BSF,State-variable/biquad-like active-other equation + current signature,2171.48409293754,134848.685224598,47472.1493453257,1.51532667280369e-11,4.18553162642542e-12,NaN,NaN,10355.2281093715,12476.7565839512,2.20487510774,4.78968762336856,1167857.89079606
147,PASSIVE,LPF,PASSIVE_RC_LPF,Passive RC equation + source-current signature,306807.983678932,NaN,NaN,1.19583895397186e-10,NaN,NaN,NaN,NaN,NaN,1,NaN,4337.91241230007
2397,MFB,BSF,MFB_BSF_1_MINUS_BP,Maheshwari MFB BPF denominator + 1-minus-BP notch + current signature,844.26433711094,85067.1360996037,NaN,2.18911234574401e-10,5.8301324182761e-11,NaN,NaN,NaN,NaN,1,4.09074131261191,166236.646355798
2750,ACTIVE_OTHER,HPF,ACTIVE_OTHER_STATE_VARIABLE_HPF,State-variable/biquad-like active-other equation + current signature,1525.0698657882,5104.05807686288,32387.2470643533,4.25221486765513e-12,9.66636782582948e-11,NaN,NaN,10197.2687734456,28124.6018022768,3.75805241845888,3.17754011363596,2813702.64438089
634,PASSIVE,BSF,PASSIVE_RLC_BSF,Passive RLC equation + source-current signature,1549635.45991559,NaN,NaN,1.06540784359708e-12,NaN,NaN,61.3678195275332,NaN,NaN,1,4.89759485160731,19683.024836679
1784,MFB,LPF,MFB_LPF_Maheshwari,Maheshwari MFB equation + current signature,16925.7866564058,66208.3459541453,61420.9788671104,9.37172267688847e-11,5.46465646336026e-11,NaN,NaN,NaN,NaN,-3.62884042638365,0.227000281419016,34875.0026129315
222,PASSIVE,HPF,PASSIVE_RC_HPF,Passive RC equation + source-current signature,69284.2377505338,NaN,NaN,8.69762910443838e-10,NaN,NaN,NaN,NaN,NaN,1,NaN,2641.09975146051
1577,VCVS,BSF,VCVS_BSF_Maheshwari,Maheshwari VCVS equations + prototype input/supply-current signature,16875.259389034,16875.259389034,NaN,2.57465854237589e-11,2.57465854237589e-11,NaN,NaN,9979.42716642799,3022.83453875975,1.30290661862125,0.717264018503622,366311.062615076
443,PASSIVE,BPF,PASSIVE_RLC_BPF,Passive RLC equation + source-current signature,2625427.48595184,NaN,NaN,6.84579070918325e-11,NaN,NaN,2831.81036450164,NaN,NaN,1,2.44974142991496,361.47331282266
890,VCVS,LPF,VCVS_LPF_Maheshwari,Maheshwari VCVS equations + prototype input/supply-current signature,16708.0781946017,16708.0781946017,NaN,5.77407460648271e-12,5.77407460648271e-12,NaN,NaN,9905.11592671693,13376.9728047911,2.35051148353646,1.53967310376015,1649723.80602474
2905,ACTIVE_OTHER,BPF,ACTIVE_OTHER_STATE_VARIABLE_BPF,State-variable/biquad-like active-other equation + current signature,6644.01570249009,413360.292233318,33581.2573119259,1.97938844792912e-12,9.16633027531448e-12,NaN,NaN,10085.1123374111,26131.9595379236,3.59114213740448,3.2358029629106,712979.696104838
886,VCVS,LPF,VCVS_LPF_Maheshwari,Maheshwari VCVS equations + prototype input/supply-current signature,171611.146458569,171611.146458569,NaN,3.69786509756119e-11,3.69786509756119e-11,NaN,NaN,10006.6467436025,9763.3630192559,1.97568778726979,0.976264841492602,25079.771505625
645,PASSIVE,BSF,PASSIVE_RLC_BSF,Passive RLC equation + source-current signature,10506284.7513719,NaN,NaN,3.01641979083443e-12,NaN,NaN,6202.63024043417,NaN,NaN,1,4.31611381117521,1163.55333363212
3041,ACTIVE_OTHER,BSF,ACTIVE_OTHER_STATE_VARIABLE_BSF,State-variable/biquad-like active-other equation + current signature,491073.226759685,31124.456196319,50855.8917871802,3.96918570087752e-10,6.85162066550831e-10,NaN,NaN,9724.1057437893,26234.9992069935,3.69793438062411,5.18093380648942,2468.58879066294
412,PASSIVE,BPF,PASSIVE_RLC_BPF,Passive RLC equation + source-current signature,133203859.445178,NaN,NaN,3.74800569538097e-12,NaN,NaN,200690.868196636,NaN,NaN,1,1.73718822327493,183.508508191735
1107,VCVS,HPF,VCVS_HPF_Maheshwari,Maheshwari VCVS equations + prototype input/supply-current signature,178376.435757369,178376.435757369,NaN,1.96708853116878e-11,1.96708853116878e-11,NaN,NaN,10020.7385521256,10368.403430596,2.03469453640188,1.03594151044433,45358.5062139905
10,PASSIVE,LPF,PASSIVE_RC_LPF,Passive RC equation + source-current signature,72163.5856756031,NaN,NaN,6.55494804737598e-10,NaN,NaN,NaN,NaN,NaN,1,NaN,3364.59483057066
58,PASSIVE,LPF,PASSIVE_RC_LPF,Passive RC equation + source-current signature,4858.95851856832,NaN,NaN,2.45807885485691e-12,NaN,NaN,NaN,NaN,NaN,1,NaN,13325426.8416708
587,PASSIVE,BPF,PASSIVE_RLC_BPF,Passive RLC equation + source-current signature,2031.23755400483,NaN,NaN,2.65035188034082e-10,NaN,NaN,0.0109538770195844,NaN,NaN,1,3.1649834554173,93408.0772142355
1982,MFB,HPF,MFB_HPF_Maheshwari,Maheshwari MFB equation + current signature,2803.87769657087,701.858268621394,NaN,1.65144769506599e-10,2.08859651235784e-10,5.88658950971556e-10,NaN,NaN,NaN,-3.56450254361845,0.204239903365302,323561.423897249
989,VCVS,LPF,VCVS_LPF_Maheshwari,Maheshwari VCVS equations + prototype input/supply-current signature,649660.712488774,649660.712488774,NaN,1.11057075950016e-12,1.11057075950016e-12,NaN,NaN,9944.31381591925,12614.4514459698,2.26850898709331,1.36707079424852,220590.747787498
2557,ACTIVE_OTHER,LPF,ACTIVE_OTHER_STATE_VARIABLE_LPF,State-variable/biquad-like active-other equation + current signature,16783.3325940992,7030.04858819865,30020.8508375661,8.23021977787585e-11,3.2461747843038e-11,NaN,NaN,9510.56572542339,21739.8931782208,3.28586750839714,2.91086801598545,283472.021982147
1587,VCVS,BSF,VCVS_BSF_Maheshwari,Maheshwari VCVS equations + prototype input/supply-current signature,958218.139764714,958218.139764714,NaN,1.13483389626949e-10,1.13483389626949e-10,NaN,NaN,10042.7392898704,2544.27041922478,1.25334426651811,0.669652662637894,1463.60351663338
1208,VCVS,BPF,VCVS_BPF_Maheshwari,Maheshwari VCVS equations + prototype input/supply-current signature,326274.469829341,326274.469829341,NaN,4.4902526188148e-10,4.4902526188148e-10,NaN,NaN,9984.12455316208,12051.6270787145,2.20707899972038,1.26115968633363,1086.34123375723
2220,MFB,BSF,MFB_BSF_1_MINUS_BP,Maheshwari MFB BPF denominator + 1-minus-BP notch + current signature,5469.93560812221,605768.023826714,NaN,4.79358780265396e-10,1.0637854981672e-11,NaN,NaN,NaN,NaN,1,1.53365029968677,38718.4957462535
2871,ACTIVE_OTHER,BPF,ACTIVE_OTHER_STATE_VARIABLE_BPF,State-variable/biquad-like active-other equation + current signature,34687.0735553376,943564.51949826,25220.4498652232,1.70410317766536e-10,1.39301410649815e-11,NaN,NaN,10191.7447717545,17608.6126546535,2.72773289058947,2.46267066691747,18056.1352729224
110,PASSIVE,LPF,PASSIVE_RC_LPF,Passive RC equation + source-current signature,306469.768314982,NaN,NaN,3.21570453233126e-12,NaN,NaN,NaN,NaN,NaN,1,NaN,161493.985972695
1162,VCVS,HPF,VCVS_HPF_Maheshwari,Maheshwari VCVS equations + prototype input/supply-current signature,429186.138337276,429186.138337276,NaN,2.76917406310608e-11,2.76917406310608e-11,NaN,NaN,9941.36013578694,6372.81348949572,1.64104040115747,0.735857048915752,13391.3447122205
783,PASSIVE,BSF,PASSIVE_RLC_BSF,Passive RLC equation + source-current signature,3981.42532523076,NaN,NaN,7.26239397425266e-12,NaN,NaN,0.0038476529740923,NaN,NaN,1,5.78121965576067,952099.377923973
928,VCVS,LPF,VCVS_LPF_Maheshwari,Maheshwari VCVS equations + prototype input/supply-current signature,2198.72863670616,2198.72863670616,NaN,3.96325076853336e-11,3.96325076853336e-11,NaN,NaN,9870.13189859755,2500.00547307257,1.25328997613779,0.572504872782984,1826404.40669827
3092,ACTIVE_OTHER,BSF,ACTIVE_OTHER_STATE_VARIABLE_BSF,State-variable/biquad-like active-other equation + current signature,116007.559836272,33714.7510454277,19484.3901756877,2.26114000435207e-12,1.27167455587309e-10,NaN,NaN,10159.2656499745,10416.5068553005,2.0253208464262,1.94266635037849,150077.397324811
1036,VCVS,HPF,VCVS_HPF_Maheshwari,Maheshwari VCVS equations + prototype input/supply-current signature,1935.03056420771,1935.03056420771,NaN,3.19820098421932e-11,3.19820098421932e-11,NaN,NaN,10161.752263644,3930.57395718904,1.38680080513787,0.619886250368147,2571736.98042453
1408,VCVS,BSF,VCVS_BSF_Maheshwari,Maheshwari VCVS equations + prototype input/supply-current signature,378656.984256131,378656.984256131,NaN,9.3836850548899e-10,9.3836850548899e-10,NaN,NaN,10086.3103778269,6279.32704257187,1.6225593708058,1.32471165350548,447.920291195602
2144,MFB,BPF,MFB_BPF_Maheshwari,Maheshwari MFB equation + current signature,1603.92376374577,871205.397571739,NaN,2.22711038797505e-11,5.15041286355264e-10,NaN,NaN,NaN,NaN,-1210526.31289733,4.64551060887777,39753.5665515151
381,PASSIVE,HPF,PASSIVE_RC_HPF,Passive RC equation + source-current signature,431356.115655253,NaN,NaN,2.25270591802834e-12,NaN,NaN,NaN,NaN,NaN,1,NaN,163787.091905859
2892,ACTIVE_OTHER,BPF,ACTIVE_OTHER_STATE_VARIABLE_BPF,State-variable/biquad-like active-other equation + current signature,401703.091615047,111711.201036126,43390.3356942026,1.20761834805313e-11,4.45936290504811e-10,NaN,NaN,9609.33288408318,18631.9825878473,2.93894652340634,4.55400350938513,10238.0659816365
142,PASSIVE,LPF,PASSIVE_RC_LPF,Passive RC equation + source-current signature,285891.828842878,NaN,NaN,1.0110414364178e-11,NaN,NaN,NaN,NaN,NaN,1,NaN,55061.6769122093
637,PASSIVE,BSF,PASSIVE_RLC_BSF,Passive RLC equation + source-current signature,8896708.05525126,NaN,NaN,6.97713828728748e-12,NaN,NaN,10873.5013225983,NaN,NaN,1,4.43727863742574,577.825575377765
866,VCVS,LPF,VCVS_LPF_Maheshwari,Maheshwari VCVS equations + prototype input/supply-current signature,33528.4887932723,33528.4887932723,NaN,2.42340190480737e-11,2.42340190480737e-11,NaN,NaN,10143.7158755729,12727.5321585453,2.25472088479868,1.3417791799115,195875.765850856
46,PASSIVE,LPF,PASSIVE_RC_LPF,Passive RC equation + source-current signature,23444.8157023963,NaN,NaN,1.94258836388341e-11,NaN,NaN,NaN,NaN,NaN,1,NaN,349456.019320522
2069,MFB,BPF,MFB_BPF_Maheshwari,Maheshwari MFB equation + current signature,3343267.87729646,11894119.1759608,NaN,6.24264816684092e-11,8.57094845773363e-11,NaN,NaN,NaN,NaN,-3489.79520025548,0.931362851637939,345.040067271082
2247,MFB,BSF,MFB_BSF_1_MINUS_BP,Maheshwari MFB BPF denominator + 1-minus-BP notch + current signature,880803.32584045,61101400.2472741,NaN,1.96244417464711e-10,1.42394801702087e-11,NaN,NaN,NaN,NaN,1,2.0917653015367,410.401891782649
896,VCVS,LPF,VCVS_LPF_Maheshwari,Maheshwari VCVS equations + prototype input/supply-current signature,3756.51073057462,3756.51073057462,NaN,1.79038120785638e-11,1.79038120785638e-11,NaN,NaN,9869.72089095295,3542.94235684078,1.35897087627761,0.609373706745479,2366409.97388691
872,VCVS,LPF,VCVS_LPF_Maheshwari,Maheshwari VCVS equations + prototype input/supply-current signature,57284.908294254,57284.908294254,NaN,5.14239042560675e-12,5.14239042560675e-12,NaN,NaN,10020.1546866524,2945.34390230295,1.29394195942168,0.586146529728274,540274.98875346
2611,ACTIVE_OTHER,HPF,ACTIVE_OTHER_STATE_VARIABLE_HPF,State-variable/biquad-like active-other equation + current signature,15889.8377691817,3410.16217010777,49175.524292837,9.79543295310928e-12,8.44478953128274e-11,NaN,NaN,10059.8328577814,18676.8744113413,2.85657899841692,5.04843118470978,751738.253470459
1238,VCVS,BPF,VCVS_BPF_Maheshwari,Maheshwari VCVS equations + prototype input/supply-current signature,68249.7465006099,68249.7465006099,NaN,7.72772449133029e-11,7.72772449133029e-11,NaN,NaN,9801.34293993377,9498.05320149469,1.96905630786539,0.969985080300028,30176.4021510349
1213,VCVS,BPF,VCVS_BPF_Maheshwari,Maheshwari VCVS equations + prototype input/supply-current signature,34051.8507474695,34051.8507474695,NaN,9.705245537263e-10,9.705245537263e-10,NaN,NaN,10031.1923313255,8737.8646311661,1.87106939460022,0.885794038373049,4815.8492434772
741,PASSIVE,BSF,PASSIVE_RLC_BSF,Passive RLC equation + source-current signature,5102.94710810685,NaN,NaN,3.41389754541415e-10,NaN,NaN,0.19395117283709,NaN,NaN,1,4.67089276163305,19559.0917931381
1691,MFB,LPF,MFB_LPF_Maheshwari,Maheshwari MFB equation + current signature,19775.1524277103,1787.29761704113,49493.4872344515,9.13351567833159e-10,1.84368210849049e-11,NaN,NaN,NaN,NaN,-2.50281192093862,1.18733146727655,130402.421555912
1999,MFB,HPF,MFB_HPF_Maheshwari,Maheshwari MFB equation + current signature,543922.744688303,12724.2197034695,NaN,7.47903740927675e-10,1.52170463633532e-11,1.66439106033838e-11,NaN,NaN,NaN,-0.0222540812307466,5.99615237700672,120210.685307312
1688,MFB,LPF,MFB_LPF_Maheshwari,Maheshwari MFB equation + current signature,8948.56286256599,9927.50989127287,33344.8039735623,5.17694790265125e-10,1.19395096753646e-10,NaN,NaN,NaN,NaN,-3.7262747645269,0.472010865331804,35184.8529189417
1264,VCVS,BPF,VCVS_BPF_Maheshwari,Maheshwari VCVS equations + prototype input/supply-current signature,273004.551158533,273004.551158533,NaN,4.99824763850366e-12,4.99824763850366e-12,NaN,NaN,9967.30841967568,6241.6705389851,1.62621424723488,0.727915541406094,116635.961833673
2357,MFB,BSF,MFB_BSF_1_MINUS_BP,Maheshwari MFB BPF denominator + 1-minus-BP notch + current signature,22825.9857304953,3350688.49315846,NaN,3.50153392340329e-11,5.68513125598858e-10,NaN,NaN,NaN,NaN,1,2.83239562886391,4078.86110434617
1848,MFB,HPF,MFB_HPF_Maheshwari,Maheshwari MFB equation + current signature,21479.7757888426,2806.96188594479,NaN,4.6713035660624e-10,8.2133999430817e-11,3.00618333626746e-11,NaN,NaN,NaN,-0.0643542705746583,3.68693343640889,412494.141624624
2470,ACTIVE_OTHER,LPF,ACTIVE_OTHER_STATE_VARIABLE_LPF,State-variable/biquad-like active-other equation + current signature,10687.502556214,9680.73987993074,46654.16606186,8.30981884609948e-10,8.59147683531285e-12,NaN,NaN,9886.25947466424,26577.5394461342,3.68833116450617,4.5744252571023,185181.693118253
2422,ACTIVE_OTHER,LPF,ACTIVE_OTHER_STATE_VARIABLE_LPF,State-variable/biquad-like active-other equation + current signature,30995.9435310807,33684.0482249908,42865.2488819468,2.4542393930062e-11,4.17909715490002e-10,NaN,NaN,9829.56355860321,20010.7459979031,3.03577156590935,4.31925889898198,48635.7778085923
999,VCVS,LPF,VCVS_LPF_Maheshwari,Maheshwari VCVS equations + prototype input/supply-current signature,1143.5094551851,1143.5094551851,NaN,6.00619038484199e-11,6.00619038484199e-11,NaN,NaN,9804.88027267625,1758.37382139353,1.17933659284894,0.54925034252475,2317294.74781783
2384,MFB,BSF,MFB_BSF_1_MINUS_BP,Maheshwari MFB BPF denominator + 1-minus-BP notch + current signature,39727.0332901713,41740.4246028356,NaN,2.46819191661931e-11,1.86118143572993e-11,NaN,NaN,NaN,NaN,1,0.507451035768094,182353.798534853
1733,MFB,LPF,MFB_LPF_Maheshwari,Maheshwari MFB equation + current signature,822.520089505829,30273.2651092468,1477.60225952353,2.80645124476699e-10,3.33345392819566e-11,NaN,NaN,NaN,NaN,-1.79643303352175,0.225300147199767,246028.685845073
2755,ACTIVE_OTHER,HPF,ACTIVE_OTHER_STATE_VARIABLE_HPF,State-variable/biquad-like active-other equation + current signature,916972.350560636,14059.0374783442,52042.7543883502,5.74664522837224e-10,3.18224874538582e-10,NaN,NaN,10053.4551708659,27470.2434709513,3.73241815913775,5.43266477065131,3277.85668790941
1901,MFB,HPF,MFB_HPF_Maheshwari,Maheshwari MFB equation + current signature,311776.974365138,9215545.12226799,NaN,4.6712462368002e-10,9.96431883849423e-11,2.03087879152566e-11,NaN,NaN,NaN,-0.0434761664997736,0.324176329330815,2087.23710983521
686,PASSIVE,BSF,PASSIVE_RLC_BSF,Passive RLC equation + source-current signature,7603315.55897397,NaN,NaN,6.70489588675339e-12,NaN,NaN,857.046195096881,NaN,NaN,1,1.48697299387441,2099.5295753844
2208,MFB,BSF,MFB_BSF_1_MINUS_BP,Maheshwari MFB BPF denominator + 1-minus-BP notch + current signature,1374.12144100578,141601.772857249,NaN,8.0024567241307e-11,1.43135303400064e-11,NaN,NaN,NaN,NaN,1,3.64183044197723,337122.842125781
2894,ACTIVE_OTHER,BPF,ACTIVE_OTHER_STATE_VARIABLE_BPF,State-variable/biquad-like active-other equation + current signature,4416.80064851939,445662.985287744,12613.1745936724,1.64064425807096e-10,4.92755415484625e-11,NaN,NaN,10440.4397737209,30339.9190999018,3.90600010703275,1.27836611951337,39896.9811646968
1495,VCVS,BSF,VCVS_BSF_Maheshwari,Maheshwari VCVS equations + prototype input/supply-current signature,263859.731103721,263859.731103721,NaN,2.0721056026248e-11,2.0721056026248e-11,NaN,NaN,10042.9990729469,3428.23406604094,1.34135560913031,0.759134985329167,29109.525825801
849,VCVS,LPF,VCVS_LPF_Maheshwari,Maheshwari VCVS equations + prototype input/supply-current signature,6563.24896941667,6563.24896941667,NaN,7.5049855804071e-10,7.5049855804071e-10,NaN,NaN,10053.1254438721,11032.7076390358,2.09744056220455,1.10796027178282,32311.0737405228
270,PASSIVE,HPF,PASSIVE_RC_HPF,Passive RC equation + source-current signature,594377.605676038,NaN,NaN,2.25173423028351e-10,NaN,NaN,NaN,NaN,NaN,1,NaN,1189.16074266017
1564,VCVS,BSF,VCVS_BSF_Maheshwari,Maheshwari VCVS equations + prototype input/supply-current signature,497957.03905563,497957.03905563,NaN,5.17176579880453e-12,5.17176579880453e-12,NaN,NaN,10083.6616611656,1531.7110662426,1.15190028361836,0.589553315892162,61800.132461055
3120,ACTIVE_OTHER,BSF,ACTIVE_OTHER_STATE_VARIABLE_BSF,State-variable/biquad-like active-other equation + current signature,49332.7965461009,3908.45317680844,22799.6443045138,3.07177196141514e-10,1.51240137593207e-12,NaN,NaN,9627.12234260014,5652.9821429534,1.58719334207886,2.1738429373744,531767.498041485
2277,MFB,BSF,MFB_BSF_1_MINUS_BP,Maheshwari MFB BPF denominator + 1-minus-BP notch + current signature,1366141.54457315,124357056.11828,NaN,1.05923551071205e-10,4.52062529983881e-11,NaN,NaN,NaN,NaN,1,4.36850431797946,176.45807799027
942,VCVS,LPF,VCVS_LPF_Maheshwari,Maheshwari VCVS equations + prototype input/supply-current signature,13088.7584438485,13088.7584438485,NaN,4.73850506410835e-11,4.73850506410835e-11,NaN,NaN,9924.46191250462,9187.44823150284,1.92573766845,0.930871325030216,256613.990211928
723,PASSIVE,BSF,PASSIVE_RLC_BSF,Passive RLC equation + source-current signature,3340980.80591138,NaN,NaN,9.40703405234344e-12,NaN,NaN,296.578475720446,NaN,NaN,1,1.68061979961808,3013.17225054169
1487,VCVS,BSF,VCVS_BSF_Maheshwari,Maheshwari VCVS equations + prototype input/supply-current signature,145047.724532982,145047.724532982,NaN,2.60464939243433e-12,2.60464939243433e-12,NaN,NaN,9990.78959181506,4600.03215538806,1.46042728786488,0.926659167068456,421269.424706423
123,PASSIVE,LPF,PASSIVE_RC_LPF,Passive RC equation + source-current signature,167343.985916655,NaN,NaN,1.70798580854897e-11,NaN,NaN,NaN,NaN,NaN,1,NaN,55683.4024950048
1,PASSIVE,LPF,PASSIVE_RC_LPF,Passive RC equation + source-current signature,1074.49368283437,NaN,NaN,3.01752008169335e-11,NaN,NaN,NaN,NaN,NaN,1,NaN,4908695.54120236
119,PASSIVE,LPF,PASSIVE_RC_LPF,Passive RC equation + source-current signature,11583.9656138143,NaN,NaN,1.56060339990072e-11,NaN,NaN,NaN,NaN,NaN,1,NaN,880380.314834029
1731,MFB,LPF,MFB_LPF_Maheshwari,Maheshwari MFB equation + current signature,259863.54779659,1722433.22482435,905470.706198314,1.78598074107558e-10,2.44033841727824e-11,NaN,NaN,NaN,NaN,-3.48440831303926,0.391500998075536,1930.40448578627
1254,VCVS,BPF,VCVS_BPF_Maheshwari,Maheshwari VCVS equations + prototype input/supply-current signature,39118.9500526245,39118.9500526245,NaN,1.33728884804883e-11,1.33728884804883e-11,NaN,NaN,10091.1067040475,9695.52417865389,1.96079889580051,0.962277653438706,304233.979932644
2483,ACTIVE_OTHER,LPF,ACTIVE_OTHER_STATE_VARIABLE_LPF,State-variable/biquad-like active-other equation + current signature,1321.737502125,2116.24305749698,10060.7065838654,6.86510845677125e-11,3.35104888255935e-10,NaN,NaN,10193.2777743779,33240.7434490876,4.26104558169135,0.988642258684672,627408.891725634
567,PASSIVE,BPF,PASSIVE_RLC_BPF,Passive RLC equation + source-current signature,1775.18517396445,NaN,NaN,2.68860079366544e-10,NaN,NaN,0.00404722675372103,NaN,NaN,1,2.18560635756903,152573.181289608
3199,ACTIVE_OTHER,BSF,ACTIVE_OTHER_STATE_VARIABLE_BSF,State-variable/biquad-like active-other equation + current signature,6949.59581899019,160497.820721312,25838.6678944078,4.84355177647504e-11,2.77608306404683e-11,NaN,NaN,10046.0397892967,34588.9157978774,4.44303989664957,2.59313084867301,129959.366747931
1469,VCVS,BSF,VCVS_BSF_Maheshwari,Maheshwari VCVS equations + prototype input/supply-current signature,27586.0669262252,27586.0669262252,NaN,6.64831267276354e-12,6.64831267276354e-12,NaN,NaN,10020.4766569813,1599.72648149148,1.1596457470291,0.594987171460554,867798.52942169
2442,ACTIVE_OTHER,LPF,ACTIVE_OTHER_STATE_VARIABLE_LPF,State-variable/biquad-like active-other equation + current signature,909632.294502579,25173.9808650932,8689.44520998799,7.59958317609805e-12,1.02905357416403e-11,NaN,NaN,9627.53558390219,31264.8485158839,4.24744045279465,0.877770299434722,118931.629272706
2697,ACTIVE_OTHER,HPF,ACTIVE_OTHER_STATE_VARIABLE_HPF,State-variable/biquad-like active-other equation + current signature,537881.249957581,1031.63073180663,29465.9172562514,1.89552216323588e-12,3.03133548176251e-11,NaN,NaN,9738.69391647604,13854.6191704003,2.42263626819207,2.83445093547606,891319.398502017
2181,MFB,BPF,MFB_BPF_Maheshwari,Maheshwari MFB equation + current signature,1527.59511524384,153552.258791844,NaN,4.16892342403279e-11,1.11576238909527e-11,NaN,NaN,NaN,NaN,-58670531.3214687,4.09168902783797,481825.830410311
1144,VCVS,HPF,VCVS_HPF_Maheshwari,Maheshwari VCVS equations + prototype input/supply-current signature,263515.186169925,263515.186169925,NaN,1.69161018019999e-12,1.69161018019999e-12,NaN,NaN,9836.31177587394,1567.09560595473,1.15931739880373,0.543276716664836,357037.796249627
1467,VCVS,BSF,VCVS_BSF_Maheshwari,Maheshwari VCVS equations + prototype input/supply-current signature,12021.6795339375,12021.6795339375,NaN,8.63415915459254e-10,8.63415915459254e-10,NaN,NaN,9851.47833436734,1487.52886141223,1.15099549640412,0.588925026760514,15333.2753685982
649,PASSIVE,BSF,PASSIVE_RLC_BSF,Passive RLC equation + source-current signature,10839605.6501642,NaN,NaN,1.20216598073316e-12,NaN,NaN,1512.96906059365,NaN,NaN,1,3.27279892509454,3731.83893209062
2439,ACTIVE_OTHER,LPF,ACTIVE_OTHER_STATE_VARIABLE_LPF,State-variable/biquad-like active-other equation + current signature,199150.277414678,93959.0286769061,11589.5614504398,2.8983767724144e-12,9.85583835356728e-11,NaN,NaN,9894.32092097286,17206.2633529986,2.73900396908763,1.10558476721468,68839.2623909389
153,PASSIVE,LPF,PASSIVE_RC_LPF,Passive RC equation + source-current signature,4961.13432875171,NaN,NaN,1.62267398828897e-11,NaN,NaN,NaN,NaN,NaN,1,NaN,1977005.47026328
2296,MFB,BSF,MFB_BSF_1_MINUS_BP,Maheshwari MFB BPF denominator + 1-minus-BP notch + current signature,5251.75020223949,211062.262614819,NaN,1.93975151352086e-11,1.38152662682764e-11,NaN,NaN,NaN,NaN,1,3.12464509907245,292018.339365287
1081,VCVS,HPF,VCVS_HPF_Maheshwari,Maheshwari VCVS equations + prototype input/supply-current signature,9909.4340315475,9909.4340315475,NaN,6.69852353006323e-10,6.69852353006323e-10,NaN,NaN,9880.8868398565,1482.06309131114,1.14999292222768,0.540538472536088,23976.8537099149
1789,MFB,LPF,MFB_LPF_Maheshwari,Maheshwari MFB equation + current signature,16774.0566816658,35334.3955217918,44793.9578997576,9.63783168372361e-10,3.14969046602768e-10,NaN,NaN,NaN,NaN,-2.67043081765175,0.398843638928136,7260.8584986024
998,VCVS,LPF,VCVS_LPF_Maheshwari,Maheshwari VCVS equations + prototype input/supply-current signature,211430.900173111,211430.900173111,NaN,1.52232892421553e-10,1.52232892421553e-10,NaN,NaN,9817.67819893704,3866.7830571329,1.39385921791076,0.622610428146417,4944.73673163052
2620,ACTIVE_OTHER,HPF,ACTIVE_OTHER_STATE_VARIABLE_HPF,State-variable/biquad-like active-other equation + current signature,319730.065815152,2475.01293978832,39294.1250709416,8.43805501773317e-12,1.1134424321754e-10,NaN,NaN,9719.61068374149,19863.3069063056,3.04363194706265,3.83462197486654,184579.980559488
893,VCVS,LPF,VCVS_LPF_Maheshwari,Maheshwari VCVS equations + prototype input/supply-current signature,3216.53167869543,3216.53167869543,NaN,4.31103903961335e-10,4.31103903961335e-10,NaN,NaN,10122.3602186345,921.622560616089,1.09104818843726,0.523847691671883,114775.803802432
2261,MFB,BSF,MFB_BSF_1_MINUS_BP,Maheshwari MFB BPF denominator + 1-minus-BP notch + current signature,1669.9845119547,149225.529974012,NaN,2.83045463944369e-11,1.72496243521148e-11,NaN,NaN,NaN,NaN,1,4.58516658296376,456272.636806179
1592,VCVS,BSF,VCVS_BSF_Maheshwari,Maheshwari VCVS equations + prototype input/supply-current signature,1839.56401021732,1839.56401021732,NaN,2.80529534929014e-10,2.80529534929014e-10,NaN,NaN,10081.0294342912,1607.99787107711,1.15950730841112,0.594889170368389,308408.710574678
1439,VCVS,BSF,VCVS_BSF_Maheshwari,Maheshwari VCVS equations + prototype input/supply-current signature,30319.0452806399,30319.0452806399,NaN,1.64875776807539e-12,1.64875776807539e-12,NaN,NaN,10092.3345886785,5377.42946537177,1.53282314593535,1.07025850199934,3183814.49246436
2820,ACTIVE_OTHER,BPF,ACTIVE_OTHER_STATE_VARIABLE_BPF,State-variable/biquad-like active-other equation + current signature,6951.0485533156,195966.038833698,25106.9660850075,1.31988411879335e-10,4.06123308358583e-11,NaN,NaN,10059.1329763775,11440.1739534769,2.13729224778543,2.41522824062269,58898.9705563376
1562,VCVS,BSF,VCVS_BSF_Maheshwari,Maheshwari VCVS equations + prototype input/supply-current signature,492634.39775204,492634.39775204,NaN,1.39310829203767e-12,1.39310829203767e-12,NaN,NaN,10182.0167567079,1795.3025318179,1.17632091703593,0.607032532865483,231905.218536822
2536,ACTIVE_OTHER,LPF,ACTIVE_OTHER_STATE_VARIABLE_LPF,State-variable/biquad-like active-other equation + current signature,16317.0812120807,10863.8304112396,31243.8883172477,3.87236442724879e-11,2.87046816035498e-12,NaN,NaN,9561.28033327242,9092.00447777747,1.95091914062368,3.19381170519221,1133816.90362185
2222,MFB,BSF,MFB_BSF_1_MINUS_BP,Maheshwari MFB BPF denominator + 1-minus-BP notch + current signature,391047.224881662,4130274.1893448,NaN,3.06224824035151e-11,1.40637435204443e-10,NaN,NaN,NaN,NaN,1,1.2453452611929,1908.29459482558
2303,MFB,BSF,MFB_BSF_1_MINUS_BP,Maheshwari MFB BPF denominator + 1-minus-BP notch + current signature,3560.62011698429,843695.111633071,NaN,2.48438874925027e-11,4.94792284456314e-10,NaN,NaN,NaN,NaN,1,3.28436796439613,26190.470975761
1110,VCVS,HPF,VCVS_HPF_Maheshwari,Maheshwari VCVS equations + prototype input/supply-current signature,5958.2865557424,5958.2865557424,NaN,1.91345969651548e-11,1.91345969651548e-11,NaN,NaN,10174.7122003703,9488.68534814206,1.93257530643439,0.936834238544376,1395980.73977819
1243,VCVS,BPF,VCVS_BPF_Maheshwari,Maheshwari VCVS equations + prototype input/supply-current signature,530827.40809197,530827.40809197,NaN,6.86974163937281e-12,6.86974163937281e-12,NaN,NaN,10013.6427419921,1205.19249505806,1.12035505221333,0.532015368741593,43644.185083572
780,PASSIVE,BSF,PASSIVE_RLC_BSF,Passive RLC equation + source-current signature,553.390295316435,NaN,NaN,1.60363088769488e-10,NaN,NaN,0.000430047511275128,NaN,NaN,1,2.95920106279598,606051.744910043
2661,ACTIVE_OTHER,HPF,ACTIVE_OTHER_STATE_VARIABLE_HPF,State-variable/biquad-like active-other equation + current signature,8115.08175594645,783843.824513866,47177.423266028,1.72923723876866e-12,1.09373675723113e-10,NaN,NaN,10087.2348002288,26131.8605534255,3.59058712035065,4.49439962435203,145102.607825597
2329,MFB,BSF,MFB_BSF_1_MINUS_BP,Maheshwari MFB BPF denominator + 1-minus-BP notch + current signature,89401.7154221746,10525741.0097007,NaN,1.62871628756307e-11,2.2543458262261e-11,NaN,NaN,NaN,NaN,1,5.35441545717269,8562.24944976656
2482,ACTIVE_OTHER,LPF,ACTIVE_OTHER_STATE_VARIABLE_LPF,State-variable/biquad-like active-other equation + current signature,81940.5754215223,328096.290331374,22047.3443986144,3.30240305027458e-11,6.7469799307043e-10,NaN,NaN,9942.11792553079,7394.99808724048,1.74380510698335,2.3074568361139,6502.79733973913
2629,ACTIVE_OTHER,HPF,ACTIVE_OTHER_STATE_VARIABLE_HPF,State-variable/biquad-like active-other equation + current signature,4745.51461850968,646616.924728835,35890.2027275228,6.27663666012832e-10,3.36669274750392e-11,NaN,NaN,10374.4345983133,8576.02694601758,1.82665005641965,3.48422317555082,19764.6761962727
1549,VCVS,BSF,VCVS_BSF_Maheshwari,Maheshwari VCVS equations + prototype input/supply-current signature,395430.598869279,395430.598869279,NaN,2.18144161052458e-10,2.18144161052458e-10,NaN,NaN,10028.5374529705,6916.87198538677,1.68971891642464,1.61144209707701,1845.04204015052
186,PASSIVE,LPF,PASSIVE_RC_LPF,Passive RC equation + source-current signature,271977.57833617,NaN,NaN,1.02797729370731e-12,NaN,NaN,NaN,NaN,NaN,1,NaN,569250.613278838
2527,ACTIVE_OTHER,LPF,ACTIVE_OTHER_STATE_VARIABLE_LPF,State-variable/biquad-like active-other equation + current signature,1206.39893893465,57047.2742827499,24284.7300336054,3.3427605164521e-11,7.26925993076934e-12,NaN,NaN,10407.753517493,9755.15629316938,1.93729701388232,2.36412390396619,1230720.62259191
777,PASSIVE,BSF,PASSIVE_RLC_BSF,Passive RLC equation + source-current signature,22074.2185800487,NaN,NaN,6.45023987052436e-12,NaN,NaN,0.0672455570913221,NaN,NaN,1,4.62549830942513,241657.568289352
14,PASSIVE,LPF,PASSIVE_RC_LPF,Passive RC equation + source-current signature,498755.245512598,NaN,NaN,2.09333185255682e-10,NaN,NaN,NaN,NaN,NaN,1,NaN,1524.38467322222
2768,ACTIVE_OTHER,HPF,ACTIVE_OTHER_STATE_VARIABLE_HPF,State-variable/biquad-like active-other equation + current signature,4104.86592446599,22380.6707728451,22415.9762687248,7.54083424568903e-11,9.38779168412622e-11,NaN,NaN,10451.0873001648,10106.3491804663,1.96701413835735,2.33822166253838,197352.519280011
2219,MFB,BSF,MFB_BSF_1_MINUS_BP,Maheshwari MFB BPF denominator + 1-minus-BP notch + current signature,676706.260597861,83510117.4115168,NaN,7.91755693837719e-11,4.24793660592667e-11,NaN,NaN,NaN,NaN,1,5.29571163240473,365.061367415344
3168,ACTIVE_OTHER,BSF,ACTIVE_OTHER_STATE_VARIABLE_BSF,State-variable/biquad-like active-other equation + current signature,923930.484261375,77970.7941229054,56484.4347633556,3.90028283284624e-10,3.17949058437779e-12,NaN,NaN,9918.53537661338,25228.709307636,3.5435922088983,5.83840311775304,16838.6659863479
2614,ACTIVE_OTHER,HPF,ACTIVE_OTHER_STATE_VARIABLE_HPF,State-variable/biquad-like active-other equation + current signature,4974.55784333831,11178.6329547434,7210.03435887105,2.01235719203365e-12,2.96600261102852e-11,NaN,NaN,9968.24826598209,13226.8441941307,2.32689754921825,0.699213811738955,2762550.59824425
2250,MFB,BSF,MFB_BSF_1_MINUS_BP,Maheshwari MFB BPF denominator + 1-minus-BP notch + current signature,1404.82089392492,25463.2262001417,NaN,3.70737716841166e-10,5.3682483036491e-10,NaN,NaN,NaN,NaN,1,2.09275964919836,59649.0121062218
2597,ACTIVE_OTHER,LPF,ACTIVE_OTHER_STATE_VARIABLE_LPF,State-variable/biquad-like active-other equation + current signature,215546.313881747,83955.8853691694,5688.72578771595,6.39382860211579e-11,7.66239137363965e-11,NaN,NaN,10232.2745054237,23295.2755987102,3.27664685758405,0.576605357513561,16902.9146348571
2992,ACTIVE_OTHER,BPF,ACTIVE_OTHER_STATE_VARIABLE_BPF,State-variable/biquad-like active-other equation + current signature,107877.243418399,234364.123559169,47764.0877149217,5.72441191650068e-10,1.07498090520099e-10,NaN,NaN,10293.0879910352,5251.62186745325,1.51020858580313,5.00148729181405,4035.00272678541
2839,ACTIVE_OTHER,BPF,ACTIVE_OTHER_STATE_VARIABLE_BPF,State-variable/biquad-like active-other equation + current signature,1217.20683439569,2607.08840945511,43014.4694629083,8.66419438597395e-12,4.57564024207618e-10,NaN,NaN,9844.93879713912,36499.5859851198,4.70744671320113,4.48434845280829,1418959.60459318
677,PASSIVE,BSF,PASSIVE_RLC_BSF,Passive RLC equation + source-current signature,126749922.197774,NaN,NaN,4.95848928687743e-12,NaN,NaN,54528.8548228604,NaN,NaN,1,0.827352907538647,306.078097689066
223,PASSIVE,HPF,PASSIVE_RC_HPF,Passive RC equation + source-current signature,58920.7573812539,NaN,NaN,3.02615532509191e-11,NaN,NaN,NaN,NaN,NaN,1,NaN,89260.7631075193
446,PASSIVE,BPF,PASSIVE_RLC_BPF,Passive RLC equation + source-current signature,1224376.66930606,NaN,NaN,3.83848430532152e-10,NaN,NaN,220.464385736977,NaN,NaN,1,0.618976685733484,547.105430691472
2183,MFB,BPF,MFB_BPF_Maheshwari,Maheshwari MFB equation + current signature,14590.0751968735,1424297.99260606,NaN,1.07952748081887e-11,4.09494689059217e-11,NaN,NaN,NaN,NaN,-1673763.89812776,4.01463820910455,52510.9587159215
1325,VCVS,BPF,VCVS_BPF_Maheshwari,Maheshwari VCVS equations + prototype input/supply-current signature,5078.71416366832,5078.71416366832,NaN,8.36352214029171e-11,8.36352214029171e-11,NaN,NaN,10171.0293167209,9234.12837133523,1.90788533626136,0.915654768865288,374694.354655034
1143,VCVS,HPF,VCVS_HPF_Maheshwari,Maheshwari VCVS equations + prototype input/supply-current signature,9123.18838717016,9123.18838717016,NaN,2.09593877231163e-12,2.09593877231163e-12,NaN,NaN,9804.30334176331,3061.25690503821,1.3122360455738,0.592499915273981,8323287.51979393
818,VCVS,LPF,VCVS_LPF_Maheshwari,Maheshwari VCVS equations + prototype input/supply-current signature,3264.81418809059,3264.81418809059,NaN,7.0775515275511e-10,7.0775515275511e-10,NaN,NaN,9851.00796133403,13721.8208844948,2.39293572174077,1.64727202013519,68877.6978016272
931,VCVS,LPF,VCVS_LPF_Maheshwari,Maheshwari VCVS equations + prototype input/supply-current signature,250756.947042947,250756.947042947,NaN,8.00961761909877e-11,8.00961761909877e-11,NaN,NaN,9980.10254969327,1654.03497785198,1.1657332647251,0.545176980407995,7924.19902334061
3068,ACTIVE_OTHER,BSF,ACTIVE_OTHER_STATE_VARIABLE_BSF,State-variable/biquad-like active-other equation + current signature,84134.3926965901,12284.7323787605,52732.4691008501,1.25745454597177e-12,2.77511388795458e-10,NaN,NaN,9878.30243447402,5245.67339218139,1.53102984313121,5.51346019784268,265011.027853201
946,VCVS,LPF,VCVS_LPF_Maheshwari,Maheshwari VCVS equations + prototype input/supply-current signature,334386.697454268,334386.697454268,NaN,2.73221021940347e-10,2.73221021940347e-10,NaN,NaN,9816.04526051119,7908.4056990584,1.80566108745168,0.837283278216514,1742.03560899717
1058,VCVS,HPF,VCVS_HPF_Maheshwari,Maheshwari VCVS equations + prototype input/supply-current signature,48920.5511289863,48920.5511289863,NaN,1.71184002277175e-10,1.71184002277175e-10,NaN,NaN,9856.54945479728,2202.79938890072,1.22348585567423,0.562900105914734,19004.9011312256
2385,MFB,BSF,MFB_BSF_1_MINUS_BP,Maheshwari MFB BPF denominator + 1-minus-BP notch + current signature,56382.4963702061,7819172.0910526,NaN,3.48054819916557e-10,2.44672385997683e-11,NaN,NaN,NaN,NaN,1,2.91724259451611,2597.47448885241
2044,MFB,BPF,MFB_BPF_Maheshwari,Maheshwari MFB equation + current signature,425441.833838637,81695902.419062,NaN,1.96431167027882e-11,7.13502326201671e-10,NaN,NaN,NaN,NaN,-3294.30962120546,2.2376532932176,228.032633754812
385,PASSIVE,HPF,PASSIVE_RC_HPF,Passive RC equation + source-current signature,8150.05746432171,NaN,NaN,1.3371510049219e-10,NaN,NaN,NaN,NaN,NaN,1,NaN,146042.414919056
2412,ACTIVE_OTHER,LPF,ACTIVE_OTHER_STATE_VARIABLE_LPF,State-variable/biquad-like active-other equation + current signature,4747.63265639719,13204.483722815,37449.8946829493,1.83566792956267e-11,8.61670864566619e-11,NaN,NaN,10470.9415709881,34532.2107072118,4.29790883399546,3.7452100624812,505420.787515228
1389,VCVS,BPF,VCVS_BPF_Maheshwari,Maheshwari VCVS equations + prototype input/supply-current signature,34443.6642503712,34443.6642503712,NaN,3.85847899210152e-12,3.85847899210152e-12,NaN,NaN,9971.58049360708,12125.5532607808,2.21601116979948,1.27552837678086,1197552.72810958
2576,ACTIVE_OTHER,LPF,ACTIVE_OTHER_STATE_VARIABLE_LPF,State-variable/biquad-like active-other equation + current signature,332780.520968633,666164.586328398,37363.8851439333,5.28768306545437e-12,2.3961016575378e-12,NaN,NaN,9585.58857877795,27064.9462308589,3.82350384730464,3.92324719125438,94965.3305360713
2065,MFB,BPF,MFB_BPF_Maheshwari,Maheshwari MFB equation + current signature,602.543460310732,327330.086118443,NaN,8.01952660105716e-10,4.09237288937283e-11,NaN,NaN,NaN,NaN,-40554254.6471515,5.00952849196572,62556.2944287827
3170,ACTIVE_OTHER,BSF,ACTIVE_OTHER_STATE_VARIABLE_BSF,State-variable/biquad-like active-other equation + current signature,319848.440692175,1329.1397812837,51749.8031770441,2.12912222290796e-10,1.78755688677054e-10,NaN,NaN,9861.04635242938,13049.2015723716,2.32330800464768,5.39669292768449,39566.9388818467
609,PASSIVE,BSF,PASSIVE_RLC_BSF,Passive RLC equation + source-current signature,9679639.28186619,NaN,NaN,2.9105369814488e-11,NaN,NaN,35730.3198805129,NaN,NaN,1,3.6197011677736,156.068450501576
205,PASSIVE,HPF,PASSIVE_RC_HPF,Passive RC equation + source-current signature,3183.5788134351,NaN,NaN,2.99438099062437e-10,NaN,NaN,NaN,NaN,NaN,1,NaN,166954.246073058
806,VCVS,LPF,VCVS_LPF_Maheshwari,Maheshwari VCVS equations + prototype input/supply-current signature,143902.0913686,143902.0913686,NaN,5.66741731155431e-11,5.66741731155431e-11,NaN,NaN,10102.957775432,13954.0914401149,2.38118873208081,1.61600160152642,19514.967552335
839,VCVS,LPF,VCVS_LPF_Maheshwari,Maheshwari VCVS equations + prototype input/supply-current signature,413772.984668709,413772.984668709,NaN,9.89407526202774e-13,9.89407526202774e-13,NaN,NaN,10148.3931570676,5529.46158416321,1.54486079703291,0.687219475608216,388761.088951015
2188,MFB,BPF,MFB_BPF_Maheshwari,Maheshwari MFB equation + current signature,24019.4200433431,5024129.36180083,NaN,6.8526053817772e-11,3.487738185185e-10,NaN,NaN,NaN,NaN,-119369.56377583,5.35797515948072,2963.52548935943
388,PASSIVE,HPF,PASSIVE_RC_HPF,Passive RC equation + source-current signature,9748.89084402239,NaN,NaN,2.04110407069842e-10,NaN,NaN,NaN,NaN,NaN,1,NaN,79983.3840746652
1961,MFB,HPF,MFB_HPF_Maheshwari,Maheshwari MFB equation + current signature,1778.70301164421,1304.85233750615,NaN,8.1651181456864e-10,6.2826978573537e-10,1.47276781990799e-10,NaN,NaN,NaN,-0.180373118138658,1.23674585605033,343437.328433144
3032,ACTIVE_OTHER,BSF,ACTIVE_OTHER_STATE_VARIABLE_BSF,State-variable/biquad-like active-other equation + current signature,1645.08993219215,509204.459975587,19689.541924331,7.24912830304666e-12,5.13559349026955e-11,NaN,NaN,9866.77603433984,29353.3642135595,3.97497015351311,1.92874547163516,284997.464887229
2591,ACTIVE_OTHER,LPF,ACTIVE_OTHER_STATE_VARIABLE_LPF,State-variable/biquad-like active-other equation + current signature,15531.6573979418,5433.05217339567,9607.09309360545,4.87242095222707e-12,1.98663579421953e-12,NaN,NaN,9881.92269710069,9623.05598817687,1.9738040139699,0.916218610903739,5568750.54239865
373,PASSIVE,HPF,PASSIVE_RC_HPF,Passive RC equation + source-current signature,32387.6404569946,NaN,NaN,5.29035940401128e-10,NaN,NaN,NaN,NaN,NaN,1,NaN,9288.71515428349
2472,ACTIVE_OTHER,LPF,ACTIVE_OTHER_STATE_VARIABLE_LPF,State-variable/biquad-like active-other equation + current signature,1644.30255753133,4560.35878945427,9201.1429672535,1.21029947488114e-10,6.56524555098072e-12,NaN,NaN,9755.32223446628,33049.0279652245,4.38779459774889,0.919587732216661,2061853.71610826
832,VCVS,LPF,VCVS_LPF_Maheshwari,Maheshwari VCVS equations + prototype input/supply-current signature,114476.237798871,114476.237798871,NaN,6.27737100257624e-11,6.27737100257624e-11,NaN,NaN,10147.016949328,7063.01969093988,1.69606858116145,0.76691149975566,22147.6160814145
132,PASSIVE,LPF,PASSIVE_RC_LPF,Passive RC equation + source-current signature,323447.207932204,NaN,NaN,1.30150662243667e-11,NaN,NaN,NaN,NaN,NaN,1,NaN,37806.8368192208
831,VCVS,LPF,VCVS_LPF_Maheshwari,Maheshwari VCVS equations + prototype input/supply-current signature,100883.413014313,100883.413014313,NaN,7.07868488724894e-10,7.07868488724894e-10,NaN,NaN,10032.3346227272,14142.3835107332,2.40968020331929,1.69399705993745,2228.68035667595
803,VCVS,LPF,VCVS_LPF_Maheshwari,Maheshwari VCVS equations + prototype input/supply-current signature,9569.37403018086,9569.37403018086,NaN,1.20011366250694e-11,1.20011366250694e-11,NaN,NaN,10044.3212846038,3009.91811946325,1.29966366409216,0.588118937931231,1385843.60429031
915,VCVS,LPF,VCVS_LPF_Maheshwari,Maheshwari VCVS equations + prototype input/supply-current signature,13465.4301152445,13465.4301152445,NaN,3.3295005692946e-10,3.3295005692946e-10,NaN,NaN,10126.9723336566,10114.1248193049,1.9987313568233,0.998732964239575,35499.3832487468
1904,MFB,HPF,MFB_HPF_Maheshwari,Maheshwari MFB equation + current signature,95298.0996369789,1153.08516696464,NaN,2.06141160208928e-10,2.71456018396697e-11,2.67774818331098e-11,NaN,NaN,NaN,-0.129898763575263,7.25538342975062,563135.251800144
2787,ACTIVE_OTHER,HPF,ACTIVE_OTHER_STATE_VARIABLE_HPF,State-variable/biquad-like active-other equation + current signature,279301.884081702,75888.4541247531,37858.1600537547,6.62216373953827e-12,7.57159847232761e-11,NaN,NaN,9735.94830110311,7030.8535049339,1.72215394818164,3.64222527786606,48820.430078359
1032,VCVS,HPF,VCVS_HPF_Maheshwari,Maheshwari VCVS equations + prototype input/supply-current signature,1853.79499939719,1853.79499939719,NaN,5.87317855593563e-10,5.87317855593563e-10,NaN,NaN,9957.60609875809,3960.64524911376,1.39775074549371,0.6241226183676,146179.078866966
2006,MFB,BPF,MFB_BPF_Maheshwari,Maheshwari MFB equation + current signature,229555.852376253,25895276.7534608,NaN,8.11824641214772e-11,3.39239792212762e-10,NaN,NaN,NaN,NaN,-12841.1772938805,4.19242115733592,393.351816120137
426,PASSIVE,BPF,PASSIVE_RLC_BPF,Passive RLC equation + source-current signature,146025.443731606,NaN,NaN,1.93304888531895e-10,NaN,NaN,25.1073740699181,NaN,NaN,1,2.46803147143587,2284.53631778685
2372,MFB,BSF,MFB_BSF_1_MINUS_BP,Maheshwari MFB BPF denominator + 1-minus-BP notch + current signature,774.295814129571,129650.788349731,NaN,9.77245284017756e-11,4.62906707649131e-10,NaN,NaN,NaN,NaN,1,4.90913937846404,74684.5152326537
2096,MFB,BPF,MFB_BPF_Maheshwari,Maheshwari MFB equation + current signature,1205724.24091329,10048842.2172672,NaN,1.97240719968986e-11,1.42221715828282e-11,NaN,NaN,NaN,NaN,-58315.7806473903,1.42437237024988,2729.96371905582
513,PASSIVE,BPF,PASSIVE_RLC_BPF,Passive RLC equation + source-current signature,88965.0431909528,NaN,NaN,8.65180742739598e-10,NaN,NaN,136.13705688334,NaN,NaN,1,4.45877300036035,463.74424247313
2575,ACTIVE_OTHER,LPF,ACTIVE_OTHER_STATE_VARIABLE_LPF,State-variable/biquad-like active-other equation + current signature,7587.71071639308,2182.55010422607,44993.7300658347,5.61622888853074e-10,6.30083879618921e-11,NaN,NaN,9641.64985632043,23206.557573079,3.40690731554271,4.404705147956,207903.142636617
2011,MFB,BPF,MFB_BPF_Maheshwari,Maheshwari MFB equation + current signature,1458369.99970346,44309595.6261939,NaN,1.63294922315925e-11,1.05185663936522e-11,NaN,NaN,NaN,NaN,-65189.2111347672,2.69070918638813,1510.6809784664
2601,ACTIVE_OTHER,HPF,ACTIVE_OTHER_STATE_VARIABLE_HPF,State-variable/biquad-like active-other equation + current signature,15965.8627609371,73503.1402838548,26307.4936638411,2.15927531058957e-12,3.50862701221562e-10,NaN,NaN,9943.85941066111,19544.9607163381,2.96553067668911,2.5789892910491,168790.647023694
905,VCVS,LPF,VCVS_LPF_Maheshwari,Maheshwari VCVS equations + prototype input/supply-current signature,26530.8108635205,26530.8108635205,NaN,7.11631245483716e-11,7.11631245483716e-11,NaN,NaN,10128.1281710744,1981.38041763496,1.19563145175174,0.554210502599833,84297.4815105506
673,PASSIVE,BSF,PASSIVE_RLC_BSF,Passive RLC equation + source-current signature,4317.61969381022,NaN,NaN,1.38719115750319e-10,NaN,NaN,0.0135971553075262,NaN,NaN,1,2.29303924235938,115885.192546373
2428,ACTIVE_OTHER,LPF,ACTIVE_OTHER_STATE_VARIABLE_LPF,State-variable/biquad-like active-other equation + current signature,905773.836894907,738874.004225958,8570.96804281017,2.12634545536307e-10,5.56354407177683e-10,NaN,NaN,10265.1944442725,26896.4113276781,3.62015605000888,0.859934125801731,565.629919925734
3188,ACTIVE_OTHER,BSF,ACTIVE_OTHER_STATE_VARIABLE_BSF,State-variable/biquad-like active-other equation + current signature,279984.222788104,62772.8462767911,18011.226808028,1.61947601006162e-11,2.45714207306862e-10,NaN,NaN,9850.98231620727,23465.0833769637,3.38200441577871,1.77017111752142,19031.1506767525
2381,MFB,BSF,MFB_BSF_1_MINUS_BP,Maheshwari MFB BPF denominator + 1-minus-BP notch + current signature,115593.241480528,809401.440547935,NaN,2.08628632311229e-10,8.73162288355006e-10,NaN,NaN,NaN,NaN,1,1.04401532534913,1219.09481241461
589,PASSIVE,BPF,PASSIVE_RLC_BPF,Passive RLC equation + source-current signature,126548.85648775,NaN,NaN,6.61288723929618e-11,NaN,NaN,24.5184397959705,NaN,NaN,1,4.81163451591288,3952.55714483072
544,PASSIVE,BPF,PASSIVE_RLC_BPF,Passive RLC equation + source-current signature,290047.96165758,NaN,NaN,2.22452362258841e-12,NaN,NaN,0.063614605586846,NaN,NaN,1,0.583028910715163,423080.687325198
1674,MFB,LPF,MFB_LPF_Maheshwari,Maheshwari MFB equation + current signature,46286.7252753027,428135.661249117,108107.757073061,9.48416299602079e-11,1.59142767222923e-11,NaN,NaN,NaN,NaN,-2.33561040298404,0.341882594408515,19041.8019568817
1218,VCVS,BPF,VCVS_BPF_Maheshwari,Maheshwari VCVS equations + prototype input/supply-current signature,12584.9070766247,12584.9070766247,NaN,1.31685146684564e-12,1.31685146684564e-12,NaN,NaN,9878.55532484402,11924.7434362384,2.20713434749394,1.26124772442751,9603583.71742297
1684,MFB,LPF,MFB_LPF_Maheshwari,Maheshwari MFB equation + current signature,7431.20420258351,5796.26262168056,15541.0956139161,2.7696353249971e-10,3.93534967501985e-11,NaN,NaN,NaN,NaN,-2.0913293714245,0.752520335094509,160621.001504378
1628,MFB,LPF,MFB_LPF_Maheshwari,Maheshwari MFB equation + current signature,2476.56903490103,5345.77300156169,4993.94762894767,6.47430112172198e-11,7.40342061588866e-11,NaN,NaN,NaN,NaN,-2.01647826431265,0.228784616528889,444918.253586391
1525,VCVS,BSF,VCVS_BSF_Maheshwari,Maheshwari VCVS equations + prototype input/supply-current signature,45575.6426677134,45575.6426677134,NaN,2.26580201400551e-11,2.26580201400551e-11,NaN,NaN,9972.94797300728,1491.06043489204,1.14951049969655,0.587896734552989,154122.261063
1510,VCVS,BSF,VCVS_BSF_Maheshwari,Maheshwari VCVS equations + prototype input/supply-current signature,2616.49776201391,2616.49776201391,NaN,8.59602342838422e-10,8.59602342838422e-10,NaN,NaN,10077.0898261179,5700.8902781472,1.5657278417199,1.15135172832679,70762.337984852
2937,ACTIVE_OTHER,BPF,ACTIVE_OTHER_STATE_VARIABLE_BPF,State-variable/biquad-like active-other equation + current signature,43186.3951613889,1377.93433304146,26285.9242828797,7.44482352220327e-10,4.44089812481127e-11,NaN,NaN,10235.0185630354,23623.0939877787,3.30806557333422,2.64873616456001,113467.05549449
3082,ACTIVE_OTHER,BSF,ACTIVE_OTHER_STATE_VARIABLE_BSF,State-variable/biquad-like active-other equation + current signature,40527.3474161405,1193.42393034332,42221.5092652679,1.64199206257862e-10,4.5403198001524e-10,NaN,NaN,9580.61639049618,9557.7979223602,1.99761826721727,4.38883715750249,83814.6474155456
1491,VCVS,BSF,VCVS_BSF_Maheshwari,Maheshwari VCVS equations + prototype input/supply-current signature,68174.0134523105,68174.0134523105,NaN,3.01829240381365e-11,3.01829240381365e-11,NaN,NaN,9818.63600823376,6690.73800480736,1.68143253290952,1.56952624373911,77346.3740297226
1461,VCVS,BSF,VCVS_BSF_Maheshwari,Maheshwari VCVS equations + prototype input/supply-current signature,999.732467203969,999.732467203969,NaN,1.07757108339984e-10,1.07757108339984e-10,NaN,NaN,10027.8928313111,3719.06051900709,1.37087158604195,0.794750306784495,1477373.84665994
2205,MFB,BSF,MFB_BSF_1_MINUS_BP,Maheshwari MFB BPF denominator + 1-minus-BP notch + current signature,284675.32596002,559132.723187539,NaN,1.34246562244686e-10,1.44036709270313e-10,NaN,NaN,NaN,NaN,1,0.700299188954388,2868.79543643575
2875,ACTIVE_OTHER,BPF,ACTIVE_OTHER_STATE_VARIABLE_BPF,State-variable/biquad-like active-other equation + current signature,755977.998988931,292847.328702881,9368.02710291985,2.90131263385064e-12,1.03763823868565e-10,NaN,NaN,10237.0256343,10852.4879559331,2.060121205477,0.967278261380442,19495.0642779741
1192,VCVS,HPF,VCVS_HPF_Maheshwari,Maheshwari VCVS equations + prototype input/supply-current signature,357325.483332408,357325.483332408,NaN,1.98177565880409e-10,1.98177565880409e-10,NaN,NaN,9980.2780755767,9054.09319163038,1.90719848916707,0.915079261958377,2247.51009931746
535,PASSIVE,BPF,PASSIVE_RLC_BPF,Passive RLC equation + source-current signature,9572.62118847015,NaN,NaN,1.28692802919231e-10,NaN,NaN,0.00369763688354432,NaN,NaN,1,0.559956289393764,230717.677674799
1466,VCVS,BSF,VCVS_BSF_Maheshwari,Maheshwari VCVS equations + prototype input/supply-current signature,6196.64885189537,6196.64885189537,NaN,6.30206020643874e-10,6.30206020643874e-10,NaN,NaN,10026.6199276913,4513.13680007885,1.45011547586585,0.909281818373241,40754.9812128053
2462,ACTIVE_OTHER,LPF,ACTIVE_OTHER_STATE_VARIABLE_LPF,State-variable/biquad-like active-other equation + current signature,682788.108300984,14989.5632491882,14539.4820154703,3.14388152771008e-11,2.36624505529581e-10,NaN,NaN,10326.2478656358,15855.2264102219,2.53542957873262,1.4176074027198,18239.7853065261
1062,VCVS,HPF,VCVS_HPF_Maheshwari,Maheshwari VCVS equations + prototype input/supply-current signature,23035.3136635978,23035.3136635978,NaN,2.32309277801122e-11,2.32309277801122e-11,NaN,NaN,10114.4330450949,1381.61628415114,1.13659849029513,0.536652994425438,297412.656883343
1610,MFB,LPF,MFB_LPF_Maheshwari,Maheshwari MFB equation + current signature,17220.8207431146,26673.7624216191,27262.0228988554,6.17795073170599e-11,2.71190257863591e-11,NaN,NaN,NaN,NaN,-1.5830849937716,0.42325303095915,144191.510339889
733,PASSIVE,BSF,PASSIVE_RLC_BSF,Passive RLC equation + source-current signature,4268.27500316609,NaN,NaN,3.10383599609045e-11,NaN,NaN,0.0145795225644753,NaN,NaN,1,5.07773317015111,236591.478212747
2757,ACTIVE_OTHER,HPF,ACTIVE_OTHER_STATE_VARIABLE_HPF,State-variable/biquad-like active-other equation + current signature,27476.0379946469,12433.826723972,51125.7629383756,4.94409009717124e-11,3.06688913847979e-11,NaN,NaN,10161.1341671015,6083.97319071023,1.59874942015904,5.03185484864755,221130.396782244
1182,VCVS,HPF,VCVS_HPF_Maheshwari,Maheshwari VCVS equations + prototype input/supply-current signature,2593.37413793136,2593.37413793136,NaN,3.22514780688561e-12,3.22514780688561e-12,NaN,NaN,9899.94063638189,11997.966830179,2.21192310851713,1.2689117150972,19028534.1119171
509,PASSIVE,BPF,PASSIVE_RLC_BPF,Passive RLC equation + source-current signature,8212447.42469388,NaN,NaN,1.51785136725583e-12,NaN,NaN,410.988290091163,NaN,NaN,1,2.00367601134027,6372.22033984703
236,PASSIVE,HPF,PASSIVE_RC_HPF,Passive RC equation + source-current signature,307239.159989998,NaN,NaN,1.05193959263454e-10,NaN,NaN,NaN,NaN,NaN,1,NaN,4924.3936351361
2656,ACTIVE_OTHER,HPF,ACTIVE_OTHER_STATE_VARIABLE_HPF,State-variable/biquad-like active-other equation + current signature,78370.7855549754,13621.4182052543,15539.6781670996,1.49099768854415e-11,7.06607527479201e-12,NaN,NaN,10207.3604727081,10701.6898591813,2.04842871845223,1.521127944937,474574.340962846
52,PASSIVE,LPF,PASSIVE_RC_LPF,Passive RC equation + source-current signature,6293.81780282772,NaN,NaN,6.61831747329045e-11,NaN,NaN,NaN,NaN,NaN,1,NaN,382083.575443732
788,PASSIVE,BSF,PASSIVE_RLC_BSF,Passive RLC equation + source-current signature,46884490.1424578,NaN,NaN,1.44870904006665e-12,NaN,NaN,3838.85795014206,NaN,NaN,1,1.09794665131131,2134.16761541022
550,PASSIVE,BPF,PASSIVE_RLC_BPF,Passive RLC equation + source-current signature,53418732.2212008,NaN,NaN,5.24144918382103e-12,NaN,NaN,274283.462460341,NaN,NaN,1,4.28233407899932,132.737804541342
916,VCVS,LPF,VCVS_LPF_Maheshwari,Maheshwari VCVS equations + prototype input/supply-current signature,4323.2129130383,4323.2129130383,NaN,3.3422999628924e-10,3.3422999628924e-10,NaN,NaN,10063.3816952786,11414.2878532291,2.13423978130376,1.15505422679956,110145.835855063
417,PASSIVE,BPF,PASSIVE_RLC_BPF,Passive RLC equation + source-current signature,334.306549849495,NaN,NaN,1.20113678725003e-10,NaN,NaN,0.000215513204774566,NaN,NaN,1,4.00678300356124,989206.485230977
2342,MFB,BSF,MFB_BSF_1_MINUS_BP,Maheshwari MFB BPF denominator + 1-minus-BP notch + current signature,2475788.36381443,494398293.851105,NaN,2.7282966319743e-11,5.8525103420869e-11,NaN,NaN,NaN,NaN,1,6.58067554411821,113.843438054052
1425,VCVS,BSF,VCVS_BSF_Maheshwari,Maheshwari VCVS equations + prototype input/supply-current signature,790150.834197589,790150.834197589,NaN,1.62922348676413e-10,1.62922348676413e-10,NaN,NaN,10169.0853612169,4416.13204904905,1.43427032935444,0.88381434798964,1236.31593367841
658,PASSIVE,BSF,PASSIVE_RLC_BSF,Passive RLC equation + source-current signature,1235.67927914058,NaN,NaN,4.75047288657312e-10,NaN,NaN,0.0188388284401549,NaN,NaN,1,5.09627388135246,53201.6086533521
152,PASSIVE,LPF,PASSIVE_RC_LPF,Passive RC equation + source-current signature,1603.93822246906,NaN,NaN,6.28634747436045e-11,NaN,NaN,NaN,NaN,NaN,1,NaN,1578461.9304857
1240,VCVS,BPF,VCVS_BPF_Maheshwari,Maheshwari VCVS equations + prototype input/supply-current signature,434420.84503269,434420.84503269,NaN,4.12755046376834e-12,4.12755046376834e-12,NaN,NaN,10124.6119012597,11689.0023985166,2.15451362605437,1.18275117236166,88759.9571512108
1283,VCVS,BPF,VCVS_BPF_Maheshwari,Maheshwari VCVS equations + prototype input/supply-current signature,1292.67692116506,1292.67692116506,NaN,1.25664596648171e-12,1.25664596648171e-12,NaN,NaN,10134.2885329943,5795.72697982121,1.57189283302444,0.700227562135829,97975433.7540027
3143,ACTIVE_OTHER,BSF,ACTIVE_OTHER_STATE_VARIABLE_BSF,State-variable/biquad-like active-other equation + current signature,13148.7543785892,3871.76103888817,28107.9769901438,4.20667905344401e-12,1.54708417719699e-10,NaN,NaN,10478.2798316256,25518.2909151263,3.43535115736333,2.76300194313909,874373.30702155
2564,ACTIVE_OTHER,LPF,ACTIVE_OTHER_STATE_VARIABLE_LPF,State-variable/biquad-like active-other equation + current signature,2304.40469266283,86443.3315377817,54003.8236056125,9.10242617533424e-11,7.58251411718423e-11,NaN,NaN,9954.67609565094,22358.8802334592,3.24606808083163,5.67233612431299,135734.363766953
1311,VCVS,BPF,VCVS_BPF_Maheshwari,Maheshwari VCVS equations + prototype input/supply-current signature,15653.6821385803,15653.6821385803,NaN,1.35684349450767e-11,1.35684349450767e-11,NaN,NaN,9999.4384444627,12350.1334261596,2.23508269936885,1.30733086985335,749331.283353509
791,PASSIVE,BSF,PASSIVE_RLC_BSF,Passive RLC equation + source-current signature,1063614.76687315,NaN,NaN,7.08015462878171e-11,NaN,NaN,729.28177938848,NaN,NaN,1,3.01746298910424,700.407969064358
1996,MFB,HPF,MFB_HPF_Maheshwari,Maheshwari MFB equation + current signature,508820.316693675,13.6027334993343,NaN,6.84091982766334e-11,9.13881432538631e-11,9.48080810055785e-10,NaN,NaN,NaN,-13.8589668339911,3.70777932942196,205521.475830536
2461,ACTIVE_OTHER,LPF,ACTIVE_OTHER_STATE_VARIABLE_LPF,State-variable/biquad-like active-other equation + current signature,18960.7015218028,349771.424738485,24950.6934557216,7.00129811222383e-11,5.36964678833543e-12,NaN,NaN,10471.9803910232,17796.3806702323,2.69942837989725,2.51525207808704,100794.915060643
2763,ACTIVE_OTHER,HPF,ACTIVE_OTHER_STATE_VARIABLE_HPF,State-variable/biquad-like active-other equation + current signature,8469.9280962521,4335.08864900405,13589.3038648953,4.09030392091562e-10,2.33366777358469e-10,NaN,NaN,10289.6255097417,23967.7147572154,3.32930875224991,1.33955263846175,85012.7323339191
2914,ACTIVE_OTHER,BPF,ACTIVE_OTHER_STATE_VARIABLE_BPF,State-variable/biquad-like active-other equation + current signature,99379.1224997578,18858.7431813917,41294.4558410708,1.19286192624264e-10,2.1657139690241e-12,NaN,NaN,10171.1281447138,27911.1675170498,3.74415651046103,4.10542041830296,228728.637126849
2057,MFB,BPF,MFB_BPF_Maheshwari,Maheshwari MFB equation + current signature,21773.0036147348,1000663.13946463,NaN,1.26212077858106e-10,3.00343737563752e-10,NaN,NaN,NaN,NaN,-152919.57219618,3.094344481554,5538.05493337251
1232,VCVS,BPF,VCVS_BPF_Maheshwari,Maheshwari VCVS equations + prototype input/supply-current signature,156038.462532967,156038.462532967,NaN,1.24752729904526e-12,1.24752729904526e-12,NaN,NaN,10006.2772985889,11807.6704917843,2.18002631142847,1.21955132699696,817595.347166707
2176,MFB,BPF,MFB_BPF_Maheshwari,Maheshwari MFB equation + current signature,160814.623256728,25396724.5276882,NaN,1.42192799655327e-10,4.6265499160917e-10,NaN,NaN,NaN,NaN,-13440.5552420857,5.3290207947926,307.044328626352
2010,MFB,BPF,MFB_BPF_Maheshwari,Maheshwari MFB equation + current signature,2043.32137824347,713826.771279716,NaN,7.04648148503199e-10,3.59606265323221e-11,NaN,NaN,NaN,NaN,-13609308.8928706,4.01734385198209,26179.1531618325
2395,MFB,BSF,MFB_BSF_1_MINUS_BP,Maheshwari MFB BPF denominator + 1-minus-BP notch + current signature,1865.89152470815,5622.38013563677,NaN,2.82675138026662e-10,4.48501363892362e-11,NaN,NaN,NaN,NaN,1,0.596757351733591,436406.431587377
338,PASSIVE,HPF,PASSIVE_RC_HPF,Passive RC equation + source-current signature,3233.22297190588,NaN,NaN,1.56659926089167e-11,NaN,NaN,NaN,NaN,NaN,1,NaN,3142147.43152609
3043,ACTIVE_OTHER,BSF,ACTIVE_OTHER_STATE_VARIABLE_BSF,State-variable/biquad-like active-other equation + current signature,6121.12705143905,69345.9398876175,15786.9965229176,3.01789215803997e-10,3.25203740461355e-11,NaN,NaN,10201.5976201055,25952.0392434055,3.54391912030119,1.54484619704767,77976.5993068099
472,PASSIVE,BPF,PASSIVE_RLC_BPF,Passive RLC equation + source-current signature,42342514.0873624,NaN,NaN,6.80657736202025e-12,NaN,NaN,9137.50614308583,NaN,NaN,1,0.865312162013189,638.178102221409
238,PASSIVE,HPF,PASSIVE_RC_HPF,Passive RC equation + source-current signature,4869.17278472639,NaN,NaN,7.86586792999177e-12,NaN,NaN,NaN,NaN,NaN,1,NaN,4155452.24281159
3048,ACTIVE_OTHER,BSF,ACTIVE_OTHER_STATE_VARIABLE_BSF,State-variable/biquad-like active-other equation + current signature,110105.747643593,1765.3967097969,50590.7033763327,3.68111601131827e-10,1.34096268233202e-12,NaN,NaN,9627.81317859459,18401.2786644353,2.91126253938399,5.1572113986112,513802.108086002
906,VCVS,LPF,VCVS_LPF_Maheshwari,Maheshwari VCVS equations + prototype input/supply-current signature,6388.78873141088,6388.78873141088,NaN,1.13957750939997e-11,1.13957750939997e-11,NaN,NaN,9844.0909005688,10624.4316311664,2.07926996392856,1.08609468663235,2186038.14248539
614,PASSIVE,BSF,PASSIVE_RLC_BSF,Passive RLC equation + source-current signature,16142.1680873449,NaN,NaN,4.66204847398138e-11,NaN,NaN,0.15605494218754,NaN,NaN,1,3.58416921985802,59005.5653291856
1261,VCVS,BPF,VCVS_BPF_Maheshwari,Maheshwari VCVS equations + prototype input/supply-current signature,5133.63257997047,5133.63257997047,NaN,8.99344322798416e-11,8.99344322798416e-11,NaN,NaN,10162.190132747,1838.74769596584,1.18094009971734,0.549734508382387,344722.27853652
1050,VCVS,HPF,VCVS_HPF_Maheshwari,Maheshwari VCVS equations + prototype input/supply-current signature,563108.423153611,563108.423153611,NaN,2.57678077692968e-12,2.57678077692968e-12,NaN,NaN,9867.93783256642,12382.5880947766,2.25483037133769,1.34197632530347,109685.857798983
1252,VCVS,BPF,VCVS_BPF_Maheshwari,Maheshwari VCVS equations + prototype input/supply-current signature,6973.87108701822,6973.87108701822,NaN,3.65052876952127e-10,3.65052876952127e-10,NaN,NaN,9878.69238224587,2103.14182551834,1.21289678270559,0.559564769579427,62515.8932751745
195,PASSIVE,LPF,PASSIVE_RC_LPF,Passive RC equation + source-current signature,949054.055560578,NaN,NaN,4.58660377275103e-12,NaN,NaN,NaN,NaN,NaN,1,NaN,36562.6746821392
280,PASSIVE,HPF,PASSIVE_RC_HPF,Passive RC equation + source-current signature,943572.146968112,NaN,NaN,9.34343436671478e-11,NaN,NaN,NaN,NaN,NaN,1,NaN,1805.25468116797
2071,MFB,BPF,MFB_BPF_Maheshwari,Maheshwari MFB equation + current signature,700.912367605417,113439.653980469,NaN,5.04950473782727e-10,4.42144306141662e-10,NaN,NaN,NaN,NaN,-3226801.42603765,6.34692771783336,37774.5598962595
2243,MFB,BSF,MFB_BSF_1_MINUS_BP,Maheshwari MFB BPF denominator + 1-minus-BP notch + current signature,53982.4182932742,2244384.54941997,NaN,8.06461938735307e-10,3.81660993618457e-11,NaN,NaN,NaN,NaN,1,1.3393306238113,2606.2405786165
2166,MFB,BPF,MFB_BPF_Maheshwari,Maheshwari MFB equation + current signature,531.81000110901,55159.5044719799,NaN,2.47132477865404e-11,8.90424106815903e-10,NaN,NaN,NaN,NaN,-2111769.87551068,1.65085531130346,198092.638667962
647,PASSIVE,BSF,PASSIVE_RLC_BSF,Passive RLC equation + source-current signature,242062.92845554,NaN,NaN,9.72561924133843e-13,NaN,NaN,1.18751762381815,NaN,NaN,1,4.56491943650525,148095.36565225
112,PASSIVE,LPF,PASSIVE_RC_LPF,Passive RC equation + source-current signature,44630.2368309555,NaN,NaN,8.99462511026695e-12,NaN,NaN,NaN,NaN,NaN,1,NaN,396467.756482393
3018,ACTIVE_OTHER,BSF,ACTIVE_OTHER_STATE_VARIABLE_BSF,State-variable/biquad-like active-other equation + current signature,4303.92377623698,1439.71426904983,52235.5216828572,2.0969306677373e-12,5.56923568633098e-12,NaN,NaN,9621.28241700522,9687.5947981204,2.00689226012096,5.3214194257528,18709399.8733954
38,PASSIVE,LPF,PASSIVE_RC_LPF,Passive RC equation + source-current signature,14933.7625100422,NaN,NaN,2.4194464433413e-12,NaN,NaN,NaN,NaN,NaN,1,NaN,4404888.07808471
277,PASSIVE,HPF,PASSIVE_RC_HPF,Passive RC equation + source-current signature,62776.4556515369,NaN,NaN,1.47104754231542e-10,NaN,NaN,NaN,NaN,NaN,1,NaN,17234.4183562367
1458,VCVS,BSF,VCVS_BSF_Maheshwari,Maheshwari VCVS equations + prototype input/supply-current signature,37731.0168112846,37731.0168112846,NaN,6.90586266699716e-10,6.90586266699716e-10,NaN,NaN,9833.53539278876,779.448360202266,1.07926430617963,0.543044006391642,6108.06549150346
1140,VCVS,HPF,VCVS_HPF_Maheshwari,Maheshwari VCVS equations + prototype input/supply-current signature,31478.785678057,31478.785678057,NaN,5.39005310109833e-10,5.39005310109833e-10,NaN,NaN,9971.37258375614,3991.81599703618,1.40032763428568,0.625128008355297,9380.13561218963
194,PASSIVE,LPF,PASSIVE_RC_LPF,Passive RC equation + source-current signature,1868.1903366298,NaN,NaN,3.4064992641591e-10,NaN,NaN,NaN,NaN,NaN,1,NaN,250086.766202567
209,PASSIVE,HPF,PASSIVE_RC_HPF,Passive RC equation + source-current signature,98927.3740057051,NaN,NaN,2.78485994612411e-10,NaN,NaN,NaN,NaN,NaN,1,NaN,5776.97238761399
1233,VCVS,BPF,VCVS_BPF_Maheshwari,Maheshwari VCVS equations + prototype input/supply-current signature,7884.39975713729,7884.39975713729,NaN,3.92594125965064e-10,3.92594125965064e-10,NaN,NaN,10153.4655817326,5712.29051083803,1.56259515185782,0.69569822398504,51417.1142363823
1671,MFB,LPF,MFB_LPF_Maheshwari,Maheshwari MFB equation + current signature,101274.940083917,18655.0639580516,88911.6534999987,1.57572882859094e-10,1.31565726598439e-10,NaN,NaN,NaN,NaN,-0.877923535934224,0.359600288105338,27141.2779361444
2086,MFB,BPF,MFB_BPF_Maheshwari,Maheshwari MFB equation + current signature,51341.3549563075,5502443.27418114,NaN,2.45985204179531e-10,4.66939445914626e-10,NaN,NaN,NaN,NaN,-41713.0657855548,4.92136149941474,883.535303045578
456,PASSIVE,BPF,PASSIVE_RLC_BPF,Passive RLC equation + source-current signature,28195073.2774443,NaN,NaN,1.90831998566604e-12,NaN,NaN,25411.4211949607,NaN,NaN,1,4.09275408258401,722.736611069056
760,PASSIVE,BSF,PASSIVE_RLC_BSF,Passive RLC equation + source-current signature,436825.233068569,NaN,NaN,3.38881857582295e-12,NaN,NaN,2.36701350952874,NaN,NaN,1,1.91323576835721,56194.7319307583
1807,MFB,HPF,MFB_HPF_Maheshwari,Maheshwari MFB equation + current signature,216005.6021422,52172627.443939,NaN,7.31891472706339e-10,2.36594280229868e-10,9.29765136173769e-12,NaN,NaN,NaN,-0.0127035929621607,0.242957701603969,1010.82859900489
879,VCVS,LPF,VCVS_LPF_Maheshwari,Maheshwari VCVS equations + prototype input/supply-current signature,14091.6673230167,14091.6673230167,NaN,4.78912562722469e-11,4.78912562722469e-11,NaN,NaN,9829.75408642809,6072.26595327547,1.6177434246966,0.723454688418105,235831.340914909
1594,VCVS,BSF,VCVS_BSF_Maheshwari,Maheshwari VCVS equations + prototype input/supply-current signature,64442.7549492334,64442.7549492334,NaN,2.24577150821727e-12,2.24577150821727e-12,NaN,NaN,10057.7659896943,1971.65636113783,1.19603323075503,0.621916252172419,1099715.80203604
1304,VCVS,BPF,VCVS_BPF_Maheshwari,Maheshwari VCVS equations + prototype input/supply-current signature,1069.77612582166,1069.77612582166,NaN,3.19548167326356e-11,3.19548167326356e-11,NaN,NaN,10063.393159699,5685.96740675508,1.56501493249074,0.696871363083746,4655763.36876903
224,PASSIVE,HPF,PASSIVE_RC_HPF,Passive RC equation + source-current signature,19223.1017070258,NaN,NaN,3.00824234676855e-11,NaN,NaN,NaN,NaN,NaN,1,NaN,275222.444187982
249,PASSIVE,HPF,PASSIVE_RC_HPF,Passive RC equation + source-current signature,23211.933131481,NaN,NaN,1.16354140396158e-11,NaN,NaN,NaN,NaN,NaN,1,NaN,589287.160671694
3110,ACTIVE_OTHER,BSF,ACTIVE_OTHER_STATE_VARIABLE_BSF,State-variable/biquad-like active-other equation + current signature,17178.7796920032,42083.1254998169,53315.1649173995,1.3370188544766e-12,2.66949027349551e-12,NaN,NaN,9953.2739671219,17073.7147475896,2.7153867967453,5.3557965721209,3133192.26490007
1129,VCVS,HPF,VCVS_HPF_Maheshwari,Maheshwari VCVS equations + prototype input/supply-current signature,268774.634832014,268774.634832014,NaN,1.9379952746768e-11,1.9379952746768e-11,NaN,NaN,10022.7917992162,684.002432081045,1.06824470125525,0.517663909424654,30554.7783323306
504,PASSIVE,BPF,PASSIVE_RLC_BPF,Passive RLC equation + source-current signature,5066314.2332815,NaN,NaN,4.26053439876688e-12,NaN,NaN,1921.17409547034,NaN,NaN,1,4.19140087800504,1759.15753369792
2773,ACTIVE_OTHER,HPF,ACTIVE_OTHER_STATE_VARIABLE_HPF,State-variable/biquad-like active-other equation + current signature,80339.3084337924,211390.450903075,41142.6408820725,2.39591799259734e-12,1.11547480773195e-10,NaN,NaN,10366.0267581321,7699.91636078743,1.74280305660478,3.97373133610172,74704.6347785711
3128,ACTIVE_OTHER,BSF,ACTIVE_OTHER_STATE_VARIABLE_BSF,State-variable/biquad-like active-other equation + current signature,6514.20566797229,5167.0309102649,17767.0275223973,3.8008685169212e-10,5.80918863442307e-12,NaN,NaN,10207.9518683828,9953.19612662359,1.97504340292314,1.76796186587458,583807.548640579
2764,ACTIVE_OTHER,HPF,ACTIVE_OTHER_STATE_VARIABLE_HPF,State-variable/biquad-like active-other equation + current signature,4092.76179884733,112216.363159108,27895.8068086209,8.0309398674108e-10,8.68240801633668e-11,NaN,NaN,9909.91093327272,33246.5068038117,4.35487443102903,2.72070767726022,28124.2221540904
2420,ACTIVE_OTHER,LPF,ACTIVE_OTHER_STATE_VARIABLE_LPF,State-variable/biquad-like active-other equation + current signature,18392.4733948943,146327.981933177,52795.9871794336,1.35480002405191e-11,2.02485169097549e-10,NaN,NaN,9764.02107069749,22681.2958654621,3.32294622279444,5.32184982613654,58573.6333634863
3119,ACTIVE_OTHER,BSF,ACTIVE_OTHER_STATE_VARIABLE_BSF,State-variable/biquad-like active-other equation + current signature,364485.937332025,3859.38600167675,28408.2404492251,7.51459631678196e-11,3.78278372324434e-11,NaN,NaN,9828.37350300471,5957.81965558718,1.60618571870165,2.83640719704056,79590.6499148604
1067,VCVS,HPF,VCVS_HPF_Maheshwari,Maheshwari VCVS equations + prototype input/supply-current signature,12352.4540195489,12352.4540195489,NaN,6.52059039438494e-10,6.52059039438494e-10,NaN,NaN,10071.1229580468,11010.1303746078,2.09323760820641,1.1028247411342,19759.6826717905
62,PASSIVE,LPF,PASSIVE_RC_LPF,Passive RC equation + source-current signature,19750.4656389693,NaN,NaN,2.39598434834934e-12,NaN,NaN,NaN,NaN,NaN,1,NaN,3363247.40572443
1026,VCVS,HPF,VCVS_HPF_Maheshwari,Maheshwari VCVS equations + prototype input/supply-current signature,786753.329232922,786753.329232922,NaN,9.11055478625607e-12,9.11055478625607e-12,NaN,NaN,9828.8065782455,7651.9253581677,1.77852029107013,0.818679174684035,22204.2811742572
1139,VCVS,HPF,VCVS_HPF_Maheshwari,Maheshwari VCVS equations + prototype input/supply-current signature,1380.81611904325,1380.81611904325,NaN,5.20493215405159e-11,5.20493215405159e-11,NaN,NaN,9911.26973713304,1997.99150070138,1.20158784431179,0.55604606365515,2214466.98869974
210,PASSIVE,HPF,PASSIVE_RC_HPF,Passive RC equation + source-current signature,1351.67290767333,NaN,NaN,2.47762771324728e-12,NaN,NaN,NaN,NaN,NaN,1,NaN,47523943.669128
2309,MFB,BSF,MFB_BSF_1_MINUS_BP,Maheshwari MFB BPF denominator + 1-minus-BP notch + current signature,4104.41028497272,610993.780349247,NaN,2.42935940303349e-10,8.83893084219092e-11,NaN,NaN,NaN,NaN,1,5.39615270492757,21688.5541235888
2234,MFB,BSF,MFB_BSF_1_MINUS_BP,Maheshwari MFB BPF denominator + 1-minus-BP notch + current signature,1250383.80688814,383806848.21834,NaN,2.04350437365048e-10,1.94378241613749e-11,NaN,NaN,NaN,NaN,1,4.93411192992791,115.273768490529
891,VCVS,LPF,VCVS_LPF_Maheshwari,Maheshwari VCVS equations + prototype input/supply-current signature,42651.4405114732,42651.4405114732,NaN,1.15147095796225e-11,1.15147095796225e-11,NaN,NaN,9841.03213837649,3665.83331410619,1.3725049631543,0.614441197890305,324065.978076783
2268,MFB,BSF,MFB_BSF_1_MINUS_BP,Maheshwari MFB BPF denominator + 1-minus-BP notch + current signature,49684.595291804,739626.727306935,NaN,8.82739123011024e-11,4.29713114254722e-11,NaN,NaN,NaN,NaN,1,1.81057868727045,13480.2350102511
936,VCVS,LPF,VCVS_LPF_Maheshwari,Maheshwari VCVS equations + prototype input/supply-current signature,328922.018393409,328922.018393409,NaN,2.74361347050294e-12,2.74361347050294e-12,NaN,NaN,10177.5775176305,3388.66877756188,1.33295435693727,0.599863599512957,176361.692734808
2700,ACTIVE_OTHER,HPF,ACTIVE_OTHER_STATE_VARIABLE_HPF,State-variable/biquad-like active-other equation + current signature,75364.6590222988,6824.13359480552,13217.2833498162,3.73170709317476e-12,3.82796677967682e-11,NaN,NaN,9647.9612650447,25053.0549779354,3.59672010383214,1.3168849402391,587184.588087225
521,PASSIVE,BPF,PASSIVE_RLC_BPF,Passive RLC equation + source-current signature,69925336.7425892,NaN,NaN,6.91794678540314e-12,NaN,NaN,45239.6995194221,NaN,NaN,1,1.15647615028184,284.49305393196
2026,MFB,BPF,MFB_BPF_Maheshwari,Maheshwari MFB equation + current signature,119246.207197833,677563.361456588,NaN,4.49060128328556e-10,2.35006334650314e-10,NaN,NaN,NaN,NaN,-35684.1911018689,1.13199993778862,1723.57765397749
145,PASSIVE,LPF,PASSIVE_RC_LPF,Passive RC equation + source-current signature,13955.6121337578,NaN,NaN,3.31319723166359e-12,NaN,NaN,NaN,NaN,NaN,1,NaN,3442103.70809042
2723,ACTIVE_OTHER,HPF,ACTIVE_OTHER_STATE_VARIABLE_HPF,State-variable/biquad-like active-other equation + current signature,648524.005554652,5323.29713990274,9544.10457801587,3.87513012275798e-12,9.3703243538447e-12,NaN,NaN,9949.29787116203,22154.56518387,3.22674659767549,0.936764754448274,449517.177180614
1687,MFB,LPF,MFB_LPF_Maheshwari,Maheshwari MFB equation + current signature,2537.45373384175,16120.3571022397,2314.27629960513,1.42857145337066e-10,4.88597100345792e-11,NaN,NaN,NaN,NaN,-0.912046698128867,0.315177565006583,311888.076715304
2571,ACTIVE_OTHER,LPF,ACTIVE_OTHER_STATE_VARIABLE_LPF,State-variable/biquad-like active-other equation + current signature,124181.999110388,932819.56081648,51043.319571509,9.54652691000493e-11,1.11331830563048e-10,NaN,NaN,9999.23762685923,34488.3463632482,4.44909758626078,4.91850518063951,4535.85967490699
801,VCVS,LPF,VCVS_LPF_Maheshwari,Maheshwari VCVS equations + prototype input/supply-current signature,2180.53508457034,2180.53508457034,NaN,5.0733679523643e-10,5.0733679523643e-10,NaN,NaN,10166.8495759074,4722.10245384,1.46446073767336,0.651237011344668,143866.835719232
150,PASSIVE,LPF,PASSIVE_RC_LPF,Passive RC equation + source-current signature,960053.765675726,NaN,NaN,7.50636999363432e-11,NaN,NaN,NaN,NaN,NaN,1,NaN,2208.48578868505
1005,VCVS,HPF,VCVS_HPF_Maheshwari,Maheshwari VCVS equations + prototype input/supply-current signature,44801.4311201334,44801.4311201334,NaN,8.16934680266503e-10,8.16934680266503e-10,NaN,NaN,9820.90607058784,5106.71550609537,1.5199841510947,0.675668440131673,4348.51438921514
83,PASSIVE,LPF,PASSIVE_RC_LPF,Passive RC equation + source-current signature,10159.1193294685,NaN,NaN,1.50436641554637e-12,NaN,NaN,NaN,NaN,NaN,1,NaN,10413828.9659907
2162,MFB,BPF,MFB_BPF_Maheshwari,Maheshwari MFB equation + current signature,72418.5752961212,561530.585035352,NaN,1.68312114489755e-10,1.38060523018939e-10,NaN,NaN,NaN,NaN,-100018.539619849,1.38549253304751,5177.45091370174
1966,MFB,HPF,MFB_HPF_Maheshwari,Maheshwari MFB equation + current signature,70216.2992208246,189816.364362038,NaN,1.56506990165758e-10,4.07189133699329e-10,1.07369441883059e-10,NaN,NaN,NaN,-0.68603607908722,0.276234977860882,6593.19469373238
2213,MFB,BSF,MFB_BSF_1_MINUS_BP,Maheshwari MFB BPF denominator + 1-minus-BP notch + current signature,956454.980527318,16437657.2030018,NaN,7.94383076311305e-11,1.87802808130841e-10,NaN,NaN,NaN,NaN,1,1.89474360247685,328.62596391106
2538,ACTIVE_OTHER,LPF,ACTIVE_OTHER_STATE_VARIABLE_LPF,State-variable/biquad-like active-other equation + current signature,9547.32739174003,3226.49403649059,34973.251184771,6.4679807126751e-10,8.89548399199949e-12,NaN,NaN,9822.6939521367,31610.8479654987,4.21814444382872,3.44756129557262,378045.994746855
2657,ACTIVE_OTHER,HPF,ACTIVE_OTHER_STATE_VARIABLE_HPF,State-variable/biquad-like active-other equation + current signature,4145.40056597925,324854.510010818,51225.4946395578,9.98306717065703e-13,3.04965769892915e-10,NaN,NaN,10477.8239787943,23108.0361941153,3.20542321009428,5.02560256860685,248562.086394286
1103,VCVS,HPF,VCVS_HPF_Maheshwari,Maheshwari VCVS equations + prototype input/supply-current signature,11726.8551223447,11726.8551223447,NaN,6.8174503468379e-10,6.8174503468379e-10,NaN,NaN,10137.5565083463,13065.7091695754,2.28884205565891,1.40615739155741,19907.4937628153
1486,VCVS,BSF,VCVS_BSF_Maheshwari,Maheshwari VCVS equations + prototype input/supply-current signature,502254.292368778,502254.292368778,NaN,8.58595401577138e-10,8.58595401577138e-10,NaN,NaN,10190.1903164359,6546.66806662704,1.64244806655552,1.39839825555758,369.069296036056
1723,MFB,LPF,MFB_LPF_Maheshwari,Maheshwari MFB equation + current signature,7767.42309923581,168.392197671595,20408.6936187663,6.28010804614633e-10,1.03803447968574e-10,NaN,NaN,NaN,NaN,-2.62747289004692,0.21693179831358,336249.849538876
2735,ACTIVE_OTHER,HPF,ACTIVE_OTHER_STATE_VARIABLE_HPF,State-variable/biquad-like active-other equation + current signature,18754.125606507,4965.21136122482,45917.3017205915,7.07930765215573e-11,3.33064543062275e-11,NaN,NaN,9502.50849058193,14787.3699634619,2.55615435420215,4.71181368965618,339659.102157463
22,PASSIVE,LPF,PASSIVE_RC_LPF,Passive RC equation + source-current signature,2994.75332065969,NaN,NaN,9.05395643967947e-11,NaN,NaN,NaN,NaN,NaN,1,NaN,586976.447944833
98,PASSIVE,LPF,PASSIVE_RC_LPF,Passive RC equation + source-current signature,237314.983060894,NaN,NaN,1.27550772253529e-12,NaN,NaN,NaN,NaN,NaN,1,NaN,525789.465687101
944,VCVS,LPF,VCVS_LPF_Maheshwari,Maheshwari VCVS equations + prototype input/supply-current signature,47030.8085538988,47030.8085538988,NaN,8.94904687631055e-11,8.94904687631055e-11,NaN,NaN,10128.9561396812,9113.6065969462,1.8997577313266,0.908890731134822,37814.7212588806
1301,VCVS,BPF,VCVS_BPF_Maheshwari,Maheshwari VCVS equations + prototype input/supply-current signature,129907.035103479,129907.035103479,NaN,1.58393984091207e-12,1.58393984091207e-12,NaN,NaN,10056.9022213941,12714.5767985232,2.26426373833837,1.35918270188498,773479.446863886
1693,MFB,LPF,MFB_LPF_Maheshwari,Maheshwari MFB equation + current signature,79521.6163918831,31791.5885883866,185028.767815942,4.94650088050577e-10,6.54736309636087e-11,NaN,NaN,NaN,NaN,-2.32677322483134,0.724951348181024,11530.8714369059
908,VCVS,LPF,VCVS_LPF_Maheshwari,Maheshwari VCVS equations + prototype input/supply-current signature,65967.1418141456,65967.1418141456,NaN,5.80594006075687e-10,5.80594006075687e-10,NaN,NaN,9829.27562784127,8776.32843232974,1.89287641985244,0.903241533223162,4155.46774896907
391,PASSIVE,HPF,PASSIVE_RC_HPF,Passive RC equation + source-current signature,2136.05792215141,NaN,NaN,5.44355700371817e-11,NaN,NaN,NaN,NaN,NaN,1,NaN,1368750.62823202
952,VCVS,LPF,VCVS_LPF_Maheshwari,Maheshwari VCVS equations + prototype input/supply-current signature,10680.4717899311,10680.4717899311,NaN,4.83243176950388e-10,4.83243176950388e-10,NaN,NaN,10004.3073648528,1740.61458111729,1.17398651577144,0.547641081863353,30836.4208037027
1774,MFB,LPF,MFB_LPF_Maheshwari,Maheshwari MFB equation + current signature,65736.4996967021,340.352173812023,204617.174551866,4.80292303626713e-10,1.60306887535866e-11,NaN,NaN,NaN,NaN,-3.1126874034355,0.221722161417565,217348.136404676
1317,VCVS,BPF,VCVS_BPF_Maheshwari,Maheshwari VCVS equations + prototype input/supply-current signature,110547.531607797,110547.531607797,NaN,1.02007438376928e-12,1.02007438376928e-12,NaN,NaN,9901.20350257897,11045.5824890735,2.11557978645692,1.13068424340268,1411364.6650842
653,PASSIVE,BSF,PASSIVE_RLC_BSF,Passive RLC equation + source-current signature,613.570533086113,NaN,NaN,3.60396229274941e-10,NaN,NaN,0.000121215032562986,NaN,NaN,1,0.945199814471536,761468.199806958
2936,ACTIVE_OTHER,BPF,ACTIVE_OTHER_STATE_VARIABLE_BPF,State-variable/biquad-like active-other equation + current signature,424822.378033398,4858.79386502391,11779.4146260111,1.36576968324507e-11,1.41662109017603e-11,NaN,NaN,9686.17195784141,8167.19236404565,1.84318060835518,1.21337747803504,251846.903734845
2708,ACTIVE_OTHER,HPF,ACTIVE_OTHER_STATE_VARIABLE_HPF,State-variable/biquad-like active-other equation + current signature,1790.58369591819,1638.00826688229,49634.0990245425,2.02689343184116e-11,2.83591539298134e-10,NaN,NaN,9640.49595123423,21101.6774104651,3.18885807506237,4.85015418973369,1225752.20031087
1124,VCVS,HPF,VCVS_HPF_Maheshwari,Maheshwari VCVS equations + prototype input/supply-current signature,1617.68533218377,1617.68533218377,NaN,2.05696099925319e-10,2.05696099925319e-10,NaN,NaN,10074.7317008597,2051.57254793818,1.20363545242233,0.556679879564793,478299.609789006
1450,VCVS,BSF,VCVS_BSF_Maheshwari,Maheshwari VCVS equations + prototype input/supply-current signature,222775.679292618,222775.679292618,NaN,1.65937599895044e-10,1.65937599895044e-10,NaN,NaN,9993.95640576134,2782.46662586681,1.27841492527051,0.692918988363837,4305.34095877836
1646,MFB,LPF,MFB_LPF_Maheshwari,Maheshwari MFB equation + current signature,30353.1427493386,152338.053528101,44458.7781122048,3.4465412924e-10,1.83130455041067e-10,NaN,NaN,NaN,NaN,-1.46471745872751,0.268855243396131,7697.77369060801
2434,ACTIVE_OTHER,LPF,ACTIVE_OTHER_STATE_VARIABLE_LPF,State-variable/biquad-like active-other equation + current signature,5152.81575806537,101319.523111795,21025.6907749849,5.63458754929066e-10,3.16544013887733e-10,NaN,NaN,10367.3328399111,12951.0432376752,2.2492164993312,2.05310264093922,16493.1321154037
1534,VCVS,BSF,VCVS_BSF_Maheshwari,Maheshwari VCVS equations + prototype input/supply-current signature,282455.518612895,282455.518612895,NaN,1.33220531986994e-11,1.33220531986994e-11,NaN,NaN,10136.1478756552,801.040121508792,1.07902806187671,0.542904706758901,42295.9616540658
3101,ACTIVE_OTHER,BSF,ACTIVE_OTHER_STATE_VARIABLE_BSF,State-variable/biquad-like active-other equation + current signature,11072.5882518644,3990.81226384381,10228.7223088,4.3389625886926e-12,5.84402588966046e-10,NaN,NaN,9799.94300783698,19329.5233223406,2.97241180962817,1.0149605034743,475462.083296983
2817,ACTIVE_OTHER,BPF,ACTIVE_OTHER_STATE_VARIABLE_BPF,State-variable/biquad-like active-other equation + current signature,89163.2295501577,5652.40807461011,16687.0827062714,1.79751398008815e-11,4.28687566400505e-11,NaN,NaN,9602.22013959303,29819.4012528428,4.10546944553873,1.73630643809887,255390.007106474
531,PASSIVE,BPF,PASSIVE_RLC_BPF,Passive RLC equation + source-current signature,174.641281117454,NaN,NaN,4.51536584020426e-10,NaN,NaN,0.000296332928591504,NaN,NaN,1,4.63870309999828,435094.610305983
962,VCVS,LPF,VCVS_LPF_Maheshwari,Maheshwari VCVS equations + prototype input/supply-current signature,1323.19322834061,1323.19322834061,NaN,4.42306300726876e-11,4.42306300726876e-11,NaN,NaN,9848.00242909547,3546.70079069965,1.36014418317171,0.609809709937879,2719404.02484985
738,PASSIVE,BSF,PASSIVE_RLC_BSF,Passive RLC equation + source-current signature,52072.382472424,NaN,NaN,8.62206822334216e-10,NaN,NaN,11.808604251082,NaN,NaN,1,2.24742966019478,1577.30296655886
1995,MFB,HPF,MFB_HPF_Maheshwari,Maheshwari MFB equation + current signature,2308.17878622295,357097.926480759,NaN,9.13652443435243e-10,1.46432117514718e-10,2.13251340255592e-11,NaN,NaN,NaN,-0.0233405319263185,0.177993484983516,99203.6585381369
1998,MFB,HPF,MFB_HPF_Maheshwari,Maheshwari MFB equation + current signature,628860.680243802,26.4501608151107,NaN,3.08929795957322e-10,2.82693709208426e-11,9.02021478786308e-10,NaN,NaN,NaN,-2.919826739247,6.80493297642601,244378.075862106
3084,ACTIVE_OTHER,BSF,ACTIVE_OTHER_STATE_VARIABLE_BSF,State-variable/biquad-like active-other equation + current signature,886219.325062639,295601.968089802,21207.9992870029,3.35626871731719e-12,1.94606170884007e-12,NaN,NaN,10160.4324254806,12397.8448662603,2.2202083875061,2.12086437380567,121671.593725649
3076,ACTIVE_OTHER,BSF,ACTIVE_OTHER_STATE_VARIABLE_BSF,State-variable/biquad-like active-other equation + current signature,216432.220259335,510080.407897612,31520.8059893331,1.65032828228965e-10,1.51375203689669e-11,NaN,NaN,10254.5378920806,17084.1274219794,2.66600656234087,3.20173098090612,9583.56982677895
2252,MFB,BSF,MFB_BSF_1_MINUS_BP,Maheshwari MFB BPF denominator + 1-minus-BP notch + current signature,13770.5690190692,1946374.86336034,NaN,6.63470081250068e-11,5.13354052649963e-11,NaN,NaN,NaN,NaN,1,5.8958293326468,16657.5749386925
1997,MFB,HPF,MFB_HPF_Maheshwari,Maheshwari MFB equation + current signature,168922.982804737,349.958792740602,NaN,6.06499388928858e-10,1.2939566431748e-11,4.4269143047901e-11,NaN,NaN,NaN,-0.0729912409740181,10.8542162908913,864882.054946943
2929,ACTIVE_OTHER,BPF,ACTIVE_OTHER_STATE_VARIABLE_BPF,State-variable/biquad-like active-other equation + current signature,12341.6090995188,42641.0044546677,50390.8001185758,2.64752695850137e-10,1.3718729350582e-10,NaN,NaN,10085.9403331086,12030.4738066673,2.19279644825733,5.02466521085805,36403.5205137597
2165,MFB,BPF,MFB_BPF_Maheshwari,Maheshwari MFB equation + current signature,136614.668672345,77396532.5821177,NaN,5.95993147389453e-10,1.35625324078704e-11,NaN,NaN,NaN,NaN,-539711.7558835,3.51066775960418,544.401966369345
188,PASSIVE,LPF,PASSIVE_RC_LPF,Passive RC equation + source-current signature,8762.14025385369,NaN,NaN,2.02787355760293e-12,NaN,NaN,NaN,NaN,NaN,1,NaN,8957133.7405957
2056,MFB,BPF,MFB_BPF_Maheshwari,Maheshwari MFB equation + current signature,4170.71031881823,29977.2101767917,NaN,2.64472312726672e-10,4.97778038819242e-10,NaN,NaN,NaN,NaN,-481675.149879213,1.2761476718601,39229.3885737247
743,PASSIVE,BSF,PASSIVE_RLC_BSF,Passive RLC equation + source-current signature,269924919.103494,NaN,NaN,2.35286903712224e-12,NaN,NaN,68228.2519945401,NaN,NaN,1,0.630870565779581,397.227339865548
290,PASSIVE,HPF,PASSIVE_RC_HPF,Passive RC equation + source-current signature,445079.66514228,NaN,NaN,2.19173486770082e-11,NaN,NaN,NaN,NaN,NaN,1,NaN,16315.2736427976
440,PASSIVE,BPF,PASSIVE_RLC_BPF,Passive RLC equation + source-current signature,3886220.17918105,NaN,NaN,3.39640954962786e-10,NaN,NaN,4014.42388106767,NaN,NaN,1,0.884655505453162,136.300827100963
761,PASSIVE,BSF,PASSIVE_RLC_BSF,Passive RLC equation + source-current signature,998690.424969985,NaN,NaN,1.96856870374574e-11,NaN,NaN,285.454851840175,NaN,NaN,1,3.81296255435845,2123.12776058664
1983,MFB,HPF,MFB_HPF_Maheshwari,Maheshwari MFB equation + current signature,518205.960013195,2146191.59633123,NaN,3.54895567755635e-11,8.95456435538319e-11,1.45725101524764e-11,NaN,NaN,NaN,-0.410614036253908,0.30964436086421,4177.77715303547
3015,ACTIVE_OTHER,BSF,ACTIVE_OTHER_STATE_VARIABLE_BSF,State-variable/biquad-like active-other equation + current signature,1984.11131846037,37662.4320693468,10756.3385148307,5.74448629106326e-11,8.12265360695047e-10,NaN,NaN,9754.66962374105,27459.1541009616,3.81497530517396,1.06528874002191,85233.1165070241
3016,ACTIVE_OTHER,BSF,ACTIVE_OTHER_STATE_VARIABLE_BSF,State-variable/biquad-like active-other equation + current signature,2744.4773244297,3362.29015722042,28059.5222780519,2.4578784444594e-11,3.82683486652544e-11,NaN,NaN,10036.5493468843,15597.3796772752,2.55405798728197,2.93694338369039,1708333.47908257
3173,ACTIVE_OTHER,BSF,ACTIVE_OTHER_STATE_VARIABLE_BSF,State-variable/biquad-like active-other equation + current signature,8566.80801867013,28370.0066187934,8300.2452767147,1.89414612298816e-11,1.72548895369199e-11,NaN,NaN,10322.041969535,24899.4977081355,3.41226472258349,0.854748672961462,564700.359804087
157,PASSIVE,LPF,PASSIVE_RC_LPF,Passive RC equation + source-current signature,5034.81019471211,NaN,NaN,2.89895581057825e-12,NaN,NaN,NaN,NaN,NaN,1,NaN,10904240.7963496
1515,VCVS,BSF,VCVS_BSF_Maheshwari,Maheshwari VCVS equations + prototype input/supply-current signature,12114.1462278183,12114.1462278183,NaN,4.17462616892642e-12,4.17462616892642e-12,NaN,NaN,9842.77996571451,2767.69186415503,1.28119005746301,0.695594162533819,3147094.1002014
772,PASSIVE,BSF,PASSIVE_RLC_BSF,Passive RLC equation + source-current signature,3313.22221740588,NaN,NaN,2.71159118285211e-11,NaN,NaN,0.00617361663323979,NaN,NaN,1,4.55414817886608,388989.784713501
1057,VCVS,HPF,VCVS_HPF_Maheshwari,Maheshwari VCVS equations + prototype input/supply-current signature,34439.0344750112,34439.0344750112,NaN,3.85368389101215e-12,3.85368389101215e-12,NaN,NaN,9876.54808240567,6997.47621507946,1.70849411724578,0.774289930346606,1199204.02329129
881,VCVS,LPF,VCVS_LPF_Maheshwari,Maheshwari VCVS equations + prototype input/supply-current signature,1934.97338261983,1934.97338261983,NaN,6.42217812568012e-12,6.42217812568012e-12,NaN,NaN,9857.52485380032,13590.3771338697,2.37868048373525,1.60947785128624,12807453.5476852
494,PASSIVE,BPF,PASSIVE_RLC_BPF,Passive RLC equation + source-current signature,18845.9721840767,NaN,NaN,2.76774865219983e-11,NaN,NaN,0.273445675270798,NaN,NaN,1,5.27416436129621,57852.3863855764
1108,VCVS,HPF,VCVS_HPF_Maheshwari,Maheshwari VCVS equations + prototype input/supply-current signature,2193.77865067015,2193.77865067015,NaN,1.01530197320301e-11,1.01530197320301e-11,NaN,NaN,10141.9188099198,1210.61190680921,1.11936714634563,0.531735898400818,7145491.31512618
861,VCVS,LPF,VCVS_LPF_Maheshwari,Maheshwari VCVS equations + prototype input/supply-current signature,213726.049197021,213726.049197021,NaN,1.793612938765e-12,1.793612938765e-12,NaN,NaN,10046.0248817879,2119.9296975344,1.21102174466814,0.558978286639094,415177.630267281
1721,MFB,LPF,MFB_LPF_Maheshwari,Maheshwari MFB equation + current signature,21220.9173870918,76.3058665094353,87252.7849133525,7.66879983761283e-10,1.1780579608276e-11,NaN,NaN,NaN,NaN,-4.11164057244887,0.237537716523446,648939.915959618
1641,MFB,LPF,MFB_LPF_Maheshwari,Maheshwari MFB equation + current signature,64690.5866225286,617331.523782848,109076.404070025,3.63327416768035e-11,1.12582668842721e-11,NaN,NaN,NaN,NaN,-1.68612482533956,0.263770494170846,30325.6866333063
2631,ACTIVE_OTHER,HPF,ACTIVE_OTHER_STATE_VARIABLE_HPF,State-variable/biquad-like active-other equation + current signature,188859.868128835,888175.714616802,21393.7826175967,1.13900913636932e-10,1.37056091455234e-12,NaN,NaN,9977.82817318748,28050.9602959591,3.81132926014279,2.03859519614152,31101.982196328
1322,VCVS,BPF,VCVS_BPF_Maheshwari,Maheshwari VCVS equations + prototype input/supply-current signature,15402.9077965996,15402.9077965996,NaN,1.76680434177809e-10,1.76680434177809e-10,NaN,NaN,10087.9986081035,1565.82510746015,1.1552166260414,0.542069065732181,58482.9078386294
1847,MFB,HPF,MFB_HPF_Maheshwari,Maheshwari MFB equation + current signature,35353.4392907732,103.96430603073,NaN,1.4048292136088e-11,2.73699820440536e-10,3.34576672407023e-10,NaN,NaN,NaN,-23.8161812956284,0.376503974392656,274332.386977955
3142,ACTIVE_OTHER,BSF,ACTIVE_OTHER_STATE_VARIABLE_BSF,State-variable/biquad-like active-other equation + current signature,155490.772823847,3297.19158740978,41574.0529353143,3.74135112941214e-10,4.95603415553781e-10,NaN,NaN,9980.79964014859,22511.9285909876,3.2555235454714,4.33912045796101,16323.5400507575
2782,ACTIVE_OTHER,HPF,ACTIVE_OTHER_STATE_VARIABLE_HPF,State-variable/biquad-like active-other equation + current signature,63390.7018185289,23161.6540188949,15227.7610492644,1.28675581218892e-11,2.24359244003139e-11,NaN,NaN,9586.45220512125,21493.9845261776,3.24212086664294,1.49414654684669,244457.02004772
1008,VCVS,HPF,VCVS_HPF_Maheshwari,Maheshwari VCVS equations + prototype input/supply-current signature,2964.88720273539,2964.88720273539,NaN,1.88546841516975e-10,1.88546841516975e-10,NaN,NaN,9956.19864346437,2581.7263384982,1.2593084399931,0.57448431587503,284703.426766023
276,PASSIVE,HPF,PASSIVE_RC_HPF,Passive RC equation + source-current signature,94800.0104500961,NaN,NaN,2.9905895351666e-11,NaN,NaN,NaN,NaN,NaN,1,NaN,56137.7416013639
393,PASSIVE,HPF,PASSIVE_RC_HPF,Passive RC equation + source-current signature,259268.243230164,NaN,NaN,3.9271578627798e-11,NaN,NaN,NaN,NaN,NaN,1,NaN,15631.2045897915
2701,ACTIVE_OTHER,HPF,ACTIVE_OTHER_STATE_VARIABLE_HPF,State-variable/biquad-like active-other equation + current signature,2583.00132716034,197998.467194813,45754.7357745534,2.49483705010219e-11,2.171952107702e-11,NaN,NaN,9532.37149413891,31878.3717531695,4.34422255498228,4.46408716948059,302329.612936874
2578,ACTIVE_OTHER,LPF,ACTIVE_OTHER_STATE_VARIABLE_LPF,State-variable/biquad-like active-other equation + current signature,888466.960645723,6799.53279585477,54855.1245432691,5.04131360886769e-12,2.99243898829174e-10,NaN,NaN,10404.74773358,21820.1881524194,3.09713764438494,5.76364280330007,52720.0051982818
2519,ACTIVE_OTHER,LPF,ACTIVE_OTHER_STATE_VARIABLE_LPF,State-variable/biquad-like active-other equation + current signature,59997.6090391308,9307.82237923655,10412.859657255,3.18599364266767e-12,2.27074065313926e-10,NaN,NaN,9709.02048050457,9142.256948119,1.94162505542927,1.01785409868246,250393.410891046
1445,VCVS,BSF,VCVS_BSF_Maheshwari,Maheshwari VCVS equations + prototype input/supply-current signature,1120.61633285272,1120.61633285272,NaN,4.17723490616955e-12,4.17723490616955e-12,NaN,NaN,9984.26324716692,1056.91043724189,1.1058576292589,0.559195063740892,33999637.3876329
105,PASSIVE,LPF,PASSIVE_RC_LPF,Passive RC equation + source-current signature,2223.25938299511,NaN,NaN,6.61244952225951e-12,NaN,NaN,NaN,NaN,NaN,1,NaN,10825990.159635
1151,VCVS,HPF,VCVS_HPF_Maheshwari,Maheshwari VCVS equations + prototype input/supply-current signature,5037.61592909548,5037.61592909548,NaN,4.91183686741594e-12,4.91183686741594e-12,NaN,NaN,10156.6019304991,4647.35456698609,1.45756982490676,0.64832756525886,6432075.64852051
922,VCVS,LPF,VCVS_LPF_Maheshwari,Maheshwari VCVS equations + prototype input/supply-current signature,55566.5552549217,55566.5552549217,NaN,3.00156515538096e-10,3.00156515538096e-10,NaN,NaN,9925.92336542571,7310.38155867907,1.73649385448036,0.791448465483113,9542.42779000669
2832,ACTIVE_OTHER,BPF,ACTIVE_OTHER_STATE_VARIABLE_BPF,State-variable/biquad-like active-other equation + current signature,13819.4777936667,4748.89491874773,11640.8516338058,7.23004313024354e-10,3.62214467381346e-10,NaN,NaN,9789.50053248517,30010.756431911,4.0656064967078,1.16771352212345,38390.5819222924
2498,ACTIVE_OTHER,LPF,ACTIVE_OTHER_STATE_VARIABLE_LPF,State-variable/biquad-like active-other equation + current signature,13623.6597835152,1677.54294339341,51209.6612756694,3.1984961667096e-11,6.63811387102848e-12,NaN,NaN,10340.3946755688,28094.2801108775,3.71694466143112,5.02927728652724,2284762.94820271
1360,VCVS,BPF,VCVS_BPF_Maheshwari,Maheshwari VCVS equations + prototype input/supply-current signature,8623.86481802462,8623.86481802462,NaN,6.72105322805534e-12,6.72105322805534e-12,NaN,NaN,9946.30548511299,9465.63272914742,1.95167323618956,0.953901049292316,2745875.59159111
667,PASSIVE,BSF,PASSIVE_RLC_BSF,Passive RLC equation + source-current signature,577284.43493991,NaN,NaN,9.92859633888298e-13,NaN,NaN,3.52166221504531,NaN,NaN,1,3.26242152438823,85114.2654951722
1785,MFB,LPF,MFB_LPF_Maheshwari,Maheshwari MFB equation + current signature,601.212877707731,235.670313670297,1261.03676097083,7.0236209218392e-10,5.91084882994164e-10,NaN,NaN,NaN,NaN,-2.09748794100824,0.298466576570663,453104.484026818
2943,ACTIVE_OTHER,BPF,ACTIVE_OTHER_STATE_VARIABLE_BPF,State-variable/biquad-like active-other equation + current signature,3468.91161954267,54761.2980712919,25540.2880596588,2.10333520421002e-11,1.69936676626758e-10,NaN,NaN,9674.91468024913,26237.7983415074,3.71194105670726,2.5148956780739,193147.388820323
374,PASSIVE,HPF,PASSIVE_RC_HPF,Passive RC equation + source-current signature,6793.99014176527,NaN,NaN,1.82886947556155e-12,NaN,NaN,NaN,NaN,NaN,1,NaN,12808919.8411617
757,PASSIVE,BSF,PASSIVE_RLC_BSF,Passive RLC equation + source-current signature,17257321.1584147,NaN,NaN,3.16564042587216e-12,NaN,NaN,20700.7240185427,NaN,NaN,1,4.68585229257665,621.722482260432
2160,MFB,BPF,MFB_BPF_Maheshwari,Maheshwari MFB equation + current signature,167102.279660992,7796408.48928603,NaN,1.62453911358375e-11,1.67410964436454e-11,NaN,NaN,NaN,NaN,-357465.165640394,3.41489273538995,8455.21423710727
103,PASSIVE,LPF,PASSIVE_RC_LPF,Passive RC equation + source-current signature,2290.94609786583,NaN,NaN,3.9717197044802e-10,NaN,NaN,NaN,NaN,NaN,1,NaN,174914.844792674
2783,ACTIVE_OTHER,HPF,ACTIVE_OTHER_STATE_VARIABLE_HPF,State-variable/biquad-like active-other equation + current signature,79877.4421529739,953.588874917153,8397.79179279685,1.60554690211299e-11,5.49628506899751e-12,NaN,NaN,10184.9721418312,12233.1736955034,2.20110035895532,0.836833608771381,1941249.45050321
2524,ACTIVE_OTHER,LPF,ACTIVE_OTHER_STATE_VARIABLE_LPF,State-variable/biquad-like active-other equation + current signature,1681.02388427006,28164.7340362323,8416.41516372882,1.52873532966195e-11,2.60692125455393e-10,NaN,NaN,9858.79676973842,12472.0036625684,2.26506347111762,0.806941073947089,366395.604289896
2126,MFB,BPF,MFB_BPF_Maheshwari,Maheshwari MFB equation + current signature,102862.879741355,3789611.25359669,NaN,1.97877432615546e-10,4.3407162285029e-10,NaN,NaN,NaN,NaN,-22396.4882318858,2.81491155178319,869.790441368826
1412,VCVS,BSF,VCVS_BSF_Maheshwari,Maheshwari VCVS equations + prototype input/supply-current signature,9481.88917610324,9481.88917610324,NaN,3.34594423366183e-11,3.34594423366183e-11,NaN,NaN,9939.97064614741,3213.46166226029,1.32328683621473,0.738865485050114,501656.632227595
2335,MFB,BSF,MFB_BSF_1_MINUS_BP,Maheshwari MFB BPF denominator + 1-minus-BP notch + current signature,1771.12250484356,126546.434223899,NaN,1.60083628195583e-11,2.11944654917298e-10,NaN,NaN,NaN,NaN,1,2.15993162385132,182509.796624767
141,PASSIVE,LPF,PASSIVE_RC_LPF,Passive RC equation + source-current signature,39662.0049405515,NaN,NaN,9.0708372292041e-12,NaN,NaN,NaN,NaN,NaN,1,NaN,442382.657786589
1810,MFB,HPF,MFB_HPF_Maheshwari,Maheshwari MFB equation + current signature,567281.044434917,12669.7580616455,NaN,1.27172828541417e-11,4.66842604116036e-10,1.12759724710629e-10,NaN,NaN,NaN,-8.86665225613862,0.292321953038878,8182.2847615481
1268,VCVS,BPF,VCVS_BPF_Maheshwari,Maheshwari VCVS equations + prototype input/supply-current signature,485605.943609682,485605.943609682,NaN,3.24724920968557e-11,3.24724920968557e-11,NaN,NaN,10149.0142113212,4254.64064299581,1.41921713325121,0.632597949430402,10093.0056922998
2979,ACTIVE_OTHER,BPF,ACTIVE_OTHER_STATE_VARIABLE_BPF,State-variable/biquad-like active-other equation + current signature,5624.55854855725,12925.5669158059,20302.5122569053,3.93697577081228e-10,8.15613134928175e-12,NaN,NaN,9779.19370612838,18817.8497592776,2.92427416050516,2.00566720135349,329403.063528225
455,PASSIVE,BPF,PASSIVE_RLC_BPF,Passive RLC equation + source-current signature,799.022251765071,NaN,NaN,7.48248732692012e-11,NaN,NaN,0.000590597065709554,NaN,NaN,1,3.51612068782188,757096.945816902
2024,MFB,BPF,MFB_BPF_Maheshwari,Maheshwari MFB equation + current signature,514.945135793151,1132.11400403813,NaN,4.95184097114786e-10,1.1111803230085e-10,NaN,NaN,NaN,NaN,-17476501.462022,0.573655449030207,888625.874785317
1770,MFB,LPF,MFB_LPF_Maheshwari,Maheshwari MFB equation + current signature,9269.82690047502,5307.96010055538,33332.7418613464,1.86766062233256e-10,9.29185312973062e-11,NaN,NaN,NaN,NaN,-3.59583217887685,0.326675372984801,90828.1854260957
74,PASSIVE,LPF,PASSIVE_RC_LPF,Passive RC equation + source-current signature,187079.845455473,NaN,NaN,3.23104350137593e-12,NaN,NaN,NaN,NaN,NaN,1,NaN,263299.675557098
1626,MFB,LPF,MFB_LPF_Maheshwari,Maheshwari MFB equation + current signature,627556.045573637,99788.560479804,755721.268201013,9.84585045882857e-11,2.16109155952183e-10,NaN,NaN,NaN,NaN,-1.20422912587867,0.189978594160379,3973.15702388728
2795,ACTIVE_OTHER,HPF,ACTIVE_OTHER_STATE_VARIABLE_HPF,State-variable/biquad-like active-other equation + current signature,337983.124600739,170120.868729916,21458.8787314784,3.37268127283092e-10,1.06018833660196e-12,NaN,NaN,9783.63244883015,17182.6139812528,2.75626119144606,2.12817637989957,35100.6101467561
1517,VCVS,BSF,VCVS_BSF_Maheshwari,Maheshwari VCVS equations + prototype input/supply-current signature,368254.010712425,368254.010712425,NaN,3.6852231250657e-11,3.6852231250657e-11,NaN,NaN,10110.8153350741,6755.46463890071,1.66814242126115,1.50667042741688,11727.5922656447
2645,ACTIVE_OTHER,HPF,ACTIVE_OTHER_STATE_VARIABLE_HPF,State-variable/biquad-like active-other equation + current signature,4125.8787193376,1154.92241756336,16125.7412895612,3.59278784265741e-12,2.02748168146527e-10,NaN,NaN,9529.42388029236,11126.2613316723,2.16756914913632,1.66699196580702,2701414.59193775
113,PASSIVE,LPF,PASSIVE_RC_LPF,Passive RC equation + source-current signature,137190.453265942,NaN,NaN,1.01412382272946e-12,NaN,NaN,NaN,NaN,NaN,1,NaN,1143945.29350628
2099,MFB,BPF,MFB_BPF_Maheshwari,Maheshwari MFB equation + current signature,8903.32438902343,186730.927035271,NaN,1.19628222494799e-10,7.37947190172599e-11,NaN,NaN,NaN,NaN,-1522027.5707888,2.22460808440635,41543.8211461985
479,PASSIVE,BPF,PASSIVE_RLC_BPF,Passive RLC equation + source-current signature,1270.51203073808,NaN,NaN,1.51579332896025e-10,NaN,NaN,0.00515541973629403,NaN,NaN,1,4.59021721474142,180039.633854015
948,VCVS,LPF,VCVS_LPF_Maheshwari,Maheshwari VCVS equations + prototype input/supply-current signature,118212.599190344,118212.599190344,NaN,7.00950608169485e-10,7.00950608169485e-10,NaN,NaN,10092.2367790713,1318.34578111574,1.1306296919083,0.534939490410986,1920.74162538069
838,VCVS,LPF,VCVS_LPF_Maheshwari,Maheshwari VCVS equations + prototype input/supply-current signature,591788.815946656,591788.815946656,NaN,1.30596173497469e-10,1.30596173497469e-10,NaN,NaN,9844.20430117612,1905.17641575994,1.19353279934797,0.553566651882225,2059.31567936096
815,VCVS,LPF,VCVS_LPF_Maheshwari,Maheshwari VCVS equations + prototype input/supply-current signature,428644.104433856,428644.104433856,NaN,3.55577653057897e-10,3.55577653057897e-10,NaN,NaN,9992.43134856508,1846.70986718699,1.18481086361951,0.550906778780096,1044.21233164059
2658,ACTIVE_OTHER,HPF,ACTIVE_OTHER_STATE_VARIABLE_HPF,State-variable/biquad-like active-other equation + current signature,48727.5759020051,17969.896261119,49461.8909410379,1.2032788814742e-10,2.63559854152731e-11,NaN,NaN,9757.76311812113,15228.8833812155,2.5606941054896,5.01272096708452,95507.4317487599
1245,VCVS,BPF,VCVS_BPF_Maheshwari,Maheshwari VCVS equations + prototype input/supply-current signature,73660.9373459736,73660.9373459736,NaN,8.7673599897254e-12,8.7673599897254e-12,NaN,NaN,9844.47196558475,2099.13803926102,1.21323013022937,0.559669164405806,246441.618006784
2940,ACTIVE_OTHER,BPF,ACTIVE_OTHER_STATE_VARIABLE_BPF,State-variable/biquad-like active-other equation + current signature,1167.70798354558,273706.506522175,28757.2502193371,4.109826775111e-11,8.12109046423102e-11,NaN,NaN,10435.9073208608,13086.1494199575,2.25395416206879,2.93593101400799,154096.052467773
3137,ACTIVE_OTHER,BSF,ACTIVE_OTHER_STATE_VARIABLE_BSF,State-variable/biquad-like active-other equation + current signature,2724.93182793151,31761.8128817463,34273.3480519286,2.16267907348265e-12,1.88350987939485e-12,NaN,NaN,10278.8298063987,28798.8900049837,3.80176737502318,3.48224056244749,8476365.57811911
133,PASSIVE,LPF,PASSIVE_RC_LPF,Passive RC equation + source-current signature,2302.58017477073,NaN,NaN,7.45040362730643e-11,NaN,NaN,NaN,NaN,NaN,1,NaN,927738.477644711
94,PASSIVE,LPF,PASSIVE_RC_LPF,Passive RC equation + source-current signature,10844.6852143619,NaN,NaN,3.37559306735156e-12,NaN,NaN,NaN,NaN,NaN,1,NaN,4347635.18674252
1178,VCVS,HPF,VCVS_HPF_Maheshwari,Maheshwari VCVS equations + prototype input/supply-current signature,8513.7289404438,8513.7289404438,NaN,4.07352351694012e-12,4.07352351694012e-12,NaN,NaN,10049.5113008767,1386.75326355702,1.13799210947064,0.537054652177497,4589127.08621235
1858,MFB,HPF,MFB_HPF_Maheshwari,Maheshwari MFB equation + current signature,302498.942081943,187.171595596114,NaN,1.8306966191442e-10,7.71796044313243e-11,1.16193934860655e-10,NaN,NaN,NaN,-0.634697926710394,15.9337656336613,223354.767288052
469,PASSIVE,BPF,PASSIVE_RLC_BPF,Passive RLC equation + source-current signature,821643.543383476,NaN,NaN,2.41914774054408e-12,NaN,NaN,0.696308946617552,NaN,NaN,1,0.652959650180294,122627.520759444
2615,ACTIVE_OTHER,HPF,ACTIVE_OTHER_STATE_VARIABLE_HPF,State-variable/biquad-like active-other equation + current signature,614225.092681975,2039.14242319807,40711.854970417,1.12299856720341e-10,4.25134127036647e-10,NaN,NaN,9914.85920839993,18122.4095267136,2.82780301220619,3.91343908600594,20581.6405398456
740,PASSIVE,BSF,PASSIVE_RLC_BSF,Passive RLC equation + source-current signature,8482505.38049862,NaN,NaN,1.35704011847194e-12,NaN,NaN,2112.15932044824,NaN,NaN,1,4.65096262667856,2972.76412381869
2778,ACTIVE_OTHER,HPF,ACTIVE_OTHER_STATE_VARIABLE_HPF,State-variable/biquad-like active-other equation + current signature,83928.4747589331,2469.16940258004,22841.1422171353,5.00093297858646e-11,3.29740456115952e-12,NaN,NaN,10293.9768841063,28849.3926930638,3.80255075544289,2.28640897416994,860950.908527292
1702,MFB,LPF,MFB_LPF_Maheshwari,Maheshwari MFB equation + current signature,3330.41195648863,6035.06103349024,4347.32853208336,1.50722403762877e-10,1.50924991822641e-10,NaN,NaN,NaN,NaN,-1.30534257890033,0.280320320612749,206014.876018929
2095,MFB,BPF,MFB_BPF_Maheshwari,Maheshwari MFB equation + current signature,47599.2010960819,26346422.6082309,NaN,1.45299544732215e-11,7.44459824291996e-10,NaN,NaN,NaN,NaN,-28220.1339553721,3.22387227424805,1366.49080414846
1335,VCVS,BPF,VCVS_BPF_Maheshwari,Maheshwari VCVS equations + prototype input/supply-current signature,9820.47490647533,9820.47490647533,NaN,6.86548867704706e-11,6.86548867704706e-11,NaN,NaN,9897.09197506884,11009.6811537492,2.11241576631631,1.12665363134016,236056.620988255
1011,VCVS,HPF,VCVS_HPF_Maheshwari,Maheshwari VCVS equations + prototype input/supply-current signature,296610.699019914,296610.699019914,NaN,4.16353961864332e-10,4.16353961864332e-10,NaN,NaN,9807.60351057964,4616.36318851887,1.47069227294304,0.653890634505866,1288.755755044
3115,ACTIVE_OTHER,BSF,ACTIVE_OTHER_STATE_VARIABLE_BSF,State-variable/biquad-like active-other equation + current signature,6320.19177372854,46513.8260242856,54809.2820734735,8.48500777492322e-12,1.89670164719716e-12,NaN,NaN,10016.4479332657,33730.9423997132,4.36755530747473,5.33283415799193,2313866.71309338
2978,ACTIVE_OTHER,BPF,ACTIVE_OTHER_STATE_VARIABLE_BPF,State-variable/biquad-like active-other equation + current signature,1684.18429145194,810038.329785166,20452.9550999762,4.98445628828918e-10,2.67982640632245e-12,NaN,NaN,9950.77535016881,25373.6409356062,3.54991596561124,1.97985804185952,117899.052183615
2121,MFB,BPF,MFB_BPF_Maheshwari,Maheshwari MFB equation + current signature,23667.544762131,557558.115404771,NaN,2.37844258743584e-11,3.07108784740557e-10,NaN,NaN,NaN,NaN,-137579.761855588,1.25364065287147,16210.8579901324
2728,ACTIVE_OTHER,HPF,ACTIVE_OTHER_STATE_VARIABLE_HPF,State-variable/biquad-like active-other equation + current signature,5037.2509161313,1380.21012692547,33798.5561540504,6.48883844694441e-12,2.80337247804612e-12,NaN,NaN,10289.1691736419,6496.31767898604,1.63137436748808,3.3281897620203,14152294.2946984
2197,MFB,BPF,MFB_BPF_Maheshwari,Maheshwari MFB equation + current signature,20637.3950144055,241794.39040814,NaN,1.82717262654282e-11,2.97189245579946e-11,NaN,NaN,NaN,NaN,-1630467.07602954,1.6620549087708,96685.9230431457
2812,ACTIVE_OTHER,BPF,ACTIVE_OTHER_STATE_VARIABLE_BPF,State-variable/biquad-like active-other equation + current signature,234140.775422481,209411.929185167,29034.8384707767,3.80047073546451e-11,2.31287820352992e-12,NaN,NaN,9668.52781000812,8456.59574314848,1.87465185076004,2.79853992447996,76663.0014829826
650,PASSIVE,BSF,PASSIVE_RLC_BSF,Passive RLC equation + source-current signature,19925989.9154442,NaN,NaN,1.05233640035767e-12,NaN,NaN,7624.31714518211,NaN,NaN,1,4.27172487704902,1776.81560020537
2179,MFB,BPF,MFB_BPF_Maheshwari,Maheshwari MFB equation + current signature,484.7236241303,55131.0194470507,NaN,3.88701683264099e-10,5.86107939889408e-10,NaN,NaN,NaN,NaN,-3519882.84444229,5.22189486303453,64502.7177738512
282,PASSIVE,HPF,PASSIVE_RC_HPF,Passive RC equation + source-current signature,953004.436163501,NaN,NaN,1.09509199304302e-12,NaN,NaN,NaN,NaN,NaN,1,NaN,152501.672212392
2785,ACTIVE_OTHER,HPF,ACTIVE_OTHER_STATE_VARIABLE_HPF,State-variable/biquad-like active-other equation + current signature,3157.83028833825,614966.159979033,45772.6937346029,1.86975808467776e-12,1.10559052104435e-12,NaN,NaN,9878.69202601274,17217.9475203102,2.74293797953936,4.56950803551841,2511945.81107489
3164,ACTIVE_OTHER,BSF,ACTIVE_OTHER_STATE_VARIABLE_BSF,State-variable/biquad-like active-other equation + current signature,80160.4400315924,25031.4760727689,47261.8781585948,1.78393822073444e-12,2.29042928367538e-12,NaN,NaN,10292.6443616664,5940.47802793674,1.5771576107362,4.55153809322434,1757715.19190413
1970,MFB,HPF,MFB_HPF_Maheshwari,Maheshwari MFB equation + current signature,16056.1949902304,5692.08843167112,NaN,5.72464601059206e-10,4.97101949302645e-11,1.65807722286036e-10,NaN,NaN,NaN,-0.289638384590504,0.668094517872129,183374.053710736
165,PASSIVE,LPF,PASSIVE_RC_LPF,Passive RC equation + source-current signature,272534.141069791,NaN,NaN,1.80075926383835e-11,NaN,NaN,NaN,NaN,NaN,1,NaN,32429.7468669795
2897,ACTIVE_OTHER,BPF,ACTIVE_OTHER_STATE_VARIABLE_BPF,State-variable/biquad-like active-other equation + current signature,643392.279147127,36760.1488240464,43235.2430633987,4.54067504111225e-12,2.98618127474071e-10,NaN,NaN,9629.52931540097,31560.5336796771,4.27747417822394,4.30679356810955,28104.4624912314
2326,MFB,BSF,MFB_BSF_1_MINUS_BP,Maheshwari MFB BPF denominator + 1-minus-BP notch + current signature,20986.4796579132,1557662.89488779,NaN,3.26317800552894e-10,5.83091082528762e-10,NaN,NaN,NaN,NaN,1,4.13234269425436,2018.01790210926
737,PASSIVE,BSF,PASSIVE_RLC_BSF,Passive RLC equation + source-current signature,14425.8799920516,NaN,NaN,1.2920297589945e-11,NaN,NaN,0.0127675737928466,NaN,NaN,1,2.17909224402458,391858.872857787
173,PASSIVE,LPF,PASSIVE_RC_LPF,Passive RC equation + source-current signature,28351.4347011477,NaN,NaN,6.39580043690598e-10,NaN,NaN,NaN,NaN,NaN,1,NaN,8777.08261890797
3117,ACTIVE_OTHER,BSF,ACTIVE_OTHER_STATE_VARIABLE_BSF,State-variable/biquad-like active-other equation + current signature,6926.37671539235,590093.793186845,17102.1465760283,6.95765162439413e-10,1.08097460259961e-10,NaN,NaN,9514.86717436431,24917.4467651117,3.61879081530914,1.79227902408134,9077.52532455946
3139,ACTIVE_OTHER,BSF,ACTIVE_OTHER_STATE_VARIABLE_BSF,State-variable/biquad-like active-other equation + current signature,858488.437200785,165051.461790181,16546.3773634788,6.48041689344866e-12,8.25354062594883e-11,NaN,NaN,9549.56499207968,5817.51121332641,1.60919122684137,1.70422387078809,18281.9113904343
2104,MFB,BPF,MFB_BPF_Maheshwari,Maheshwari MFB equation + current signature,4166768.18324411,32347654.7761871,NaN,1.48937163754224e-11,1.47930093210768e-10,NaN,NaN,NaN,NaN,-1622.34841862542,0.803218353405211,292.058101080832
2286,MFB,BSF,MFB_BSF_1_MINUS_BP,Maheshwari MFB BPF denominator + 1-minus-BP notch + current signature,10604.8764684356,307221.083876151,NaN,1.62528341319464e-11,7.45682352234414e-10,NaN,NaN,NaN,NaN,1,0.777671450640805,25327.9670237774
1648,MFB,LPF,MFB_LPF_Maheshwari,Maheshwari MFB equation + current signature,33951.7829996503,1259060.70111936,118419.69251794,3.64177070581673e-10,2.84428240466029e-11,NaN,NaN,NaN,NaN,-3.48787845749248,0.239502410761967,4049.88019926226
1523,VCVS,BSF,VCVS_BSF_Maheshwari,Maheshwari VCVS equations + prototype input/supply-current signature,290372.300582744,290372.300582744,NaN,2.61607979230675e-12,2.61607979230675e-12,NaN,NaN,9887.33434651732,2101.28828125192,1.21252323504081,0.634939368688432,209514.439799812
1263,VCVS,BPF,VCVS_BPF_Maheshwari,Maheshwari VCVS equations + prototype input/supply-current signature,37534.2603894489,37534.2603894489,NaN,1.03360620087188e-11,1.03360620087188e-11,NaN,NaN,9823.21302928638,8955.98849599748,1.91171681498677,0.918878481052557,410239.206051463
981,VCVS,LPF,VCVS_LPF_Maheshwari,Maheshwari VCVS equations + prototype input/supply-current signature,4649.1143507123,4649.1143507123,NaN,5.2908163067978e-11,5.2908163067978e-11,NaN,NaN,10120.6541575792,3070.99295302173,1.30343818741419,0.589427389312656,647034.175147505
1435,VCVS,BSF,VCVS_BSF_Maheshwari,Maheshwari VCVS equations + prototype input/supply-current signature,245623.254898212,245623.254898212,NaN,3.54724157176712e-10,3.54724157176712e-10,NaN,NaN,9940.68299054261,4823.55323540651,1.48523358405006,0.971314336964494,1826.66910710417
2423,ACTIVE_OTHER,LPF,ACTIVE_OTHER_STATE_VARIABLE_LPF,State-variable/biquad-like active-other equation + current signature,21246.7394269753,154555.794387806,39457.3649526325,1.24911328533877e-10,2.1240863640689e-12,NaN,NaN,9644.62112063851,30620.2039351499,4.17484777806624,4.03142439168016,170507.835292104
2444,ACTIVE_OTHER,LPF,ACTIVE_OTHER_STATE_VARIABLE_LPF,State-variable/biquad-like active-other equation + current signature,289656.013437667,170826.528640331,6122.27264261346,4.71442965762835e-10,1.04999679653455e-11,NaN,NaN,9870.70170251361,10861.1488852287,2.10034212486259,0.619815107628931,10169.3368247505
3177,ACTIVE_OTHER,BSF,ACTIVE_OTHER_STATE_VARIABLE_BSF,State-variable/biquad-like active-other equation + current signature,242302.082948754,87523.3458141618,32318.33188705,1.81934900854799e-12,1.51281858852264e-10,NaN,NaN,10172.1931089444,14399.2128345413,2.41554654736942,3.37529289348767,65876.143490863
3146,ACTIVE_OTHER,BSF,ACTIVE_OTHER_STATE_VARIABLE_BSF,State-variable/biquad-like active-other equation + current signature,457112.423896858,81552.1288538996,51393.079344794,8.26470548186224e-11,2.19426046913131e-12,NaN,NaN,9630.59973778869,34361.5558419759,4.56795597133453,5.15699268280922,61211.5232933643
2102,MFB,BPF,MFB_BPF_Maheshwari,Maheshwari MFB equation + current signature,1294.45767520934,66582.6468757078,NaN,4.40358123279631e-11,4.59158999822895e-11,NaN,NaN,NaN,NaN,-16824766.4321125,3.58518625037724,381251.112477783
3079,ACTIVE_OTHER,BSF,ACTIVE_OTHER_STATE_VARIABLE_BSF,State-variable/biquad-like active-other equation + current signature,6851.32613542702,8509.44254199879,34797.7037535696,4.74355113197785e-12,3.14933728194331e-12,NaN,NaN,9902.34007630861,15472.2961902652,2.56248887344141,3.46236065994049,5392881.47687561
520,PASSIVE,BPF,PASSIVE_RLC_BPF,Passive RLC equation + source-current signature,36108.0477111792,NaN,NaN,1.97881609615054e-10,NaN,NaN,2.30198645329987,NaN,NaN,1,2.98706488855726,7457.03244498197
284,PASSIVE,HPF,PASSIVE_RC_HPF,Passive RC equation + source-current signature,1480.24025885916,NaN,NaN,2.70613299049969e-11,NaN,NaN,NaN,NaN,NaN,1,NaN,3973184.97133915
2913,ACTIVE_OTHER,BPF,ACTIVE_OTHER_STATE_VARIABLE_BPF,State-variable/biquad-like active-other equation + current signature,26836.4982679916,84525.4861687479,47469.3614449942,2.61072514306079e-11,6.60662223652095e-12,NaN,NaN,9648.83743022759,31713.1080411977,4.28672840334607,4.82728102871098,254444.493318476
1928,MFB,HPF,MFB_HPF_Maheshwari,Maheshwari MFB equation + current signature,4007.7165681049,51191.2822428449,NaN,4.08178428013989e-10,6.91088986304698e-10,1.32573838629328e-11,NaN,NaN,NaN,-0.0324793838994314,0.741188913878882,116085.433134087
1720,MFB,LPF,MFB_LPF_Maheshwari,Maheshwari MFB equation + current signature,6490.42124709115,170515.267075377,21121.6668075229,4.40614773162485e-10,9.45023877773061e-12,NaN,NaN,NaN,NaN,-3.25428288910972,0.548908184206792,41098.2647076563
1694,MFB,LPF,MFB_LPF_Maheshwari,Maheshwari MFB equation + current signature,132295.736411539,9078.83970870265,216405.049506906,9.97442840107773e-11,6.05632976465981e-11,NaN,NaN,NaN,NaN,-1.63576737525179,0.236685435609464,46197.9278808052
1597,VCVS,BSF,VCVS_BSF_Maheshwari,Maheshwari VCVS equations + prototype input/supply-current signature,2551.89068681295,2551.89068681295,NaN,6.034605178853e-11,6.034605178853e-11,NaN,NaN,10158.0340948902,4411.3155852385,1.43426863348072,0.883811698609354,1033496.96015258
1485,VCVS,BSF,VCVS_BSF_Maheshwari,Maheshwari VCVS equations + prototype input/supply-current signature,966412.812487466,966412.812487466,NaN,1.12902104214388e-10,1.12902104214388e-10,NaN,NaN,10106.9996729973,4891.41210683571,1.48396282428939,0.968922441123501,1458.66450961252
1895,MFB,HPF,MFB_HPF_Maheshwari,Maheshwari MFB equation + current signature,13303.1746014728,1162.40434741196,NaN,4.86472563300377e-10,1.05573829689394e-10,8.85611428377505e-11,NaN,NaN,NaN,-0.182047559346256,2.640080458979,418566.174837814
240,PASSIVE,HPF,PASSIVE_RC_HPF,Passive RC equation + source-current signature,248796.625657742,NaN,NaN,4.70305752850805e-12,NaN,NaN,NaN,NaN,NaN,1,NaN,136017.677385146
610,PASSIVE,BSF,PASSIVE_RLC_BSF,Passive RLC equation + source-current signature,2112.07197033852,NaN,NaN,4.77427434047639e-11,NaN,NaN,0.00468596831909856,NaN,NaN,1,4.6906958701474,336485.823865547
2001,MFB,BPF,MFB_BPF_Maheshwari,Maheshwari MFB equation + current signature,1379.73884193396,647098.164772085,NaN,4.61559744903314e-11,7.35941787972867e-10,NaN,NaN,NaN,NaN,-984826.317789036,5.10341974414872,28900.2039883179
468,PASSIVE,BPF,PASSIVE_RLC_BPF,Passive RLC equation + source-current signature,78299.1197923853,NaN,NaN,2.47833410186241e-11,NaN,NaN,0.046396480626109,NaN,NaN,1,0.552593424789017,148421.797148978
1095,VCVS,HPF,VCVS_HPF_Maheshwari,Maheshwari VCVS equations + prototype input/supply-current signature,1414.39613725848,1414.39613725848,NaN,6.7874464659611e-12,6.7874464659611e-12,NaN,NaN,9933.63485535643,2431.70390601543,1.24479497600057,0.569734011882777,16578401.4815635
2520,ACTIVE_OTHER,LPF,ACTIVE_OTHER_STATE_VARIABLE_LPF,State-variable/biquad-like active-other equation + current signature,46372.9155128161,29638.5089445494,11062.0147451924,5.36114289094807e-11,2.47316248309247e-10,NaN,NaN,9742.4052038937,20727.9299313391,3.12759883186288,1.09041448716978,37282.4753241855
1454,VCVS,BSF,VCVS_BSF_Maheshwari,Maheshwari VCVS equations + prototype input/supply-current signature,434268.23495471,434268.23495471,NaN,2.28846023286877e-11,2.28846023286877e-11,NaN,NaN,9976.63459445307,3021.57176868333,1.30286483283284,0.717221026206109,16014.6959646057
808,VCVS,LPF,VCVS_LPF_Maheshwari,Maheshwari VCVS equations + prototype input/supply-current signature,21046.5328794955,21046.5328794955,NaN,1.33909026095933e-12,1.33909026095933e-12,NaN,NaN,10175.5984866564,3459.74982727,1.34000455420945,0.602411291269397,5647155.12784569
1980,MFB,HPF,MFB_HPF_Maheshwari,Maheshwari MFB equation + current signature,888543.178149515,30004368.7773885,NaN,6.67505332063264e-10,4.61297067715165e-10,1.4147278009903e-10,NaN,NaN,NaN,-0.211942546828408,0.163289346487482,120.659584341389
1398,VCVS,BPF,VCVS_BPF_Maheshwari,Maheshwari VCVS equations + prototype input/supply-current signature,307423.365006532,307423.365006532,NaN,6.95022585348371e-12,6.95022585348371e-12,NaN,NaN,9902.78156201445,6253.73160514189,1.63151262763689,0.730733816179243,74487.6618491283
2851,ACTIVE_OTHER,BPF,ACTIVE_OTHER_STATE_VARIABLE_BPF,State-variable/biquad-like active-other equation + current signature,155015.080864506,748518.163194223,40744.2419627952,1.2265786808579e-11,1.14566815441912e-10,NaN,NaN,9866.36536626667,13174.1582757771,2.3352595192572,4.05388992237292,12463.9258825852
606,PASSIVE,BSF,PASSIVE_RLC_BSF,Passive RLC equation + source-current signature,1952.09138213898,NaN,NaN,5.16330715500416e-11,NaN,NaN,0.00488726032004722,NaN,NaN,1,4.98389187084039,316827.897181678
1783,MFB,LPF,MFB_LPF_Maheshwari,Maheshwari MFB equation + current signature,200054.640524968,45927.3275056041,418360.065467082,5.16132017357001e-11,3.31150215079345e-11,NaN,NaN,NaN,NaN,-2.09122899808399,0.308839748372277,27772.5982677617
3127,ACTIVE_OTHER,BSF,ACTIVE_OTHER_STATE_VARIABLE_BSF,State-variable/biquad-like active-other equation + current signature,9855.56909299309,555884.474687207,50718.611025135,5.68010846303436e-10,2.09169301139275e-12,NaN,NaN,10356.5710974511,9663.01286121325,1.93303205957727,4.83979683211679,62382.0609558314
232,PASSIVE,HPF,PASSIVE_RC_HPF,Passive RC equation + source-current signature,5993.99910234905,NaN,NaN,1.04423591680246e-10,NaN,NaN,NaN,NaN,NaN,1,NaN,254275.68401035
1601,MFB,LPF,MFB_LPF_Maheshwari,Maheshwari MFB equation + current signature,32427.5217836522,588.301649633105,35050.4764984449,7.38082485078542e-10,1.82717720006016e-11,NaN,NaN,NaN,NaN,-1.08088668422744,0.795620006360106,301807.725153931
1459,VCVS,BSF,VCVS_BSF_Maheshwari,Maheshwari VCVS equations + prototype input/supply-current signature,708267.758438184,708267.758438184,NaN,4.43959877564238e-12,4.43959877564238e-12,NaN,NaN,10180.3190085365,4796.75984092763,1.47117971813117,0.945500800825986,50614.9644635873
2436,ACTIVE_OTHER,LPF,ACTIVE_OTHER_STATE_VARIABLE_LPF,State-variable/biquad-like active-other equation + current signature,1986.05690971449,43649.9378523622,6126.10785914946,1.35603701508174e-11,2.08188549175945e-10,NaN,NaN,10261.8842383501,15313.7066026643,2.49228993886276,0.595559326969015,321712.755744459
2535,ACTIVE_OTHER,LPF,ACTIVE_OTHER_STATE_VARIABLE_LPF,State-variable/biquad-like active-other equation + current signature,60052.4777066928,161886.163866454,7331.77323510969,7.09330592179808e-12,2.12834586589456e-11,NaN,NaN,10445.5630404121,15015.729626572,2.43752228276051,0.755006655940413,131372.46623719
1307,VCVS,BPF,VCVS_BPF_Maheshwari,Maheshwari VCVS equations + prototype input/supply-current signature,233736.337996332,233736.337996332,NaN,8.52679249923977e-10,8.52679249923977e-10,NaN,NaN,10182.364002298,2424.5403619819,1.23811173529396,0.567572881908514,798.561193475814
130,PASSIVE,LPF,PASSIVE_RC_LPF,Passive RC equation + source-current signature,274473.565802091,NaN,NaN,1.57876203475201e-11,NaN,NaN,NaN,NaN,NaN,1,NaN,36728.4780963144
1792,MFB,LPF,MFB_LPF_Maheshwari,Maheshwari MFB equation + current signature,2411.00414582065,6353.57370231335,4027.56589584453,2.80640634555351e-10,5.86768253368149e-11,NaN,NaN,NaN,NaN,-1.67049314403963,0.52694078791833,245177.824427978
2860,ACTIVE_OTHER,BPF,ACTIVE_OTHER_STATE_VARIABLE_BPF,State-variable/biquad-like active-other equation + current signature,41838.412644646,1565.72287726253,36564.8285440465,1.48623436967492e-11,9.86423892506924e-11,NaN,NaN,10195.1196944898,20003.4925197217,2.96206549007298,3.82209840873239,513569.994423704
1309,VCVS,BPF,VCVS_BPF_Maheshwari,Maheshwari VCVS equations + prototype input/supply-current signature,3107.62149136716,3107.62149136716,NaN,8.56813364004945e-12,8.56813364004945e-12,NaN,NaN,9817.11022133658,8494.69509881224,1.86529486858055,0.881286223451779,5977310.04886316
203,PASSIVE,HPF,PASSIVE_RC_HPF,Passive RC equation + source-current signature,282263.056271945,NaN,NaN,6.76367799815922e-11,NaN,NaN,NaN,NaN,NaN,1,NaN,8336.48874649185
786,PASSIVE,BSF,PASSIVE_RLC_BSF,Passive RLC equation + source-current signature,5555.3379912207,NaN,NaN,3.48724191977861e-11,NaN,NaN,0.00786346060756876,NaN,NaN,1,2.70305780076568,303929.066077294
1165,VCVS,HPF,VCVS_HPF_Maheshwari,Maheshwari VCVS equations + prototype input/supply-current signature,100586.842929328,100586.842929328,NaN,1.21221024254465e-12,1.21221024254465e-12,NaN,NaN,9888.45369552496,3172.04180230703,1.32078238923671,0.59551543146659,1305271.94939017
904,VCVS,LPF,VCVS_LPF_Maheshwari,Maheshwari VCVS equations + prototype input/supply-current signature,220557.269618773,220557.269618773,NaN,2.91928940001031e-11,2.91928940001031e-11,NaN,NaN,10091.8285554859,2667.6377244994,1.26433640938631,0.576148514843493,24718.4710693502
1302,VCVS,BPF,VCVS_BPF_Maheshwari,Maheshwari VCVS equations + prototype input/supply-current signature,747996.908729876,747996.908729876,NaN,2.15514195593142e-12,2.15514195593142e-12,NaN,NaN,10059.0785900772,9834.26425744384,1.97765060381822,0.978139179946451,98728.9337683093
1857,MFB,HPF,MFB_HPF_Maheshwari,Maheshwari MFB equation + current signature,154483.70745716,1624783.67261602,NaN,3.61167492011573e-11,1.0321165983574e-10,1.04914044440193e-11,NaN,NaN,NaN,-0.290485845932199,0.233147378417473,9653.83386937092
3085,ACTIVE_OTHER,BSF,ACTIVE_OTHER_STATE_VARIABLE_BSF,State-variable/biquad-like active-other equation + current signature,603445.689953996,7697.07872700846,24401.3984387098,1.74887258897892e-10,3.14299659364015e-12,NaN,NaN,10275.1124074651,15079.9316387574,2.46761719392981,2.4520460010252,99606.351345499
3144,ACTIVE_OTHER,BSF,ACTIVE_OTHER_STATE_VARIABLE_BSF,State-variable/biquad-like active-other equation + current signature,136675.493014379,36653.7686760923,13397.968302399,1.43320332956924e-10,1.49256746361247e-12,NaN,NaN,10363.7651240882,23634.4640681622,3.2804901293285,1.32154465553294,153742.734198764
1170,VCVS,HPF,VCVS_HPF_Maheshwari,Maheshwari VCVS equations + prototype input/supply-current signature,47842.6619444084,47842.6619444084,NaN,2.9791609218056e-12,2.9791609218056e-12,NaN,NaN,9897.46261302215,2469.14086553406,1.24947210836497,0.57125625063076,1116633.96405882
1834,MFB,HPF,MFB_HPF_Maheshwari,Maheshwari MFB equation + current signature,61990.2141896844,49.4046645509967,NaN,3.44312583742698e-10,1.96318143188768e-10,1.71566810453303e-10,NaN,NaN,NaN,-0.498287946924162,18.3186556460691,495538.872227627
1354,VCVS,BPF,VCVS_BPF_Maheshwari,Maheshwari VCVS equations + prototype input/supply-current signature,3431.97946401294,3431.97946401294,NaN,1.90619220575871e-12,1.90619220575871e-12,NaN,NaN,10135.3428812212,4593.46440843781,1.45321253185707,0.646501229545516,24328131.8981533
136,PASSIVE,LPF,PASSIVE_RC_LPF,Passive RC equation + source-current signature,5814.38290677315,NaN,NaN,2.3245653923036e-11,NaN,NaN,NaN,NaN,NaN,1,NaN,1177537.4683394
1221,VCVS,BPF,VCVS_BPF_Maheshwari,Maheshwari VCVS equations + prototype input/supply-current signature,350301.706952228,350301.706952228,NaN,1.58753336478823e-11,1.58753336478823e-11,NaN,NaN,10065.864247314,4900.42547928833,1.48683603900142,0.660866915796798,28619.0370292747
629,PASSIVE,BSF,PASSIVE_RLC_BSF,Passive RLC equation + source-current signature,17480287.3855051,NaN,NaN,2.45258439324202e-11,NaN,NaN,84230.8526722691,NaN,NaN,1,3.3525483505471,110.731849279646
2263,MFB,BSF,MFB_BSF_1_MINUS_BP,Maheshwari MFB BPF denominator + 1-minus-BP notch + current signature,206.852932609403,289707.842207716,NaN,1.48671397725086e-11,4.55804966939236e-10,NaN,NaN,NaN,NaN,1,6.54536789357159,249750.246652503
1627,MFB,LPF,MFB_LPF_Maheshwari,Maheshwari MFB equation + current signature,2903.76817554043,15948.6024701122,8183.3886221814,4.92553926518098e-10,6.3737648970632e-11,NaN,NaN,NaN,NaN,-2.81819626343221,0.459743124569087,78626.2049988343
1105,VCVS,HPF,VCVS_HPF_Maheshwari,Maheshwari VCVS equations + prototype input/supply-current signature,1037.46640608452,1037.46640608452,NaN,3.05086570183483e-11,3.05086570183483e-11,NaN,NaN,10093.9290477926,8342.46519004936,1.826483438763,0.852139657020179,5028321.04260548
1229,VCVS,BPF,VCVS_BPF_Maheshwari,Maheshwari VCVS equations + prototype input/supply-current signature,124741.515843822,124741.515843822,NaN,1.4187457985954e-12,1.4187457985954e-12,NaN,NaN,10197.4325342309,2178.72867953435,1.21365463043965,0.559802162023191,899299.860323241
20,PASSIVE,LPF,PASSIVE_RC_LPF,Passive RC equation + source-current signature,60159.8442846081,NaN,NaN,4.62718617382914e-12,NaN,NaN,NaN,NaN,NaN,1,NaN,571737.205436633
2161,MFB,BPF,MFB_BPF_Maheshwari,Maheshwari MFB equation + current signature,1968.84877773049,26487.6979070088,NaN,2.82202757225834e-10,9.67085304768369e-11,NaN,NaN,NaN,NaN,-5251977.48436513,1.59915810105065,133407.063811648
688,PASSIVE,BSF,PASSIVE_RLC_BSF,Passive RLC equation + source-current signature,542458.49128488,NaN,NaN,5.35168578437414e-10,NaN,NaN,4143.22556541992,NaN,NaN,1,5.12929259752217,106.882238135753
2484,ACTIVE_OTHER,LPF,ACTIVE_OTHER_STATE_VARIABLE_LPF,State-variable/biquad-like active-other equation + current signature,2005.4529847801,2710.24065709975,30377.1665721295,6.8487747362737e-10,1.2736441350239e-11,NaN,NaN,10054.0748996399,17948.3476903025,2.78518141842621,2.9803018383949,730936.198395369
2227,MFB,BSF,MFB_BSF_1_MINUS_BP,Maheshwari MFB BPF denominator + 1-minus-BP notch + current signature,52294.917994252,6780597.55065048,NaN,1.22854251781647e-11,3.05303936090759e-11,NaN,NaN,NaN,NaN,1,5.15064104953737,13800.5090723548
1096,VCVS,HPF,VCVS_HPF_Maheshwari,Maheshwari VCVS equations + prototype input/supply-current signature,6787.89011515501,6787.89011515501,NaN,2.30643304648592e-11,2.30643304648592e-11,NaN,NaN,9833.16526598783,4833.83900040337,1.49158524947437,0.66294764066152,1016586.82393616
2255,MFB,BSF,MFB_BSF_1_MINUS_BP,Maheshwari MFB BPF denominator + 1-minus-BP notch + current signature,854.482082803127,148006.597730055,NaN,9.12674246914096e-11,3.32309251664077e-11,NaN,NaN,NaN,NaN,1,5.82176373576024,256979.807397585
2907,ACTIVE_OTHER,BPF,ACTIVE_OTHER_STATE_VARIABLE_BPF,State-variable/biquad-like active-other equation + current signature,26241.7931440887,1545.72104802905,35967.2331532387,9.48922950283874e-12,4.90656352847871e-10,NaN,NaN,9885.33203531555,14128.8616821629,2.42927537807403,3.78466875200302,366229.757171551
2720,ACTIVE_OTHER,HPF,ACTIVE_OTHER_STATE_VARIABLE_HPF,State-variable/biquad-like active-other equation + current signature,469974.567763246,89692.6170134447,13940.3027156393,1.86390715702616e-12,2.60921336872434e-11,NaN,NaN,10082.7389896221,20856.8109901517,3.06856599299248,1.41504660008525,111157.218198005
185,PASSIVE,LPF,PASSIVE_RC_LPF,Passive RC equation + source-current signature,37906.2250246403,NaN,NaN,1.11528109640224e-11,NaN,NaN,NaN,NaN,NaN,1,NaN,376465.561807222
960,VCVS,LPF,VCVS_LPF_Maheshwari,Maheshwari VCVS equations + prototype input/supply-current signature,28425.2899440571,28425.2899440571,NaN,1.10757479920625e-10,1.10757479920625e-10,NaN,NaN,10194.8541282068,13796.7617605821,2.35330644137513,1.54632744777356,50552.4446952253
122,PASSIVE,LPF,PASSIVE_RC_LPF,Passive RC equation + source-current signature,717210.673721114,NaN,NaN,9.05530225150421e-12,NaN,NaN,NaN,NaN,NaN,1,NaN,24505.8875575548
1866,MFB,HPF,MFB_HPF_Maheshwari,Maheshwari MFB equation + current signature,15206.9119095343,175.550236309439,NaN,8.4572664703197e-10,2.01167956256548e-11,9.68619262161046e-10,NaN,NaN,NaN,-1.14531008992133,0.618363411893412,697819.264674448
2169,MFB,BPF,MFB_BPF_Maheshwari,Maheshwari MFB equation + current signature,95012.7674479551,2496713.56901215,NaN,4.81522832327303e-10,4.41574929350167e-10,NaN,NaN,NaN,NaN,-23834.9158983898,2.56068598991108,708.653832783569
3187,ACTIVE_OTHER,BSF,ACTIVE_OTHER_STATE_VARIABLE_BSF,State-variable/biquad-like active-other equation + current signature,71204.655139875,6206.03406309851,54463.2856917968,4.61085322710826e-12,3.03802635933953e-10,NaN,NaN,9593.56345887619,15863.0301966215,2.65350761107903,5.61919202657519,202289.081577312
2156,MFB,BPF,MFB_BPF_Maheshwari,Maheshwari MFB equation + current signature,1870934.60210949,111497046.183618,NaN,1.05654964845941e-11,3.40782736167507e-10,NaN,NaN,NaN,NaN,-1568.42518466088,1.31840351393593,183.643431529113
695,PASSIVE,BSF,PASSIVE_RLC_BSF,Passive RLC equation + source-current signature,2297.96226886254,NaN,NaN,1.35239361759644e-10,NaN,NaN,0.00956827068072843,NaN,NaN,1,3.66034715340422,139910.996240201
497,PASSIVE,BPF,PASSIVE_RLC_BPF,Passive RLC equation + source-current signature,2154.41246946163,NaN,NaN,3.52505551537647e-10,NaN,NaN,0.0107496761446289,NaN,NaN,1,2.56321983829603,81759.7323184769
2289,MFB,BSF,MFB_BSF_1_MINUS_BP,Maheshwari MFB BPF denominator + 1-minus-BP notch + current signature,644.809743440888,96359.2321923026,NaN,7.27577910937061e-11,6.29482437052918e-10,NaN,NaN,NaN,NaN,1,3.72543273797769,94346.5685219084
106,PASSIVE,LPF,PASSIVE_RC_LPF,Passive RC equation + source-current signature,307014.238227973,NaN,NaN,1.69287442353003e-12,NaN,NaN,NaN,NaN,NaN,1,NaN,306222.340175053
802,VCVS,LPF,VCVS_LPF_Maheshwari,Maheshwari VCVS equations + prototype input/supply-current signature,59744.2275287869,59744.2275287869,NaN,5.0155073105865e-10,5.0155073105865e-10,NaN,NaN,10051.4003831384,11850.5330253321,2.17899323214821,1.21801675595994,5311.40372272291
2803,ACTIVE_OTHER,BPF,ACTIVE_OTHER_STATE_VARIABLE_BPF,State-variable/biquad-like active-other equation + current signature,1765.31261488611,1978.23362489555,27205.3028139207,3.25745858683459e-11,9.65749776914231e-13,NaN,NaN,9607.50991456387,7895.19590565973,1.82177338101848,2.85743460197817,15184439.6482175
1447,VCVS,BSF,VCVS_BSF_Maheshwari,Maheshwari VCVS equations + prototype input/supply-current signature,9969.65896171056,9969.65896171056,NaN,1.3779807701823e-12,1.3779807701823e-12,NaN,NaN,10136.7970076375,6583.33955994567,1.64944967872845,1.42632874557454,11585016.9156058
2154,MFB,BPF,MFB_BPF_Maheshwari,Maheshwari MFB equation + current signature,14061892.8546625,111209460.181661,NaN,1.97257249710071e-11,2.84694732687546e-11,NaN,NaN,NaN,NaN,-2497.90998164574,1.38277463980824,169.832643749797
724,PASSIVE,BSF,PASSIVE_RLC_BSF,Passive RLC equation + source-current signature,1037456.1378944,NaN,NaN,1.19582578762004e-10,NaN,NaN,451.350162101161,NaN,NaN,1,1.87263484235325,685.061203138471
1742,MFB,LPF,MFB_LPF_Maheshwari,Maheshwari MFB equation + current signature,156145.21900868,8285931.37339602,219197.444270487,4.65842720864612e-10,6.10509515788538e-11,NaN,NaN,NaN,NaN,-1.40380503266195,0.184870628922885,700.270525039823
1500,VCVS,BSF,VCVS_BSF_Maheshwari,Maheshwari VCVS equations + prototype input/supply-current signature,57458.261809468,57458.261809468,NaN,1.03283354721378e-11,1.03283354721378e-11,NaN,NaN,10047.5679515054,586.162431232919,1.05833873769872,0.530976498680718,268186.746749994
2761,ACTIVE_OTHER,HPF,ACTIVE_OTHER_STATE_VARIABLE_HPF,State-variable/biquad-like active-other equation + current signature,17118.7393134207,476007.97149671,35507.7419353436,3.11857463237693e-10,1.77399818613958e-11,NaN,NaN,10092.6268412924,31073.9218861346,4.07887355539596,3.61569621307069,23704.0455428945
158,PASSIVE,LPF,PASSIVE_RC_LPF,Passive RC equation + source-current signature,871689.838577015,NaN,NaN,1.43471063729058e-12,NaN,NaN,NaN,NaN,NaN,1,NaN,127260.559999744
1603,MFB,LPF,MFB_LPF_Maheshwari,Maheshwari MFB equation + current signature,12030.4275133643,1840.7155249213,23253.5571992472,4.57877837384195e-11,9.07534586213409e-11,NaN,NaN,NaN,NaN,-1.93289533338823,0.162189799443961,377377.228736382
2005,MFB,BPF,MFB_BPF_Maheshwari,Maheshwari MFB equation + current signature,7353.11203354069,14784.7666478132,NaN,3.23169707418388e-10,4.4136052452804e-10,NaN,NaN,NaN,NaN,-308130.954952273,0.700469207042717,40417.1081913098
2602,ACTIVE_OTHER,HPF,ACTIVE_OTHER_STATE_VARIABLE_HPF,State-variable/biquad-like active-other equation + current signature,1905.18532058051,2749.69813271219,28342.7384969393,3.03123381008214e-10,2.94847760821565e-12,NaN,NaN,10337.5696961317,28351.4274113029,3.74256215384085,2.76819513412761,2325949.99551963
1136,VCVS,HPF,VCVS_HPF_Maheshwari,Maheshwari VCVS equations + prototype input/supply-current signature,195314.754247861,195314.754247861,NaN,1.25503000255763e-11,1.25503000255763e-11,NaN,NaN,10086.3205170754,12723.7249122953,2.26148330213727,1.35406552471191,64927.8425229041
394,PASSIVE,HPF,PASSIVE_RC_HPF,Passive RC equation + source-current signature,7526.5669834239,NaN,NaN,9.45083281056214e-12,NaN,NaN,NaN,NaN,NaN,1,NaN,2237448.87309388
92,PASSIVE,LPF,PASSIVE_RC_LPF,Passive RC equation + source-current signature,969.255778181621,NaN,NaN,1.14689943345664e-12,NaN,NaN,NaN,NaN,NaN,1,NaN,143171440.546781
2784,ACTIVE_OTHER,HPF,ACTIVE_OTHER_STATE_VARIABLE_HPF,State-variable/biquad-like active-other equation + current signature,123530.371410398,173418.321601789,9668.42417464948,2.51527960177532e-11,2.90636015020709e-10,NaN,NaN,9538.22493695174,25818.5609457007,3.70685175872482,0.982136070293323,12717.9736022591
2775,ACTIVE_OTHER,HPF,ACTIVE_OTHER_STATE_VARIABLE_HPF,State-variable/biquad-like active-other equation + current signature,36737.0468957075,2844.37346009885,14134.9651914357,2.69231350516768e-11,3.14712872187986e-12,NaN,NaN,9798.29737113617,6104.0318846849,1.62296862949538,1.46723267929337,1691432.35301331
1574,VCVS,BSF,VCVS_BSF_Maheshwari,Maheshwari VCVS equations + prototype input/supply-current signature,2862.62691749325,2862.62691749325,NaN,4.11316275642908e-11,4.11316275642908e-11,NaN,NaN,10039.4947662538,1960.82821019959,1.195311443041,0.621358407145182,1351697.42433685
2672,ACTIVE_OTHER,HPF,ACTIVE_OTHER_STATE_VARIABLE_HPF,State-variable/biquad-like active-other equation + current signature,6819.51746905323,107943.145485882,29952.8833133275,7.73744751219993e-10,7.6848687559013e-10,NaN,NaN,10480.4798983497,7853.31996641893,1.74932827910443,3.03704633646256,7607.26750847054
3102,ACTIVE_OTHER,BSF,ACTIVE_OTHER_STATE_VARIABLE_BSF,State-variable/biquad-like active-other equation + current signature,3938.25721078916,210690.47781867,50649.0894713969,4.88884999514277e-12,2.81579645383423e-10,NaN,NaN,10438.7996076089,18569.1316945435,2.77885699434333,5.17915862869297,148916.100175814
1017,VCVS,HPF,VCVS_HPF_Maheshwari,Maheshwari VCVS equations + prototype input/supply-current signature,32545.4528502423,32545.4528502423,NaN,8.64871913928444e-11,8.64871913928444e-11,NaN,NaN,9909.44503070641,1028.52290667478,1.10379218043873,0.527368355769872,56542.892161942
2510,ACTIVE_OTHER,LPF,ACTIVE_OTHER_STATE_VARIABLE_LPF,State-variable/biquad-like active-other equation + current signature,10243.2848823243,903548.501734317,43734.3234198412,3.34266271400991e-11,3.70235978240248e-12,NaN,NaN,9953.77500092885,32310.1674657236,4.24602148056477,4.17228908536621,148709.660650666
1183,VCVS,HPF,VCVS_HPF_Maheshwari,Maheshwari VCVS equations + prototype input/supply-current signature,39371.4760210083,39371.4760210083,NaN,5.23975927390207e-11,5.23975927390207e-11,NaN,NaN,10020.8055446909,9920.79320330188,1.99001953077096,0.990118156208845,77148.4313487287
107,PASSIVE,LPF,PASSIVE_RC_LPF,Passive RC equation + source-current signature,7122.9090665047,NaN,NaN,3.02443849725506e-11,NaN,NaN,NaN,NaN,NaN,1,NaN,738784.838494125
759,PASSIVE,BSF,PASSIVE_RLC_BSF,Passive RLC equation + source-current signature,140594.567139271,NaN,NaN,2.35779889608367e-10,NaN,NaN,1.88799689733288,NaN,NaN,1,0.636471144754396,7543.38221491221
2055,MFB,BPF,MFB_BPF_Maheshwari,Maheshwari MFB equation + current signature,28698.9014604612,3321780.37532939,NaN,4.91738209889788e-10,4.10459585778903e-11,NaN,NaN,NaN,NaN,-848915.228539301,2.86882256862515,3628.27217624106
1305,VCVS,BPF,VCVS_BPF_Maheshwari,Maheshwari VCVS equations + prototype input/supply-current signature,30791.9496029513,30791.9496029513,NaN,8.54262209181704e-10,8.54262209181704e-10,NaN,NaN,9921.39322134611,6620.62232652869,1.66730772370601,0.750360768039298,6050.50675137399
2911,ACTIVE_OTHER,BPF,ACTIVE_OTHER_STATE_VARIABLE_BPF,State-variable/biquad-like active-other equation + current signature,15623.7623633438,461228.915870774,52967.82989855,1.35005354348751e-10,1.3117638842674e-10,NaN,NaN,9566.3219443176,15188.7698680306,2.58773350473038,5.11982760567443,14088.5314091923
3103,ACTIVE_OTHER,BSF,ACTIVE_OTHER_STATE_VARIABLE_BSF,State-variable/biquad-like active-other equation + current signature,417350.411911204,508454.096921018,50074.5170767503,6.00669197116076e-10,3.38841728094271e-12,NaN,NaN,9746.99895109828,15582.2184811646,2.59866832440859,4.77888978795815,7658.21770488792
2248,MFB,BSF,MFB_BSF_1_MINUS_BP,Maheshwari MFB BPF denominator + 1-minus-BP notch + current signature,71656.3485763428,7734363.95539086,NaN,3.3455609159121e-11,3.93637539729927e-11,NaN,NaN,NaN,NaN,1,5.17750842737074,5891.11861277053
523,PASSIVE,BPF,PASSIVE_RLC_BPF,Passive RLC equation + source-current signature,33651.6407116935,NaN,NaN,4.14939210097429e-12,NaN,NaN,0.0179427921383922,NaN,NaN,1,1.9540988611561,583287.783690013
204,PASSIVE,HPF,PASSIVE_RC_HPF,Passive RC equation + source-current signature,218260.646740109,NaN,NaN,1.72316860970173e-11,NaN,NaN,NaN,NaN,NaN,1,NaN,42317.1995326025
1502,VCVS,BSF,VCVS_BSF_Maheshwari,Maheshwari VCVS equations + prototype input/supply-current signature,9360.25604528738,9360.25604528738,NaN,1.49397482209685e-10,1.49397482209685e-10,NaN,NaN,9814.87990246907,3228.81898672005,1.32897182836723,0.745125199115535,113812.280206511
675,PASSIVE,BSF,PASSIVE_RLC_BSF,Passive RLC equation + source-current signature,75.2423330615743,NaN,NaN,4.7509534360697e-10,NaN,NaN,5.7763914368271e-05,NaN,NaN,1,4.63420954509763,960730.187196199
2153,MFB,BPF,MFB_BPF_Maheshwari,Maheshwari MFB equation + current signature,1736.44322184777,151446.432806434,NaN,8.90554947760186e-10,1.86570898261405e-10,NaN,NaN,NaN,NaN,-3086707.73453376,3.534150950275,24077.3120907812
90,PASSIVE,LPF,PASSIVE_RC_LPF,Passive RC equation + source-current signature,1891.54382587171,NaN,NaN,8.00045046679862e-12,NaN,NaN,NaN,NaN,NaN,1,NaN,10516937.254344
1615,MFB,LPF,MFB_LPF_Maheshwari,Maheshwari MFB equation + current signature,7655.04421929878,214.046521745398,10072.4093358567,7.53503638589173e-10,1.6452540715552e-11,NaN,NaN,NaN,NaN,-1.31578721785351,0.940264912667136,973509.50617679
2850,ACTIVE_OTHER,BPF,ACTIVE_OTHER_STATE_VARIABLE_BPF,State-variable/biquad-like active-other equation + current signature,461962.749467505,354203.8725197,21648.7651997725,1.85982496097483e-10,7.26507570765776e-12,NaN,NaN,10215.274239776,9760.84737247701,1.9555149615534,2.23067050646231,10703.6991084036
161,PASSIVE,LPF,PASSIVE_RC_LPF,Passive RC equation + source-current signature,1430.21221022734,NaN,NaN,4.11774920234031e-10,NaN,NaN,NaN,NaN,NaN,1,NaN,270246.301129024
1042,VCVS,HPF,VCVS_HPF_Maheshwari,Maheshwari VCVS equations + prototype input/supply-current signature,21331.316728774,21331.316728774,NaN,8.80072177304271e-12,8.80072177304271e-12,NaN,NaN,9847.97114349934,10851.6896082898,2.10192134503288,1.11348821672708,847781.970001109
1722,MFB,LPF,MFB_LPF_Maheshwari,Maheshwari MFB equation + current signature,3128.29799579353,4363.82252440265,6980.72833279313,4.89065467286487e-11,6.72414681893894e-11,NaN,NaN,NaN,NaN,-2.23147805681548,0.223269967153249,502844.993266027
2415,ACTIVE_OTHER,LPF,ACTIVE_OTHER_STATE_VARIABLE_LPF,State-variable/biquad-like active-other equation + current signature,679421.395049572,190903.328500411,9529.63365235671,6.59299735991416e-12,4.02421106814549e-11,NaN,NaN,10104.3418831967,10168.5752771339,2.00635700916296,0.972239072605984,27130.7591161486
3050,ACTIVE_OTHER,BSF,ACTIVE_OTHER_STATE_VARIABLE_BSF,State-variable/biquad-like active-other equation + current signature,4941.4350647569,101373.842236867,34004.7383258838,4.0553011957181e-12,2.28703639059357e-10,NaN,NaN,9833.00228082815,20266.0836141134,3.06102704294366,3.51165441611024,233497.661965723
2000,MFB,HPF,MFB_HPF_Maheshwari,Maheshwari MFB equation + current signature,11613.0328279759,2429.32367728412,NaN,1.33032947512299e-10,4.53246119079847e-10,1.31318996799076e-11,NaN,NaN,NaN,-0.0987116344144261,2.85080776893831,388395.141002233
2809,ACTIVE_OTHER,BPF,ACTIVE_OTHER_STATE_VARIABLE_BPF,State-variable/biquad-like active-other equation + current signature,174416.966117564,3612.7879568775,29475.7083373846,1.4567772664575e-12,2.55381329327255e-11,NaN,NaN,9814.00656701939,27567.2616637747,3.80897118577608,2.85946143105345,1039473.40421875
1978,MFB,HPF,MFB_HPF_Maheshwari,Maheshwari MFB equation + current signature,2131.48302444293,3012.40508234276,NaN,8.25235740834245e-11,1.7598511672724e-10,3.7894351978672e-11,NaN,NaN,NaN,-0.459194265390929,0.504696569131243,769125.648166126
3083,ACTIVE_OTHER,BSF,ACTIVE_OTHER_STATE_VARIABLE_BSF,State-variable/biquad-like active-other equation + current signature,1217.31043689418,118459.066555228,38475.7078697158,1.49519239994547e-12,1.4787301933308e-12,NaN,NaN,10246.1864540086,18738.8170339312,2.82885770408757,3.81257667660142,8913377.39536163
237,PASSIVE,HPF,PASSIVE_RC_HPF,Passive RC equation + source-current signature,496445.960562787,NaN,NaN,4.24604959804887e-11,NaN,NaN,NaN,NaN,NaN,1,NaN,7550.2805191348
1611,MFB,LPF,MFB_LPF_Maheshwari,Maheshwari MFB equation + current signature,7952.90497558737,601.010083449128,9293.00669007876,5.1686770698803e-10,6.23593145148853e-11,NaN,NaN,NaN,NaN,-1.16850468081852,0.642101666789786,375111.830775108
2474,ACTIVE_OTHER,LPF,ACTIVE_OTHER_STATE_VARIABLE_LPF,State-variable/biquad-like active-other equation + current signature,440182.434858486,3848.49200572629,49970.2167741468,7.98802725478598e-12,7.87521386047844e-10,NaN,NaN,10418.6768753313,21164.005645912,3.03135253153141,4.86638552980409,48753.6949777763
1612,MFB,LPF,MFB_LPF_Maheshwari,Maheshwari MFB equation + current signature,52145.4011503902,684668.221046567,114983.553009782,6.21184875634677e-11,1.47391038498979e-11,NaN,NaN,NaN,NaN,-2.2050564474164,0.249423127387456,18746.3278593163
1121,VCVS,HPF,VCVS_HPF_Maheshwari,Maheshwari VCVS equations + prototype input/supply-current signature,633177.307945582,633177.307945582,NaN,4.40322589687587e-10,4.40322589687587e-10,NaN,NaN,9837.82203865037,12754.9900734511,2.29652579842773,1.42151623721949,570.85238929221
386,PASSIVE,HPF,PASSIVE_RC_HPF,Passive RC equation + source-current signature,2138.53815507733,NaN,NaN,2.63094106630924e-11,NaN,NaN,NaN,NaN,NaN,1,NaN,2828733.33596537
362,PASSIVE,HPF,PASSIVE_RC_HPF,Passive RC equation + source-current signature,26424.6555533465,NaN,NaN,2.5297626601885e-11,NaN,NaN,NaN,NaN,NaN,1,NaN,238084.443087108
2408,ACTIVE_OTHER,LPF,ACTIVE_OTHER_STATE_VARIABLE_LPF,State-variable/biquad-like active-other equation + current signature,1750.30897170189,15550.6429632881,40300.7783121884,1.34890193784058e-11,7.1435815084405e-12,NaN,NaN,10480.5313294398,29384.9507650573,3.80376536660073,3.84082972638369,3107709.42976557
3011,ACTIVE_OTHER,BSF,ACTIVE_OTHER_STATE_VARIABLE_BSF,State-variable/biquad-like active-other equation + current signature,8458.81070992413,218807.903532052,41443.2988293232,3.72258170245208e-10,6.61561577631131e-12,NaN,NaN,10141.0846228304,13475.4019338653,2.32879296791671,4.22872921268481,74546.4076038439
2269,MFB,BSF,MFB_BSF_1_MINUS_BP,Maheshwari MFB BPF denominator + 1-minus-BP notch + current signature,616294.808364846,16283035.2110447,NaN,7.44857432937771e-10,1.83415331119844e-10,NaN,NaN,NaN,NaN,1,2.04669068597671,135.92639566104
2306,MFB,BSF,MFB_BSF_1_MINUS_BP,Maheshwari MFB BPF denominator + 1-minus-BP notch + current signature,2604.8295183698,703127.967982351,NaN,6.1844014644053e-11,1.32815986927e-11,NaN,NaN,NaN,NaN,1,6.26777672750544,129759.534453209
1186,VCVS,HPF,VCVS_HPF_Maheshwari,Maheshwari VCVS equations + prototype input/supply-current signature,15447.2184714185,15447.2184714185,NaN,1.74506430391509e-11,1.74506430391509e-11,NaN,NaN,10035.2400469934,11319.8866640707,2.1280135413863,1.14680679971777,590416.393861329
689,PASSIVE,BSF,PASSIVE_RLC_BSF,Passive RLC equation + source-current signature,29239.7941408879,NaN,NaN,1.25809077017464e-12,NaN,NaN,0.0226755710374107,NaN,NaN,1,4.59143898626122,942290.965470119
2685,ACTIVE_OTHER,HPF,ACTIVE_OTHER_STATE_VARIABLE_HPF,State-variable/biquad-like active-other equation + current signature,109805.066485352,24214.9516134189,23949.9840761623,1.76919578757672e-11,8.19512147538497e-11,NaN,NaN,10305.7842446938,30402.9301819612,3.95008409453311,2.42458316109037,81059.0469419159
3118,ACTIVE_OTHER,BSF,ACTIVE_OTHER_STATE_VARIABLE_BSF,State-variable/biquad-like active-other equation + current signature,14599.6323692054,6371.74007360444,31122.3559780866,1.50658214626723e-10,1.77849547730948e-11,NaN,NaN,10072.1722750956,6667.16962770848,1.66193959412248,3.08189775312881,318784.616266418
1589,VCVS,BSF,VCVS_BSF_Maheshwari,Maheshwari VCVS equations + prototype input/supply-current signature,1701.35241187543,1701.35241187543,NaN,5.39912867783471e-12,5.39912867783471e-12,NaN,NaN,10198.3209831117,4841.14535790257,1.47470023407965,0.951837469647411,17326154.0863873
256,PASSIVE,HPF,PASSIVE_RC_HPF,Passive RC equation + source-current signature,305416.608724841,NaN,NaN,2.11437818891336e-12,NaN,NaN,NaN,NaN,NaN,1,NaN,246459.073181126
2644,ACTIVE_OTHER,HPF,ACTIVE_OTHER_STATE_VARIABLE_HPF,State-variable/biquad-like active-other equation + current signature,6191.42058136828,590372.997954659,17032.3577933843,4.36703713588931e-10,2.5024535661997e-10,NaN,NaN,9959.75822630824,9344.01789516891,1.93817718089653,1.63223306499293,7963.15701469029
967,VCVS,LPF,VCVS_LPF_Maheshwari,Maheshwari VCVS equations + prototype input/supply-current signature,4465.38683990462,4465.38683990462,NaN,1.41838236448989e-10,1.41838236448989e-10,NaN,NaN,9819.64974541862,9259.78991695081,1.94298576395466,0.946061051875095,251285.66873131
705,PASSIVE,BSF,PASSIVE_RLC_BSF,Passive RLC equation + source-current signature,34750.0690612,NaN,NaN,8.31146969331996e-10,NaN,NaN,14.6896123013796,NaN,NaN,1,3.8256971025458,1440.37658224833
2072,MFB,BPF,MFB_BPF_Maheshwari,Maheshwari MFB equation + current signature,23982.658143226,3068883.20151668,NaN,1.11982256616273e-11,2.48221650561293e-11,NaN,NaN,NaN,NaN,-1679821.06851928,5.23585413646339,35187.3739263141
2073,MFB,BPF,MFB_BPF_Maheshwari,Maheshwari MFB equation + current signature,42830.6427129698,4833603.00000547,NaN,2.38248155347648e-10,3.46425312764338e-10,NaN,NaN,NaN,NaN,-67396.2590380364,5.2199265112864,1217.55269113218
3078,ACTIVE_OTHER,BSF,ACTIVE_OTHER_STATE_VARIABLE_BSF,State-variable/biquad-like active-other equation + current signature,433961.512710411,67370.6694273391,16956.6739295329,6.47239420024695e-12,1.13348371836132e-10,NaN,NaN,10283.562373164,27327.0258628598,3.65735013521894,1.76875544733438,34365.2074518825
1973,MFB,HPF,MFB_HPF_Maheshwari,Maheshwari MFB equation + current signature,74252.2945322554,762.01334088891,NaN,3.79505703357115e-11,1.3023693301544e-10,1.02215471208893e-10,NaN,NaN,NaN,-2.69338432346847,1.56382897969841,183382.761019716
949,VCVS,LPF,VCVS_LPF_Maheshwari,Maheshwari VCVS equations + prototype input/supply-current signature,103839.965399029,103839.965399029,NaN,1.68436585424701e-12,1.68436585424701e-12,NaN,NaN,10081.8018036093,7985.21547394228,1.79204249691594,0.827843692718392,909953.433727534
1069,VCVS,HPF,VCVS_HPF_Maheshwari,Maheshwari VCVS equations + prototype input/supply-current signature,103727.459933471,103727.459933471,NaN,3.29826013431579e-10,3.29826013431579e-10,NaN,NaN,10073.4710946312,7683.32923416237,1.76272906945227,0.808230416888002,4652.01903436988
2718,ACTIVE_OTHER,HPF,ACTIVE_OTHER_STATE_VARIABLE_HPF,State-variable/biquad-like active-other equation + current signature,788454.998125081,370393.645141724,5499.18224916361,1.10714542999683e-12,3.35364321650003e-10,NaN,NaN,9817.43157325796,17683.841202439,2.80126961624145,0.526916937491964,15284.0745835522
1477,VCVS,BSF,VCVS_BSF_Maheshwari,Maheshwari VCVS equations + prototype input/supply-current signature,10096.2740400975,10096.2740400975,NaN,1.00098581069856e-12,1.00098581069856e-12,NaN,NaN,10148.6806835698,6451.39536354788,1.6356880824906,1.37245029868423,15748205.7571803
1177,VCVS,HPF,VCVS_HPF_Maheshwari,Maheshwari VCVS equations + prototype input/supply-current signature,150358.005441552,150358.005441552,NaN,2.06059172586534e-11,2.06059172586534e-11,NaN,NaN,9937.73506627531,5563.67462204344,1.55985338559933,0.69437374639537,51369.0606348557
275,PASSIVE,HPF,PASSIVE_RC_HPF,Passive RC equation + source-current signature,403011.628694181,NaN,NaN,3.97703930626298e-10,NaN,NaN,NaN,NaN,NaN,1,NaN,992.984960216224
6,PASSIVE,LPF,PASSIVE_RC_LPF,Passive RC equation + source-current signature,650970.140477237,NaN,NaN,1.11565791659847e-10,NaN,NaN,NaN,NaN,NaN,1,NaN,2191.43206470875
2777,ACTIVE_OTHER,HPF,ACTIVE_OTHER_STATE_VARIABLE_HPF,State-variable/biquad-like active-other equation + current signature,9963.32976862958,12934.5165844165,21008.416437385,5.63938038956405e-11,3.00711995156301e-11,NaN,NaN,9793.11760475594,19880.0822886938,3.03000546823201,2.05530537524295,340448.721221321
3062,ACTIVE_OTHER,BSF,ACTIVE_OTHER_STATE_VARIABLE_BSF,State-variable/biquad-like active-other equation + current signature,12773.8146158768,1564.0725752383,21938.43680805,3.74510276755387e-12,9.01528663339797e-11,NaN,NaN,10374.5251093393,30164.7955006424,3.90758325636396,2.0990933668894,1937803.50545086
746,PASSIVE,BSF,PASSIVE_RLC_BSF,Passive RLC equation + source-current signature,8890686.48522886,NaN,NaN,9.91120015407602e-11,NaN,NaN,3961.69729114231,NaN,NaN,1,0.711118905969078,253.989851431758
1662,MFB,LPF,MFB_LPF_Maheshwari,Maheshwari MFB equation + current signature,6198.75404963956,270814.335170339,14765.0503463962,6.01585788549199e-10,2.46656287212427e-11,NaN,NaN,NaN,NaN,-2.38193840700209,0.335562267751835,20661.981185444
3074,ACTIVE_OTHER,BSF,ACTIVE_OTHER_STATE_VARIABLE_BSF,State-variable/biquad-like active-other equation + current signature,44708.9081294794,6129.3495070479,23113.4325889161,1.44235617481258e-12,3.08172255084677e-11,NaN,NaN,9681.1280377597,16531.026356105,2.70755167079997,2.24623038460714,1442058.50190245
457,PASSIVE,BPF,PASSIVE_RLC_BPF,Passive RLC equation + source-current signature,2202786.89551813,NaN,NaN,2.29706532685756e-11,NaN,NaN,2451.18747693176,NaN,NaN,1,4.68952771858377,670.726080658271
3174,ACTIVE_OTHER,BSF,ACTIVE_OTHER_STATE_VARIABLE_BSF,State-variable/biquad-like active-other equation + current signature,26463.8215691442,45998.0576699294,16747.3630107036,9.82196679403612e-11,7.39917074761172e-10,NaN,NaN,10312.7899952081,8347.72679764189,1.80945377550796,1.70621069470265,16921.2853655129
1988,MFB,HPF,MFB_HPF_Maheshwari,Maheshwari MFB equation + current signature,1490.21374997792,16605.8843443693,NaN,1.15964372942393e-10,6.53238756946548e-11,2.72653720724927e-11,NaN,NaN,NaN,-0.235118522876308,0.257828181906032,758094.172019506
1120,VCVS,HPF,VCVS_HPF_Maheshwari,Maheshwari VCVS equations + prototype input/supply-current signature,378532.051202024,378532.051202024,NaN,9.92435041122039e-10,9.92435041122039e-10,NaN,NaN,10028.8331314152,3274.68019507557,1.32652654124014,0.597559521942499,423.65797249106
840,VCVS,LPF,VCVS_LPF_Maheshwari,Maheshwari VCVS equations + prototype input/supply-current signature,2365.12321537099,2365.12321537099,NaN,4.08957199793599e-10,4.08957199793599e-10,NaN,NaN,9985.94189590687,5041.56430335468,1.50486617646165,0.668836450795703,164546.444354902
1964,MFB,HPF,MFB_HPF_Maheshwari,Maheshwari MFB equation + current signature,288978.324589035,160250.690963751,NaN,2.42573407679545e-10,5.80129002710081e-11,1.180021047099e-11,NaN,NaN,NaN,-0.0486459360235348,2.31207010099058,28267.042775218
862,VCVS,LPF,VCVS_LPF_Maheshwari,Maheshwari VCVS equations + prototype input/supply-current signature,268080.878128646,268080.878128646,NaN,3.58073591021783e-11,3.58073591021783e-11,NaN,NaN,10014.0893596655,3331.23079245812,1.33265439051059,0.599755680111353,16579.9036540213
1176,VCVS,HPF,VCVS_HPF_Maheshwari,Maheshwari VCVS equations + prototype input/supply-current signature,410684.670053565,410684.670053565,NaN,5.68111679527441e-11,5.68111679527441e-11,NaN,NaN,9809.63123480567,4928.0337552606,1.50236687162871,0.667720272111984,6821.46918985802
1703,MFB,LPF,MFB_LPF_Maheshwari,Maheshwari MFB equation + current signature,20131.7590652206,335.627640033452,34543.4538397452,8.55979046511461e-10,8.022437635403e-11,NaN,NaN,NaN,NaN,-1.71586862965303,0.313698870158326,178370.7552109
3073,ACTIVE_OTHER,BSF,ACTIVE_OTHER_STATE_VARIABLE_BSF,State-variable/biquad-like active-other equation + current signature,2697.34729128882,6729.36698954953,32861.0319531168,2.78582438185624e-11,4.06367627928095e-10,NaN,NaN,9593.79279356596,7316.90036131542,1.76267025135486,3.19219715722043,351097.851691383
3021,ACTIVE_OTHER,BSF,ACTIVE_OTHER_STATE_VARIABLE_BSF,State-variable/biquad-like active-other equation + current signature,161237.422778002,24225.7203665955,30714.8484855205,4.20000167049654e-11,4.35892344924441e-10,NaN,NaN,9819.34088143244,15778.7605628675,2.60690628356775,3.01912525724435,18820.6450951389
2403,ACTIVE_OTHER,LPF,ACTIVE_OTHER_STATE_VARIABLE_LPF,State-variable/biquad-like active-other equation + current signature,10959.7339208892,123038.995499244,25084.5812797465,2.31609703014639e-10,4.06153075242363e-11,NaN,NaN,10184.0697070294,7545.97488097578,1.74095868332159,2.47125453891779,44686.412498274
1133,VCVS,HPF,VCVS_HPF_Maheshwari,Maheshwari VCVS equations + prototype input/supply-current signature,16613.2267097772,16613.2267097772,NaN,6.50739772960543e-10,6.50739772960543e-10,NaN,NaN,9816.65570214825,7468.75819584481,1.76082511421994,0.80698859497181,14721.7279708816
1930,MFB,HPF,MFB_HPF_Maheshwari,Maheshwari MFB equation + current signature,44065.0303423279,2857.89941400683,NaN,1.80538770177804e-11,2.27006013602236e-11,3.03699932221674e-11,NaN,NaN,NaN,-1.68218677862143,0.861730227906906,540142.806450012
1826,MFB,HPF,MFB_HPF_Maheshwari,Maheshwari MFB equation + current signature,7715.73913505463,1554.46154385208,NaN,4.01824425880305e-11,4.48013311768483e-10,5.12626530568761e-11,NaN,NaN,NaN,-1.27574755926227,0.490593809018604,303246.204468648
1475,VCVS,BSF,VCVS_BSF_Maheshwari,Maheshwari VCVS equations + prototype input/supply-current signature,16922.652661154,16922.652661154,NaN,4.85836182334764e-11,4.85836182334764e-11,NaN,NaN,10128.0388512035,5589.05713772105,1.55184001758217,1.11567301770785,193580.601760036
114,PASSIVE,LPF,PASSIVE_RC_LPF,Passive RC equation + source-current signature,810991.151442135,NaN,NaN,6.25513428509309e-12,NaN,NaN,NaN,NaN,NaN,1,NaN,31373.8183956392
1137,VCVS,HPF,VCVS_HPF_Maheshwari,Maheshwari VCVS equations + prototype input/supply-current signature,71757.6268484492,71757.6268484492,NaN,4.70108925731865e-11,4.70108925731865e-11,NaN,NaN,9903.40383779072,10034.3298533613,2.01322030462607,1.0133974226345,47179.5253390618
2626,ACTIVE_OTHER,HPF,ACTIVE_OTHER_STATE_VARIABLE_HPF,State-variable/biquad-like active-other equation + current signature,727762.578711738,4872.02777019964,31303.1683288546,3.95545241979065e-10,3.8714067465845e-12,NaN,NaN,10052.5315278366,8061.68611640381,1.8019558152173,2.99034820446363,68302.7060593658
252,PASSIVE,HPF,PASSIVE_RC_HPF,Passive RC equation + source-current signature,4682.91937306592,NaN,NaN,3.54488816407308e-12,NaN,NaN,NaN,NaN,NaN,1,NaN,9587401.44859747
1375,VCVS,BPF,VCVS_BPF_Maheshwari,Maheshwari VCVS equations + prototype input/supply-current signature,8756.24250941113,8756.24250941113,NaN,2.81208645834941e-12,2.81208645834941e-12,NaN,NaN,10084.5276247761,1188.79951344836,1.11788351003449,0.531316741196143,6463588.2305841
1809,MFB,HPF,MFB_HPF_Maheshwari,Maheshwari MFB equation + current signature,428824.735381708,30.9301938220549,NaN,4.34486571051209e-11,1.41068877442536e-11,2.43948678905049e-10,NaN,NaN,NaN,-5.6146425495921,4.08035473210505,744944.737032781
428,PASSIVE,BPF,PASSIVE_RLC_BPF,Passive RLC equation + source-current signature,82086.2051557544,NaN,NaN,2.23483189844918e-10,NaN,NaN,44.6904124208455,NaN,NaN,1,5.4477174162153,1592.54062426126
2300,MFB,BSF,MFB_BSF_1_MINUS_BP,Maheshwari MFB BPF denominator + 1-minus-BP notch + current signature,2359979.64291285,3816843.81364645,NaN,5.66662456461187e-10,3.99552052557607e-10,NaN,NaN,NaN,NaN,1,0.626287024913799,111.44610786977
2191,MFB,BPF,MFB_BPF_Maheshwari,Maheshwari MFB equation + current signature,42774.2369718379,6742568.18117257,NaN,6.30455523317364e-11,5.51403682025021e-11,NaN,NaN,NaN,NaN,-423982.63252141,6.26351112935027,5026.36780394685
1844,MFB,HPF,MFB_HPF_Maheshwari,Maheshwari MFB equation + current signature,81490.9370252825,117779.612408869,NaN,6.78557087104529e-10,2.30673886016511e-11,1.25955234255832e-11,NaN,NaN,NaN,-0.0185622163042015,1.06946132880971,95306.6247617004
1778,MFB,LPF,MFB_LPF_Maheshwari,Maheshwari MFB equation + current signature,90739.9414570659,4113.3927494402,321611.66612781,9.38306299463162e-10,6.6794933210647e-11,NaN,NaN,NaN,NaN,-3.54432305072603,0.40058913607875,17478.737882713
1992,MFB,HPF,MFB_HPF_Maheshwari,Maheshwari MFB equation + current signature,102859.598373592,7314.54296831292,NaN,7.90069536253235e-10,1.20702443585383e-10,1.03350696481179e-10,NaN,NaN,NaN,-0.13081215227118,3.15722086537937,51950.4587278019
3124,ACTIVE_OTHER,BSF,ACTIVE_OTHER_STATE_VARIABLE_BSF,State-variable/biquad-like active-other equation + current signature,2198.2710941575,647176.27185782,54821.7385522945,1.87301263517566e-11,8.56710836094003e-11,NaN,NaN,10432.3408909679,21892.9708371755,3.09856743237082,5.70709517174092,105336.947851729
2363,MFB,BSF,MFB_BSF_1_MINUS_BP,Maheshwari MFB BPF denominator + 1-minus-BP notch + current signature,1105.92348156097,8007.47925448398,NaN,3.2440964373029e-10,2.14516423942353e-11,NaN,NaN,NaN,NaN,1,0.649023723340846,641109.96690284
2577,ACTIVE_OTHER,LPF,ACTIVE_OTHER_STATE_VARIABLE_LPF,State-variable/biquad-like active-other equation + current signature,5417.91370042192,100745.831043706,36926.5663144726,3.43333409405433e-10,6.39323491404111e-11,NaN,NaN,9880.71510162679,24942.8866325975,3.52440095438951,3.57037940850056,45980.3405917488
2337,MFB,BSF,MFB_BSF_1_MINUS_BP,Maheshwari MFB BPF denominator + 1-minus-BP notch + current signature,241604.402021615,6688360.30720777,NaN,6.66529464307221e-10,5.63659517267483e-10,NaN,NaN,NaN,NaN,1,2.62152301304508,204.26303543076
828,VCVS,LPF,VCVS_LPF_Maheshwari,Maheshwari VCVS equations + prototype input/supply-current signature,16757.8357753481,16757.8357753481,NaN,3.41614538800491e-10,3.41614538800491e-10,NaN,NaN,10089.309650397,10026.129902203,1.99373795131846,0.993776920544953,27801.3481267307
2653,ACTIVE_OTHER,HPF,ACTIVE_OTHER_STATE_VARIABLE_HPF,State-variable/biquad-like active-other equation + current signature,1902.90816752557,1343.18648567289,22803.2317982379,8.23913620451347e-12,2.80293147896172e-10,NaN,NaN,10329.0286416837,25745.9744893822,3.49258428672393,2.21894406973347,2071552.66133945
1537,VCVS,BSF,VCVS_BSF_Maheshwari,Maheshwari VCVS equations + prototype input/supply-current signature,281551.640215026,281551.640215026,NaN,5.52492483533178e-11,5.52492483533178e-11,NaN,NaN,9875.89684324052,4909.72197133166,1.49714188486001,0.994316259290774,10231.414890526
1200,VCVS,HPF,VCVS_HPF_Maheshwari,Maheshwari VCVS equations + prototype input/supply-current signature,228770.473602098,228770.473602098,NaN,1.7240332910624e-10,1.7240332910624e-10,NaN,NaN,10005.9143738816,13824.3597393162,2.38161883289766,1.61712557432154,4035.2877832043
2556,ACTIVE_OTHER,LPF,ACTIVE_OTHER_STATE_VARIABLE_LPF,State-variable/biquad-like active-other equation + current signature,574303.115708859,957372.68282308,12706.6782755027,3.03753185663828e-12,1.66665786769744e-12,NaN,NaN,9601.91965153624,17136.9663014451,2.78474377242923,1.23085958501505,95394.9491077334
2899,ACTIVE_OTHER,BPF,ACTIVE_OTHER_STATE_VARIABLE_BPF,State-variable/biquad-like active-other equation + current signature,51210.5318141037,663179.122298525,46848.8118055831,5.60495381830176e-10,9.99737399223426e-12,NaN,NaN,9816.58593916106,13455.0490406925,2.37064445053311,4.53201146554357,11537.0845949137
1350,VCVS,BPF,VCVS_BPF_Maheshwari,Maheshwari VCVS equations + prototype input/supply-current signature,8290.00523665387,8290.00523665387,NaN,6.05199968773639e-12,6.05199968773639e-12,NaN,NaN,10106.6817565682,13597.231427712,2.34537049401752,1.52758161809279,3172242.86916541
2859,ACTIVE_OTHER,BPF,ACTIVE_OTHER_STATE_VARIABLE_BPF,State-variable/biquad-like active-other equation + current signature,128459.084606814,182953.308016514,24926.1689594482,3.90451812849277e-12,2.30341210967956e-11,NaN,NaN,10041.0507073372,21063.159810436,3.09770475464732,2.4043530881355,109470.737092174
2692,ACTIVE_OTHER,HPF,ACTIVE_OTHER_STATE_VARIABLE_HPF,State-variable/biquad-like active-other equation + current signature,32539.2194005383,41558.8437095863,52755.6169769063,6.6895241309786e-11,3.0427045699829e-10,NaN,NaN,9853.71490912587,24237.9318675732,3.45977604295469,5.41231451057187,30335.931356545
2990,ACTIVE_OTHER,BPF,ACTIVE_OTHER_STATE_VARIABLE_BPF,State-variable/biquad-like active-other equation + current signature,352341.198777812,21515.8368406786,7308.39914150471,5.74620709417411e-12,5.52831608207414e-12,NaN,NaN,10417.9345201389,22394.969874082,3.14965546488993,0.758947884693577,324318.876409911
914,VCVS,LPF,VCVS_LPF_Maheshwari,Maheshwari VCVS equations + prototype input/supply-current signature,1468.25293453037,1468.25293453037,NaN,7.44005186094849e-11,7.44005186094849e-11,NaN,NaN,10031.0122952334,14137.5109292002,2.40938028118241,1.69313683261706,1456945.44935363
2744,ACTIVE_OTHER,HPF,ACTIVE_OTHER_STATE_VARIABLE_HPF,State-variable/biquad-like active-other equation + current signature,3781.13095484187,682509.750904068,11989.3660943121,1.44606711726752e-12,2.82627707037025e-10,NaN,NaN,10419.2630303198,5761.18739622702,1.55293617019381,1.1457991348671,154972.00400838
1724,MFB,LPF,MFB_LPF_Maheshwari,Maheshwari MFB equation + current signature,204118.575334403,30701.8418265787,758097.545677337,5.84333927049441e-10,1.15164064675986e-11,NaN,NaN,NaN,NaN,-3.71400566771232,1.20368448980004,12717.0485024662
2793,ACTIVE_OTHER,HPF,ACTIVE_OTHER_STATE_VARIABLE_HPF,State-variable/biquad-like active-other equation + current signature,82590.2326893256,35648.5365934613,50572.086733987,8.97735427875523e-12,1.05852600507879e-12,NaN,NaN,9842.90205765679,25720.4558964015,3.61309680272532,5.12369837081971,951502.613470683
2400,MFB,BSF,MFB_BSF_1_MINUS_BP,Maheshwari MFB BPF denominator + 1-minus-BP notch + current signature,477268.162934422,118886736.497524,NaN,9.77268261719194e-11,2.01026905038571e-11,NaN,NaN,NaN,NaN,1,5.936976974754,476.692375770079
2580,ACTIVE_OTHER,LPF,ACTIVE_OTHER_STATE_VARIABLE_LPF,State-variable/biquad-like active-other equation + current signature,8843.48586474776,146279.477499015,38613.8573308318,8.83212476324437e-11,1.40471091487639e-12,NaN,NaN,10307.3328672157,6517.38089969546,1.63230527078689,4.06192347626981,397274.429169134
2573,ACTIVE_OTHER,LPF,ACTIVE_OTHER_STATE_VARIABLE_LPF,State-variable/biquad-like active-other equation + current signature,193793.31216184,197821.971635747,27738.8325723017,1.01572172354983e-12,6.86796584384674e-10,NaN,NaN,9661.77088859085,31342.3139923506,4.24395127495327,2.69328119559715,30775.9907050691
1618,MFB,LPF,MFB_LPF_Maheshwari,Maheshwari MFB equation + current signature,560694.907149765,8977.53006386944,908141.927795589,5.59155314945429e-10,3.65220243307347e-11,NaN,NaN,NaN,NaN,-1.61967215363527,0.379215956270936,12334.4896433773
1922,MFB,HPF,MFB_HPF_Maheshwari,Maheshwari MFB equation + current signature,498678.971989624,238.756951852877,NaN,2.07484813198172e-11,4.34085975371766e-11,3.88703900820718e-11,NaN,NaN,NaN,-1.87340892487133,9.72622307719158,355086.584175027
1362,VCVS,BPF,VCVS_BPF_Maheshwari,Maheshwari VCVS equations + prototype input/supply-current signature,5939.76393778401,5939.76393778401,NaN,2.13046458448437e-10,2.13046458448437e-10,NaN,NaN,9906.96329099204,12180.6458828196,2.22950348406912,1.29786440214054,125769.874395773
1508,VCVS,BSF,VCVS_BSF_Maheshwari,Maheshwari VCVS equations + prototype input/supply-current signature,43820.7755122295,43820.7755122295,NaN,1.11517377265759e-10,1.11517377265759e-10,NaN,NaN,10128.4216475238,6060.88232905297,1.59840343737415,1.24503057678266,32568.4826610773
202,PASSIVE,HPF,PASSIVE_RC_HPF,Passive RC equation + source-current signature,3414.91131444658,NaN,NaN,7.44176539812688e-11,NaN,NaN,NaN,NaN,NaN,1,NaN,626274.497813334
1125,VCVS,HPF,VCVS_HPF_Maheshwari,Maheshwari VCVS equations + prototype input/supply-current signature,67160.0031445135,67160.0031445135,NaN,1.34759114704083e-12,1.34759114704083e-12,NaN,NaN,10034.9164606294,10802.0336027038,2.07644479603634,1.08277230825862,1758536.04523751
1521,VCVS,BSF,VCVS_BSF_Maheshwari,Maheshwari VCVS equations + prototype input/supply-current signature,466589.796008045,466589.796008045,NaN,4.15190688260522e-12,4.15190688260522e-12,NaN,NaN,10083.7617156102,7195.16499542386,1.71353976802976,1.74544297671287,82155.6223782567
624,PASSIVE,BSF,PASSIVE_RLC_BSF,Passive RLC equation + source-current signature,19218472.9599565,NaN,NaN,1.70672871810393e-12,NaN,NaN,2750.32046913511,NaN,NaN,1,2.08876953892548,2322.98407760937
300,PASSIVE,HPF,PASSIVE_RC_HPF,Passive RC equation + source-current signature,101598.526438048,NaN,NaN,7.49072545260955e-10,NaN,NaN,NaN,NaN,NaN,1,NaN,2091.26391057331
353,PASSIVE,HPF,PASSIVE_RC_HPF,Passive RC equation + source-current signature,308452.925610605,NaN,NaN,8.69422644627215e-11,NaN,NaN,NaN,NaN,NaN,1,NaN,5934.72077379912
1819,MFB,HPF,MFB_HPF_Maheshwari,Maheshwari MFB equation + current signature,35792.8858515695,173.425386989788,NaN,5.27184880238938e-10,4.15634323746381e-10,3.28561784152032e-10,NaN,NaN,NaN,-0.623238253728212,6.7000251561831,172862.667786987
87,PASSIVE,LPF,PASSIVE_RC_LPF,Passive RC equation + source-current signature,15258.2161347294,NaN,NaN,9.02759618964468e-12,NaN,NaN,NaN,NaN,NaN,1,NaN,1155431.6098753
1207,VCVS,BPF,VCVS_BPF_Maheshwari,Maheshwari VCVS equations + prototype input/supply-current signature,61698.9053571686,61698.9053571686,NaN,5.86325727291426e-12,5.86325727291426e-12,NaN,NaN,10174.6621615465,3356.89002864694,1.3299264364112,0.598776019094102,439950.404886971
2182,MFB,BPF,MFB_BPF_Maheshwari,Maheshwari MFB equation + current signature,1101527.13303757,194303491.004616,NaN,3.14443098741511e-11,2.70059706574027e-11,NaN,NaN,NaN,NaN,-33615.9206024018,6.62150988467213,373.320037509184
1619,MFB,LPF,MFB_LPF_Maheshwari,Maheshwari MFB equation + current signature,119666.42250979,28834.8571036868,359952.17764078,3.53033629398765e-10,2.82417658404686e-11,NaN,NaN,NaN,NaN,-3.00796305338978,0.757484093865353,15645.3349198755
564,PASSIVE,BPF,PASSIVE_RLC_BPF,Passive RLC equation + source-current signature,26309.7215349025,NaN,NaN,2.5052208300274e-10,NaN,NaN,0.750539923132666,NaN,NaN,1,2.08040381115091,11606.7391819005
518,PASSIVE,BPF,PASSIVE_RLC_BPF,Passive RLC equation + source-current signature,1642924.53586367,NaN,NaN,4.688776892323e-10,NaN,NaN,1706.93168161018,NaN,NaN,1,1.16134343719177,177.902592944962
2537,ACTIVE_OTHER,LPF,ACTIVE_OTHER_STATE_VARIABLE_LPF,State-variable/biquad-like active-other equation + current signature,963713.897883129,967344.089966661,41134.4274613012,5.64477738789732e-12,1.48107318030688e-12,NaN,NaN,9508.74488207799,29275.8072241097,4.07882981267996,3.99356113358843,57009.0640149039
1066,VCVS,HPF,VCVS_HPF_Maheshwari,Maheshwari VCVS equations + prototype input/supply-current signature,13202.0216264881,13202.0216264881,NaN,2.68336632959206e-11,2.68336632959206e-11,NaN,NaN,10185.9203289716,12494.1396721528,2.2266088157607,1.29300672205566,449262.040996127
561,PASSIVE,BPF,PASSIVE_RLC_BPF,Passive RLC equation + source-current signature,12918289.5261587,NaN,NaN,3.02907476107115e-12,NaN,NaN,3279.58611310398,NaN,NaN,1,2.54712060704592,1596.81872267072
439,PASSIVE,BPF,PASSIVE_RLC_BPF,Passive RLC equation + source-current signature,5631608.06422422,NaN,NaN,2.28400080225158e-10,NaN,NaN,2062.53338764043,NaN,NaN,1,0.53360506779029,231.884388963199
852,VCVS,LPF,VCVS_LPF_Maheshwari,Maheshwari VCVS equations + prototype input/supply-current signature,276168.816300621,276168.816300621,NaN,1.78361043266948e-11,1.78361043266948e-11,NaN,NaN,9978.99886566064,4818.84307439596,1.48289844895948,0.659151656205309,32310.6346959048
1698,MFB,LPF,MFB_LPF_Maheshwari,Maheshwari MFB equation + current signature,25050.2083968288,1356.92669691946,37939.7042108714,1.82874795755333e-10,1.35967118975524e-11,NaN,NaN,NaN,NaN,-1.51454645046683,0.636342823733042,444837.194469189
2062,MFB,BPF,MFB_BPF_Maheshwari,Maheshwari MFB equation + current signature,13481.4101480313,2863439.27202301,NaN,2.07967149603109e-11,1.44492517866743e-10,NaN,NaN,NaN,NaN,-513356.800431183,4.83338970815636,14777.0734897877
3096,ACTIVE_OTHER,BSF,ACTIVE_OTHER_STATE_VARIABLE_BSF,State-variable/biquad-like active-other equation + current signature,510671.179069738,907059.520744409,39290.2566116149,1.1648276891241e-11,5.52632540699797e-10,NaN,NaN,10199.1207480489,7567.79778157326,1.74200492067132,4.04387128066477,2914.62371799619
784,PASSIVE,BSF,PASSIVE_RLC_BSF,Passive RLC equation + source-current signature,5650700.19254906,NaN,NaN,6.59567512253058e-12,NaN,NaN,4812.91370015533,NaN,NaN,1,4.78048702330077,893.277646943293
1290,VCVS,BPF,VCVS_BPF_Maheshwari,Maheshwari VCVS equations + prototype input/supply-current signature,4637.56084850453,4637.56084850453,NaN,3.85235270170801e-12,3.85235270170801e-12,NaN,NaN,10063.0938371804,9017.41770482039,1.89608800739823,0.905869314494119,8908497.62677562
37,PASSIVE,LPF,PASSIVE_RC_LPF,Passive RC equation + source-current signature,2694.47840818306,NaN,NaN,8.07802842411746e-11,NaN,NaN,NaN,NaN,NaN,1,NaN,731206.505889665
1083,VCVS,HPF,VCVS_HPF_Maheshwari,Maheshwari VCVS equations + prototype input/supply-current signature,735919.710360301,735919.710360301,NaN,8.9339800214914e-10,8.9339800214914e-10,NaN,NaN,10050.8901349717,6688.22326075184,1.66543591372871,0.749308339919409,242.072089976651
1127,VCVS,HPF,VCVS_HPF_Maheshwari,Maheshwari VCVS equations + prototype input/supply-current signature,112964.167396304,112964.167396304,NaN,4.60880732132723e-10,4.60880732132723e-10,NaN,NaN,10120.1085618604,11018.2652520422,2.08874970902651,1.0973933395749,3056.96786783517
3067,ACTIVE_OTHER,BSF,ACTIVE_OTHER_STATE_VARIABLE_BSF,State-variable/biquad-like active-other equation + current signature,14679.8049548086,8436.1651302571,8988.19288744759,1.03825675258671e-12,4.19864057741056e-10,NaN,NaN,10148.3706281477,31584.7309448047,4.11229576669192,0.881556113087011,684984.463993834
1638,MFB,LPF,MFB_LPF_Maheshwari,Maheshwari MFB equation + current signature,4308.3988670816,4086.48112812463,6548.46703149631,2.66855505045472e-10,1.15908045861375e-11,NaN,NaN,NaN,NaN,-1.51993054346244,1.47341838684732,553198.106521074
1519,VCVS,BSF,VCVS_BSF_Maheshwari,Maheshwari VCVS equations + prototype input/supply-current signature,9284.67700838499,9284.67700838499,NaN,1.91471223094454e-12,1.91471223094454e-12,NaN,NaN,9992.99930175737,1599.02181873975,1.16001420298894,0.595248159884562,8952613.17443745
226,PASSIVE,HPF,PASSIVE_RC_HPF,Passive RC equation + source-current signature,8238.0069458505,NaN,NaN,1.07023702830815e-12,NaN,NaN,NaN,NaN,NaN,1,NaN,18051695.7491381
1453,VCVS,BSF,VCVS_BSF_Maheshwari,Maheshwari VCVS equations + prototype input/supply-current signature,10733.7068484998,10733.7068484998,NaN,8.75732041824559e-12,8.75732041824559e-12,NaN,NaN,9940.0303061544,4451.28424110038,1.44781395066214,0.905491909112083,1693164.52826321
1750,MFB,LPF,MFB_LPF_Maheshwari,Maheshwari MFB equation + current signature,83889.6192576326,765603.040394263,149540.277154604,6.47397355076161e-11,1.97385241242194e-11,NaN,NaN,NaN,NaN,-1.78258381046351,0.268778304348267,13158.1980092748
618,PASSIVE,BSF,PASSIVE_RLC_BSF,Passive RLC equation + source-current signature,1475.56872392115,NaN,NaN,2.99809385427547e-10,NaN,NaN,0.014992751620088,NaN,NaN,1,4.792461356432,75068.3458945673
1963,MFB,HPF,MFB_HPF_Maheshwari,Maheshwari MFB equation + current signature,100643.617625215,12038.0073847163,NaN,5.34692467128889e-10,3.840176887623e-11,1.06075521493597e-11,NaN,NaN,NaN,-0.0198386040602339,5.03960949751936,226551.273037028
1798,MFB,LPF,MFB_LPF_Maheshwari,Maheshwari MFB equation + current signature,17622.6799998912,66730.9528880448,48004.0141632013,6.07327493149496e-11,3.65555330867429e-11,NaN,NaN,NaN,NaN,-2.72399057143963,0.246036084238302,59680.1160823834
2373,MFB,BSF,MFB_BSF_1_MINUS_BP,Maheshwari MFB BPF denominator + 1-minus-BP notch + current signature,3441556.0923716,275655339.9714,NaN,1.4311056477203e-11,4.54325414149018e-11,NaN,NaN,NaN,NaN,1,3.81973970452097,202.646980537818
1262,VCVS,BPF,VCVS_BPF_Maheshwari,Maheshwari VCVS equations + prototype input/supply-current signature,25294.5862984055,25294.5862984055,NaN,1.05494856805796e-10,1.05494856805796e-10,NaN,NaN,10094.6055040447,6182.95248853806,1.6125006555294,0.720721061227996,59643.2449843979
2953,ACTIVE_OTHER,BPF,ACTIVE_OTHER_STATE_VARIABLE_BPF,State-variable/biquad-like active-other equation + current signature,19493.0378494184,23881.5649984142,33503.2526089699,8.29334085273853e-11,1.73840106472118e-11,NaN,NaN,9795.9186465483,34409.9849084782,4.51268585928925,3.22310226601255,194271.560958578
100,PASSIVE,LPF,PASSIVE_RC_LPF,Passive RC equation + source-current signature,3688.60594510517,NaN,NaN,2.43794158097666e-10,NaN,NaN,NaN,NaN,NaN,1,NaN,176984.231784474
1310,VCVS,BPF,VCVS_BPF_Maheshwari,Maheshwari VCVS equations + prototype input/supply-current signature,58186.7494996708,58186.7494996708,NaN,7.84182402789574e-12,7.84182402789574e-12,NaN,NaN,9800.96449390934,5329.64003486298,1.54378730156354,0.686712868987957,348801.980704625
1728,MFB,LPF,MFB_LPF_Maheshwari,Maheshwari MFB equation + current signature,18124.4855648973,588.844469001958,55184.0690627536,7.88733386321286e-10,2.63346834221991e-10,NaN,NaN,NaN,NaN,-3.04472471040126,0.17137355527131,61260.9613980439
2765,ACTIVE_OTHER,HPF,ACTIVE_OTHER_STATE_VARIABLE_HPF,State-variable/biquad-like active-other equation + current signature,3990.12124185845,813313.148922846,22965.0642233206,3.50083452204814e-11,6.65025131559066e-12,NaN,NaN,10274.5659121971,16028.9603516393,2.56006204920162,2.3829771171739,183102.118182083
234,PASSIVE,HPF,PASSIVE_RC_HPF,Passive RC equation + source-current signature,35620.8917869919,NaN,NaN,1.7159609885501e-12,NaN,NaN,NaN,NaN,NaN,1,NaN,2603801.8631502
2539,ACTIVE_OTHER,LPF,ACTIVE_OTHER_STATE_VARIABLE_LPF,State-variable/biquad-like active-other equation + current signature,501254.28367816,160312.610569232,32659.4398745679,1.88857473755825e-10,4.76183274500701e-12,NaN,NaN,9958.55599661694,13780.6796516735,2.38380299878366,3.28668043171708,18722.0363159608
93,PASSIVE,LPF,PASSIVE_RC_LPF,Passive RC equation + source-current signature,14504.5385010475,NaN,NaN,4.94617224928095e-11,NaN,NaN,NaN,NaN,NaN,1,NaN,221843.638707053
830,VCVS,LPF,VCVS_LPF_Maheshwari,Maheshwari VCVS equations + prototype input/supply-current signature,575326.015166956,575326.015166956,NaN,2.65580160230859e-11,2.65580160230859e-11,NaN,NaN,9988.01873886612,3324.07765626874,1.33280650979697,0.599810403457261,10416.2283126203
1214,VCVS,BPF,VCVS_BPF_Maheshwari,Maheshwari VCVS equations + prototype input/supply-current signature,1178.12260561649,1178.12260561649,NaN,5.15833787568646e-11,5.15833787568646e-11,NaN,NaN,10081.4723209576,11806.6006765743,2.17111869186313,1.20644535011625,2618905.67653151
607,PASSIVE,BSF,PASSIVE_RLC_BSF,Passive RLC equation + source-current signature,173184.439958998,NaN,NaN,6.80091437507413e-11,NaN,NaN,53.6992062230105,NaN,NaN,1,5.13087471189809,2633.61656457215
1044,VCVS,HPF,VCVS_HPF_Maheshwari,Maheshwari VCVS equations + prototype input/supply-current signature,1088.67017213766,1088.67017213766,NaN,3.1663252627814e-11,3.1663252627814e-11,NaN,NaN,10114.4328755337,11015.4774212685,2.08908502897028,1.09779730469198,4617089.37600608
1679,MFB,LPF,MFB_LPF_Maheshwari,Maheshwari MFB equation + current signature,9024.0866826451,21591.3143967192,24661.7999202424,8.55553353996629e-10,6.59917238860031e-10,NaN,NaN,NaN,NaN,-2.73288597367657,0.249613775933403,9179.09617253777
1452,VCVS,BSF,VCVS_BSF_Maheshwari,Maheshwari VCVS equations + prototype input/supply-current signature,27735.8274636123,27735.8274636123,NaN,1.89861918750738e-11,1.89861918750738e-11,NaN,NaN,10064.7374826323,2045.47390077339,1.20323171908886,0.627535021133402,302232.482949737
330,PASSIVE,HPF,PASSIVE_RC_HPF,Passive RC equation + source-current signature,9271.68059839406,NaN,NaN,5.26676734471286e-11,NaN,NaN,NaN,NaN,NaN,1,NaN,325924.895793367
3024,ACTIVE_OTHER,BSF,ACTIVE_OTHER_STATE_VARIABLE_BSF,State-variable/biquad-like active-other equation + current signature,155150.243636448,2018.61741033232,29925.549538664,2.30852821355612e-11,3.06980440702998e-12,NaN,NaN,9789.15355765312,12835.7531012648,2.31122195863705,3.06601058016242,1068301.76871088
951,VCVS,LPF,VCVS_LPF_Maheshwari,Maheshwari VCVS equations + prototype input/supply-current signature,1542.10223188416,1542.10223188416,NaN,4.81636592261175e-10,4.81636592261175e-10,NaN,NaN,10045.0858044282,5828.94385744778,1.58027815500373,0.704363325481286,214282.888008787
2406,ACTIVE_OTHER,LPF,ACTIVE_OTHER_STATE_VARIABLE_LPF,State-variable/biquad-like active-other equation + current signature,1932.94669207502,1736.12211865813,30259.6014763546,1.28516615237842e-10,9.86231082338915e-12,NaN,NaN,10443.6535377491,6246.33993543137,1.59809911472586,2.99824399448972,2440344.14219405
1957,MFB,HPF,MFB_HPF_Maheshwari,Maheshwari MFB equation + current signature,4519.01661115628,25091.4110789415,NaN,1.37308572961602e-10,1.64223470977775e-10,3.00893394072601e-11,NaN,NaN,NaN,-0.219136640620935,0.410511984000523,212623.704183462
1367,VCVS,BPF,VCVS_BPF_Maheshwari,Maheshwari VCVS equations + prototype input/supply-current signature,1762.38322659517,1762.38322659517,NaN,2.49506577190287e-11,2.49506577190287e-11,NaN,NaN,9898.39930481711,12064.5382379113,2.21883729544433,1.2801430408391,3619410.00367118
707,PASSIVE,BSF,PASSIVE_RLC_BSF,Passive RLC equation + source-current signature,7034249.2805444,NaN,NaN,1.44378918461605e-11,NaN,NaN,2639.55793663241,NaN,NaN,1,1.92218840214765,815.272212246869
1444,VCVS,BSF,VCVS_BSF_Maheshwari,Maheshwari VCVS equations + prototype input/supply-current signature,51489.3051811167,51489.3051811167,NaN,2.19194513796068e-10,2.19194513796068e-10,NaN,NaN,10143.7032682026,3299.04657829426,1.32523098232139,0.740994306051781,14101.7632869723
569,PASSIVE,BPF,PASSIVE_RLC_BPF,Passive RLC equation + source-current signature,762866.666671897,NaN,NaN,5.91094162003689e-11,NaN,NaN,795.810348151635,NaN,NaN,1,4.80980885044896,733.815710682798
1027,VCVS,HPF,VCVS_HPF_Maheshwari,Maheshwari VCVS equations + prototype input/supply-current signature,4046.61213272315,4046.61213272315,NaN,2.35044165696176e-11,2.35044165696176e-11,NaN,NaN,10175.1939006619,9497.92690154572,1.93343940118211,0.937593232966168,1673320.28858488
1518,VCVS,BSF,VCVS_BSF_Maheshwari,Maheshwari VCVS equations + prototype input/supply-current signature,133104.606866797,133104.606866797,NaN,8.39550723163838e-10,8.39550723163838e-10,NaN,NaN,9803.09828166572,1403.01058151124,1.14311909777904,0.583511662710702,1424.22991811188
3106,ACTIVE_OTHER,BSF,ACTIVE_OTHER_STATE_VARIABLE_BSF,State-variable/biquad-like active-other equation + current signature,26426.8809584167,723447.956530066,43270.9133373584,1.66609756745213e-11,1.9026808408199e-12,NaN,NaN,9816.82695532142,18126.3378853947,2.84645588313736,4.12558919391093,204437.396988615
1686,MFB,LPF,MFB_LPF_Maheshwari,Maheshwari MFB equation + current signature,10142.1102044948,54230.4290126987,15327.4936044624,4.52217788765705e-11,3.58985500497387e-11,NaN,NaN,NaN,NaN,-1.51127263413776,0.213568479578267,137009.526339426
2821,ACTIVE_OTHER,BPF,ACTIVE_OTHER_STATE_VARIABLE_BPF,State-variable/biquad-like active-other equation + current signature,3741.34791663979,50738.6336647969,14308.7715901773,2.09757534015385e-10,1.31113063187565e-11,NaN,NaN,9679.05783613762,31678.1795193066,4.2728577569847,1.46751519589307,220269.787747673
2710,ACTIVE_OTHER,HPF,ACTIVE_OTHER_STATE_VARIABLE_HPF,State-variable/biquad-like active-other equation + current signature,5304.09324674084,8823.10227345863,29731.7156500758,3.99262599306793e-10,6.64643727222607e-10,NaN,NaN,9545.75108484619,35697.7099925903,4.73964391856604,3.00716976073501,45162.7241088121
3045,ACTIVE_OTHER,BSF,ACTIVE_OTHER_STATE_VARIABLE_BSF,State-variable/biquad-like active-other equation + current signature,57679.7083350492,28276.5578336104,16835.7037260941,5.9556386060606e-10,3.98631281014807e-10,NaN,NaN,9811.21710556726,29112.3205197278,3.96724863046893,1.7443390886207,8088.0807325899
1449,VCVS,BSF,VCVS_BSF_Maheshwari,Maheshwari VCVS equations + prototype input/supply-current signature,1568.77008619191,1568.77008619191,NaN,1.86975667230272e-12,1.86975667230272e-12,NaN,NaN,10187.7445023993,7081.7129177528,1.69512078125683,1.63999370656091,54259494.1332481
2098,MFB,BPF,MFB_BPF_Maheshwari,Maheshwari MFB equation + current signature,9739.41938857976,663370.300214424,NaN,4.02577211630488e-11,4.36488104460785e-11,NaN,NaN,NaN,NaN,-2352309.81238252,4.12312507072073,47235.0942322534
682,PASSIVE,BSF,PASSIVE_RLC_BSF,Passive RLC equation + source-current signature,125415.990947509,NaN,NaN,8.50760495240792e-12,NaN,NaN,0.510933899319964,NaN,NaN,1,1.95400552503311,76336.8288801799
1181,VCVS,HPF,VCVS_HPF_Maheshwari,Maheshwari VCVS equations + prototype input/supply-current signature,2585.91156465959,2585.91156465959,NaN,8.61481228558695e-11,8.61481228558695e-11,NaN,NaN,10075.4864621201,12347.6140410354,2.22551045921779,1.29117302086485,714431.581806017
2841,ACTIVE_OTHER,BPF,ACTIVE_OTHER_STATE_VARIABLE_BPF,State-variable/biquad-like active-other equation + current signature,56791.0810867266,2932.70722105084,23856.9128058783,2.60791353399059e-12,7.27244752478939e-11,NaN,NaN,9948.33618121282,30356.2555909166,4.05139020615765,2.43739010826747,895486.034342857
516,PASSIVE,BPF,PASSIVE_RLC_BPF,Passive RLC equation + source-current signature,114.485280273046,NaN,NaN,3.96635111737456e-10,NaN,NaN,0.000113668478394268,NaN,NaN,1,4.67600312784344,749556.767987663
2838,ACTIVE_OTHER,BPF,ACTIVE_OTHER_STATE_VARIABLE_BPF,State-variable/biquad-like active-other equation + current signature,360364.213310454,3118.21541407696,32646.783164233,2.33438013057532e-10,1.38255731896951e-12,NaN,NaN,10405.7293759702,20289.7817881865,2.94986637217776,3.32162001152648,264282.791144787
1788,MFB,LPF,MFB_LPF_Maheshwari,Maheshwari MFB equation + current signature,95894.0708951935,454463.840282467,94944.8248752362,4.32328654467718e-10,1.19683818318678e-11,NaN,NaN,NaN,NaN,-0.990101097897964,1.24924219120611,10651.4832075482
2077,MFB,BPF,MFB_BPF_Maheshwari,Maheshwari MFB equation + current signature,3292032.30589764,21637539.9903649,NaN,2.12499514690822e-10,3.57204910635391e-11,NaN,NaN,NaN,NaN,-8503.90678158811,0.899855546325466,216.444454878099
3109,ACTIVE_OTHER,BSF,ACTIVE_OTHER_STATE_VARIABLE_BSF,State-variable/biquad-like active-other equation + current signature,64849.9282979419,1075.38230641246,22534.9446884441,4.53914448147763e-12,4.95769960668449e-10,NaN,NaN,9650.67540259067,19295.3085115531,2.99937389940329,2.2135035162301,401750.874266055
1191,VCVS,HPF,VCVS_HPF_Maheshwari,Maheshwari VCVS equations + prototype input/supply-current signature,5495.14283991855,5495.14283991855,NaN,7.02862301545715e-10,7.02862301545715e-10,NaN,NaN,10151.8043710342,915.690900807089,1.09019981742554,0.523614988166968,41206.9903029071
2509,ACTIVE_OTHER,LPF,ACTIVE_OTHER_STATE_VARIABLE_LPF,State-variable/biquad-like active-other equation + current signature,230955.667003573,4661.31695469167,20618.6595814233,6.17498751892625e-10,1.45803430261729e-11,NaN,NaN,9528.86476997822,20433.9449806474,3.14442595985063,1.96546686952519,51121.0293457513
2058,MFB,BPF,MFB_BPF_Maheshwari,Maheshwari MFB equation + current signature,47.018398083514,14053.3148854649,NaN,6.58562589295029e-11,7.20195874303827e-10,NaN,NaN,NaN,NaN,-29531230.4182702,4.78991676228889,899027.519699731
23,PASSIVE,LPF,PASSIVE_RC_LPF,Passive RC equation + source-current signature,524979.862330751,NaN,NaN,1.60704787017871e-11,NaN,NaN,NaN,NaN,NaN,1,NaN,18864.6465846147
546,PASSIVE,BPF,PASSIVE_RLC_BPF,Passive RLC equation + source-current signature,848806.538378833,NaN,NaN,4.42214251656296e-10,NaN,NaN,342.517350533393,NaN,NaN,1,1.03685064997751,408.942715223839
2151,MFB,BPF,MFB_BPF_Maheshwari,Maheshwari MFB equation + current signature,97.2255265165761,34282.3157768733,NaN,7.26631543061879e-11,6.79069750154334e-10,NaN,NaN,NaN,NaN,-15146256.64654,5.54875665561889,392446.616007274
1365,VCVS,BPF,VCVS_BPF_Maheshwari,Maheshwari VCVS equations + prototype input/supply-current signature,447066.167890359,447066.167890359,NaN,3.13913260816001e-10,3.13913260816001e-10,NaN,NaN,10135.9010398015,7037.24092337988,1.69428863756129,0.765866047249737,1134.06687132376
68,PASSIVE,LPF,PASSIVE_RC_LPF,Passive RC equation + source-current signature,83237.954682353,NaN,NaN,8.63968170148076e-10,NaN,NaN,NaN,NaN,NaN,1,NaN,2213.09974785656
2435,ACTIVE_OTHER,LPF,ACTIVE_OTHER_STATE_VARIABLE_LPF,State-variable/biquad-like active-other equation + current signature,35632.8649636524,632482.416233465,40447.67760382,2.86632111993819e-12,1.1394804412986e-12,NaN,NaN,9700.99776587288,12886.1955498537,2.32833713199956,4.00678821922629,586617.038647287
2526,ACTIVE_OTHER,LPF,ACTIVE_OTHER_STATE_VARIABLE_LPF,State-variable/biquad-like active-other equation + current signature,2104.95269268803,2106.98233746906,19793.4345804604,9.20099496124885e-12,1.06682110578097e-10,NaN,NaN,9724.66852486554,20060.2984266243,3.06282593338077,1.97001395173636,2412155.5944935
2016,MFB,BPF,MFB_BPF_Maheshwari,Maheshwari MFB equation + current signature,24263.3591367085,4390388.58314701,NaN,3.43299133688611e-10,2.20281842700425e-10,NaN,NaN,NaN,NaN,-187098.528862272,6.56364971646303,1773.23985588557
2540,ACTIVE_OTHER,LPF,ACTIVE_OTHER_STATE_VARIABLE_LPF,State-variable/biquad-like active-other equation + current signature,769457.601681206,68909.2018240596,44269.5126083033,6.96320739216948e-11,7.88026396079125e-10,NaN,NaN,10250.3754971606,31890.8971162792,4.11119306069453,4.28975778500797,2950.62574143029
3191,ACTIVE_OTHER,BSF,ACTIVE_OTHER_STATE_VARIABLE_BSF,State-variable/biquad-like active-other equation + current signature,4751.64505041125,126477.622273588,26873.7265697529,5.31598989540643e-11,1.93536778741196e-11,NaN,NaN,10323.8681651838,25045.9692991262,3.42602568130337,2.79159776725402,202403.240936972
1777,MFB,LPF,MFB_LPF_Maheshwari,Maheshwari MFB equation + current signature,9281.2382198385,224061.310177208,17979.751082293,8.08046139633038e-11,9.91311743572017e-12,NaN,NaN,NaN,NaN,-1.93721469661898,0.26802784188787,88597.537907109
507,PASSIVE,BPF,PASSIVE_RLC_BPF,Passive RLC equation + source-current signature,73420.7198058752,NaN,NaN,1.67542794574006e-11,NaN,NaN,0.381055004753246,NaN,NaN,1,2.05405618848919,62988.8122430786
3129,ACTIVE_OTHER,BSF,ACTIVE_OTHER_STATE_VARIABLE_BSF,State-variable/biquad-like active-other equation + current signature,547512.287089817,4053.44473445017,9766.88394060627,2.48337568255885e-12,1.50991573079276e-11,NaN,NaN,10269.1786736874,6767.60316413926,1.65902087977881,0.942265972226047,551713.361183216
490,PASSIVE,BPF,PASSIVE_RLC_BPF,Passive RLC equation + source-current signature,3278946.62706152,NaN,NaN,2.6852714605713e-12,NaN,NaN,441.854201716735,NaN,NaN,1,3.91210992170872,4620.47408756317
1967,MFB,HPF,MFB_HPF_Maheshwari,Maheshwari MFB equation + current signature,422032.832852762,9902.34402648797,NaN,3.18741272097767e-10,1.60412942168732e-10,3.50188968844621e-10,NaN,NaN,NaN,-1.0986621423071,1.69815218424699,10387.4052171848
399,PASSIVE,HPF,PASSIVE_RC_HPF,Passive RC equation + source-current signature,1261.30750182841,NaN,NaN,8.36751799381298e-12,NaN,NaN,NaN,NaN,NaN,1,NaN,15080040.1530012
2150,MFB,BPF,MFB_BPF_Maheshwari,Maheshwari MFB equation + current signature,616.06447842539,46367.1304306918,NaN,6.43651215635011e-11,8.94404679607203e-11,NaN,NaN,NaN,NaN,-18148459.5826187,4.27968924073688,392472.841358837
1106,VCVS,HPF,VCVS_HPF_Maheshwari,Maheshwari VCVS equations + prototype input/supply-current signature,20603.3697754903,20603.3697754903,NaN,2.32237880602921e-10,2.32237880602921e-10,NaN,NaN,9804.82063689074,780.948875328567,1.07964948103081,0.520738266333161,33262.0349175298
16,PASSIVE,LPF,PASSIVE_RC_LPF,Passive RC equation + source-current signature,140916.879557104,NaN,NaN,4.42182068968087e-11,NaN,NaN,NaN,NaN,NaN,1,NaN,25542.0638705943
529,PASSIVE,BPF,PASSIVE_RLC_BPF,Passive RLC equation + source-current signature,232103.291149265,NaN,NaN,4.94045474873853e-10,NaN,NaN,235.016123754123,NaN,NaN,1,2.9715570182261,467.076308642342
2388,MFB,BSF,MFB_BSF_1_MINUS_BP,Maheshwari MFB BPF denominator + 1-minus-BP notch + current signature,20543.7272466422,42852652.1190035,NaN,1.82140185048563e-11,9.59287776251037e-10,NaN,NaN,NaN,NaN,1,6.17602451113323,1283.25899408908
2107,MFB,BPF,MFB_BPF_Maheshwari,Maheshwari MFB equation + current signature,4344.90003482767,89356.2204730556,NaN,9.72314491284818e-11,8.68008538584849e-11,NaN,NaN,NaN,NaN,-2651527.97660483,2.26383003757295,87922.9930464041
2285,MFB,BSF,MFB_BSF_1_MINUS_BP,Maheshwari MFB BPF denominator + 1-minus-BP notch + current signature,7288.68320934913,648803.513959971,NaN,1.83067435842326e-10,3.34127321985481e-11,NaN,NaN,NaN,NaN,1,3.40859566370027,29592.2136174494
1665,MFB,LPF,MFB_LPF_Maheshwari,Maheshwari MFB equation + current signature,30859.878119554,81506.2535679784,46921.8065154569,2.33955611409312e-10,1.34531838504704e-11,NaN,NaN,NaN,NaN,-1.5204793205494,1.02193270400435,45873.0939106442
2824,ACTIVE_OTHER,BPF,ACTIVE_OTHER_STATE_VARIABLE_BPF,State-variable/biquad-like active-other equation + current signature,6540.02066606302,1084.27755617218,17838.2540244734,7.24904889378921e-11,3.59772921544737e-12,NaN,NaN,10308.4823235041,5550.06864776906,1.53839823104847,1.80135653360741,3700884.96620968
2433,ACTIVE_OTHER,LPF,ACTIVE_OTHER_STATE_VARIABLE_LPF,State-variable/biquad-like active-other equation + current signature,5878.77170379705,87429.4544167077,56165.8259265596,1.43174377328723e-11,1.781443334684e-12,NaN,NaN,9861.40530294086,23655.3209331918,3.3987778827159,5.4852523252698,1390046.3833856
966,VCVS,LPF,VCVS_LPF_Maheshwari,Maheshwari VCVS equations + prototype input/supply-current signature,415922.745578277,415922.745578277,NaN,5.78226163171181e-10,5.78226163171181e-10,NaN,NaN,10178.5113162572,4979.63218422429,1.48922991088793,0.661914084218952,661.774032718516
230,PASSIVE,HPF,PASSIVE_RC_HPF,Passive RC equation + source-current signature,293441.878775824,NaN,NaN,1.85384986298744e-11,NaN,NaN,NaN,NaN,NaN,1,NaN,29256.5746596654
1158,VCVS,HPF,VCVS_HPF_Maheshwari,Maheshwari VCVS equations + prototype input/supply-current signature,1078.94541817781,1078.94541817781,NaN,2.60062715218289e-10,2.60062715218289e-10,NaN,NaN,10103.1874551275,957.33312226298,1.09475555378091,0.524867033195912,567208.282653327
2596,ACTIVE_OTHER,LPF,ACTIVE_OTHER_STATE_VARIABLE_LPF,State-variable/biquad-like active-other equation + current signature,1885.70026825266,1561.08801413329,32050.7751348857,5.38114110397388e-10,1.95434435579186e-11,NaN,NaN,10014.046382611,12596.0560881826,2.25783880031304,3.35352752875918,904549.56896748
1827,MFB,HPF,MFB_HPF_Maheshwari,Maheshwari MFB equation + current signature,30521.6037782398,771.287402595544,NaN,1.49944346349291e-10,1.47584358942058e-10,1.5945352562038e-11,NaN,NaN,NaN,-0.106341805811696,9.15434233171665,676193.680697769
663,PASSIVE,BSF,PASSIVE_RLC_BSF,Passive RLC equation + source-current signature,144446.117202994,NaN,NaN,6.68630774268836e-12,NaN,NaN,0.0682888101699682,NaN,NaN,1,0.699641754093562,235533.224649725
2827,ACTIVE_OTHER,BPF,ACTIVE_OTHER_STATE_VARIABLE_BPF,State-variable/biquad-like active-other equation + current signature,7001.14902697646,10654.3651346743,19376.2054853253,1.03624644927219e-11,7.13056544975976e-12,NaN,NaN,10104.2872537714,31471.4435305333,4.11466239430067,1.94011633533485,2143769.90273931
35,PASSIVE,LPF,PASSIVE_RC_LPF,Passive RC equation + source-current signature,486706.554488932,NaN,NaN,1.38793254806881e-10,NaN,NaN,NaN,NaN,NaN,1,NaN,2356.05039870498
1869,MFB,HPF,MFB_HPF_Maheshwari,Maheshwari MFB equation + current signature,81384.3019458115,322.871606138255,NaN,2.42976212016229e-10,1.67948659304293e-11,1.26173824089036e-10,NaN,NaN,NaN,-0.51928467829027,3.64667853320677,674468.978559115
2133,MFB,BPF,MFB_BPF_Maheshwari,Maheshwari MFB equation + current signature,3418.31806026359,25120.1190982555,NaN,1.05079850244865e-11,7.88430765889712e-11,NaN,NaN,NaN,NaN,-3710427.64956729,0.873265694094555,596707.567708582
2675,ACTIVE_OTHER,HPF,ACTIVE_OTHER_STATE_VARIABLE_HPF,State-variable/biquad-like active-other equation + current signature,5239.04734616798,6622.8382693415,51836.418053087,3.24531430141746e-10,1.91448251594384e-10,NaN,NaN,10045.2938730619,9468.60324159518,1.94259096460949,5.14093430275886,108397.136856027
591,PASSIVE,BPF,PASSIVE_RLC_BPF,Passive RLC equation + source-current signature,1463.25924028743,NaN,NaN,1.46714642947113e-10,NaN,NaN,0.000757709359602705,NaN,NaN,1,1.55307818718426,477344.667303022
1837,MFB,HPF,MFB_HPF_Maheshwari,Maheshwari MFB equation + current signature,44734.5780775898,1611100.20900572,NaN,3.00567413266921e-10,1.03849895621578e-10,2.5681661074395e-11,NaN,NaN,NaN,-0.0854439301827714,0.234166823177083,11479.4900134536
1329,VCVS,BPF,VCVS_BPF_Maheshwari,Maheshwari VCVS equations + prototype input/supply-current signature,7858.33063571,7858.33063571,NaN,2.01509905463218e-11,2.01509905463218e-11,NaN,NaN,10167.6318531935,2937.30029631796,1.28888735732455,0.584415061323154,1005063.34582112
2254,MFB,BSF,MFB_BSF_1_MINUS_BP,Maheshwari MFB BPF denominator + 1-minus-BP notch + current signature,10876.8207639193,43705.6782662585,NaN,8.1754272011616e-10,2.93261670665614e-10,NaN,NaN,NaN,NaN,1,0.883615323000217,14907.9296076307
807,VCVS,LPF,VCVS_LPF_Maheshwari,Maheshwari VCVS equations + prototype input/supply-current signature,243638.369066574,243638.369066574,NaN,1.89385363137216e-10,1.89385363137216e-10,NaN,NaN,10178.454257772,8599.72648471218,1.84489513504918,0.865722265001955,3449.27671775145
285,PASSIVE,HPF,PASSIVE_RC_HPF,Passive RC equation + source-current signature,126924.642679745,NaN,NaN,4.14205461199021e-11,NaN,NaN,NaN,NaN,NaN,1,NaN,30273.2021931281
2449,ACTIVE_OTHER,LPF,ACTIVE_OTHER_STATE_VARIABLE_LPF,State-variable/biquad-like active-other equation + current signature,2665.93936166916,887597.023400408,41526.744730093,2.03688809688573e-12,5.70250693569651e-12,NaN,NaN,10213.731830836,5552.97316898982,1.54367720446947,4.06623486313573,959998.5639952
339,PASSIVE,HPF,PASSIVE_RC_HPF,Passive RC equation + source-current signature,166791.529366334,NaN,NaN,2.89831980134087e-12,NaN,NaN,NaN,NaN,NaN,1,NaN,329230.329622804
376,PASSIVE,HPF,PASSIVE_RC_HPF,Passive RC equation + source-current signature,227454.376070305,NaN,NaN,4.252046958647e-10,NaN,NaN,NaN,NaN,NaN,1,NaN,1645.61327734994
977,VCVS,LPF,VCVS_LPF_Maheshwari,Maheshwari VCVS equations + prototype input/supply-current signature,615082.840612532,615082.840612532,NaN,4.95229482129204e-10,4.95229482129204e-10,NaN,NaN,10059.7915621922,10670.0073624599,2.06065889104115,1.06457599956249,522.492461622695
730,PASSIVE,BSF,PASSIVE_RLC_BSF,Passive RLC equation + source-current signature,367628.174903292,NaN,NaN,3.33115879520105e-10,NaN,NaN,1490.18003831626,NaN,NaN,1,5.75324560871927,225.893166339568
423,PASSIVE,BPF,PASSIVE_RLC_BPF,Passive RLC equation + source-current signature,789236.064019183,NaN,NaN,2.89734012996258e-11,NaN,NaN,225.170781277812,NaN,NaN,1,3.53223308800351,1970.44525545282
2451,ACTIVE_OTHER,LPF,ACTIVE_OTHER_STATE_VARIABLE_LPF,State-variable/biquad-like active-other equation + current signature,15593.8757422399,283020.372295606,55019.7218052709,1.72990192240233e-11,3.66213465090658e-10,NaN,NaN,9891.61261873169,23215.3894153258,3.3469772129332,5.64178879044977,30099.2970544219
2746,ACTIVE_OTHER,HPF,ACTIVE_OTHER_STATE_VARIABLE_HPF,State-variable/biquad-like active-other equation + current signature,220649.675996165,52250.5860729224,5373.24177030203,1.25812484452839e-11,7.17807036677343e-11,NaN,NaN,10276.980677679,17875.8464969581,2.73940645191476,0.537367585651889,49323.8736487484
3105,ACTIVE_OTHER,BSF,ACTIVE_OTHER_STATE_VARIABLE_BSF,State-variable/biquad-like active-other equation + current signature,360197.274028311,19210.3025898039,51363.9828797973,1.98738049900583e-11,1.04032702486712e-12,NaN,NaN,10278.182610912,27072.9328880689,3.63401944808088,5.19671945953525,420782.205584084
1529,VCVS,BSF,VCVS_BSF_Maheshwari,Maheshwari VCVS equations + prototype input/supply-current signature,142438.801625004,142438.801625004,NaN,6.25631550391632e-10,6.25631550391632e-10,NaN,NaN,10137.2240858999,3894.17835753148,1.3841464215976,0.811881293759895,1785.96596585606
1473,VCVS,BSF,VCVS_BSF_Maheshwari,Maheshwari VCVS equations + prototype input/supply-current signature,44186.0648888874,44186.0648888874,NaN,8.23792009446102e-12,8.23792009446102e-12,NaN,NaN,10066.4924569139,3912.35173909757,1.38865093833259,0.817863363748838,437237.326908022
605,PASSIVE,BSF,PASSIVE_RLC_BSF,Passive RLC equation + source-current signature,2190.4085685249,NaN,NaN,8.17953877483619e-10,NaN,NaN,0.059016814483835,NaN,NaN,1,3.87791552757191,22906.9802729726
621,PASSIVE,BSF,PASSIVE_RLC_BSF,Passive RLC equation + source-current signature,52342.0325781776,NaN,NaN,1.07703704508943e-11,NaN,NaN,0.703378873134274,NaN,NaN,1,4.88234827281719,57824.2689960977
3151,ACTIVE_OTHER,BSF,ACTIVE_OTHER_STATE_VARIABLE_BSF,State-variable/biquad-like active-other equation + current signature,346122.720345881,4982.31457277148,13414.5879198733,1.67458054907671e-12,6.21164996277495e-12,NaN,NaN,10437.8316367341,17754.0987898083,2.70093745594878,1.34859737235588,1188318.87864481
1599,VCVS,BSF,VCVS_BSF_Maheshwari,Maheshwari VCVS equations + prototype input/supply-current signature,2227.92709031535,2227.92709031535,NaN,2.29215866216175e-10,2.29215866216175e-10,NaN,NaN,9905.17112558918,5945.13774274388,1.60020545504611,1.25064237696808,311655.274493973
478,PASSIVE,BPF,PASSIVE_RLC_BPF,Passive RLC equation + source-current signature,21527699.3239641,NaN,NaN,3.30041920652379e-12,NaN,NaN,3915.81925715026,NaN,NaN,1,1.60003376297522,1399.98782817306
2806,ACTIVE_OTHER,BPF,ACTIVE_OTHER_STATE_VARIABLE_BPF,State-variable/biquad-like active-other equation + current signature,1007.60852800838,43677.5620420001,13903.9878528237,7.38937038663661e-12,3.45656747134889e-11,NaN,NaN,10436.078867618,20093.7858077366,2.92541528888646,1.36209354373597,1501131.65264614
2262,MFB,BSF,MFB_BSF_1_MINUS_BP,Maheshwari MFB BPF denominator + 1-minus-BP notch + current signature,74404.942753401,72868722.4152745,NaN,3.37946469894819e-10,1.34198530070883e-11,NaN,NaN,NaN,NaN,1,5.99801278351707,1014.9644337263
1640,MFB,LPF,MFB_LPF_Maheshwari,Maheshwari MFB equation + current signature,4925.21697112591,11170.1450362665,4689.60305170193,7.51102176660358e-11,4.53452841910306e-11,NaN,NaN,NaN,NaN,-0.952161717787203,0.351567111408351,376796.716335272
913,VCVS,LPF,VCVS_LPF_Maheshwari,Maheshwari VCVS equations + prototype input/supply-current signature,299893.875886656,299893.875886656,NaN,3.87759189208837e-10,3.87759189208837e-10,NaN,NaN,10163.2940770056,10611.1730392711,2.04406828719822,1.04609982764256,1368.64380468274
1829,MFB,HPF,MFB_HPF_Maheshwari,Maheshwari MFB equation + current signature,325060.726880402,57544.6023021613,NaN,5.36990379577448e-10,5.78285872029491e-10,1.41214599983053e-11,NaN,NaN,NaN,-0.0262974171146553,7.23154424052586,12877.2904933776
2881,ACTIVE_OTHER,BPF,ACTIVE_OTHER_STATE_VARIABLE_BPF,State-variable/biquad-like active-other equation + current signature,18909.1361641865,93227.3188559518,16702.3657021973,3.91855043548676e-12,9.1659250386334e-10,NaN,NaN,10135.6580489864,6041.68463497195,1.59608212962316,1.63599538966661,63250.1877197079
198,PASSIVE,LPF,PASSIVE_RC_LPF,Passive RC equation + source-current signature,77819.4690945944,NaN,NaN,3.38089470943005e-10,NaN,NaN,NaN,NaN,NaN,1,NaN,6049.23174001915
2155,MFB,BPF,MFB_BPF_Maheshwari,Maheshwari MFB equation + current signature,73759.9342527587,1150936.46608738,NaN,6.22402175622179e-11,2.48246567149423e-11,NaN,NaN,NaN,NaN,-546130.243467397,1.78340349885371,13896.5507927558
452,PASSIVE,BPF,PASSIVE_RLC_BPF,Passive RLC equation + source-current signature,37759345.219938,NaN,NaN,1.02063825248472e-12,NaN,NaN,758.95950239858,NaN,NaN,1,0.722185768931188,5718.40498758223
557,PASSIVE,BPF,PASSIVE_RLC_BPF,Passive RLC equation + source-current signature,61747.9137112853,NaN,NaN,1.46828971752881e-11,NaN,NaN,0.137811151485084,NaN,NaN,1,1.56896773791168,111885.053064102
3080,ACTIVE_OTHER,BSF,ACTIVE_OTHER_STATE_VARIABLE_BSF,State-variable/biquad-like active-other equation + current signature,916613.806598365,392780.932196639,53685.0732781581,2.07286305182679e-11,2.44214430513118e-11,NaN,NaN,9596.75834054705,6823.60222455299,1.71103199459788,5.23089155730344,11789.1032028719
3066,ACTIVE_OTHER,BSF,ACTIVE_OTHER_STATE_VARIABLE_BSF,State-variable/biquad-like active-other equation + current signature,474258.140301355,6378.9532917361,7121.91911290573,8.95584601428284e-11,2.48862547213769e-11,NaN,NaN,9772.43605964004,20189.4656026285,3.06596036847052,0.705135925136223,61292.1624105187
2743,ACTIVE_OTHER,HPF,ACTIVE_OTHER_STATE_VARIABLE_HPF,State-variable/biquad-like active-other equation + current signature,454482.12692966,185812.747113901,7020.25752683774,3.78270872419043e-12,1.91751428751843e-12,NaN,NaN,10028.8473933566,15107.2041405826,2.50637491508646,0.734684429300938,203354.234556453
683,PASSIVE,BSF,PASSIVE_RLC_BSF,Passive RLC equation + source-current signature,53005.9575632986,NaN,NaN,2.58571039952703e-10,NaN,NaN,16.8703216508825,NaN,NaN,1,4.81889047749196,2409.73069160023
1465,VCVS,BSF,VCVS_BSF_Maheshwari,Maheshwari VCVS equations + prototype input/supply-current signature,4692.7108278171,4692.7108278171,NaN,1.52849009448506e-12,1.52849009448506e-12,NaN,NaN,9989.35148043995,7145.72586335269,1.71533431147604,1.75644631635301,22188794.5987242
679,PASSIVE,BSF,PASSIVE_RLC_BSF,Passive RLC equation + source-current signature,50132.914185933,NaN,NaN,2.53105047464951e-11,NaN,NaN,1.61881695457872,NaN,NaN,1,5.04458586441209,24863.9919482023
2130,MFB,BPF,MFB_BPF_Maheshwari,Maheshwari MFB equation + current signature,679208.014613301,103501717.837831,NaN,1.37325605232153e-11,2.92899049389714e-11,NaN,NaN,NaN,NaN,-50266.5681807685,5.7545560613606,946.477315935569
220,PASSIVE,HPF,PASSIVE_RC_HPF,Passive RC equation + source-current signature,3353.35940976124,NaN,NaN,2.19641263299668e-12,NaN,NaN,NaN,NaN,NaN,1,NaN,21608573.3920802
1219,VCVS,BPF,VCVS_BPF_Maheshwari,Maheshwari VCVS equations + prototype input/supply-current signature,280256.681495741,280256.681495741,NaN,1.35334449714623e-11,1.35334449714623e-11,NaN,NaN,9816.67568866303,4781.77756314301,1.48710762327265,0.660985550183795,41961.9628563432
583,PASSIVE,BPF,PASSIVE_RLC_BPF,Passive RLC equation + source-current signature,1699.24888668307,NaN,NaN,2.63150086341564e-10,NaN,NaN,0.0113042391978719,NaN,NaN,1,3.85710904301507,92277.9002842106
2438,ACTIVE_OTHER,LPF,ACTIVE_OTHER_STATE_VARIABLE_LPF,State-variable/biquad-like active-other equation + current signature,2549.70150059597,4890.78225770536,38327.9918963724,9.48927850035929e-11,4.78943128148522e-10,NaN,NaN,10092.7999991882,25945.49030265,3.57069299943889,3.67990218030612,211411.071896253
2042,MFB,BPF,MFB_BPF_Maheshwari,Maheshwari MFB equation + current signature,912255.750131926,3192384.45184014,NaN,5.01858922159347e-10,4.1640338653702e-10,NaN,NaN,NaN,NaN,-2632.5045931863,0.931280440104312,204.012267193107
748,PASSIVE,BSF,PASSIVE_RLC_BSF,Passive RLC equation + source-current signature,5061.2873360397,NaN,NaN,1.44477755387519e-10,NaN,NaN,0.0565083150369892,NaN,NaN,1,3.90746136355569,55701.0599920455
2665,ACTIVE_OTHER,HPF,ACTIVE_OTHER_STATE_VARIABLE_HPF,State-variable/biquad-like active-other equation + current signature,176528.123426825,557554.164464903,24199.8397248286,1.81484013918857e-11,2.06304016164143e-12,NaN,NaN,10449.857795351,13055.7723458752,2.24937320694292,2.40602355476733,82908.0342395554
2972,ACTIVE_OTHER,BPF,ACTIVE_OTHER_STATE_VARIABLE_BPF,State-variable/biquad-like active-other equation + current signature,47360.1862897893,39663.1423619808,12812.790725924,1.69360884669364e-12,6.39103319463232e-11,NaN,NaN,9718.26535203251,25698.6368325604,3.64436459611444,1.34790398320453,352961.858764131
1377,VCVS,BPF,VCVS_BPF_Maheshwari,Maheshwari VCVS equations + prototype input/supply-current signature,15737.0841123023,15737.0841123023,NaN,1.36678252961776e-10,1.36678252961776e-10,NaN,NaN,9890.89799835809,13342.3887136892,2.34895625411404,1.5359950945219,73993.9900132864
1327,VCVS,BPF,VCVS_BPF_Maheshwari,Maheshwari VCVS equations + prototype input/supply-current signature,11527.0890989213,11527.0890989213,NaN,3.5407755537182e-10,3.5407755537182e-10,NaN,NaN,9940.44627484006,3181.21006886772,1.32002688620928,0.595247621400074,38994.3857356736
2796,ACTIVE_OTHER,HPF,ACTIVE_OTHER_STATE_VARIABLE_HPF,State-variable/biquad-like active-other equation + current signature,17054.5350257662,967.664912244847,28550.4950186731,4.16174022303465e-10,8.20447800535232e-10,NaN,NaN,10024.6834684655,32670.4176104292,4.25899742502596,2.95180901877661,67046.286974359
909,VCVS,LPF,VCVS_LPF_Maheshwari,Maheshwari VCVS equations + prototype input/supply-current signature,7307.52002523192,7307.52002523192,NaN,9.16494977695605e-10,9.16494977695605e-10,NaN,NaN,9852.75546770307,11968.8033915002,2.21476712080528,1.27350754979279,23764.0265040998
790,PASSIVE,BSF,PASSIVE_RLC_BSF,Passive RLC equation + source-current signature,112132.638487898,NaN,NaN,1.13415457345562e-11,NaN,NaN,0.791212331291898,NaN,NaN,1,2.3554742352276,53129.7147002785
2698,ACTIVE_OTHER,HPF,ACTIVE_OTHER_STATE_VARIABLE_HPF,State-variable/biquad-like active-other equation + current signature,26546.5464638039,316092.955380589,37173.4348546563,1.19679748343422e-12,3.10421053265501e-10,NaN,NaN,10370.0923364137,26220.3734591194,3.52846094407943,3.80097996718496,90141.0868868557
2101,MFB,BPF,MFB_BPF_Maheshwari,Maheshwari MFB equation + current signature,4330.63030139846,145555.954084433,NaN,3.99607474656455e-11,8.71700401157789e-11,NaN,NaN,NaN,NaN,-2648998.08186948,2.69146737296764,107406.153679692
422,PASSIVE,BPF,PASSIVE_RLC_BPF,Passive RLC equation + source-current signature,263054.159859472,NaN,NaN,3.70570151988366e-12,NaN,NaN,1.75570165616784,NaN,NaN,1,2.61664597400158,62396.4030048282
2590,ACTIVE_OTHER,LPF,ACTIVE_OTHER_STATE_VARIABLE_LPF,State-variable/biquad-like active-other equation + current signature,89502.5374675839,2780.72578308321,45206.0821923061,1.69819114324333e-10,1.83347336401585e-11,NaN,NaN,10350.1245780516,27472.9330589239,3.65435771828127,4.33362013152493,180797.652584233
135,PASSIVE,LPF,PASSIVE_RC_LPF,Passive RC equation + source-current signature,19530.1544139533,NaN,NaN,2.16285938504445e-12,NaN,NaN,NaN,NaN,NaN,1,NaN,3767785.48960481
2541,ACTIVE_OTHER,LPF,ACTIVE_OTHER_STATE_VARIABLE_LPF,State-variable/biquad-like active-other equation + current signature,9405.48175999564,372987.294079743,37695.4957957692,6.38495555839017e-12,3.52370034456743e-10,NaN,NaN,10362.4264803717,5742.68640519244,1.55418356077798,3.66100780840569,56650.5546383331
2684,ACTIVE_OTHER,HPF,ACTIVE_OTHER_STATE_VARIABLE_HPF,State-variable/biquad-like active-other equation + current signature,132365.041021032,640004.150565945,26105.8975509623,2.56173530390937e-10,2.01226749930403e-11,NaN,NaN,10423.3165796751,32762.6485325989,4.14320766160785,2.56111274887935,7616.09063955782
577,PASSIVE,BPF,PASSIVE_RLC_BPF,Passive RLC equation + source-current signature,1200294.23006421,NaN,NaN,6.1262398332599e-11,NaN,NaN,613.09313808251,NaN,NaN,1,2.63559401035274,821.220735391011
749,PASSIVE,BSF,PASSIVE_RLC_BSF,Passive RLC equation + source-current signature,57763.8959723068,NaN,NaN,6.16066068893991e-10,NaN,NaN,45.4262588796748,NaN,NaN,1,4.70092544733103,951.377773352454
383,PASSIVE,HPF,PASSIVE_RC_HPF,Passive RC equation + source-current signature,574999.44013495,NaN,NaN,4.6518890812775e-12,NaN,NaN,NaN,NaN,NaN,1,NaN,59500.8758908462
1513,VCVS,BSF,VCVS_BSF_Maheshwari,Maheshwari VCVS equations + prototype input/supply-current signature,3257.12274199923,3257.12274199923,NaN,2.83508575431073e-12,2.83508575431073e-12,NaN,NaN,9866.72085067187,5437.32403270592,1.55107711214265,1.11377702835878,17235338.0896188
2270,MFB,BSF,MFB_BSF_1_MINUS_BP,Maheshwari MFB BPF denominator + 1-minus-BP notch + current signature,21546.639953625,3575151.13363476,NaN,3.1794781624677e-10,1.02116726409717e-10,NaN,NaN,NaN,NaN,1,5.52545143549572,3182.41480570157
301,PASSIVE,HPF,PASSIVE_RC_HPF,Passive RC equation + source-current signature,63166.2323648712,NaN,NaN,7.81849995753308e-12,NaN,NaN,NaN,NaN,NaN,1,NaN,322263.945517495
2360,MFB,BSF,MFB_BSF_1_MINUS_BP,Maheshwari MFB BPF denominator + 1-minus-BP notch + current signature,1940.37830151844,135773.040852318,NaN,9.73070509889194e-11,1.79126639590414e-10,NaN,NaN,NaN,NaN,1,3.9950741147158,74270.7671374763
2399,MFB,BSF,MFB_BSF_1_MINUS_BP,Maheshwari MFB BPF denominator + 1-minus-BP notch + current signature,116130.021159132,1571067.23593021,NaN,8.18351723330079e-11,2.74042207765787e-10,NaN,NaN,NaN,NaN,1,1.54775949881051,2488.12252968068
1272,VCVS,BPF,VCVS_BPF_Maheshwari,Maheshwari VCVS equations + prototype input/supply-current signature,27060.6340146824,27060.6340146824,NaN,1.60186259577552e-12,1.60186259577552e-12,NaN,NaN,9843.11661020643,10979.8171070601,2.11548176678868,1.13055894435258,3671613.03876591
1689,MFB,LPF,MFB_LPF_Maheshwari,Maheshwari MFB equation + current signature,191150.67504658,186509.728923537,660111.040209446,3.85306947449977e-10,1.83545991155016e-11,NaN,NaN,NaN,NaN,-3.45335448095378,1.0784462638999,5393.67800855693
2396,MFB,BSF,MFB_BSF_1_MINUS_BP,Maheshwari MFB BPF denominator + 1-minus-BP notch + current signature,1663.82894674742,45585.264323529,NaN,7.16138508334547e-11,8.22732282577464e-10,NaN,NaN,NaN,NaN,1,1.4206269528282,75288.0020313126
1501,VCVS,BSF,VCVS_BSF_Maheshwari,Maheshwari VCVS equations + prototype input/supply-current signature,20430.9280437539,20430.9280437539,NaN,2.7406751106058e-12,2.7406751106058e-12,NaN,NaN,9810.57884710229,3908.78719615568,1.39842574603131,0.831152591224458,2842329.88661327
319,PASSIVE,HPF,PASSIVE_RC_HPF,Passive RC equation + source-current signature,255182.342480218,NaN,NaN,1.76700062431928e-10,NaN,NaN,NaN,NaN,NaN,1,NaN,3529.65947659802
973,VCVS,LPF,VCVS_LPF_Maheshwari,Maheshwari VCVS equations + prototype input/supply-current signature,191950.100557144,191950.100557144,NaN,3.86809676074307e-10,3.86809676074307e-10,NaN,NaN,10073.6189646964,2564.39831640202,1.25456574498094,0.572923326744884,2143.55414594521
774,PASSIVE,BSF,PASSIVE_RLC_BSF,Passive RLC equation + source-current signature,153569.825057328,NaN,NaN,5.58001419200484e-12,NaN,NaN,0.277940230311078,NaN,NaN,1,1.45328959854142,127798.799247116
1712,MFB,LPF,MFB_LPF_Maheshwari,Maheshwari MFB equation + current signature,10037.2653227419,101717.205633654,9709.01979593065,5.96632811607629e-10,6.31869334686455e-11,NaN,NaN,NaN,NaN,-0.967297314930237,0.460239772956441,26083.6294353458
2830,ACTIVE_OTHER,BPF,ACTIVE_OTHER_STATE_VARIABLE_BPF,State-variable/biquad-like active-other equation + current signature,334637.92811044,5428.68078339432,22901.47737181,5.22867140057999e-11,1.13689163030065e-11,NaN,NaN,9531.93855118904,13948.9372068477,2.46338933386301,2.23065414212049,153154.650493807
1760,MFB,LPF,MFB_LPF_Maheshwari,Maheshwari MFB equation + current signature,210912.131368558,5652241.91908738,385952.371840669,3.51764172364148e-10,6.66296638508377e-11,NaN,NaN,NaN,NaN,-1.82992021054606,0.207166550619884,703.855146804822
3064,ACTIVE_OTHER,BSF,ACTIVE_OTHER_STATE_VARIABLE_BSF,State-variable/biquad-like active-other equation + current signature,5772.72747272404,126248.582675235,29229.7347341861,1.41197924965663e-10,9.67016705123149e-12,NaN,NaN,10043.0907691917,8709.46069967579,1.86720919882483,2.79454154389474,159545.736433975
1421,VCVS,BSF,VCVS_BSF_Maheshwari,Maheshwari VCVS equations + prototype input/supply-current signature,490610.082394629,490610.082394629,NaN,1.05709307666858e-10,1.05709307666858e-10,NaN,NaN,10068.9240052765,1588.25799086401,1.15773860146642,0.593639932769716,3068.81306295044
1211,VCVS,BPF,VCVS_BPF_Maheshwari,Maheshwari VCVS equations + prototype input/supply-current signature,9626.93814341197,9626.93814341197,NaN,3.81214724647658e-10,3.81214724647658e-10,NaN,NaN,10052.8645320195,1757.49857460552,1.17482564984415,0.547892862900802,43367.2898989855
2424,ACTIVE_OTHER,LPF,ACTIVE_OTHER_STATE_VARIABLE_LPF,State-variable/biquad-like active-other equation + current signature,67856.1275677181,1610.26388357274,23731.9458758069,2.67231590962895e-12,3.08949825770473e-11,NaN,NaN,10257.4008721701,11455.5230919398,2.11680563475104,2.30968751609189,1675672.69827168
2800,ACTIVE_OTHER,HPF,ACTIVE_OTHER_STATE_VARIABLE_HPF,State-variable/biquad-like active-other equation + current signature,48458.927838713,3650.10244330818,51614.4059794065,9.74182263315277e-12,6.13532846718205e-12,NaN,NaN,10099.1435807491,33318.6416218123,4.29915515661387,5.00427104911044,1547895.67222512
2317,MFB,BSF,MFB_BSF_1_MINUS_BP,Maheshwari MFB BPF denominator + 1-minus-BP notch + current signature,92.9958258321558,48983.1107976866,NaN,1.00980618314696e-09,8.01713358500419e-11,NaN,NaN,NaN,NaN,1,5.99104367742658,262081.671402823
2523,ACTIVE_OTHER,LPF,ACTIVE_OTHER_STATE_VARIABLE_LPF,State-variable/biquad-like active-other equation + current signature,455592.683623172,1500.36289768687,45632.3316550105,1.37533644456656e-12,1.983301401123e-10,NaN,NaN,10259.7645741456,29735.3928819984,3.89825294402281,4.66059239556902,368582.548071119
2493,ACTIVE_OTHER,LPF,ACTIVE_OTHER_STATE_VARIABLE_LPF,State-variable/biquad-like active-other equation + current signature,107540.519377507,163267.778377886,12254.924327743,6.69759950059841e-11,1.96016976885313e-12,NaN,NaN,10290.9295324614,9610.31250854044,1.9338624347029,1.23166913413512,104828.022832366
2951,ACTIVE_OTHER,BPF,ACTIVE_OTHER_STATE_VARIABLE_BPF,State-variable/biquad-like active-other equation + current signature,36465.0371090124,36971.299602642,40651.2184442074,4.24658153361474e-10,9.67468888805547e-11,NaN,NaN,10205.1894562468,27227.9744725339,3.66805183669247,3.88787921821464,21385.0960731138
1539,VCVS,BSF,VCVS_BSF_Maheshwari,Maheshwari VCVS equations + prototype input/supply-current signature,3211.60544389549,3211.60544389549,NaN,6.2101212775646e-11,6.2101212775646e-11,NaN,NaN,10126.5905295474,7015.12499443328,1.69274302875825,1.62730237813415,797990.763648927
1796,MFB,LPF,MFB_LPF_Maheshwari,Maheshwari MFB equation + current signature,72540.6923662021,134056.404542216,103845.138217167,1.12930107667774e-10,4.3455272466051e-11,NaN,NaN,NaN,NaN,-1.43154324600229,0.442532234972635,19255.6043555614
1286,VCVS,BPF,VCVS_BPF_Maheshwari,Maheshwari VCVS equations + prototype input/supply-current signature,789270.957114522,789270.957114522,NaN,1.0685858709185e-11,1.0685858709185e-11,NaN,NaN,9921.3121001668,5634.15343580435,1.56788390274605,0.698267411362443,18870.5510212512
2338,MFB,BSF,MFB_BSF_1_MINUS_BP,Maheshwari MFB BPF denominator + 1-minus-BP notch + current signature,334.007360316077,78556.4069057723,NaN,6.01694448803297e-10,1.45728644620963e-10,NaN,NaN,NaN,NaN,1,6.07584575156827,104927.866473331
2094,MFB,BPF,MFB_BPF_Maheshwari,Maheshwari MFB equation + current signature,102626.851634561,11193535.7447085,NaN,8.34492480703668e-11,9.69980636868682e-11,NaN,NaN,NaN,NaN,-100456.011113508,5.20709465129333,1650.49129141247
2348,MFB,BSF,MFB_BSF_1_MINUS_BP,Maheshwari MFB BPF denominator + 1-minus-BP notch + current signature,2736.16042637853,794795.124880317,NaN,3.48070451470681e-10,1.3815500608815e-11,NaN,NaN,NaN,NaN,1,3.26589325153103,49215.8357337074
2079,MFB,BPF,MFB_BPF_Maheshwari,Maheshwari MFB equation + current signature,47849.9026783818,22895993.3200986,NaN,3.25772568484126e-11,7.91556813130318e-10,NaN,NaN,NaN,NaN,-26402.0014069068,4.26225715722981,946.894416625769
3155,ACTIVE_OTHER,BSF,ACTIVE_OTHER_STATE_VARIABLE_BSF,State-variable/biquad-like active-other equation + current signature,2295.25425065191,3249.5813632489,17124.7360932627,9.24244723690093e-12,1.51889572078222e-10,NaN,NaN,10126.8097769591,7351.88868415391,1.72598269801426,1.78832078437299,1555369.4145109
2842,ACTIVE_OTHER,BPF,ACTIVE_OTHER_STATE_VARIABLE_BPF,State-variable/biquad-like active-other equation + current signature,1735.56301510883,109284.473703994,6214.37053319902,3.07179311610622e-10,7.13294078837548e-11,NaN,NaN,9730.33493453406,20895.9890528447,3.14750974076775,0.609198403711912,78071.1209200046
1719,MFB,LPF,MFB_LPF_Maheshwari,Maheshwari MFB equation + current signature,52931.138441131,45692.8377853361,95767.153384068,5.9201020829854e-10,5.69206214959693e-11,NaN,NaN,NaN,NaN,-1.80927817168676,0.951831601313318,13106.5492095334
2343,MFB,BSF,MFB_BSF_1_MINUS_BP,Maheshwari MFB BPF denominator + 1-minus-BP notch + current signature,102.031612628332,6333.6880298108,NaN,4.35886995006537e-10,6.01533346573596e-10,NaN,NaN,NaN,NaN,1,3.88886627175207,386640.739158371
1937,MFB,HPF,MFB_HPF_Maheshwari,Maheshwari MFB equation + current signature,34780.6812332157,155.244409267715,NaN,6.30314149667295e-10,4.62368612451744e-11,4.41627690508814e-10,NaN,NaN,NaN,-0.700646956350135,2.73006459257809,479314.739834593
3033,ACTIVE_OTHER,BSF,ACTIVE_OTHER_STATE_VARIABLE_BSF,State-variable/biquad-like active-other equation + current signature,5014.07421115785,3942.29352829447,20367.4280340129,4.10493464631948e-12,6.19923078126443e-10,NaN,NaN,10476.828877502,33370.177554989,4.1851410331468,1.97155656365327,709623.923822402
259,PASSIVE,HPF,PASSIVE_RC_HPF,Passive RC equation + source-current signature,9717.89672367919,NaN,NaN,1.13323473422006e-11,NaN,NaN,NaN,NaN,NaN,1,NaN,1445200.07331641
969,VCVS,LPF,VCVS_LPF_Maheshwari,Maheshwari VCVS equations + prototype input/supply-current signature,5459.51905298469,5459.51905298469,NaN,9.4102070501738e-11,9.4102070501738e-11,NaN,NaN,10174.8359953123,3576.95962728829,1.35154961012996,0.606630327576213,309789.409256991
1130,VCVS,HPF,VCVS_HPF_Maheshwari,Maheshwari VCVS equations + prototype input/supply-current signature,506465.351099165,506465.351099165,NaN,3.44177947331471e-11,3.44177947331471e-11,NaN,NaN,10013.6416486194,8553.89153447397,1.85422385128524,0.872770829731203,9130.34845040258
59,PASSIVE,LPF,PASSIVE_RC_LPF,Passive RC equation + source-current signature,1228.85685730479,NaN,NaN,1.57009569031679e-11,NaN,NaN,NaN,NaN,NaN,1,NaN,8248836.82828503
930,VCVS,LPF,VCVS_LPF_Maheshwari,Maheshwari VCVS equations + prototype input/supply-current signature,144056.848329082,144056.848329082,NaN,7.77073993778874e-12,7.77073993778874e-12,NaN,NaN,9958.00260300239,10739.0552091418,2.07843466579371,1.08511026064285,142175.199996866
1123,VCVS,HPF,VCVS_HPF_Maheshwari,Maheshwari VCVS equations + prototype input/supply-current signature,1831.92732308819,1831.92732308819,NaN,9.62696635047647e-10,9.62696635047647e-10,NaN,NaN,9894.9504082904,9498.65213400516,1.95994944310654,0.961491721120662,90244.8521271327
2704,ACTIVE_OTHER,HPF,ACTIVE_OTHER_STATE_VARIABLE_HPF,State-variable/biquad-like active-other equation + current signature,17550.5621363071,845002.149606512,27807.793476396,9.10970517576035e-12,1.77853516746065e-12,NaN,NaN,9887.84983063038,16921.8377882799,2.71137689974414,2.81493656288505,324685.070596583
1189,VCVS,HPF,VCVS_HPF_Maheshwari,Maheshwari VCVS equations + prototype input/supply-current signature,340318.803929914,340318.803929914,NaN,3.11582685216281e-11,3.11582685216281e-11,NaN,NaN,9870.02299034114,7155.25566272152,1.72494822653642,0.784281878439789,15009.31491259
3160,ACTIVE_OTHER,BSF,ACTIVE_OTHER_STATE_VARIABLE_BSF,State-variable/biquad-like active-other equation + current signature,120660.057429015,240107.985509857,19583.6526019581,3.93652078735432e-10,9.60563149734413e-12,NaN,NaN,10123.7020471052,20089.2437692908,2.98437722443987,1.93487804369962,15206.0295580469
2662,ACTIVE_OTHER,HPF,ACTIVE_OTHER_STATE_VARIABLE_HPF,State-variable/biquad-like active-other equation + current signature,148908.916911961,3982.26428851895,47706.4485221257,1.23195039278672e-12,1.78595458813592e-11,NaN,NaN,9727.63803597839,31880.241989095,4.27728497618677,4.83295750359914,1393358.66769414
345,PASSIVE,HPF,PASSIVE_RC_HPF,Passive RC equation + source-current signature,34422.5513792275,NaN,NaN,6.94228064006205e-10,NaN,NaN,NaN,NaN,NaN,1,NaN,6660.01042325342
196,PASSIVE,LPF,PASSIVE_RC_LPF,Passive RC equation + source-current signature,2477.64048729964,NaN,NaN,2.58677536989614e-10,NaN,NaN,NaN,NaN,NaN,1,NaN,248326.533037986
118,PASSIVE,LPF,PASSIVE_RC_LPF,Passive RC equation + source-current signature,453178.91582797,NaN,NaN,4.40452054605089e-12,NaN,NaN,NaN,NaN,NaN,1,NaN,79735.5134812213
28,PASSIVE,LPF,PASSIVE_RC_LPF,Passive RC equation + source-current signature,103933.751764385,NaN,NaN,3.15373620410388e-10,NaN,NaN,NaN,NaN,NaN,1,NaN,4855.54701161166
2816,ACTIVE_OTHER,BPF,ACTIVE_OTHER_STATE_VARIABLE_BPF,State-variable/biquad-like active-other equation + current signature,158355.78561934,1997.06486831532,21981.2328740832,2.32790374272937e-10,3.92006828971944e-12,NaN,NaN,10250.4188383294,11909.8017845715,2.16188440418036,2.15240853488916,296263.229386989
789,PASSIVE,BSF,PASSIVE_RLC_BSF,Passive RLC equation + source-current signature,760946.770263414,NaN,NaN,6.38291987274285e-12,NaN,NaN,29.7081438858684,NaN,NaN,1,2.8351352711743,11557.7334944031
592,PASSIVE,BPF,PASSIVE_RLC_BPF,Passive RLC equation + source-current signature,7230826.30558794,NaN,NaN,1.28342483087872e-10,NaN,NaN,4583.02418446353,NaN,NaN,1,0.826424010479038,207.519464663172
963,VCVS,LPF,VCVS_LPF_Maheshwari,Maheshwari VCVS equations + prototype input/supply-current signature,214440.03612523,214440.03612523,NaN,2.76394251698704e-12,2.76394251698704e-12,NaN,NaN,9942.42710047113,10950.6190768052,2.10140300413027,1.11284591935691,268525.326525845
1856,MFB,HPF,MFB_HPF_Maheshwari,Maheshwari MFB equation + current signature,983193.982527148,2259561.01590337,NaN,1.15670805155282e-10,4.66566158097443e-10,1.28081399177857e-10,NaN,NaN,NaN,-1.10729236306356,0.205017942984036,436.806246396861
1820,MFB,HPF,MFB_HPF_Maheshwari,Maheshwari MFB equation + current signature,124737.960178662,71113.6906387041,NaN,2.56087980236454e-11,2.3760681322197e-10,1.05083435810446e-11,NaN,NaN,NaN,-0.410341148043805,0.589198199914626,33817.9771880063
968,VCVS,LPF,VCVS_LPF_Maheshwari,Maheshwari VCVS equations + prototype input/supply-current signature,50482.8758798884,50482.8758798884,NaN,1.84367492441209e-10,1.84367492441209e-10,NaN,NaN,9948.53740927159,11245.8535179696,2.13040269693201,1.14995756825825,17099.8261529602
3098,ACTIVE_OTHER,BSF,ACTIVE_OTHER_STATE_VARIABLE_BSF,State-variable/biquad-like active-other equation + current signature,53520.6643307578,207574.746614041,51275.4379982562,3.37216300200825e-12,2.80754901339902e-10,NaN,NaN,10472.1532545344,6872.57822461162,1.65627173873108,5.06038941009318,49074.3066858867
2600,ACTIVE_OTHER,LPF,ACTIVE_OTHER_STATE_VARIABLE_LPF,State-variable/biquad-like active-other equation + current signature,53166.7704787062,18020.5685834574,49990.2249456357,4.3379759700894e-10,5.13669185821232e-11,NaN,NaN,9889.58154267239,23909.4860375847,3.41764385423367,5.18749812221053,34445.3354513163
2599,ACTIVE_OTHER,LPF,ACTIVE_OTHER_STATE_VARIABLE_LPF,State-variable/biquad-like active-other equation + current signature,1513.93966650379,2863.65204559051,37692.4905051578,9.39438302678757e-12,1.88432071106029e-10,NaN,NaN,10322.9590505772,10920.9887495694,2.05793200341706,3.61786773813698,1816745.87075664
1804,MFB,HPF,MFB_HPF_Maheshwari,Maheshwari MFB equation + current signature,13259.1151946129,752.70552161801,NaN,6.38287511029777e-10,1.29618618753658e-10,1.71288173737428e-10,NaN,NaN,NaN,-0.268355828333663,2.48127913274051,338106.036544844
613,PASSIVE,BSF,PASSIVE_RLC_BSF,Passive RLC equation + source-current signature,30618334.7389417,NaN,NaN,8.16946864324498e-11,NaN,NaN,28908.4770322927,NaN,NaN,1,0.614375847826742,103.56443024307
1655,MFB,LPF,MFB_LPF_Maheshwari,Maheshwari MFB equation + current signature,15681.563991153,835.38081463831,56974.1633947245,3.30105228842002e-10,1.06970121438392e-11,NaN,NaN,NaN,NaN,-3.63319394843955,0.62987420707065,388223.176331768
1613,MFB,LPF,MFB_LPF_Maheshwari,Maheshwari MFB equation + current signature,129498.21651764,527036.441291967,321599.341774072,8.08273656147952e-11,1.27434900970599e-10,NaN,NaN,NaN,NaN,-2.48342680248622,0.151972035901034,3809.06890105479
1949,MFB,HPF,MFB_HPF_Maheshwari,Maheshwari MFB equation + current signature,100557.089613934,28672.578904591,NaN,2.0524518031123e-11,1.82058605100182e-11,5.27871338289786e-11,NaN,NaN,NaN,-2.57190613435761,0.246651235266133,95611.6381875841
2175,MFB,BPF,MFB_BPF_Maheshwari,Maheshwari MFB equation + current signature,5856.49172591964,1108499.38842536,NaN,7.40626852473033e-10,1.44293803874982e-11,NaN,NaN,NaN,NaN,-11833542.7351365,1.88361974013494,19107.77274765
108,PASSIVE,LPF,PASSIVE_RC_LPF,Passive RC equation + source-current signature,181580.42802273,NaN,NaN,3.27525280653599e-11,NaN,NaN,NaN,NaN,NaN,1,NaN,26761.2422067204
941,VCVS,LPF,VCVS_LPF_Maheshwari,Maheshwari VCVS equations + prototype input/supply-current signature,12900.0306456911,12900.0306456911,NaN,3.63104692903074e-11,3.63104692903074e-11,NaN,NaN,9977.71878518578,6925.08568670691,1.69405500754228,0.765729035889985,339779.777550016
54,PASSIVE,LPF,PASSIVE_RC_LPF,Passive RC equation + source-current signature,849775.764809659,NaN,NaN,2.2369439955573e-12,NaN,NaN,NaN,NaN,NaN,1,NaN,83726.0647893368
2717,ACTIVE_OTHER,HPF,ACTIVE_OTHER_STATE_VARIABLE_HPF,State-variable/biquad-like active-other equation + current signature,1100.70414000798,318787.031273872,53163.5656268633,1.71443178673079e-11,2.87073405857594e-10,NaN,NaN,9667.24624276269,31571.343353725,4.26580523149088,5.21733959942695,121109.419634143
272,PASSIVE,HPF,PASSIVE_RC_HPF,Passive RC equation + source-current signature,5609.36355387807,NaN,NaN,8.51537097719451e-11,NaN,NaN,NaN,NaN,NaN,1,NaN,333198.448297314
2726,ACTIVE_OTHER,HPF,ACTIVE_OTHER_STATE_VARIABLE_HPF,State-variable/biquad-like active-other equation + current signature,1332.25779391714,2387.0575639825,26515.731400634,1.35126237047616e-12,3.0613991756068e-11,NaN,NaN,10082.1344792311,24056.2779858117,3.38603026327083,2.7729085255454,13876013.98511
1929,MFB,HPF,MFB_HPF_Maheshwari,Maheshwari MFB equation + current signature,817607.493807983,487.918884704767,NaN,1.32333319232297e-11,7.65234517410628e-11,3.96408530739945e-10,NaN,NaN,NaN,-29.9553077818664,0.489564178215553,45751.4765167016
850,VCVS,LPF,VCVS_LPF_Maheshwari,Maheshwari VCVS equations + prototype input/supply-current signature,217353.453133119,217353.453133119,NaN,1.04222954044667e-10,1.04222954044667e-10,NaN,NaN,10072.0036332238,6095.75041334003,1.60521725719324,0.71695753704815,7025.70982921205
1520,VCVS,BSF,VCVS_BSF_Maheshwari,Maheshwari VCVS equations + prototype input/supply-current signature,676817.458297708,676817.458297708,NaN,1.66888519651753e-12,1.66888519651753e-12,NaN,NaN,10054.6805215431,3875.94978603561,1.38548711495417,0.813652589176734,140903.608891057
1251,VCVS,BPF,VCVS_BPF_Maheshwari,Maheshwari VCVS equations + prototype input/supply-current signature,29307.4149164218,29307.4149164218,NaN,1.0970582787047e-10,1.0970582787047e-10,NaN,NaN,10096.5996024865,9301.17273707096,1.92121834115125,0.926971636751012,49500.8800067147
2430,ACTIVE_OTHER,LPF,ACTIVE_OTHER_STATE_VARIABLE_LPF,State-variable/biquad-like active-other equation + current signature,303600.069645858,4316.18838593367,18429.8445519345,1.46573446550506e-10,2.37454229543768e-12,NaN,NaN,10256.0576441988,31931.325093799,4.11341123476041,1.92614010340637,235668.423962399
2714,ACTIVE_OTHER,HPF,ACTIVE_OTHER_STATE_VARIABLE_HPF,State-variable/biquad-like active-other equation + current signature,9378.87061981896,60732.9855141479,15902.5939309807,3.17862719321205e-10,8.42101269871318e-11,NaN,NaN,9629.67720687065,6411.90687430359,1.66584857794909,1.55194798491063,40759.6630820696
1817,MFB,HPF,MFB_HPF_Maheshwari,Maheshwari MFB equation + current signature,60171.1666683923,1518.73405783577,NaN,5.24615745686107e-10,2.77998082957113e-11,3.03041508948923e-10,NaN,NaN,NaN,-0.577644707466027,1.1691393974944,181389.894834076
2198,MFB,BPF,MFB_BPF_Maheshwari,Maheshwari MFB equation + current signature,131526.666268458,74895476.7017961,NaN,1.03836748849086e-11,3.29980901020007e-10,NaN,NaN,NaN,NaN,-23040.7909462883,4.10389723986745,866.294361734093
630,PASSIVE,BSF,PASSIVE_RLC_BSF,Passive RLC equation + source-current signature,15138.1906801838,NaN,NaN,5.86164650578209e-10,NaN,NaN,2.80758304484307,NaN,NaN,1,4.57175051109448,3923.23220936411
3093,ACTIVE_OTHER,BSF,ACTIVE_OTHER_STATE_VARIABLE_BSF,State-variable/biquad-like active-other equation + current signature,5155.2103249978,1132.35311223504,29197.7759759632,4.3396044463014e-10,7.34611914177462e-11,NaN,NaN,10207.2221087992,34782.5300910603,4.40763919118365,2.84379427273129,368936.770453069
1862,MFB,HPF,MFB_HPF_Maheshwari,Maheshwari MFB equation + current signature,1122.03631713386,13884.1917691922,NaN,2.11942710274735e-10,3.66361745542844e-10,1.59648092799435e-11,NaN,NaN,NaN,-0.0753260598548016,0.485681500629579,527253.468898857
1887,MFB,HPF,MFB_HPF_Maheshwari,Maheshwari MFB equation + current signature,502251.494206746,663.516953127104,NaN,1.18258364895814e-11,3.60364445585123e-11,3.71990978399287e-10,NaN,NaN,NaN,-31.4557857050546,0.241198005319957,75300.2346227929
2376,MFB,BSF,MFB_BSF_1_MINUS_BP,Maheshwari MFB BPF denominator + 1-minus-BP notch + current signature,467.666649054335,4811.69672594372,NaN,9.88920370926008e-11,2.92778622082184e-10,NaN,NaN,NaN,NaN,1,1.39351044152563,623522.982143026
1551,VCVS,BSF,VCVS_BSF_Maheshwari,Maheshwari VCVS equations + prototype input/supply-current signature,3264.9171785866,3264.9171785866,NaN,2.43653601973256e-12,2.43653601973256e-12,NaN,NaN,10133.685842954,4884.1795156142,1.48197463305123,0.965203698315123,20006684.6461592
129,PASSIVE,LPF,PASSIVE_RC_LPF,Passive RC equation + source-current signature,50637.5648055325,NaN,NaN,3.69673109053489e-11,NaN,NaN,NaN,NaN,NaN,1,NaN,85021.6364135318
89,PASSIVE,LPF,PASSIVE_RC_LPF,Passive RC equation + source-current signature,5458.28832268238,NaN,NaN,2.34553250041605e-11,NaN,NaN,NaN,NaN,NaN,1,NaN,1243146.19194533
2142,MFB,BPF,MFB_BPF_Maheshwari,Maheshwari MFB equation + current signature,7829.22180599023,1390483.59407972,NaN,1.10137970760298e-10,8.30257475141344e-10,NaN,NaN,NaN,NaN,-153839.765260261,4.2853672989308,5044.3239104618
1024,VCVS,HPF,VCVS_HPF_Maheshwari,Maheshwari VCVS equations + prototype input/supply-current signature,620342.256326812,620342.256326812,NaN,1.44947604705985e-12,1.44947604705985e-12,NaN,NaN,10071.171763491,7980.927866585,1.79245276061289,0.828124952285552,177001.816497164
1593,VCVS,BSF,VCVS_BSF_Maheshwari,Maheshwari VCVS equations + prototype input/supply-current signature,343829.138887448,343829.138887448,NaN,3.91919120707243e-10,3.91919120707243e-10,NaN,NaN,10135.5859674387,1989.25376304368,1.19626430770104,0.622095055365559,1181.08458136143
1541,VCVS,BSF,VCVS_BSF_Maheshwari,Maheshwari VCVS equations + prototype input/supply-current signature,177804.299911,177804.299911,NaN,4.10100005372464e-11,4.10100005372464e-11,NaN,NaN,10056.7570166099,4880.74280063112,1.4853197499522,0.971476950890503,21826.7009007727
1880,MFB,HPF,MFB_HPF_Maheshwari,Maheshwari MFB equation + current signature,51271.8935431328,4027.29533490865,NaN,5.57108178148329e-11,5.64977807638161e-10,1.78090440972542e-10,NaN,NaN,NaN,-3.19669407052082,0.443242287748149,34917.0636473539
1946,MFB,HPF,MFB_HPF_Maheshwari,Maheshwari MFB equation + current signature,63732.3804050098,749642.722786034,NaN,1.41596144796385e-10,3.49331843074478e-10,1.11068836375628e-11,NaN,NaN,NaN,-0.0784405793924297,0.461204383550628,11689.5474588572
477,PASSIVE,BPF,PASSIVE_RLC_BPF,Passive RLC equation + source-current signature,95051.7387075036,NaN,NaN,1.64572239944574e-10,NaN,NaN,0.434431612497387,NaN,NaN,1,0.540533175959356,18822.6658032422
2543,ACTIVE_OTHER,LPF,ACTIVE_OTHER_STATE_VARIABLE_LPF,State-variable/biquad-like active-other equation + current signature,822661.173279602,2080.17309334107,56270.0317393973,6.83262886855589e-12,1.31020815537996e-11,NaN,NaN,10499.2133160191,27442.0984303944,3.61372901039403,5.4773788408124,406626.641130703
1190,VCVS,HPF,VCVS_HPF_Maheshwari,Maheshwari VCVS equations + prototype input/supply-current signature,7099.79645478193,7099.79645478193,NaN,1.25316702230969e-11,1.25316702230969e-11,NaN,NaN,9806.44670992673,10629.1238672037,2.08389146258698,1.09157371551615,1788814.37367589
699,PASSIVE,BSF,PASSIVE_RLC_BSF,Passive RLC equation + source-current signature,201454.36848376,NaN,NaN,8.7031782889985e-10,NaN,NaN,595.050982520336,NaN,NaN,1,4.10451132929433,221.158738051097
3181,ACTIVE_OTHER,BSF,ACTIVE_OTHER_STATE_VARIABLE_BSF,State-variable/biquad-like active-other equation + current signature,14282.1161701698,2371.06675819198,8340.45764836173,1.03980209738768e-12,1.16102911241412e-11,NaN,NaN,9538.09312976693,27756.1394179036,3.91003023772969,0.824666986046155,7871455.79181214
1533,VCVS,BSF,VCVS_BSF_Maheshwari,Maheshwari VCVS equations + prototype input/supply-current signature,5940.61149200879,5940.61149200879,NaN,2.86799468438166e-12,2.86799468438166e-12,NaN,NaN,9976.11641600797,1295.85651948504,1.12989588988814,0.574643877886889,9341371.3822938
3171,ACTIVE_OTHER,BSF,ACTIVE_OTHER_STATE_VARIABLE_BSF,State-variable/biquad-like active-other equation + current signature,348262.141336248,25733.0950540831,38098.6683556904,4.60074684156464e-10,3.97003633772091e-10,NaN,NaN,10313.9137076887,18454.9322755265,2.78932389765574,3.81270821053528,3933.77555521732
101,PASSIVE,LPF,PASSIVE_RC_LPF,Passive RC equation + source-current signature,1105.32874843369,NaN,NaN,6.94310296288071e-10,NaN,NaN,NaN,NaN,NaN,1,NaN,207383.910895799
3019,ACTIVE_OTHER,BSF,ACTIVE_OTHER_STATE_VARIABLE_BSF,State-variable/biquad-like active-other equation + current signature,987378.380709277,252266.087267133,52617.0816972031,8.0458670160235e-10,7.85720969813161e-10,NaN,NaN,10265.7890739967,27045.9333486523,3.63456935981276,5.53559196801087,401.077493352649
1104,VCVS,HPF,VCVS_HPF_Maheshwari,Maheshwari VCVS equations + prototype input/supply-current signature,62290.920946369,62290.920946369,NaN,2.91255889697419e-11,2.91255889697419e-11,NaN,NaN,9997.60938569309,1387.0174170827,1.13873490787383,0.537268981312961,87724.4519214871
2844,ACTIVE_OTHER,BPF,ACTIVE_OTHER_STATE_VARIABLE_BPF,State-variable/biquad-like active-other equation + current signature,755844.730322518,24268.6574369819,46300.85461089,6.86530743460238e-10,3.74108931249126e-12,NaN,NaN,9603.93226517822,21279.6430482581,3.21572190022763,4.48593370849765,23187.3932670828
491,PASSIVE,BPF,PASSIVE_RLC_BPF,Passive RLC equation + source-current signature,6209.10594486934,NaN,NaN,8.0475037350746e-12,NaN,NaN,0.00396845223511288,NaN,NaN,1,3.57643976563194,890592.348248017
143,PASSIVE,LPF,PASSIVE_RC_LPF,Passive RC equation + source-current signature,4019.52519191177,NaN,NaN,6.44147576666717e-11,NaN,NaN,NaN,NaN,NaN,1,NaN,614695.451408139
1511,VCVS,BSF,VCVS_BSF_Maheshwari,Maheshwari VCVS equations + prototype input/supply-current signature,2643.56766995806,2643.56766995806,NaN,5.64257601483273e-12,5.64257601483273e-12,NaN,NaN,10080.1944838189,7259.48301247871,1.72017291175601,1.78681772067766,10669701.7863808
1889,MFB,HPF,MFB_HPF_Maheshwari,Maheshwari MFB equation + current signature,48772.8447061624,85336.2987069269,NaN,5.87212385969768e-10,3.95674426307444e-11,4.59863646584506e-11,NaN,NaN,NaN,-0.0783130018323867,0.612079227948355,57833.6572749251
1583,VCVS,BSF,VCVS_BSF_Maheshwari,Maheshwari VCVS equations + prototype input/supply-current signature,461774.702280276,461774.702280276,NaN,2.38206828346052e-12,2.38206828346052e-12,NaN,NaN,9906.31991907428,3350.64290672528,1.33823285883123,0.755552775130138,144689.090931114
2790,ACTIVE_OTHER,HPF,ACTIVE_OTHER_STATE_VARIABLE_HPF,State-variable/biquad-like active-other equation + current signature,2235.39507213656,4326.69125247209,25737.2438870679,2.7023544673536e-11,4.18079158063776e-12,NaN,NaN,10451.0288858933,21951.6247206839,3.10042714074918,2.62143308215911,4814648.85061762
1623,MFB,LPF,MFB_LPF_Maheshwari,Maheshwari MFB equation + current signature,336000.947936724,132828.994413504,870782.727097444,1.12040816670031e-10,1.51622196559364e-11,NaN,NaN,NaN,NaN,-2.59160794766993,0.685907813544955,11354.0097146418
1462,VCVS,BSF,VCVS_BSF_Maheshwari,Maheshwari VCVS equations + prototype input/supply-current signature,6538.33977509977,6538.33977509977,NaN,1.49295161251315e-10,1.49295161251315e-10,NaN,NaN,9985.69097226119,7026.32240626112,1.70363907973712,1.68713202657248,163044.7855235
1488,VCVS,BSF,VCVS_BSF_Maheshwari,Maheshwari VCVS equations + prototype input/supply-current signature,30915.1396439655,30915.1396439655,NaN,6.01234824697261e-11,6.01234824697261e-11,NaN,NaN,9821.49688528874,5698.21194321222,1.58017754419363,1.19097964647849,85625.8294040816
2148,MFB,BPF,MFB_BPF_Maheshwari,Maheshwari MFB equation + current signature,154859.28697215,5581237.76090793,NaN,1.82120590453518e-11,2.50721380759955e-11,NaN,NaN,NaN,NaN,-257555.823416977,2.96375621944332,8011.44825181919
2,PASSIVE,LPF,PASSIVE_RC_LPF,Passive RC equation + source-current signature,35417.3418256601,NaN,NaN,2.15138198964402e-10,NaN,NaN,NaN,NaN,NaN,1,NaN,20887.5085190877
860,VCVS,LPF,VCVS_LPF_Maheshwari,Maheshwari VCVS equations + prototype input/supply-current signature,24332.4567371241,24332.4567371241,NaN,4.19323622788224e-12,4.19323622788224e-12,NaN,NaN,9955.40656216958,9077.91836507548,1.91185812536993,0.918997810225773,1559857.20218364
991,VCVS,LPF,VCVS_LPF_Maheshwari,Maheshwari VCVS equations + prototype input/supply-current signature,5814.38850523018,5814.38850523018,NaN,8.38397272726221e-11,8.38397272726221e-11,NaN,NaN,10106.8813043926,13397.7133899195,2.32560311993539,1.48280638532046,326487.251387863
690,PASSIVE,BSF,PASSIVE_RLC_BSF,Passive RLC equation + source-current signature,138681124.850566,NaN,NaN,1.52942085716943e-12,NaN,NaN,76088.6720796883,NaN,NaN,1,1.60834473804094,466.548314749907
1053,VCVS,HPF,VCVS_HPF_Maheshwari,Maheshwari VCVS equations + prototype input/supply-current signature,1085.92560887396,1085.92560887396,NaN,8.3581926814936e-11,8.3581926814936e-11,NaN,NaN,10085.7454685291,6156.7025818966,1.61043604571497,0.719650216110083,1753507.70249443
528,PASSIVE,BPF,PASSIVE_RLC_BPF,Passive RLC equation + source-current signature,638194.962745061,NaN,NaN,1.34519165811952e-11,NaN,NaN,60.7526046419608,NaN,NaN,1,3.32994450867626,5567.31247901604
3077,ACTIVE_OTHER,BSF,ACTIVE_OTHER_STATE_VARIABLE_BSF,State-variable/biquad-like active-other equation + current signature,33339.757316734,909176.478272727,36782.367629229,2.50304789857358e-11,1.30254014381563e-11,NaN,NaN,10091.0947595055,30847.1377280385,4.05686731352727,3.60284331191011,50627.2899135788
2788,ACTIVE_OTHER,HPF,ACTIVE_OTHER_STATE_VARIABLE_HPF,State-variable/biquad-like active-other equation + current signature,386393.556061282,1232.49491136238,52031.7223216305,1.81992854199157e-12,2.5467011287432e-10,NaN,NaN,9511.32022125531,21842.8375951788,3.29650953674819,5.30160240645357,338763.388487206
466,PASSIVE,BPF,PASSIVE_RLC_BPF,Passive RLC equation + source-current signature,13107913.7266003,NaN,NaN,4.06162257031778e-11,NaN,NaN,46839.8862113129,NaN,NaN,1,2.59074434886796,115.38847511176
1117,VCVS,HPF,VCVS_HPF_Maheshwari,Maheshwari VCVS equations + prototype input/supply-current signature,19112.5676784437,19112.5676784437,NaN,1.1486553066698e-12,1.1486553066698e-12,NaN,NaN,10027.9718539978,13082.8091913126,2.30463162260442,1.43808667823719,7249555.38372346
266,PASSIVE,HPF,PASSIVE_RC_HPF,Passive RC equation + source-current signature,34671.651883965,NaN,NaN,1.08134334586957e-10,NaN,NaN,NaN,NaN,NaN,1,NaN,42450.4194654757
2370,MFB,BSF,MFB_BSF_1_MINUS_BP,Maheshwari MFB BPF denominator + 1-minus-BP notch + current signature,971405.789306815,5977691.49599034,NaN,1.02655658239271e-11,1.99058344111842e-11,NaN,NaN,NaN,NaN,1,1.17531039890262,4620.3130212586
1391,VCVS,BPF,VCVS_BPF_Maheshwari,Maheshwari VCVS equations + prototype input/supply-current signature,105075.675765404,105075.675765404,NaN,8.6283172660474e-11,8.6283172660474e-11,NaN,NaN,9993.61311998434,4828.51560926408,1.48316014951674,0.659265379717841,17554.6362162932
1910,MFB,HPF,MFB_HPF_Maheshwari,Maheshwari MFB equation + current signature,824893.187577916,1766.21036867116,NaN,1.22327577806782e-11,6.04311009802197e-11,1.37776204878146e-11,NaN,NaN,NaN,-1.12628899671148,6.405056633518,144504.940662661
11,PASSIVE,LPF,PASSIVE_RC_LPF,Passive RC equation + source-current signature,378347.625901464,NaN,NaN,6.89278657770016e-10,NaN,NaN,NaN,NaN,NaN,1,NaN,610.287236018028
425,PASSIVE,BPF,PASSIVE_RLC_BPF,Passive RLC equation + source-current signature,263478.007426882,NaN,NaN,3.44023536930931e-12,NaN,NaN,4.21804670791347,NaN,NaN,1,4.20259213668648,41780.1852333758
1259,VCVS,BPF,VCVS_BPF_Maheshwari,Maheshwari VCVS equations + prototype input/supply-current signature,1683.33585925548,1683.33585925548,NaN,1.49178267667918e-11,1.49178267667918e-11,NaN,NaN,10024.1269743012,2997.9274782961,1.29907117956326,0.587914078464043,6337876.86041056
460,PASSIVE,BPF,PASSIVE_RLC_BPF,Passive RLC equation + source-current signature,3259.33180909034,NaN,NaN,5.00855854568135e-11,NaN,NaN,0.00668178226375127,NaN,NaN,1,3.54373474947018,275117.106125168
2522,ACTIVE_OTHER,LPF,ACTIVE_OTHER_STATE_VARIABLE_LPF,State-variable/biquad-like active-other equation + current signature,386496.509839158,7760.54951048921,50430.9851781094,6.5391681929307e-12,6.40782568949867e-10,NaN,NaN,10057.9922291338,27973.3221927962,3.78120340079099,5.04309473403052,44893.6077676343
1526,VCVS,BSF,VCVS_BSF_Maheshwari,Maheshwari VCVS equations + prototype input/supply-current signature,1681.92604351832,1681.92604351832,NaN,2.02351190827122e-11,2.02351190827122e-11,NaN,NaN,9980.97895122243,5080.68003181064,1.50903624350279,1.01840511317425,4676354.9894526
3123,ACTIVE_OTHER,BSF,ACTIVE_OTHER_STATE_VARIABLE_BSF,State-variable/biquad-like active-other equation + current signature,10570.771695678,3968.25489280789,25885.7964276979,4.81487166739015e-12,2.58996419433038e-11,NaN,NaN,9518.60121844223,25405.5596281983,3.66904338622519,2.64034063264559,2200532.3966323
715,PASSIVE,BSF,PASSIVE_RLC_BSF,Passive RLC equation + source-current signature,6660.43304020314,NaN,NaN,1.31490742175914e-10,NaN,NaN,0.0966082575635284,NaN,NaN,1,4.06965008711978,44654.5193100753
3195,ACTIVE_OTHER,BSF,ACTIVE_OTHER_STATE_VARIABLE_BSF,State-variable/biquad-like active-other equation + current signature,6134.91875169632,54484.8080894348,49281.1770966788,4.57161613005673e-11,5.61880853826553e-10,NaN,NaN,10459.0558242486,21743.0510840574,3.07887322234647,4.84125821042533,54315.1541085759
796,PASSIVE,BSF,PASSIVE_RLC_BSF,Passive RLC equation + source-current signature,2054.049374611,NaN,NaN,4.87526419380043e-10,NaN,NaN,0.0122766924508794,NaN,NaN,1,2.4430408655394,65054.9527570411
859,VCVS,LPF,VCVS_LPF_Maheshwari,Maheshwari VCVS equations + prototype input/supply-current signature,76841.3983806853,76841.3983806853,NaN,4.90531632181334e-11,4.90531632181334e-11,NaN,NaN,10178.9758509012,7060.64432639381,1.69364977673748,0.765491506177086,42223.852294688
49,PASSIVE,LPF,PASSIVE_RC_LPF,Passive RC equation + source-current signature,145884.632918276,NaN,NaN,1.00679459425533e-11,NaN,NaN,NaN,NaN,NaN,1,NaN,108360.177976819
2212,MFB,BSF,MFB_BSF_1_MINUS_BP,Maheshwari MFB BPF denominator + 1-minus-BP notch + current signature,128655.331125512,17938179.0899885,NaN,1.54661586577406e-10,9.69664348531895e-11,NaN,NaN,NaN,NaN,1,5.74669603549308,855.490351426436
1378,VCVS,BPF,VCVS_BPF_Maheshwari,Maheshwari VCVS equations + prototype input/supply-current signature,140748.243005821,140748.243005821,NaN,6.51531211392299e-11,6.51531211392299e-11,NaN,NaN,10004.5368799571,14027.9562246288,2.40215947953894,1.67268688851802,17355.6915929772
292,PASSIVE,HPF,PASSIVE_RC_HPF,Passive RC equation + source-current signature,8179.41273970784,NaN,NaN,1.01620913416201e-09,NaN,NaN,NaN,NaN,NaN,1,NaN,19147.6250194297
1099,VCVS,HPF,VCVS_HPF_Maheshwari,Maheshwari VCVS equations + prototype input/supply-current signature,299477.01393395,299477.01393395,NaN,5.21794283475454e-10,5.21794283475454e-10,NaN,NaN,10024.2827146957,11595.1249721434,2.15670370660484,1.18582283336494,1018.49129302841
1156,VCVS,HPF,VCVS_HPF_Maheshwari,Maheshwari VCVS equations + prototype input/supply-current signature,103956.116674415,103956.116674415,NaN,6.22339016661504e-12,6.22339016661504e-12,NaN,NaN,10150.0188844866,12748.3136850563,2.25598915924591,1.34406643723961,246004.501705802
171,PASSIVE,LPF,PASSIVE_RC_LPF,Passive RC equation + source-current signature,266167.086677214,NaN,NaN,6.11383482774872e-10,NaN,NaN,NaN,NaN,NaN,1,NaN,978.029780398952
1119,VCVS,HPF,VCVS_HPF_Maheshwari,Maheshwari VCVS equations + prototype input/supply-current signature,2432.96100188266,2432.96100188266,NaN,1.22797322267318e-12,1.22797322267318e-12,NaN,NaN,9910.38855495044,3246.58417091941,1.32759403457473,0.597940942972965,53271642.4962368
88,PASSIVE,LPF,PASSIVE_RC_LPF,Passive RC equation + source-current signature,7865.84226669873,NaN,NaN,2.2888024438345e-11,NaN,NaN,NaN,NaN,NaN,1,NaN,884029.158485467
1087,VCVS,HPF,VCVS_HPF_Maheshwari,Maheshwari VCVS equations + prototype input/supply-current signature,1802.07550229549,1802.07550229549,NaN,7.34591470372513e-11,7.34591470372513e-11,NaN,NaN,9941.79329933617,13187.4493152062,2.32646585159709,1.48470571591835,1202267.94353958
3141,ACTIVE_OTHER,BSF,ACTIVE_OTHER_STATE_VARIABLE_BSF,State-variable/biquad-like active-other equation + current signature,28049.3510853967,2734.65645508187,33640.7982631179,7.9199785865515e-10,3.07043625450664e-10,NaN,NaN,10099.5969147474,28056.0488855968,3.77793748824069,3.3559181194275,36850.6615170232
903,VCVS,LPF,VCVS_LPF_Maheshwari,Maheshwari VCVS equations + prototype input/supply-current signature,146859.469127279,146859.469127279,NaN,1.42535254876178e-10,1.42535254876178e-10,NaN,NaN,10001.0418918465,1328.05697666495,1.13279186219064,0.535558934084991,7603.19065798504
545,PASSIVE,BPF,PASSIVE_RLC_BPF,Passive RLC equation + source-current signature,14689621.1493491,NaN,NaN,1.37629043417635e-11,NaN,NaN,6410.28668063594,NaN,NaN,1,1.4691734966512,535.829178968734
1917,MFB,HPF,MFB_HPF_Maheshwari,Maheshwari MFB equation + current signature,5172.29359191817,2728.63051454912,NaN,9.37461193881043e-11,1.30656092122692e-10,2.24815734608236e-10,NaN,NaN,NaN,-2.39813376890312,0.219036706237525,247188.349379525
776,PASSIVE,BSF,PASSIVE_RLC_BSF,Passive RLC equation + source-current signature,321616.131821726,NaN,NaN,2.23755733616812e-10,NaN,NaN,324.894550438353,NaN,NaN,1,3.74667741879709,590.285114945396
2944,ACTIVE_OTHER,BPF,ACTIVE_OTHER_STATE_VARIABLE_BPF,State-variable/biquad-like active-other equation + current signature,6081.15672902334,39693.1608288877,42582.6852733746,6.25178015580119e-10,1.09131902822326e-11,NaN,NaN,9884.74891340973,22526.4069811237,3.27890532966035,4.10278696903046,124019.929121415
1727,MFB,LPF,MFB_LPF_Maheshwari,Maheshwari MFB equation + current signature,1245.36665652956,3449.72557069324,3840.94118289228,1.54058649727088e-10,1.38200996769307e-11,NaN,NaN,NaN,NaN,-3.0841850171224,0.677816291783877,947568.026613961
1797,MFB,LPF,MFB_LPF_Maheshwari,Maheshwari MFB equation + current signature,4356.19306947334,5995.65551022156,17037.7376953043,1.38733316035451e-11,2.41415668249769e-11,NaN,NaN,NaN,NaN,-3.911153023657,0.164829455215928,860444.220464139
1936,MFB,HPF,MFB_HPF_Maheshwari,Maheshwari MFB equation + current signature,30652.971199419,4743.94457674053,NaN,8.70927282054941e-11,1.41478452137973e-10,2.13832517550997e-11,NaN,NaN,NaN,-0.245522814541372,2.27822080649551,239956.2218948
1752,MFB,LPF,MFB_LPF_Maheshwari,Maheshwari MFB equation + current signature,18092.6670204487,4520.60905687724,18302.5955492068,2.14312090229739e-10,1.23657132789507e-11,NaN,NaN,NaN,NaN,-1.0116029620465,1.38222005660022,339885.308469076
2015,MFB,BPF,MFB_BPF_Maheshwari,Maheshwari MFB equation + current signature,3558872.31791179,13749535.9904525,NaN,3.67859498685059e-11,6.85878784206663e-11,NaN,NaN,NaN,NaN,-4096.75718068552,0.936957152962027,452.955184608898
1494,VCVS,BSF,VCVS_BSF_Maheshwari,Maheshwari VCVS equations + prototype input/supply-current signature,10372.9902557695,10372.9902557695,NaN,9.77919611982879e-12,9.77919611982879e-12,NaN,NaN,10187.657183005,885.773013953154,1.08694570282859,0.547612558802882,1568964.09765024
55,PASSIVE,LPF,PASSIVE_RC_LPF,Passive RC equation + source-current signature,5525.96978803175,NaN,NaN,9.4891973337249e-12,NaN,NaN,NaN,NaN,NaN,1,NaN,3035163.89439168
1920,MFB,HPF,MFB_HPF_Maheshwari,Maheshwari MFB equation + current signature,39300.7938652961,1982262.98535681,NaN,4.45495850439424e-10,2.42166753588893e-10,2.17424841974745e-11,NaN,NaN,NaN,-0.0488051329232996,0.29510194245777,7858.27083899705
1281,VCVS,BPF,VCVS_BPF_Maheshwari,Maheshwari VCVS equations + prototype input/supply-current signature,39505.6010948357,39505.6010948357,NaN,2.444956232044e-10,2.444956232044e-10,NaN,NaN,9835.27954202435,2108.81218345604,1.21441303975606,0.560039932114751,16477.4638836056
12,PASSIVE,LPF,PASSIVE_RC_LPF,Passive RC equation + source-current signature,985839.406770636,NaN,NaN,7.02828424378698e-12,NaN,NaN,NaN,NaN,NaN,1,NaN,22970.1927877896
3081,ACTIVE_OTHER,BSF,ACTIVE_OTHER_STATE_VARIABLE_BSF,State-variable/biquad-like active-other equation + current signature,12493.4009045634,123827.778865569,45951.2395516413,2.49454427140979e-10,3.36929307797786e-12,NaN,NaN,9748.00525707793,19417.0575919437,2.9919006073417,4.44474534823619,139574.39343447
151,PASSIVE,LPF,PASSIVE_RC_LPF,Passive RC equation + source-current signature,152984.401019953,NaN,NaN,9.8384434790779e-12,NaN,NaN,NaN,NaN,NaN,1,NaN,105741.772549222
379,PASSIVE,HPF,PASSIVE_RC_HPF,Passive RC equation + source-current signature,2163.07767187526,NaN,NaN,3.23548962663123e-12,NaN,NaN,NaN,NaN,NaN,1,NaN,22740918.6962896
751,PASSIVE,BSF,PASSIVE_RLC_BSF,Passive RLC equation + source-current signature,29033.357221571,NaN,NaN,1.98533417445952e-10,NaN,NaN,0.455419172583222,NaN,NaN,1,1.64964915215915,16737.7727649244
843,VCVS,LPF,VCVS_LPF_Maheshwari,Maheshwari VCVS equations + prototype input/supply-current signature,236949.954560937,236949.954560937,NaN,4.94064313203564e-11,4.94064313203564e-11,NaN,NaN,10072.2096621398,4124.89657921884,1.40953243802339,0.628745925982428,13595.0251838381
1579,VCVS,BSF,VCVS_BSF_Maheshwari,Maheshwari VCVS equations + prototype input/supply-current signature,4299.48077734147,4299.48077734147,NaN,4.35717435680951e-11,4.35717435680951e-11,NaN,NaN,10012.7344062264,7043.98440178127,1.70350257142555,1.68635526589211,849570.025074428
2889,ACTIVE_OTHER,BPF,ACTIVE_OTHER_STATE_VARIABLE_BPF,State-variable/biquad-like active-other equation + current signature,234673.601532038,2079.562808986,27323.3137701808,2.81970847299285e-11,5.20352900486024e-10,NaN,NaN,10119.8714881036,19391.7365253219,2.91620383204647,2.66075573979083,59477.2522912856
2419,ACTIVE_OTHER,LPF,ACTIVE_OTHER_STATE_VARIABLE_LPF,State-variable/biquad-like active-other equation + current signature,1824.70496654377,65205.5271319508,44764.7043986372,1.55027183463005e-10,8.90088432430119e-10,NaN,NaN,10283.795774358,11933.9085059542,2.1604575555371,4.63833170156915,39279.0605955268
702,PASSIVE,BSF,PASSIVE_RLC_BSF,Passive RLC equation + source-current signature,1905541.4903026,NaN,NaN,1.28641545198366e-12,NaN,NaN,80.497306510292,NaN,NaN,1,4.151276309962,15640.0750672719
329,PASSIVE,HPF,PASSIVE_RC_HPF,Passive RC equation + source-current signature,821470.486928737,NaN,NaN,8.6970580610623e-10,NaN,NaN,NaN,NaN,NaN,1,NaN,222.76953438887
2863,ACTIVE_OTHER,BPF,ACTIVE_OTHER_STATE_VARIABLE_BPF,State-variable/biquad-like active-other equation + current signature,155288.439973413,2133.97557975111,20226.0056274088,1.21587954423447e-12,1.86432150534505e-12,NaN,NaN,9903.43019456013,9517.43369001471,1.96102395867268,1.961461826552,5806977.78800812
1482,VCVS,BSF,VCVS_BSF_Maheshwari,Maheshwari VCVS equations + prototype input/supply-current signature,60724.7864773862,60724.7864773862,NaN,2.7729873429816e-12,2.7729873429816e-12,NaN,NaN,9830.6443973857,3305.64307519827,1.33625904280266,0.753305931445397,945161.989864623
289,PASSIVE,HPF,PASSIVE_RC_HPF,Passive RC equation + source-current signature,2378.04684342497,NaN,NaN,8.52804402236551e-12,NaN,NaN,NaN,NaN,NaN,1,NaN,7847842.7595408
1065,VCVS,HPF,VCVS_HPF_Maheshwari,Maheshwari VCVS equations + prototype input/supply-current signature,5270.77654828015,5270.77654828015,NaN,3.34560050039221e-11,3.34560050039221e-11,NaN,NaN,9984.25232246281,728.484372429796,1.07296333755416,0.518931486612599,902550.365220693
2867,ACTIVE_OTHER,BPF,ACTIVE_OTHER_STATE_VARIABLE_BPF,State-variable/biquad-like active-other equation + current signature,176003.769766914,14129.978630875,18347.5376754636,6.10651888443312e-12,2.94739586739803e-10,NaN,NaN,9759.24661468967,18917.4665882627,2.93841464768275,1.7614419449237,75226.7512569735
1409,VCVS,BSF,VCVS_BSF_Maheshwari,Maheshwari VCVS equations + prototype input/supply-current signature,141318.289217569,141318.289217569,NaN,6.24039076311423e-12,6.24039076311423e-12,NaN,NaN,9975.4324962395,2887.44388538261,1.28945550846754,0.703685702948212,180472.059749104
897,VCVS,LPF,VCVS_LPF_Maheshwari,Maheshwari VCVS equations + prototype input/supply-current signature,47362.8917241845,47362.8917241845,NaN,1.47191930433244e-12,1.47191930433244e-12,NaN,NaN,9910.2692902069,1304.90828193283,1.13167233338677,0.535238019470498,2282957.99220554
227,PASSIVE,HPF,PASSIVE_RC_HPF,Passive RC equation + source-current signature,4021.85374985136,NaN,NaN,7.75156763151165e-12,NaN,NaN,NaN,NaN,NaN,1,NaN,5105100.74748417
1383,VCVS,BPF,VCVS_BPF_Maheshwari,Maheshwari VCVS equations + prototype input/supply-current signature,2773.65642198565,2773.65642198565,NaN,3.31271012017952e-11,3.31271012017952e-11,NaN,NaN,10168.710358576,11604.387882577,2.14118580167742,1.1643962127701,1732144.16025376
2489,ACTIVE_OTHER,LPF,ACTIVE_OTHER_STATE_VARIABLE_LPF,State-variable/biquad-like active-other equation + current signature,213506.877500029,19415.8444480495,40017.5460785398,4.19800048314794e-11,1.60501256773475e-10,NaN,NaN,9590.26478218377,8581.74093055968,1.89483878969664,4.10423452947866,30114.4956624399
1907,MFB,HPF,MFB_HPF_Maheshwari,Maheshwari MFB equation + current signature,12413.7812167035,674.056759191645,NaN,3.26894627067281e-11,4.70038245267195e-10,2.44252577939418e-11,NaN,NaN,NaN,-0.747190555350261,1.16740609880871,513491.995349849
1588,VCVS,BSF,VCVS_BSF_Maheshwari,Maheshwari VCVS equations + prototype input/supply-current signature,541631.755833985,541631.755833985,NaN,1.2068937317338e-10,1.2068937317338e-10,NaN,NaN,10152.5071120449,3064.74424968587,1.30187068237065,0.716199688759468,2434.70855000069
1132,VCVS,HPF,VCVS_HPF_Maheshwari,Maheshwari VCVS equations + prototype input/supply-current signature,268908.690963728,268908.690963728,NaN,2.39340742848239e-11,2.39340742848239e-11,NaN,NaN,9991.70584986053,6020.11525997043,1.6025112578804,0.715569270692857,24728.5503935276
1225,VCVS,BPF,VCVS_BPF_Maheshwari,Maheshwari VCVS equations + prototype input/supply-current signature,339194.045744809,339194.045744809,NaN,1.54256359018606e-10,1.54256359018606e-10,NaN,NaN,9854.36099611648,590.230324620814,1.05989534226049,0.51543611114523,3041.78725127557
1690,MFB,LPF,MFB_LPF_Maheshwari,Maheshwari MFB equation + current signature,17368.5884130248,1288779.38128313,37454.9483638915,9.70113717879856e-10,8.92278339868012e-11,NaN,NaN,NaN,NaN,-2.15647624741938,0.176458908551478,2462.15133120571
2948,ACTIVE_OTHER,BPF,ACTIVE_OTHER_STATE_VARIABLE_BPF,State-variable/biquad-like active-other equation + current signature,431228.916492555,179183.04401079,18167.2112015664,8.35533328656957e-10,1.28543956248075e-10,NaN,NaN,9765.46310281818,29579.5992709578,4.02900118094978,1.80387327483203,1747.06884332026
2211,MFB,BSF,MFB_BSF_1_MINUS_BP,Maheshwari MFB BPF denominator + 1-minus-BP notch + current signature,1427001.44458956,122829968.489778,NaN,1.43980399523419e-11,9.80035823815259e-11,NaN,NaN,NaN,NaN,1,3.10055933565947,320.024400269951
2313,MFB,BSF,MFB_BSF_1_MINUS_BP,Maheshwari MFB BPF denominator + 1-minus-BP notch + current signature,1532.55261236477,4107.40877231015,NaN,2.67438547083013e-10,1.82290776830809e-10,NaN,NaN,NaN,NaN,1,0.803747084769937,287299.005184679
2028,MFB,BPF,MFB_BPF_Maheshwari,Maheshwari MFB equation + current signature,50509.6388165014,27303850.9744319,NaN,5.5032836815148e-10,2.19003569513933e-11,NaN,NaN,NaN,NaN,-904012.724802776,4.46058390275191,1234.48125815246
678,PASSIVE,BSF,PASSIVE_RLC_BSF,Passive RLC equation + source-current signature,1774809.42190502,NaN,NaN,4.37672487482079e-12,NaN,NaN,20.4950756558428,NaN,NaN,1,1.21926586041548,16804.3123383466
162,PASSIVE,LPF,PASSIVE_RC_LPF,Passive RC equation + source-current signature,10968.8746982844,NaN,NaN,3.38414156002997e-10,NaN,NaN,NaN,NaN,NaN,1,NaN,42875.5332802282
752,PASSIVE,BSF,PASSIVE_RLC_BSF,Passive RLC equation + source-current signature,158528.87421535,NaN,NaN,6.18973312206457e-10,NaN,NaN,10.0267952567583,NaN,NaN,1,0.802854296393843,2020.24060621715
2217,MFB,BSF,MFB_BSF_1_MINUS_BP,Maheshwari MFB BPF denominator + 1-minus-BP notch + current signature,3446.01315033248,318517.562597422,NaN,3.36596220324819e-10,3.66059628460904e-10,NaN,NaN,NaN,NaN,1,4.80281762592813,13685.618827044
1478,VCVS,BSF,VCVS_BSF_Maheshwari,Maheshwari VCVS equations + prototype input/supply-current signature,204506.496022098,204506.496022098,NaN,5.82369684345998e-12,5.82369684345998e-12,NaN,NaN,10048.3529981827,3543.13656729409,1.35260868800438,0.772330413979024,133633.168115163
978,VCVS,LPF,VCVS_LPF_Maheshwari,Maheshwari VCVS equations + prototype input/supply-current signature,268525.325241149,268525.325241149,NaN,1.77781934967034e-10,1.77781934967034e-10,NaN,NaN,9800.04998582954,1201.00744909771,1.12255115543638,0.532637681658077,3333.85918055339
411,PASSIVE,BPF,PASSIVE_RLC_BPF,Passive RLC equation + source-current signature,239185524.857666,NaN,NaN,4.19282546253297e-12,NaN,NaN,73792.7857255598,NaN,NaN,1,0.554649553154861,286.127622883325
2739,ACTIVE_OTHER,HPF,ACTIVE_OTHER_STATE_VARIABLE_HPF,State-variable/biquad-like active-other equation + current signature,17225.5068897369,5984.3020812806,21131.1817889797,1.43690712981336e-11,9.6849160251772e-11,NaN,NaN,9584.1823090653,9499.24629010854,1.99113789614828,2.22217383458006,420208.751172104
1776,MFB,LPF,MFB_LPF_Maheshwari,Maheshwari MFB equation + current signature,28294.389158253,1972.35042862184,28807.4665486492,5.4009497487485e-10,1.62656640724843e-11,NaN,NaN,NaN,NaN,-1.01813353833251,1.32473710617121,225270.639251716
2013,MFB,BPF,MFB_BPF_Maheshwari,Maheshwari MFB equation + current signature,252.518788040998,41011.367560101,NaN,7.48817683605026e-10,1.00494430848209e-10,NaN,NaN,NaN,NaN,-39406177.4630371,4.11620505952966,180286.046174247
542,PASSIVE,BPF,PASSIVE_RLC_BPF,Passive RLC equation + source-current signature,6480120.62077997,NaN,NaN,2.64382724597118e-12,NaN,NaN,31.9495643751854,NaN,NaN,1,0.5364544394673,17316.9388826534
335,PASSIVE,HPF,PASSIVE_RC_HPF,Passive RC equation + source-current signature,1219.91791038954,NaN,NaN,3.24904771790203e-12,NaN,NaN,NaN,NaN,NaN,1,NaN,40154427.1322743
586,PASSIVE,BPF,PASSIVE_RLC_BPF,Passive RLC equation + source-current signature,79142.1581167218,NaN,NaN,3.87601350675474e-12,NaN,NaN,0.390275768700582,NaN,NaN,1,4.00945426751988,129402.210997609
500,PASSIVE,BPF,PASSIVE_RLC_BPF,Passive RLC equation + source-current signature,240980.864957664,NaN,NaN,7.42847486722005e-11,NaN,NaN,44.9771074848535,NaN,NaN,1,3.22896526380448,2753.43317907144
69,PASSIVE,LPF,PASSIVE_RC_LPF,Passive RC equation + source-current signature,8466.04786533457,NaN,NaN,1.10436450595449e-10,NaN,NaN,NaN,NaN,NaN,1,NaN,170226.422488699
1202,VCVS,BPF,VCVS_BPF_Maheshwari,Maheshwari VCVS equations + prototype input/supply-current signature,1601.9515739509,1601.9515739509,NaN,2.2090030236004e-11,2.2090030236004e-11,NaN,NaN,9878.57566639612,6568.27076307641,1.6649005873812,0.749007894504648,4497533.82061033
233,PASSIVE,HPF,PASSIVE_RC_HPF,Passive RC equation + source-current signature,5665.42818112085,NaN,NaN,2.20404782769938e-11,NaN,NaN,NaN,NaN,NaN,1,NaN,1274577.88459323
660,PASSIVE,BSF,PASSIVE_RLC_BSF,Passive RLC equation + source-current signature,10445.9643360615,NaN,NaN,4.33760258427151e-10,NaN,NaN,1.01451547434677,NaN,NaN,1,4.6297327220016,7586.92715588094
148,PASSIVE,LPF,PASSIVE_RC_LPF,Passive RC equation + source-current signature,41389.8032392708,NaN,NaN,6.04599589300911e-10,NaN,NaN,NaN,NaN,NaN,1,NaN,6360.0264527063
29,PASSIVE,LPF,PASSIVE_RC_LPF,Passive RC equation + source-current signature,111965.187126162,NaN,NaN,9.8053615172698e-13,NaN,NaN,NaN,NaN,NaN,1,NaN,1449684.55160187
875,VCVS,LPF,VCVS_LPF_Maheshwari,Maheshwari VCVS equations + prototype input/supply-current signature,2217.9433459261,2217.9433459261,NaN,8.82304034278345e-10,8.82304034278345e-10,NaN,NaN,10118.3216655264,8654.40620032452,1.85532032746206,0.873606847392372,81330.1209349463
2593,ACTIVE_OTHER,LPF,ACTIVE_OTHER_STATE_VARIABLE_LPF,State-variable/biquad-like active-other equation + current signature,118411.856972369,880211.904799198,9764.33083930019,4.5129474770045e-12,3.30876250818111e-11,NaN,NaN,10095.5233112343,25124.4357261036,3.48867096350966,1.02009093509941,40342.7945974395
643,PASSIVE,BSF,PASSIVE_RLC_BSF,Passive RLC equation + source-current signature,236530.098820564,NaN,NaN,4.06431302443347e-11,NaN,NaN,10.9858609917678,NaN,NaN,1,2.19804744263217,7531.98605789958
2758,ACTIVE_OTHER,HPF,ACTIVE_OTHER_STATE_VARIABLE_HPF,State-variable/biquad-like active-other equation + current signature,29309.9914997961,554442.743256695,32592.9353426948,3.39240843226955e-12,4.37578666598079e-11,NaN,NaN,10276.4341557051,32732.1079958795,4.18516204161224,3.17212625617164,102471.193910515
387,PASSIVE,HPF,PASSIVE_RC_HPF,Passive RC equation + source-current signature,8120.59213021595,NaN,NaN,2.27988776824987e-11,NaN,NaN,NaN,NaN,NaN,1,NaN,859644.650962109
1446,VCVS,BSF,VCVS_BSF_Maheshwari,Maheshwari VCVS equations + prototype input/supply-current signature,103192.371393504,103192.371393504,NaN,4.13000959210657e-12,4.13000959210657e-12,NaN,NaN,10081.0582354509,6330.25785793362,1.62793584860692,1.34385427386085,373440.553898909
1647,MFB,LPF,MFB_LPF_Maheshwari,Maheshwari MFB equation + current signature,176338.908611433,7961086.68091687,358144.753636196,5.73720708885802e-10,5.41438703145545e-11,NaN,NaN,NaN,NaN,-2.0310024398834,0.224457389031919,534.785652082033
2528,ACTIVE_OTHER,LPF,ACTIVE_OTHER_STATE_VARIABLE_LPF,State-variable/biquad-like active-other equation + current signature,2368.66720272829,997.59653111114,15772.085127255,8.60551404559989e-11,5.14595311805638e-11,NaN,NaN,9831.00879046755,14822.9444783552,2.50777451167859,1.51152264964784,1555855.72263187
350,PASSIVE,HPF,PASSIVE_RC_HPF,Passive RC equation + source-current signature,2646.41018826908,NaN,NaN,1.05601417656445e-12,NaN,NaN,NaN,NaN,NaN,1,NaN,56949933.7677034
847,VCVS,LPF,VCVS_LPF_Maheshwari,Maheshwari VCVS equations + prototype input/supply-current signature,40124.786515023,40124.786515023,NaN,1.88392498802604e-12,1.88392498802604e-12,NaN,NaN,9965.45319860955,762.759002368627,1.07654032256908,0.519896523817778,2105444.46380329
1595,VCVS,BSF,VCVS_BSF_Maheshwari,Maheshwari VCVS equations + prototype input/supply-current signature,90439.7184435027,90439.7184435027,NaN,8.5025410788767e-12,8.5025410788767e-12,NaN,NaN,10147.2415090328,1269.25170060876,1.12508342286708,0.571483056862963,206972.283478212
1025,VCVS,HPF,VCVS_HPF_Maheshwari,Maheshwari VCVS equations + prototype input/supply-current signature,270960.882977962,270960.882977962,NaN,3.6149082406585e-11,3.6149082406585e-11,NaN,NaN,10107.9527108715,10363.8335945643,2.02531480815276,1.02597229173532,16248.6115006237
3133,ACTIVE_OTHER,BSF,ACTIVE_OTHER_STATE_VARIABLE_BSF,State-variable/biquad-like active-other equation + current signature,3724.83772607214,3200.96808059292,36342.8603893629,3.5494518960066e-10,2.1770961028971e-10,NaN,NaN,10315.0062132581,7996.96485865827,1.77527484650272,3.53415318424426,165808.325613831
1714,MFB,LPF,MFB_LPF_Maheshwari,Maheshwari MFB equation + current signature,2695.08992812064,408339.566810504,6542.654759142,1.01543031046104e-09,2.22947001314636e-11,NaN,NaN,NaN,NaN,-2.42762020327254,0.248068955919063,20464.7535313607
792,PASSIVE,BSF,PASSIVE_RLC_BSF,Passive RLC equation + source-current signature,2377559.48611944,NaN,NaN,5.17334864589701e-12,NaN,NaN,450.040860193297,NaN,NaN,1,3.92291327810682,3298.43769312223
2206,MFB,BSF,MFB_BSF_1_MINUS_BP,Maheshwari MFB BPF denominator + 1-minus-BP notch + current signature,5023.32676527281,489733.771390585,NaN,4.14853524057196e-11,3.42685691667625e-11,NaN,NaN,NaN,NaN,1,4.91444602282145,85103.8117840093
41,PASSIVE,LPF,PASSIVE_RC_LPF,Passive RC equation + source-current signature,53706.2403128312,NaN,NaN,1.48788067243919e-10,NaN,NaN,NaN,NaN,NaN,1,NaN,19917.1538696471
2828,ACTIVE_OTHER,BPF,ACTIVE_OTHER_STATE_VARIABLE_BPF,State-variable/biquad-like active-other equation + current signature,155956.176541867,291199.976307532,33236.8679134996,1.16546061830687e-12,6.81055201887152e-10,NaN,NaN,9907.07277232721,14996.4038142336,2.51370683943315,3.26334209703042,26508.3817075511
2283,MFB,BSF,MFB_BSF_1_MINUS_BP,Maheshwari MFB BPF denominator + 1-minus-BP notch + current signature,1257.62217423281,264424.998339475,NaN,2.7553406081875e-11,1.09555059747655e-11,NaN,NaN,NaN,NaN,1,6.54212411702863,502330.926713754
2879,ACTIVE_OTHER,BPF,ACTIVE_OTHER_STATE_VARIABLE_BPF,State-variable/biquad-like active-other equation + current signature,16034.604579852,62996.9238994886,48548.6653958326,5.73086981372221e-10,4.15772713339593e-11,NaN,NaN,10025.2378081024,26185.651497221,3.61197310213008,5.02276181425358,32440.9130763022
3047,ACTIVE_OTHER,BSF,ACTIVE_OTHER_STATE_VARIABLE_BSF,State-variable/biquad-like active-other equation + current signature,215318.844840511,1041.33045816688,32792.9389650318,3.55355745620793e-10,4.48801956505223e-11,NaN,NaN,10396.8832706807,33423.0650535382,4.21471966005347,3.21097250955537,84163.8868246344
1859,MFB,HPF,MFB_HPF_Maheshwari,Maheshwari MFB equation + current signature,102258.526233273,75533.848948918,NaN,7.05266136543066e-10,2.08847592970458e-10,3.78905329724078e-11,NaN,NaN,NaN,-0.0537251556669545,2.02368296428086,20357.2666393409
1021,VCVS,HPF,VCVS_HPF_Maheshwari,Maheshwari VCVS equations + prototype input/supply-current signature,10366.0129046413,10366.0129046413,NaN,2.18741096939682e-11,2.18741096939682e-11,NaN,NaN,10093.5152420298,5523.55037550263,1.54723753252012,0.688343774281773,701904.458089849
1557,VCVS,BSF,VCVS_BSF_Maheshwari,Maheshwari VCVS equations + prototype input/supply-current signature,1384.65071402508,1384.65071402508,NaN,7.24174921731949e-11,7.24174921731949e-11,NaN,NaN,10149.2789998593,3678.85829230615,1.36247484105592,0.78428277376243,1587217.40282016
2392,MFB,BSF,MFB_BSF_1_MINUS_BP,Maheshwari MFB BPF denominator + 1-minus-BP notch + current signature,39201.9678756082,5037653.43581929,NaN,4.72599836195679e-11,1.04091435311559e-10,NaN,NaN,NaN,NaN,1,5.25324909444088,5106.1994207249
1366,VCVS,BPF,VCVS_BPF_Maheshwari,Maheshwari VCVS equations + prototype input/supply-current signature,1369.72376353275,1369.72376353275,NaN,2.82798686870271e-10,2.82798686870271e-10,NaN,NaN,10089.946141458,10257.2479103582,2.01658103686132,1.01686060314355,410875.033619087
739,PASSIVE,BSF,PASSIVE_RLC_BSF,Passive RLC equation + source-current signature,8931887.69251006,NaN,NaN,1.07184984633034e-11,NaN,NaN,29139.7346899858,NaN,NaN,1,5.83757627141453,284.780573298827
2965,ACTIVE_OTHER,BPF,ACTIVE_OTHER_STATE_VARIABLE_BPF,State-variable/biquad-like active-other equation + current signature,59663.3091856542,9525.2701168827,30159.6971658441,4.77003396350276e-10,1.13021036383632e-10,NaN,NaN,10468.2957564516,7602.98098925287,1.72628641434468,3.1024770704262,28753.2827065626
1838,MFB,HPF,MFB_HPF_Maheshwari,Maheshwari MFB equation + current signature,348330.656346148,5743.91597759193,NaN,1.63317019230214e-11,2.79219022997857e-11,1.99103438812926e-10,NaN,NaN,NaN,-12.1912241450028,0.195709747219957,47720.8709473176
2371,MFB,BSF,MFB_BSF_1_MINUS_BP,Maheshwari MFB BPF denominator + 1-minus-BP notch + current signature,6496.5872447506,956364.97777192,NaN,1.9565771891215e-11,3.82527541188439e-11,NaN,NaN,NaN,NaN,1,5.74092701873262,73805.0051275162
2052,MFB,BPF,MFB_BPF_Maheshwari,Maheshwari MFB equation + current signature,8387.08212611146,184027.58610891,NaN,2.04754823367462e-10,2.79175299335358e-11,NaN,NaN,NaN,NaN,-4270828.32011924,1.52211266755126,53581.8437092482
1134,VCVS,HPF,VCVS_HPF_Maheshwari,Maheshwari VCVS equations + prototype input/supply-current signature,380145.201724599,380145.201724599,NaN,2.88409229787077e-12,2.88409229787077e-12,NaN,NaN,10168.615221385,4512.83793232626,1.44380063893416,0.642591190446897,145164.84803886
2810,ACTIVE_OTHER,BPF,ACTIVE_OTHER_STATE_VARIABLE_BPF,State-variable/biquad-like active-other equation + current signature,23749.867261694,17087.4175611965,10163.7630932188,5.50031392099734e-11,4.53091064397803e-12,NaN,NaN,10130.8380865303,9088.53483379811,1.89711579201744,0.991308619823333,500454.772355379
1072,VCVS,HPF,VCVS_HPF_Maheshwari,Maheshwari VCVS equations + prototype input/supply-current signature,3084.10374724023,3084.10374724023,NaN,4.55851136853717e-10,4.55851136853717e-10,NaN,NaN,10021.1560532884,9985.08309815635,1.99640031998901,0.996413231208931,113205.652015849
501,PASSIVE,BPF,PASSIVE_RLC_BPF,Passive RLC equation + source-current signature,4690.05122319436,NaN,NaN,7.15330480666576e-11,NaN,NaN,0.0185448553729523,NaN,NaN,1,3.43305510047153,138183.134798626
842,VCVS,LPF,VCVS_LPF_Maheshwari,Maheshwari VCVS equations + prototype input/supply-current signature,130122.421770096,130122.421770096,NaN,1.96374957476248e-10,1.96374957476248e-10,NaN,NaN,10074.7911665885,14243.0531769637,2.41373185224907,1.70570412845427,6228.47735898412
1872,MFB,HPF,MFB_HPF_Maheshwari,Maheshwari MFB equation + current signature,315103.846346079,7555.14337995411,NaN,1.39861233615113e-10,2.98742450816353e-10,1.20723117132133e-11,NaN,NaN,NaN,-0.0863163537255453,9.96992000060975,54316.0568228023
3013,ACTIVE_OTHER,BSF,ACTIVE_OTHER_STATE_VARIABLE_BSF,State-variable/biquad-like active-other equation + current signature,28424.2405075318,59095.7850615713,14240.437050261,7.08426726905211e-12,1.19147232380192e-11,NaN,NaN,9818.76575515516,26838.5880912396,3.73339732920591,1.48956631445363,422676.395977919
2890,ACTIVE_OTHER,BPF,ACTIVE_OTHER_STATE_VARIABLE_BPF,State-variable/biquad-like active-other equation + current signature,2439.33381281872,293219.708962069,40024.3993188615,1.97299921332174e-12,2.17412848004272e-10,NaN,NaN,9951.7934528294,14813.2072026419,2.48849624671725,3.84655573841306,287330.597496166
2925,ACTIVE_OTHER,BPF,ACTIVE_OTHER_STATE_VARIABLE_BPF,State-variable/biquad-like active-other equation + current signature,387607.340983746,266817.562475462,45428.715663844,3.75991432557983e-11,3.60073267210991e-10,NaN,NaN,10204.7567195232,26716.1261503866,3.6180071592765,4.56668062801097,4253.36364223673
1598,VCVS,BSF,VCVS_BSF_Maheshwari,Maheshwari VCVS equations + prototype input/supply-current signature,1092.35698331248,1092.35698331248,NaN,2.84401808304443e-12,2.84401808304443e-12,NaN,NaN,9975.50024159703,2505.48107385584,1.2511634517744,0.667702452804646,51229862.3293856
2014,MFB,BPF,MFB_BPF_Maheshwari,Maheshwari MFB equation + current signature,312963.608097534,57640228.1182042,NaN,5.48528882521466e-11,9.41990779311728e-11,NaN,NaN,NaN,NaN,-33920.2862249884,6.54487402990272,521.299478263073
2933,ACTIVE_OTHER,BPF,ACTIVE_OTHER_STATE_VARIABLE_BPF,State-variable/biquad-like active-other equation + current signature,148335.673565369,132470.569391818,14469.4297745629,2.17177875727463e-10,1.22137161378834e-10,NaN,NaN,10125.3255901626,29756.1738974656,3.93878686986379,1.45107913551223,6971.17402809024
2840,ACTIVE_OTHER,BPF,ACTIVE_OTHER_STATE_VARIABLE_BPF,State-variable/biquad-like active-other equation + current signature,139879.142463575,539708.652755331,31267.6384972038,6.36366090723764e-10,2.79059275656894e-12,NaN,NaN,9670.50990920979,10417.0064398605,2.07719308885045,3.27714351656102,13745.5529263409
3138,ACTIVE_OTHER,BSF,ACTIVE_OTHER_STATE_VARIABLE_BSF,State-variable/biquad-like active-other equation + current signature,1712.08888285515,19682.004487256,10896.5035181299,3.65076272191382e-12,1.08103004117092e-11,NaN,NaN,10128.7342461962,21615.9598167668,3.13412251633361,1.12073300498333,4364270.18951134
291,PASSIVE,HPF,PASSIVE_RC_HPF,Passive RC equation + source-current signature,613176.913762342,NaN,NaN,1.48899366240052e-10,NaN,NaN,NaN,NaN,NaN,1,NaN,1743.17700038009
1947,MFB,HPF,MFB_HPF_Maheshwari,Maheshwari MFB equation + current signature,7173.20114032222,59234.5328640135,NaN,4.27860969742749e-10,1.26571276761807e-11,1.58632881212289e-11,NaN,NaN,NaN,-0.0370758008863643,0.291416906367001,544893.913263003
1602,MFB,LPF,MFB_LPF_Maheshwari,Maheshwari MFB equation + current signature,61412.4566099142,1916328.86786556,72680.3130132,7.93265380068056e-10,4.82836749929213e-11,NaN,NaN,NaN,NaN,-1.1834783531761,0.355348658956301,2179.05055729082
676,PASSIVE,BSF,PASSIVE_RLC_BSF,Passive RLC equation + source-current signature,1335621.1692325,NaN,NaN,3.73061750534205e-10,NaN,NaN,359.78043380465,NaN,NaN,1,0.735267068117177,434.421188293108
1093,VCVS,HPF,VCVS_HPF_Maheshwari,Maheshwari VCVS equations + prototype input/supply-current signature,1336.98424204593,1336.98424204593,NaN,2.22643136316633e-10,2.22643136316633e-10,NaN,NaN,9869.4301494462,3010.49286631849,1.30503208602043,0.58998166971322,534668.418098693
1282,VCVS,BPF,VCVS_BPF_Maheshwari,Maheshwari VCVS equations + prototype input/supply-current signature,773451.629973317,773451.629973317,NaN,8.03124400014823e-10,8.03124400014823e-10,NaN,NaN,10108.2637005523,8052.28769910641,1.79660443550424,0.830981955978051,256.214764198331
1581,VCVS,BSF,VCVS_BSF_Maheshwari,Maheshwari VCVS equations + prototype input/supply-current signature,326870.217801475,326870.217801475,NaN,7.06914105724718e-11,7.06914105724718e-11,NaN,NaN,9850.09592576646,4332.14516361448,1.43980740860423,0.892550183061524,6887.76199232972
1188,VCVS,HPF,VCVS_HPF_Maheshwari,Maheshwari VCVS equations + prototype input/supply-current signature,962026.206198525,962026.206198525,NaN,9.12841964633851e-11,9.12841964633851e-11,NaN,NaN,9963.32176051753,1126.58502900061,1.11307323562158,0.529962274571591,1812.33147092919
868,VCVS,LPF,VCVS_LPF_Maheshwari,Maheshwari VCVS equations + prototype input/supply-current signature,471649.220724962,471649.220724962,NaN,8.746011573264e-10,8.746011573264e-10,NaN,NaN,10052.3983879803,7678.16654214726,1.76381438993982,0.808940010190963,385.825531144683
781,PASSIVE,BSF,PASSIVE_RLC_BSF,Passive RLC equation + source-current signature,281.325611868192,NaN,NaN,2.64038462382088e-10,NaN,NaN,0.000264449188529385,NaN,NaN,1,3.55736354125758,602303.538718476
1434,VCVS,BSF,VCVS_BSF_Maheshwari,Maheshwari VCVS equations + prototype input/supply-current signature,32889.0731976798,32889.0731976798,NaN,2.619771169141e-11,2.619771169141e-11,NaN,NaN,10179.3643104454,7514.24174598752,1.73818379191684,1.90973661890782,184716.264744983
1605,MFB,LPF,MFB_LPF_Maheshwari,Maheshwari MFB equation + current signature,170237.679872649,191959.862017763,389314.178532572,6.91479210317411e-11,1.18826093024487e-11,NaN,NaN,NaN,NaN,-2.28688606907595,0.646362656563089,20310.440103121
1292,VCVS,BPF,VCVS_BPF_Maheshwari,Maheshwari VCVS equations + prototype input/supply-current signature,3692.916029052,3692.916029052,NaN,2.31082793001174e-11,2.31082793001174e-11,NaN,NaN,9972.09048818657,1617.21345888105,1.16217396550873,0.544121141627427,1865018.27179147
2866,ACTIVE_OTHER,BPF,ACTIVE_OTHER_STATE_VARIABLE_BPF,State-variable/biquad-like active-other equation + current signature,101702.81525061,4802.96118532751,8409.45106469292,7.43960756491486e-11,9.4078190748786e-11,NaN,NaN,10186.6899559532,13155.9947519427,2.29148867873947,0.85132569798465,86075.5118030174
1960,MFB,HPF,MFB_HPF_Maheshwari,Maheshwari MFB equation + current signature,197424.842352065,56448.3858939125,NaN,5.62272365268742e-10,4.34317979554384e-11,4.01626145522151e-11,NaN,NaN,NaN,-0.0714291098638985,1.6930580336265,36097.6205047259
2963,ACTIVE_OTHER,BPF,ACTIVE_OTHER_STATE_VARIABLE_BPF,State-variable/biquad-like active-other equation + current signature,301106.003537451,3064.07452863482,44235.488881395,4.69711223014898e-11,1.27364635809029e-10,NaN,NaN,9602.61477541983,33985.685509628,4.53921159022462,4.53774819029131,67744.0043774665
357,PASSIVE,HPF,PASSIVE_RC_HPF,Passive RC equation + source-current signature,18546.5569890912,NaN,NaN,2.71310590153009e-12,NaN,NaN,NaN,NaN,NaN,1,NaN,3162933.6906828
2172,MFB,BPF,MFB_BPF_Maheshwari,Maheshwari MFB equation + current signature,88.9255410363036,15305.8663480764,NaN,8.67427603646247e-10,5.6600317396957e-11,NaN,NaN,NaN,NaN,-198680213.145786,3.14598507820272,615675.487211023
2636,ACTIVE_OTHER,HPF,ACTIVE_OTHER_STATE_VARIABLE_HPF,State-variable/biquad-like active-other equation + current signature,3277.04833160696,473366.82572404,13106.1732927447,1.06017595513685e-12,4.94491417230542e-12,NaN,NaN,10405.1047412634,15453.6132252624,2.48519535454345,1.33984230433596,1764864.81483564
1839,MFB,HPF,MFB_HPF_Maheshwari,Maheshwari MFB equation + current signature,82847.459166365,178.598634819715,NaN,2.26416233596633e-11,4.31264713094229e-11,7.88484456267838e-11,NaN,NaN,NaN,-3.48245549244736,2.49382237823716,709533.551798203
3178,ACTIVE_OTHER,BSF,ACTIVE_OTHER_STATE_VARIABLE_BSF,State-variable/biquad-like active-other equation + current signature,668081.23734517,2130.58100070426,33555.7662119807,1.59457558585944e-12,7.16462033204985e-11,NaN,NaN,9951.5057509206,16862.0938650327,2.69442637999509,3.4330411248145,394672.915025821
2012,MFB,BPF,MFB_BPF_Maheshwari,Maheshwari MFB equation + current signature,1358.84313905704,95578.9060614657,NaN,1.21265377058582e-11,5.03695764542381e-11,NaN,NaN,NaN,NaN,-14610409.0489114,3.3166214878035,565069.518309916
1795,MFB,LPF,MFB_LPF_Maheshwari,Maheshwari MFB equation + current signature,74605.0742508318,4307.8884973467,238421.452170735,2.10754260796051e-10,5.28203045957459e-11,NaN,NaN,NaN,NaN,-3.19578064313871,0.249580893936322,47068.0935491018
2112,MFB,BPF,MFB_BPF_Maheshwari,Maheshwari MFB equation + current signature,696830.329255505,30159771.3512753,NaN,1.10918124224991e-10,1.75556482375383e-10,NaN,NaN,NaN,NaN,-8174.40375424483,3.204601720983,248.789984732475
44,PASSIVE,LPF,PASSIVE_RC_LPF,Passive RC equation + source-current signature,9791.34698514494,NaN,NaN,8.40966268535283e-10,NaN,NaN,NaN,NaN,NaN,1,NaN,19328.5428239383
81,PASSIVE,LPF,PASSIVE_RC_LPF,Passive RC equation + source-current signature,335499.464977966,NaN,NaN,1.99128279512948e-11,NaN,NaN,NaN,NaN,NaN,1,NaN,23822.9400743662
1940,MFB,HPF,MFB_HPF_Maheshwari,Maheshwari MFB equation + current signature,931815.720599453,1286.19811711412,NaN,1.36211698192817e-10,5.42694287307624e-11,1.6674711275801e-10,NaN,NaN,NaN,-1.22417615351927,5.85501712094042,48327.5071712812
314,PASSIVE,HPF,PASSIVE_RC_HPF,Passive RC equation + source-current signature,3785.27496354127,NaN,NaN,7.11422558257759e-10,NaN,NaN,NaN,NaN,NaN,1,NaN,59101.0324048702
1101,VCVS,HPF,VCVS_HPF_Maheshwari,Maheshwari VCVS equations + prototype input/supply-current signature,24227.6992436151,24227.6992436151,NaN,7.48389249181334e-11,7.48389249181334e-11,NaN,NaN,9873.92569584841,1583.85699955791,1.16040803307076,0.543598807766737,87776.9361459251
1167,VCVS,HPF,VCVS_HPF_Maheshwari,Maheshwari VCVS equations + prototype input/supply-current signature,413070.376891412,413070.376891412,NaN,2.67752744877783e-10,2.67752744877783e-10,NaN,NaN,9922.18595066018,5799.07455412639,1.58445533907178,0.706441857754082,1439.00448996139
853,VCVS,LPF,VCVS_LPF_Maheshwari,Maheshwari VCVS equations + prototype input/supply-current signature,114997.495257758,114997.495257758,NaN,9.32922948728478e-12,9.32922948728478e-12,NaN,NaN,9897.84051272781,8209.21824244869,1.82939487981164,0.854259034711119,148349.461496205
522,PASSIVE,BPF,PASSIVE_RLC_BPF,Passive RLC equation + source-current signature,494925.249241759,NaN,NaN,3.3321307817312e-11,NaN,NaN,8.33214717938576,NaN,NaN,1,1.01036393726416,9551.69939135969
2585,ACTIVE_OTHER,LPF,ACTIVE_OTHER_STATE_VARIABLE_LPF,State-variable/biquad-like active-other equation + current signature,15398.4166914397,10105.2984985157,19437.8043597871,1.94977050496431e-11,1.05639005320487e-11,NaN,NaN,10242.0309211544,15510.1039612885,2.51435824405229,2.00526012275841,889003.814957271
2956,ACTIVE_OTHER,BPF,ACTIVE_OTHER_STATE_VARIABLE_BPF,State-variable/biquad-like active-other equation + current signature,84054.3204068022,2913.12019977351,48125.3187609655,4.54633649941103e-11,2.40004513836931e-11,NaN,NaN,9949.95962932514,6600.57014342924,1.6633765753155,4.67146207069226,307907.604769679
1576,VCVS,BSF,VCVS_BSF_Maheshwari,Maheshwari VCVS equations + prototype input/supply-current signature,390405.356887967,390405.356887967,NaN,6.03803527466889e-10,6.03803527466889e-10,NaN,NaN,9957.13991468078,4527.9437366785,1.45474340779349,0.916999458872435,675.163129622058
1484,VCVS,BSF,VCVS_BSF_Maheshwari,Maheshwari VCVS equations + prototype input/supply-current signature,1084.88682233202,1084.88682233202,NaN,5.51601942961961e-10,5.51601942961961e-10,NaN,NaN,10136.3514795669,3241.78250311296,1.31981749149562,0.735096821439033,265956.072161439
53,PASSIVE,LPF,PASSIVE_RC_LPF,Passive RC equation + source-current signature,13619.0115952951,NaN,NaN,6.0717863015494e-11,NaN,NaN,NaN,NaN,NaN,1,NaN,192467.791948151
588,PASSIVE,BPF,PASSIVE_RLC_BPF,Passive RLC equation + source-current signature,506.498805658487,NaN,NaN,1.71553710672358e-10,NaN,NaN,0.000801838371868255,NaN,NaN,1,4.26839825851724,429117.924644535
2084,MFB,BPF,MFB_BPF_Maheshwari,Maheshwari MFB equation + current signature,1242.1580975537,122459.582356004,NaN,4.45332689458952e-10,5.49471420381908e-10,NaN,NaN,NaN,NaN,-1465136.26030136,4.93725116217204,26086.7793781946
1747,MFB,LPF,MFB_LPF_Maheshwari,Maheshwari MFB equation + current signature,307345.176921462,301269.372788021,970542.535496324,7.51371948022315e-10,3.79735852324994e-11,NaN,NaN,NaN,NaN,-3.1578258205247,1.08192999486465,1742.47703655008
1715,MFB,LPF,MFB_LPF_Maheshwari,Maheshwari MFB equation + current signature,3528.38651693321,25692.7552718843,10281.8100635179,6.74261319502315e-10,9.2194026946863e-12,NaN,NaN,NaN,NaN,-2.91402600428667,1.25398105071361,124197.967189381
2141,MFB,BPF,MFB_BPF_Maheshwari,Maheshwari MFB equation + current signature,5024886.67323013,32137575.2388286,NaN,3.41426448488049e-10,1.83229299123871e-11,NaN,NaN,NaN,NaN,-10861.2249380965,0.556018709857296,158.345017444433
2885,ACTIVE_OTHER,BPF,ACTIVE_OTHER_STATE_VARIABLE_BPF,State-variable/biquad-like active-other equation + current signature,4590.08537939492,8333.27936742253,27409.5475604471,1.85074281469237e-11,2.30395160722344e-11,NaN,NaN,10399.7289465333,28709.9372026207,3.7606428350415,2.81129205667489,1246212.39526264
771,PASSIVE,BSF,PASSIVE_RLC_BSF,Passive RLC equation + source-current signature,40872.5467247105,NaN,NaN,6.71298366419793e-11,NaN,NaN,0.638884102937104,NaN,NaN,1,2.38683032405108,24302.5192334858
1274,VCVS,BPF,VCVS_BPF_Maheshwari,Maheshwari VCVS equations + prototype input/supply-current signature,36727.8779341721,36727.8779341721,NaN,3.10556122490369e-12,3.10556122490369e-12,NaN,NaN,10139.6938239104,7987.66511198058,1.78776196310237,0.824920493799391,1395353.35088817
2282,MFB,BSF,MFB_BSF_1_MINUS_BP,Maheshwari MFB BPF denominator + 1-minus-BP notch + current signature,55348.4318710374,9435507.37002914,NaN,9.10464770345732e-10,4.83486305940169e-10,NaN,NaN,NaN,NaN,1,6.21449866257227,331.941215719779
2232,MFB,BSF,MFB_BSF_1_MINUS_BP,Maheshwari MFB BPF denominator + 1-minus-BP notch + current signature,38364.8765937837,3260768.27364331,NaN,1.11606746503335e-11,1.90936441499307e-11,NaN,NaN,NaN,NaN,1,4.44831284263311,30825.0382591455
1299,VCVS,BPF,VCVS_BPF_Maheshwari,Maheshwari VCVS equations + prototype input/supply-current signature,1368.21458935624,1368.21458935624,NaN,2.12502590233108e-10,2.12502590233108e-10,NaN,NaN,9895.87265200595,9504.69814584692,1.96047094380507,0.961974072817529,547396.084386719
1038,VCVS,HPF,VCVS_HPF_Maheshwari,Maheshwari VCVS equations + prototype input/supply-current signature,244711.830626373,244711.830626373,NaN,4.12619714359303e-10,4.12619714359303e-10,NaN,NaN,9861.42185849018,3704.05220221169,1.37561035876613,0.615615844016595,1576.21404016971
1667,MFB,LPF,MFB_LPF_Maheshwari,Maheshwari MFB equation + current signature,191346.61691959,102354.616034795,428628.234265142,2.2618652078604e-10,2.49229798331886e-10,NaN,NaN,NaN,NaN,-2.24006173281478,0.262460127643443,3200.31468371996
1316,VCVS,BPF,VCVS_BPF_Maheshwari,Maheshwari VCVS equations + prototype input/supply-current signature,351303.398459958,351303.398459958,NaN,1.53445667413118e-11,1.53445667413118e-11,NaN,NaN,9901.91493080365,5427.82343635312,1.54815896463297,0.688780641709304,29524.5406872301
1426,VCVS,BSF,VCVS_BSF_Maheshwari,Maheshwari VCVS equations + prototype input/supply-current signature,38593.6702498594,38593.6702498594,NaN,3.05042041352937e-10,3.05042041352937e-10,NaN,NaN,9936.65423301765,4766.69364425486,1.47970811225533,0.960999031077291,13518.9932500073
1258,VCVS,BPF,VCVS_BPF_Maheshwari,Maheshwari VCVS equations + prototype input/supply-current signature,1195.98094959869,1195.98094959869,NaN,2.02334328763065e-12,2.02334328763065e-12,NaN,NaN,10013.0652994615,6644.82989900653,1.66361595578168,0.748287892485967,65769766.0002524
1821,MFB,HPF,MFB_HPF_Maheshwari,Maheshwari MFB equation + current signature,186333.774677273,988.221854499004,NaN,7.12896021678347e-10,3.13803728740486e-11,5.10649402030213e-11,NaN,NaN,NaN,-0.0716302779791095,9.6484785846925,292992.598850257
2799,ACTIVE_OTHER,HPF,ACTIVE_OTHER_STATE_VARIABLE_HPF,State-variable/biquad-like active-other equation + current signature,143558.501904951,1094.47423490594,41090.087006517,1.23079487082551e-10,5.74934262283524e-10,NaN,NaN,9852.36244801063,12706.0542738624,2.28964543691021,4.2005427273396,47731.0477349078
2893,ACTIVE_OTHER,BPF,ACTIVE_OTHER_STATE_VARIABLE_BPF,State-variable/biquad-like active-other equation + current signature,74575.2206920377,12747.985252534,14920.9085538986,3.48196495111232e-12,4.01545835890986e-11,NaN,NaN,10168.0558466257,15514.4450359883,2.52580250049835,1.52225325789002,436538.267898618
1661,MFB,LPF,MFB_LPF_Maheshwari,Maheshwari MFB equation + current signature,53797.7801211611,3316721.98866428,148033.593659647,6.63316637253487e-10,3.42036842467326e-11,NaN,NaN,NaN,NaN,-2.75166732393515,0.245069408306543,1507.9556404623
3044,ACTIVE_OTHER,BSF,ACTIVE_OTHER_STATE_VARIABLE_BSF,State-variable/biquad-like active-other equation + current signature,1314.46022913571,490407.143167637,28278.013437151,4.53296437979501e-12,8.3696314449842e-11,NaN,NaN,9617.37700128171,14488.4160424224,2.50648311285826,2.80331767013646,321827.900727463
955,VCVS,LPF,VCVS_LPF_Maheshwari,Maheshwari VCVS equations + prototype input/supply-current signature,1315.55344220618,1315.55344220618,NaN,9.7904040730675e-11,9.7904040730675e-11,NaN,NaN,10035.8066351903,12417.8993885601,2.23735937129528,1.31123357760052,1235694.23301487
2356,MFB,BSF,MFB_BSF_1_MINUS_BP,Maheshwari MFB BPF denominator + 1-minus-BP notch + current signature,3211352.64942438,317723459.484653,NaN,2.17864275218793e-11,3.5144774023029e-11,NaN,NaN,NaN,NaN,1,4.83452355115884,180.064501119675
138,PASSIVE,LPF,PASSIVE_RC_LPF,Passive RC equation + source-current signature,160282.502300024,NaN,NaN,1.63411440028706e-10,NaN,NaN,NaN,NaN,NaN,1,NaN,6076.47283285166
954,VCVS,LPF,VCVS_LPF_Maheshwari,Maheshwari VCVS equations + prototype input/supply-current signature,18606.6398758676,18606.6398758676,NaN,2.10805601344097e-11,2.10805601344097e-11,NaN,NaN,9924.85057246701,8689.66854419978,1.87554653651977,0.8893209301032,405760.748626005
1974,MFB,HPF,MFB_HPF_Maheshwari,Maheshwari MFB equation + current signature,282435.920988776,48222.3711463835,NaN,2.21528659166167e-11,2.28114323399884e-11,2.07508235470751e-11,NaN,NaN,NaN,-0.936710564907541,0.855379613707015,62681.8692385354
1791,MFB,LPF,MFB_LPF_Maheshwari,Maheshwari MFB equation + current signature,5457.83608022825,1240.96230626862,8475.01347319857,5.74991872971204e-10,7.83241568120319e-11,NaN,NaN,NaN,NaN,-1.55281568530437,0.754690739392819,231255.420210667
1415,VCVS,BSF,VCVS_BSF_Maheshwari,Maheshwari VCVS equations + prototype input/supply-current signature,1230.38607154375,1230.38607154375,NaN,8.36553017083683e-10,8.36553017083683e-10,NaN,NaN,9947.37059670324,519.747435913287,1.05224973080681,0.527565136357749,154626.97354214
2377,MFB,BSF,MFB_BSF_1_MINUS_BP,Maheshwari MFB BPF denominator + 1-minus-BP notch + current signature,1101.33357855131,21836.0276250864,NaN,1.89130089313822e-10,7.7683396078443e-11,NaN,NaN,NaN,NaN,1,2.02285156881386,267749.986931577
2067,MFB,BPF,MFB_BPF_Maheshwari,Maheshwari MFB equation + current signature,2364.40440731923,268676.926817802,NaN,7.31146615504354e-11,7.83035274062783e-11,NaN,NaN,NaN,NaN,-5401282.75786124,5.32683394640258,83454.7701265152
2984,ACTIVE_OTHER,BPF,ACTIVE_OTHER_STATE_VARIABLE_BPF,State-variable/biquad-like active-other equation + current signature,514367.311435619,3968.39586481483,36464.8347125326,6.19028391512186e-12,1.86881226021197e-12,NaN,NaN,10275.9108236858,31109.7837330637,4.02744781137613,3.77030778430813,1035709.20365376
348,PASSIVE,HPF,PASSIVE_RC_HPF,Passive RC equation + source-current signature,4833.94121796394,NaN,NaN,7.58427738074972e-10,NaN,NaN,NaN,NaN,NaN,1,NaN,43411.4766345591
2256,MFB,BSF,MFB_BSF_1_MINUS_BP,Maheshwari MFB BPF denominator + 1-minus-BP notch + current signature,844.073789766143,119874.841867295,NaN,3.46797683502568e-11,3.93846408441749e-11,NaN,NaN,NaN,NaN,1,5.94655981979517,428118.861658158
268,PASSIVE,HPF,PASSIVE_RC_HPF,Passive RC equation + source-current signature,96768.7495322711,NaN,NaN,1.56393797620377e-10,NaN,NaN,NaN,NaN,NaN,1,NaN,10516.3607867153
1925,MFB,HPF,MFB_HPF_Maheshwari,Maheshwari MFB equation + current signature,500654.933142892,2234610.44125567,NaN,4.72594438148164e-10,5.16338430238012e-11,1.18120132441034e-11,NaN,NaN,NaN,-0.0249939743057242,0.872498662026472,6092.85415110784
263,PASSIVE,HPF,PASSIVE_RC_HPF,Passive RC equation + source-current signature,28694.0100656741,NaN,NaN,1.57242154847851e-11,NaN,NaN,NaN,NaN,NaN,1,NaN,352744.213779859
1659,MFB,LPF,MFB_LPF_Maheshwari,Maheshwari MFB equation + current signature,309.731843621776,2912.39270330224,1088.51862475428,2.60301059030883e-10,8.18203121177132e-11,NaN,NaN,NaN,NaN,-3.51439042245689,0.22307778908335,612503.675142364
2521,ACTIVE_OTHER,LPF,ACTIVE_OTHER_STATE_VARIABLE_LPF,State-variable/biquad-like active-other equation + current signature,447246.03898454,2851.27425173733,34174.5608993745,4.79296908886995e-11,2.48356435656525e-10,NaN,NaN,10074.1545858156,9797.32485500215,1.97252079780439,3.38531004206872,40849.5579133808
1159,VCVS,HPF,VCVS_HPF_Maheshwari,Maheshwari VCVS equations + prototype input/supply-current signature,6545.92313736444,6545.92313736444,NaN,2.86052420498711e-12,2.86052420498711e-12,NaN,NaN,10036.3116074642,5416.72094530117,1.53971231236709,0.68479657020253,8499700.11251574
2221,MFB,BSF,MFB_BSF_1_MINUS_BP,Maheshwari MFB BPF denominator + 1-minus-BP notch + current signature,205171.056559308,9761911.60984961,NaN,5.51064249700487e-11,2.67987490376415e-11,NaN,NaN,NaN,NaN,1,3.23635705834196,2926.41739274373
1939,MFB,HPF,MFB_HPF_Maheshwari,Maheshwari MFB equation + current signature,67822.1858715867,279.221093668999,NaN,7.16149517374534e-10,2.36209249759666e-10,1.16105820263472e-10,NaN,NaN,NaN,-0.16212511137217,14.8996753251626,220843.531210034
1943,MFB,HPF,MFB_HPF_Maheshwari,Maheshwari MFB equation + current signature,808132.475729607,359718.087291862,NaN,8.2128122330063e-11,2.19327980612091e-10,1.30416732065467e-10,NaN,NaN,NaN,-1.58796680558868,0.369637914708892,1745.35605583427
1326,VCVS,BPF,VCVS_BPF_Maheshwari,Maheshwari VCVS equations + prototype input/supply-current signature,32286.8607901857,32286.8607901857,NaN,4.65676660062263e-12,4.65676660062263e-12,NaN,NaN,10068.8452590634,6192.11301843715,1.61497747349562,0.722009917429915,1058546.25260929
2903,ACTIVE_OTHER,BPF,ACTIVE_OTHER_STATE_VARIABLE_BPF,State-variable/biquad-like active-other equation + current signature,15126.2622634029,19351.0076133731,41874.8992671619,5.37502850044489e-10,1.24029409980194e-11,NaN,NaN,10390.5662858182,8032.04694944759,1.77301339777893,4.1716704467364,113933.070598219
86,PASSIVE,LPF,PASSIVE_RC_LPF,Passive RC equation + source-current signature,10172.2467113567,NaN,NaN,1.12095903926005e-10,NaN,NaN,NaN,NaN,NaN,1,NaN,139576.885556466
2125,MFB,BPF,MFB_BPF_Maheshwari,Maheshwari MFB equation + current signature,289.239425514649,2465.81033848985,NaN,7.07602640237078e-10,2.63551557442116e-10,NaN,NaN,NaN,NaN,-13118280.7966606,1.29834590823953,436399.2907564
2202,MFB,BSF,MFB_BSF_1_MINUS_BP,Maheshwari MFB BPF denominator + 1-minus-BP notch + current signature,1008557.36358872,119473943.865,NaN,1.22979517922813e-11,1.88724962959017e-10,NaN,NaN,NaN,NaN,1,2.60838563345169,300.955414933482
184,PASSIVE,LPF,PASSIVE_RC_LPF,Passive RC equation + source-current signature,49284.3194817681,NaN,NaN,5.01421075656143e-10,NaN,NaN,NaN,NaN,NaN,1,NaN,6440.33982055022
731,PASSIVE,BSF,PASSIVE_RLC_BSF,Passive RLC equation + source-current signature,760475097.182538,NaN,NaN,1.0231270211621e-12,NaN,NaN,482172.229533647,NaN,NaN,1,0.902716379164147,226.597053019258
1328,VCVS,BPF,VCVS_BPF_Maheshwari,Maheshwari VCVS equations + prototype input/supply-current signature,34589.8917779985,34589.8917779985,NaN,1.81046375567238e-11,1.81046375567238e-11,NaN,NaN,10021.1671051051,3302.1679180972,1.32951929485488,0.598630081101792,254144.72119887
2696,ACTIVE_OTHER,HPF,ACTIVE_OTHER_STATE_VARIABLE_HPF,State-variable/biquad-like active-other equation + current signature,4024.72580680129,17288.0900736284,30807.2000850102,4.5480344317228e-11,1.51795139516957e-11,NaN,NaN,10184.5633653226,13642.0806132666,2.33948605589872,3.03154095244462,726168.940256722
1397,VCVS,BPF,VCVS_BPF_Maheshwari,Maheshwari VCVS equations + prototype input/supply-current signature,65611.4584199258,65611.4584199258,NaN,4.18545861450167e-11,4.18545861450167e-11,NaN,NaN,10088.9358634744,6803.60365899092,1.6743628615603,0.754354242954461,57955.8644774507
1711,MFB,LPF,MFB_LPF_Maheshwari,Maheshwari MFB equation + current signature,11395.3126172222,47420.8594190556,34023.6412966362,4.58234707859082e-10,1.34023398297745e-10,NaN,NaN,NaN,NaN,-2.98575760398314,0.333013779010173,15988.6104962399
371,PASSIVE,HPF,PASSIVE_RC_HPF,Passive RC equation + source-current signature,3193.02265800796,NaN,NaN,7.01479630460621e-12,NaN,NaN,NaN,NaN,NaN,1,NaN,7105637.81003588
2771,ACTIVE_OTHER,HPF,ACTIVE_OTHER_STATE_VARIABLE_HPF,State-variable/biquad-like active-other equation + current signature,3965.91328301706,27970.9035414273,9546.83399165277,5.38219846816116e-10,4.78906253302442e-11,NaN,NaN,10027.1590052891,9840.5988361551,1.98139451373658,0.983462615291453,94121.7880234909
2340,MFB,BSF,MFB_BSF_1_MINUS_BP,Maheshwari MFB BPF denominator + 1-minus-BP notch + current signature,102129.291875294,8820448.71352271,NaN,1.32247789561026e-11,6.09327441456871e-11,NaN,NaN,NaN,NaN,1,3.5574150907595,5907.17792673551
1680,MFB,LPF,MFB_LPF_Maheshwari,Maheshwari MFB equation + current signature,4113.4731962622,1471.0756101425,12550.6982791808,3.3160001717706e-10,1.39161733354542e-11,NaN,NaN,NaN,NaN,-3.05111949935284,1.13315066030917,545257.317365507
2959,ACTIVE_OTHER,BPF,ACTIVE_OTHER_STATE_VARIABLE_BPF,State-variable/biquad-like active-other equation + current signature,15172.602251218,201773.542210969,36664.6675635943,8.9476229907142e-11,2.86650654636201e-10,NaN,NaN,10083.6348061778,5170.97138448478,1.51280827636843,3.50298738550361,17960.8827877975
2195,MFB,BPF,MFB_BPF_Maheshwari,Maheshwari MFB equation + current signature,523.473703049153,33641.1959431171,NaN,4.36356799334208e-11,7.90744952843726e-11,NaN,NaN,NaN,NaN,-24158429.708442,3.83748587839174,645651.100350512
2980,ACTIVE_OTHER,BPF,ACTIVE_OTHER_STATE_VARIABLE_BPF,State-variable/biquad-like active-other equation + current signature,290928.333274204,10231.0039593185,43652.202863821,8.04927716584004e-11,1.08850836292863e-11,NaN,NaN,9901.32642096111,32973.4388687118,4.33020420364155,4.50129139968161,98553.86706061
874,VCVS,LPF,VCVS_LPF_Maheshwari,Maheshwari VCVS equations + prototype input/supply-current signature,138892.62036745,138892.62036745,NaN,1.32884794823846e-10,1.32884794823846e-10,NaN,NaN,10056.94657572,9463.84417046342,1.94102559849642,0.944309889436565,8623.14462463273
2736,ACTIVE_OTHER,HPF,ACTIVE_OTHER_STATE_VARIABLE_HPF,State-variable/biquad-like active-other equation + current signature,836927.475139964,293631.953485066,22997.8857404075,1.86384950209273e-11,8.05767243378345e-11,NaN,NaN,9943.57468916615,23699.5945994568,3.38340791318019,2.31629497948136,8284.46250454879
901,VCVS,LPF,VCVS_LPF_Maheshwari,Maheshwari VCVS equations + prototype input/supply-current signature,12683.3079579313,12683.3079579313,NaN,5.34769284165935e-10,5.34769284165935e-10,NaN,NaN,10068.6988931286,9677.90438688556,1.96118718909056,0.962637338987513,23465.0313968014
562,PASSIVE,BPF,PASSIVE_RLC_BPF,Passive RLC equation + source-current signature,284845.988927414,NaN,NaN,2.22843917301582e-12,NaN,NaN,5.3857071041555,NaN,NaN,1,5.45771515002515,45940.7810021272
3130,ACTIVE_OTHER,BSF,ACTIVE_OTHER_STATE_VARIABLE_BSF,State-variable/biquad-like active-other equation + current signature,118506.470807218,461907.981068965,6225.88683766303,1.4674913061436e-11,3.37289038841968e-11,NaN,NaN,9513.02067224417,26283.3653643415,3.76288323865705,0.632372518253998,30576.1277128104
8,PASSIVE,LPF,PASSIVE_RC_LPF,Passive RC equation + source-current signature,88739.2068285789,NaN,NaN,5.65615506189885e-11,NaN,NaN,NaN,NaN,NaN,1,NaN,31709.0537420923
2798,ACTIVE_OTHER,HPF,ACTIVE_OTHER_STATE_VARIABLE_HPF,State-variable/biquad-like active-other equation + current signature,2651.1408353845,23665.3211196075,33916.601577652,2.57830694630224e-12,3.69978284344597e-12,NaN,NaN,9713.70283832359,10700.7506879523,2.10161396390824,3.28707186587556,6505671.12019409
2734,ACTIVE_OTHER,HPF,ACTIVE_OTHER_STATE_VARIABLE_HPF,State-variable/biquad-like active-other equation + current signature,711074.192428777,30068.0286200794,52489.6758698069,2.45558101566945e-10,1.81651493142397e-11,NaN,NaN,10086.3467952484,11243.7806491486,2.11475253403397,5.40320707583689,16297.2218002204
1801,MFB,HPF,MFB_HPF_Maheshwari,Maheshwari MFB equation + current signature,10338.0468195635,439.26753646751,NaN,5.35981369239421e-10,6.60682150335217e-10,1.31232897649361e-10,NaN,NaN,NaN,-0.244846006187838,4.39354537003467,253640.548765842
2908,ACTIVE_OTHER,BPF,ACTIVE_OTHER_STATE_VARIABLE_BPF,State-variable/biquad-like active-other equation + current signature,618133.816734515,12332.0831403828,38416.1779088606,2.06482737781792e-12,3.32267402917447e-11,NaN,NaN,9673.36431887757,15500.8590776384,2.60242688755022,3.90730739743162,220077.130310946
1236,VCVS,BPF,VCVS_BPF_Maheshwari,Maheshwari VCVS equations + prototype input/supply-current signature,8936.4578889693,8936.4578889693,NaN,8.51615684005157e-10,8.51615684005157e-10,NaN,NaN,10065.281531592,10407.0583480943,2.03395601160579,1.03514955013823,20912.7462231905
2833,ACTIVE_OTHER,BPF,ACTIVE_OTHER_STATE_VARIABLE_BPF,State-variable/biquad-like active-other equation + current signature,29682.7482568218,242629.653604654,12149.6632190374,7.45664005238589e-11,2.09407380149133e-10,NaN,NaN,10193.1978192648,30366.5691576742,3.97910132777787,1.22791453981702,15008.1982124557
2265,MFB,BSF,MFB_BSF_1_MINUS_BP,Maheshwari MFB BPF denominator + 1-minus-BP notch + current signature,695846.242460148,22605034.237118,NaN,1.78659861552716e-11,1.84783519080821e-11,NaN,NaN,NaN,NaN,1,2.84940571669739,2208.59350394619
2715,ACTIVE_OTHER,HPF,ACTIVE_OTHER_STATE_VARIABLE_HPF,State-variable/biquad-like active-other equation + current signature,1982.80222538303,10929.5197999926,12849.7329439051,1.47858148721093e-12,2.36017377941604e-10,NaN,NaN,10470.5838607384,28380.4389601929,3.71049249379599,1.26985597676419,1830144.02995913
2375,MFB,BSF,MFB_BSF_1_MINUS_BP,Maheshwari MFB BPF denominator + 1-minus-BP notch + current signature,1098.12234339562,168758.223726548,NaN,2.47646714233855e-11,4.71557544900478e-10,NaN,NaN,NaN,NaN,1,2.69915004321511,108187.892477605
1092,VCVS,HPF,VCVS_HPF_Maheshwari,Maheshwari VCVS equations + prototype input/supply-current signature,104375.71921826,104375.71921826,NaN,7.87552649279465e-11,7.87552649279465e-11,NaN,NaN,9961.50450751434,8622.94990648873,1.86562726543808,0.881544460239681,19361.5915376908
2909,ACTIVE_OTHER,BPF,ACTIVE_OTHER_STATE_VARIABLE_BPF,State-variable/biquad-like active-other equation + current signature,342491.79461272,389124.356947944,47698.7909469592,4.50230275547425e-10,1.20419804816652e-12,NaN,NaN,9511.92132132748,8421.50129800261,1.88536280037557,4.83901460240597,18723.3920363799
480,PASSIVE,BPF,PASSIVE_RLC_BPF,Passive RLC equation + source-current signature,5917790.29159965,NaN,NaN,4.4661409531493e-11,NaN,NaN,11871.0704316223,NaN,NaN,1,2.75498448289756,218.579273462548
2120,MFB,BPF,MFB_BPF_Maheshwari,Maheshwari MFB equation + current signature,1387.21503257807,3949.41875353435,NaN,1.06682193191267e-10,6.43722595887785e-10,NaN,NaN,NaN,NaN,-1119843.82518616,0.58924301968531,259469.492108546
2811,ACTIVE_OTHER,BPF,ACTIVE_OTHER_STATE_VARIABLE_BPF,State-variable/biquad-like active-other equation + current signature,1313.00232039764,55436.8038206791,29254.0600798052,1.57806137798324e-11,9.86721606595287e-10,NaN,NaN,9824.26124921556,10982.5804747565,2.11790395187561,2.83627770078032,149495.812759587
1881,MFB,HPF,MFB_HPF_Maheshwari,Maheshwari MFB equation + current signature,216419.449935601,187728.935915933,NaN,4.63616060883248e-11,5.55262678193684e-11,1.28659333692997e-11,NaN,NaN,NaN,-0.277512676001527,0.901161226126799,29541.7682770794
2308,MFB,BSF,MFB_BSF_1_MINUS_BP,Maheshwari MFB BPF denominator + 1-minus-BP notch + current signature,752241.136192406,1000468.81873924,NaN,3.89077990736263e-11,2.97539857990937e-11,NaN,NaN,NaN,NaN,1,0.57147739769941,5391.98785544666
2272,MFB,BSF,MFB_BSF_1_MINUS_BP,Maheshwari MFB BPF denominator + 1-minus-BP notch + current signature,51292.4912100554,13068265.8177485,NaN,6.58437285864766e-10,2.43278180782716e-11,NaN,NaN,NaN,NaN,1,2.95882687709881,1535.94430371621
1295,VCVS,BPF,VCVS_BPF_Maheshwari,Maheshwari VCVS equations + prototype input/supply-current signature,252247.838571325,252247.838571325,NaN,3.70587385256919e-11,3.70587385256919e-11,NaN,NaN,10039.5924051132,2486.00615506416,1.24762022747039,0.5706525581247,17025.5851140878
3094,ACTIVE_OTHER,BSF,ACTIVE_OTHER_STATE_VARIABLE_BSF,State-variable/biquad-like active-other equation + current signature,5434.2204447826,1311.78431059529,53693.8724323487,9.21915084717963e-12,1.55610445245698e-10,NaN,NaN,9634.11738888845,27228.4543438516,3.82625312156313,5.13747103571044,1573821.43593749
2177,MFB,BPF,MFB_BPF_Maheshwari,Maheshwari MFB equation + current signature,3267862.54521563,304801739.537187,NaN,1.37820617277651e-11,1.99782460587554e-11,NaN,NaN,NaN,NaN,-15317.1816069961,4.74685763879218,303.909129403448
1131,VCVS,HPF,VCVS_HPF_Maheshwari,Maheshwari VCVS equations + prototype input/supply-current signature,95347.5314224452,95347.5314224452,NaN,2.00652472850881e-11,2.00652472850881e-11,NaN,NaN,9919.64422211262,6423.61114991118,1.64756467128043,0.739406889752547,83189.0494222635
3056,ACTIVE_OTHER,BSF,ACTIVE_OTHER_STATE_VARIABLE_BSF,State-variable/biquad-like active-other equation + current signature,1572.70130085112,5595.1915657813,51122.3481050244,6.96763855721099e-10,1.43426242837516e-10,NaN,NaN,10483.2564878404,10097.3387270969,1.96318722515364,5.3106534817568,169719.760661921
995,VCVS,LPF,VCVS_LPF_Maheshwari,Maheshwari VCVS equations + prototype input/supply-current signature,40891.4353661155,40891.4353661155,NaN,2.4785906998039e-12,2.4785906998039e-12,NaN,NaN,9974.53068725752,11139.4261232986,2.11678699204657,1.13222970109689,1570301.19240855
834,VCVS,LPF,VCVS_LPF_Maheshwari,Maheshwari VCVS equations + prototype input/supply-current signature,74531.6828999454,74531.6828999454,NaN,2.69131656646876e-12,2.69131656646876e-12,NaN,NaN,9812.6857075149,1686.14494744881,1.1718331757184,0.5469960327023,793440.60000834
2260,MFB,BSF,MFB_BSF_1_MINUS_BP,Maheshwari MFB BPF denominator + 1-minus-BP notch + current signature,993.573238752337,193059.797330042,NaN,2.38287732704267e-10,1.9737902498343e-11,NaN,NaN,NaN,NaN,1,3.70496804417119,167560.992355708
2902,ACTIVE_OTHER,BPF,ACTIVE_OTHER_STATE_VARIABLE_BPF,State-variable/biquad-like active-other equation + current signature,1141.38961846625,2948.55958334745,6495.95639599058,3.52780920327898e-10,1.04188135017341e-10,NaN,NaN,10288.974946542,21976.6857597711,3.13594511347869,0.665154515201863,452518.711603093
1059,VCVS,HPF,VCVS_HPF_Maheshwari,Maheshwari VCVS equations + prototype input/supply-current signature,832009.357489063,832009.357489063,NaN,4.92904383129386e-10,4.92904383129386e-10,NaN,NaN,9880.4657589645,7971.54016123601,1.80679801496235,0.838081073061946,388.087130125671
2293,MFB,BSF,MFB_BSF_1_MINUS_BP,Maheshwari MFB BPF denominator + 1-minus-BP notch + current signature,630641.502006975,3836574.5570555,NaN,1.73996911995234e-10,4.38452795771116e-11,NaN,NaN,NaN,NaN,1,0.988941818509885,1171.45293362942
352,PASSIVE,HPF,PASSIVE_RC_HPF,Passive RC equation + source-current signature,1470.30556375315,NaN,NaN,1.78148316048346e-11,NaN,NaN,NaN,NaN,NaN,1,NaN,6076182.49889452
2312,MFB,BSF,MFB_BSF_1_MINUS_BP,Maheshwari MFB BPF denominator + 1-minus-BP notch + current signature,18805.8649332516,3044761.74938449,NaN,1.79595268330587e-11,2.63243091217549e-11,NaN,NaN,NaN,NaN,1,6.24756386196141,30589.3945807696
128,PASSIVE,LPF,PASSIVE_RC_LPF,Passive RC equation + source-current signature,903608.104308468,NaN,NaN,7.47992791888012e-12,NaN,NaN,NaN,NaN,NaN,1,NaN,23547.3804955239
169,PASSIVE,LPF,PASSIVE_RC_LPF,Passive RC equation + source-current signature,23447.7202825936,NaN,NaN,2.61536374662753e-10,NaN,NaN,NaN,NaN,NaN,1,NaN,25952.9904943507
987,VCVS,LPF,VCVS_LPF_Maheshwari,Maheshwari VCVS equations + prototype input/supply-current signature,2233.59145112975,2233.59145112975,NaN,1.41415817501857e-10,1.41415817501857e-10,NaN,NaN,9805.98908719462,5456.87013894326,1.55648339911669,0.692752684235212,503869.887310731
2549,ACTIVE_OTHER,LPF,ACTIVE_OTHER_STATE_VARIABLE_LPF,State-variable/biquad-like active-other equation + current signature,21320.9152432403,1232.68190015555,21238.6136923137,4.58683857994329e-12,8.54433211121735e-11,NaN,NaN,9801.92022932475,31658.2185274723,4.22979760973358,2.03112850254518,1568180.0028537
1918,MFB,HPF,MFB_HPF_Maheshwari,Maheshwari MFB equation + current signature,496917.008370835,15708.095727708,NaN,6.24282146847157e-10,2.47547999024787e-11,6.67683350328061e-11,NaN,NaN,NaN,-0.106952177585102,2.98683075605589,44309.9691478077
279,PASSIVE,HPF,PASSIVE_RC_HPF,Passive RC equation + source-current signature,30707.2678872769,NaN,NaN,8.36950437257025e-10,NaN,NaN,NaN,NaN,NaN,1,NaN,6192.68819051869
2999,ACTIVE_OTHER,BPF,ACTIVE_OTHER_STATE_VARIABLE_BPF,State-variable/biquad-like active-other equation + current signature,434115.412901631,652884.345934355,34038.4717052946,5.04685250086739e-10,1.20703688348669e-10,NaN,NaN,9581.94746210789,31455.4821565677,4.28278591392401,3.43815330724615,1211.23615091581
1864,MFB,HPF,MFB_HPF_Maheshwari,Maheshwari MFB equation + current signature,4656.53842751784,15399.6881491064,NaN,2.99912563558696e-10,1.09975618430169e-10,1.30525567062671e-11,NaN,NaN,NaN,-0.043521206819042,1.13185601766361,496062.699293357
1342,VCVS,BPF,VCVS_BPF_Maheshwari,Maheshwari VCVS equations + prototype input/supply-current signature,18456.9913964219,18456.9913964219,NaN,9.5303736518141e-11,9.5303736518141e-11,NaN,NaN,10197.8305947693,1216.65104896842,1.11930488917834,0.531718296201189,90479.3128718748
50,PASSIVE,LPF,PASSIVE_RC_LPF,Passive RC equation + source-current signature,412523.724394319,NaN,NaN,1.35985023343893e-10,NaN,NaN,NaN,NaN,NaN,1,NaN,2837.13578412157
750,PASSIVE,BSF,PASSIVE_RLC_BSF,Passive RLC equation + source-current signature,40067531.0854688,NaN,NaN,2.97005286243559e-11,NaN,NaN,80461.3901663076,NaN,NaN,1,1.29902973953845,102.954249278202
2845,ACTIVE_OTHER,BPF,ACTIVE_OTHER_STATE_VARIABLE_BPF,State-variable/biquad-like active-other equation + current signature,1893.74872817609,8795.17555330966,49795.6349646672,5.62493506865079e-11,9.68682241065587e-12,NaN,NaN,10477.5357850796,12466.5204962687,2.18983325392422,5.11340459361008,1670656.91498379
1503,VCVS,BSF,VCVS_BSF_Maheshwari,Maheshwari VCVS equations + prototype input/supply-current signature,65268.8613928245,65268.8613928245,NaN,4.34570369696608e-12,4.34570369696608e-12,NaN,NaN,9843.36373021165,3291.29843780506,1.33436724762118,0.751164960277446,561117.719647859
1875,MFB,HPF,MFB_HPF_Maheshwari,Maheshwari MFB equation + current signature,1729.12015694827,31.3134394931862,NaN,1.77969201318075e-10,8.98997914245775e-10,7.49241048485232e-10,NaN,NaN,NaN,-4.20994780521688,0.793250459061949,833397.195361211
485,PASSIVE,BPF,PASSIVE_RLC_BPF,Passive RLC equation + source-current signature,139445.636728464,NaN,NaN,1.60304650402471e-12,NaN,NaN,0.326455257122306,NaN,NaN,1,3.23618874407808,220006.360971775
2353,MFB,BSF,MFB_BSF_1_MINUS_BP,Maheshwari MFB BPF denominator + 1-minus-BP notch + current signature,484866.729512387,121343518.365823,NaN,7.61347309594713e-11,1.05355256156387e-11,NaN,NaN,NaN,NaN,1,5.16947607074946,732.623989314596
2938,ACTIVE_OTHER,BPF,ACTIVE_OTHER_STATE_VARIABLE_BPF,State-variable/biquad-like active-other equation + current signature,1635.17299667011,2240.82360284042,57364.5937828717,1.77618119978845e-12,1.29024009179102e-12,NaN,NaN,10398.8545815359,29493.8094770451,3.83625559390109,6.0346304406989,54923163.2938331
307,PASSIVE,HPF,PASSIVE_RC_HPF,Passive RC equation + source-current signature,22186.7473167459,NaN,NaN,1.36593244540727e-11,NaN,NaN,NaN,NaN,NaN,1,NaN,525166.812406693
765,PASSIVE,BSF,PASSIVE_RLC_BSF,Passive RLC equation + source-current signature,2197014.38655777,NaN,NaN,4.55364416502967e-12,NaN,NaN,101.801213299306,NaN,NaN,1,2.15210784674422,7392.03661328851
3034,ACTIVE_OTHER,BSF,ACTIVE_OTHER_STATE_VARIABLE_BSF,State-variable/biquad-like active-other equation + current signature,836722.756535293,34818.0265951028,49953.1918284337,5.56011789453191e-10,1.02495275741292e-09,NaN,NaN,10277.2321004639,30077.9476957374,3.92665840390816,4.82349703080678,1235.18878759135
377,PASSIVE,HPF,PASSIVE_RC_HPF,Passive RC equation + source-current signature,44244.3135800474,NaN,NaN,6.54696727083786e-12,NaN,NaN,NaN,NaN,NaN,1,NaN,549442.816973476
495,PASSIVE,BPF,PASSIVE_RLC_BPF,Passive RLC equation + source-current signature,2027738.26990516,NaN,NaN,7.10040458429597e-12,NaN,NaN,16.9270542112422,NaN,NaN,1,0.76144273418601,14517.3681790784
85,PASSIVE,LPF,PASSIVE_RC_LPF,Passive RC equation + source-current signature,92511.818623086,NaN,NaN,7.91142643920541e-11,NaN,NaN,NaN,NaN,NaN,1,NaN,21745.4359498855
3113,ACTIVE_OTHER,BSF,ACTIVE_OTHER_STATE_VARIABLE_BSF,State-variable/biquad-like active-other equation + current signature,621870.870759751,14470.9677104926,14196.1679275135,3.0732107033881e-12,7.82223202692566e-12,NaN,NaN,9569.37218628505,31336.7589160016,4.27469329293241,1.3792445903372,342184.018053835
1953,MFB,HPF,MFB_HPF_Maheshwari,Maheshwari MFB equation + current signature,27104.7623516454,73.6830506432725,NaN,2.47403374367805e-10,5.28918444565784e-11,7.21872439022618e-10,NaN,NaN,NaN,-2.91779544586744,1.25656978229782,576353.512296105
356,PASSIVE,HPF,PASSIVE_RC_HPF,Passive RC equation + source-current signature,2926.60841701953,NaN,NaN,1.11577479536883e-12,NaN,NaN,NaN,NaN,NaN,1,NaN,48739264.0964947
1155,VCVS,HPF,VCVS_HPF_Maheshwari,Maheshwari VCVS equations + prototype input/supply-current signature,2497.81501657264,2497.81501657264,NaN,1.41976586963296e-11,1.41976586963296e-11,NaN,NaN,9902.86512786135,1434.46355119812,1.14485338663881,0.53904095385118,4487899.54860475
2606,ACTIVE_OTHER,HPF,ACTIVE_OTHER_STATE_VARIABLE_HPF,State-variable/biquad-like active-other equation + current signature,54160.5711538296,92692.2805366972,40286.0265827789,8.43490569771218e-11,1.393582621252e-10,NaN,NaN,10449.8326075323,20191.3956920961,2.93222192645862,4.21557022408308,20718.1156734569
925,VCVS,LPF,VCVS_LPF_Maheshwari,Maheshwari VCVS equations + prototype input/supply-current signature,4800.73429456342,4800.73429456342,NaN,2.15109773316566e-12,2.15109773316566e-12,NaN,NaN,10083.1201641402,12688.2034227755,2.25836082643348,1.34836458973848,15411762.9059934
2288,MFB,BSF,MFB_BSF_1_MINUS_BP,Maheshwari MFB BPF denominator + 1-minus-BP notch + current signature,2621.57330697969,1341265.24339794,NaN,1.41187940529361e-11,1.94875771067164e-10,NaN,NaN,NaN,NaN,1,5.67700222778069,51168.6628592858
1266,VCVS,BPF,VCVS_BPF_Maheshwari,Maheshwari VCVS equations + prototype input/supply-current signature,33838.4708154873,33838.4708154873,NaN,2.97615323530721e-11,2.97615323530721e-11,NaN,NaN,10186.6740893904,7342.33650903522,1.72077858235225,0.781725498185306,158035.303431452
1076,VCVS,HPF,VCVS_HPF_Maheshwari,Maheshwari VCVS equations + prototype input/supply-current signature,32814.1032012308,32814.1032012308,NaN,3.73653673740926e-12,3.73653673740926e-12,NaN,NaN,10124.4871218548,9306.16049929012,1.91917352328907,0.925217897180971,1298046.75387898
1164,VCVS,HPF,VCVS_HPF_Maheshwari,Maheshwari VCVS equations + prototype input/supply-current signature,34492.4930730052,34492.4930730052,NaN,1.96176066430196e-10,1.96176066430196e-10,NaN,NaN,9975.2670489043,12770.5957194303,2.28022594852065,1.3893248831973,23520.6610655878
1787,MFB,LPF,MFB_LPF_Maheshwari,Maheshwari MFB equation + current signature,875.520595209063,5277.66520115426,1963.86736224137,7.12547434311838e-10,1.02712249434609e-11,NaN,NaN,NaN,NaN,-2.24308528318791,1.4053978084153,577863.317506847
1430,VCVS,BSF,VCVS_BSF_Maheshwari,Maheshwari VCVS equations + prototype input/supply-current signature,1740.54410410937,1740.54410410937,NaN,3.03307622465355e-11,3.03307622465355e-11,NaN,NaN,9937.43453234036,3204.54293195178,1.32247185342685,0.737976721009947,3014753.26667068
281,PASSIVE,HPF,PASSIVE_RC_HPF,Passive RC equation + source-current signature,11291.8240065853,NaN,NaN,2.73993603940711e-12,NaN,NaN,NaN,NaN,NaN,1,NaN,5144173.48018338
2545,ACTIVE_OTHER,LPF,ACTIVE_OTHER_STATE_VARIABLE_LPF,State-variable/biquad-like active-other equation + current signature,30890.5724635742,865917.046223554,51285.1634012308,4.31366722824955e-10,4.61644412503732e-11,NaN,NaN,10010.0522998676,5687.63033792798,1.56819187028656,5.39715615817838,6895.91496500558
1184,VCVS,HPF,VCVS_HPF_Maheshwari,Maheshwari VCVS equations + prototype input/supply-current signature,47025.6814832644,47025.6814832644,NaN,5.32022179877051e-12,5.32022179877051e-12,NaN,NaN,9873.32819189471,13463.0865963463,2.36358139167282,1.57129283606037,636143.795001521
581,PASSIVE,BPF,PASSIVE_RLC_BPF,Passive RLC equation + source-current signature,2510239.28049235,NaN,NaN,1.88734463337481e-12,NaN,NaN,14.53156324419,NaN,NaN,1,1.10538977181123,30390.5358842701
1681,MFB,LPF,MFB_LPF_Maheshwari,Maheshwari MFB equation + current signature,411573.703826034,670713.824703447,840425.080983189,2.06427013418935e-11,3.75639310296304e-11,NaN,NaN,NaN,NaN,-2.04197953652166,0.193203240894276,7612.60364217228
1717,MFB,LPF,MFB_LPF_Maheshwari,Maheshwari MFB equation + current signature,2001.26846097132,9810.01653104271,1974.77052306298,6.49981942937991e-11,3.95214222467414e-11,NaN,NaN,NaN,NaN,-0.986759428619845,0.262965279908418,713444.206538315
2989,ACTIVE_OTHER,BPF,ACTIVE_OTHER_STATE_VARIABLE_BPF,State-variable/biquad-like active-other equation + current signature,3092.02840204393,6749.67004625965,13877.5108073785,1.28636213407767e-11,5.47213650279268e-12,NaN,NaN,10345.312358886,5964.69395520734,1.57656006394858,1.36187359152695,4152379.49623798
1392,VCVS,BPF,VCVS_BPF_Maheshwari,Maheshwari VCVS equations + prototype input/supply-current signature,31669.7134829813,31669.7134829813,NaN,9.42145423927004e-12,9.42145423927004e-12,NaN,NaN,9847.12065022124,13317.404864092,2.35241613636498,1.54420154076538,533406.193735869
1293,VCVS,BPF,VCVS_BPF_Maheshwari,Maheshwari VCVS equations + prototype input/supply-current signature,79216.7657090434,79216.7657090434,NaN,3.49582011955173e-12,3.49582011955173e-12,NaN,NaN,9892.1384861082,12585.8721275202,2.27231054692521,1.37421257897113,574716.872362735
615,PASSIVE,BSF,PASSIVE_RLC_BSF,Passive RLC equation + source-current signature,3031.55633540139,NaN,NaN,1.36737604975585e-10,NaN,NaN,0.0168430991400627,NaN,NaN,1,3.66101387608323,104873.350909373
2605,ACTIVE_OTHER,HPF,ACTIVE_OTHER_STATE_VARIABLE_HPF,State-variable/biquad-like active-other equation + current signature,297382.125968384,557273.087948269,37347.6226015901,7.90788903301558e-10,4.85970772361689e-10,NaN,NaN,10369.07597403,5959.36938605805,1.5747252118688,3.87222908925399,630.657125612223
1193,VCVS,HPF,VCVS_HPF_Maheshwari,Maheshwari VCVS equations + prototype input/supply-current signature,15269.5733429825,15269.5733429825,NaN,2.59692968830505e-10,2.59692968830505e-10,NaN,NaN,10182.1775918493,9824.76881891873,1.96489859171022,0.966088918429953,40135.9029631191
1762,MFB,LPF,MFB_LPF_Maheshwari,Maheshwari MFB equation + current signature,903583.326375033,358792.008155536,881285.308352403,1.59265265082394e-11,1.50424375188656e-11,NaN,NaN,NaN,NaN,-0.975322676534898,0.363898083980444,18286.0896066055
1248,VCVS,BPF,VCVS_BPF_Maheshwari,Maheshwari VCVS equations + prototype input/supply-current signature,92391.7372064737,92391.7372064737,NaN,4.96594897068693e-12,4.96594897068693e-12,NaN,NaN,10072.4486335242,14129.0825490619,2.40274555504169,1.67432826735983,346884.381459049
2703,ACTIVE_OTHER,HPF,ACTIVE_OTHER_STATE_VARIABLE_HPF,State-variable/biquad-like active-other equation + current signature,255475.040010962,34633.194306427,32850.7456362659,1.88091795479961e-10,3.08536805979651e-10,NaN,NaN,9662.97942059398,20235.7275813956,3.09414992008249,3.18241381332665,7023.62317664442
3036,ACTIVE_OTHER,BSF,ACTIVE_OTHER_STATE_VARIABLE_BSF,State-variable/biquad-like active-other equation + current signature,52975.552338047,60345.6721856053,43064.2317318168,3.43315537923013e-10,7.1685348470993e-12,NaN,NaN,10345.5588320094,24168.9793451719,3.33616953299733,4.28529390411945,56741.0528786595
2178,MFB,BPF,MFB_BPF_Maheshwari,Maheshwari MFB equation + current signature,5481495.14175575,280086645.922623,NaN,3.76441706271038e-11,1.31350357003687e-11,NaN,NaN,NaN,NaN,-13888.959418113,3.13022295120656,182.666925045655
547,PASSIVE,BPF,PASSIVE_RLC_BPF,Passive RLC equation + source-current signature,126328.005543055,NaN,NaN,1.06992971633896e-12,NaN,NaN,0.335325659684375,NaN,NaN,1,4.43155485330713,265710.742449499
2901,ACTIVE_OTHER,BPF,ACTIVE_OTHER_STATE_VARIABLE_BPF,State-variable/biquad-like active-other equation + current signature,2717.8180943242,34246.6594597607,41867.9850256786,9.05854463717951e-11,1.98723784359476e-12,NaN,NaN,10054.7242841381,9619.28578774088,1.9566931440294,4.22053016619605,1229551.41037353
2187,MFB,BPF,MFB_BPF_Maheshwari,Maheshwari MFB equation + current signature,204700.217287169,39404704.2841392,NaN,3.41164304569951e-11,1.0276763573971e-11,NaN,NaN,NaN,NaN,-475362.951552086,5.85205591149788,2992.79498970153
1094,VCVS,HPF,VCVS_HPF_Maheshwari,Maheshwari VCVS equations + prototype input/supply-current signature,2014.21657906619,2014.21657906619,NaN,1.49104349774477e-10,1.49104349774477e-10,NaN,NaN,9907.01334786843,3592.23058686227,1.36259470546037,0.610722344269173,529936.279193631
361,PASSIVE,HPF,PASSIVE_RC_HPF,Passive RC equation + source-current signature,2300.09876335334,NaN,NaN,6.69785087893288e-12,NaN,NaN,NaN,NaN,NaN,1,NaN,10330900.3631637
722,PASSIVE,BSF,PASSIVE_RLC_BSF,Passive RLC equation + source-current signature,32270.8008694085,NaN,NaN,2.04453656737101e-11,NaN,NaN,0.461223766056382,NaN,NaN,1,4.6542387115641,51828.2865897083
2475,ACTIVE_OTHER,LPF,ACTIVE_OTHER_STATE_VARIABLE_LPF,State-variable/biquad-like active-other equation + current signature,41032.2676182866,210500.345469182,50168.3416887883,7.56118783781039e-11,1.8973272679844e-12,NaN,NaN,10191.8001072654,24885.3275852037,3.44170090889673,4.94288296044894,142976.554856309
182,PASSIVE,LPF,PASSIVE_RC_LPF,Passive RC equation + source-current signature,196076.783904981,NaN,NaN,1.53065276671253e-11,NaN,NaN,NaN,NaN,NaN,1,NaN,53029.46869257
1814,MFB,HPF,MFB_HPF_Maheshwari,Maheshwari MFB equation + current signature,53034.8536480008,2491.3518632451,NaN,1.53837913911054e-10,1.9603701319221e-10,2.33710632508901e-10,NaN,NaN,NaN,-1.51920047904464,1.1139143558135,64686.4974008888
1045,VCVS,HPF,VCVS_HPF_Maheshwari,Maheshwari VCVS equations + prototype input/supply-current signature,1108.57703681544,1108.57703681544,NaN,1.64089835905323e-11,1.64089835905323e-11,NaN,NaN,10039.3855120128,11400.4269205055,2.13557019071179,1.1568319246457,8749285.18333029
3020,ACTIVE_OTHER,BSF,ACTIVE_OTHER_STATE_VARIABLE_BSF,State-variable/biquad-like active-other equation + current signature,110415.344511994,519165.475731462,27386.1817414454,2.80299618849921e-11,6.46912282865643e-10,NaN,NaN,10306.55176546,33330.0656979768,4.23387166304009,2.67358143985758,4936.4934074658
2608,ACTIVE_OTHER,HPF,ACTIVE_OTHER_STATE_VARIABLE_HPF,State-variable/biquad-like active-other equation + current signature,63909.1803788164,14798.2198693364,21894.4393829358,1.02728676883974e-10,8.8822292489591e-11,NaN,NaN,9970.58517336758,12707.5202900555,2.27450095145855,2.29292537531831,54178.4945959142
503,PASSIVE,BPF,PASSIVE_RLC_BPF,Passive RLC equation + source-current signature,22284361.541349,NaN,NaN,4.09398554882922e-11,NaN,NaN,37475.0656317296,NaN,NaN,1,1.35768135083837,128.491907950438
2276,MFB,BSF,MFB_BSF_1_MINUS_BP,Maheshwari MFB BPF denominator + 1-minus-BP notch + current signature,54049.4095645463,11961504.9409494,NaN,1.48383545310403e-10,5.20530125391608e-11,NaN,NaN,NaN,NaN,1,6.52283368569861,2252.2465810661
1713,MFB,LPF,MFB_LPF_Maheshwari,Maheshwari MFB equation + current signature,342475.749182133,6457.43829570503,806675.306786983,1.3165443633541e-10,2.40103958559874e-11,NaN,NaN,NaN,NaN,-2.35542314664149,0.204026946603607,39221.4105570856
5,PASSIVE,LPF,PASSIVE_RC_LPF,Passive RC equation + source-current signature,175227.013339175,NaN,NaN,2.12600389615243e-11,NaN,NaN,NaN,NaN,NaN,1,NaN,42722.3385152369
2324,MFB,BSF,MFB_BSF_1_MINUS_BP,Maheshwari MFB BPF denominator + 1-minus-BP notch + current signature,248894.415078143,192340891.414792,NaN,4.69437197727991e-11,8.20160781102585e-10,NaN,NaN,NaN,NaN,1,6.29064308040059,117.22992703984
1198,VCVS,HPF,VCVS_HPF_Maheshwari,Maheshwari VCVS equations + prototype input/supply-current signature,1213.94075085473,1213.94075085473,NaN,6.91613194721018e-10,6.91613194721018e-10,NaN,NaN,9903.18879935143,4940.60461537026,1.49889027821966,0.666173821600452,189565.530633075
334,PASSIVE,HPF,PASSIVE_RC_HPF,Passive RC equation + source-current signature,6364.01508857409,NaN,NaN,9.58920222916252e-10,NaN,NaN,NaN,NaN,NaN,1,NaN,26079.9319171349
858,VCVS,LPF,VCVS_LPF_Maheshwari,Maheshwari VCVS equations + prototype input/supply-current signature,3298.13725649725,3298.13725649725,NaN,9.20348679300816e-11,9.20348679300816e-11,NaN,NaN,9985.81818408439,13386.3249733098,2.34053361743009,1.51637752345017,524323.125347129
2349,MFB,BSF,MFB_BSF_1_MINUS_BP,Maheshwari MFB BPF denominator + 1-minus-BP notch + current signature,8566.18471561645,12516358.905838,NaN,2.03895724633341e-11,7.68493786766874e-10,NaN,NaN,NaN,NaN,1,6.06536207481384,3882.96226563084
519,PASSIVE,BPF,PASSIVE_RLC_BPF,Passive RLC equation + source-current signature,244025.074113455,NaN,NaN,7.35004527832106e-10,NaN,NaN,731.211798508928,NaN,NaN,1,4.08735288593391,217.096853593107
919,VCVS,LPF,VCVS_LPF_Maheshwari,Maheshwari VCVS equations + prototype input/supply-current signature,8406.70081289196,8406.70081289196,NaN,9.91678004321876e-11,9.91678004321876e-11,NaN,NaN,10101.1951267034,655.656040191131,1.0649087590099,0.516771498323946,190907.882037678
2534,ACTIVE_OTHER,LPF,ACTIVE_OTHER_STATE_VARIABLE_LPF,State-variable/biquad-like active-other equation + current signature,53063.5474401505,1135.01698390749,15511.4462740541,1.02629070124064e-09,9.67438136908172e-12,NaN,NaN,10134.3832996032,34584.8996838086,4.41262992146375,1.50317003047935,205813.573188077
2612,ACTIVE_OTHER,HPF,ACTIVE_OTHER_STATE_VARIABLE_HPF,State-variable/biquad-like active-other equation + current signature,1003.79465479487,380734.099690219,43460.4155916641,4.15370090277158e-10,1.16692777991887e-11,NaN,NaN,10084.9568070365,13344.1349572432,2.32317224679958,4.51126008013767,116935.722891845
1676,MFB,LPF,MFB_LPF_Maheshwari,Maheshwari MFB equation + current signature,43988.5704072905,114221.522109677,55917.5986280177,6.07515962261339e-11,2.11192656371819e-11,NaN,NaN,NaN,NaN,-1.27118472162828,0.429847518911395,55597.293536918
984,VCVS,LPF,VCVS_LPF_Maheshwari,Maheshwari VCVS equations + prototype input/supply-current signature,19595.8476016573,19595.8476016573,NaN,5.91473292763741e-11,5.91473292763741e-11,NaN,NaN,10159.36132022,6962.38938780861,1.68531762660626,0.760639999621038,137315.935187231
2215,MFB,BSF,MFB_BSF_1_MINUS_BP,Maheshwari MFB BPF denominator + 1-minus-BP notch + current signature,652.390889795184,68194.9063467829,NaN,2.63144288288374e-11,4.06848223733563e-11,NaN,NaN,NaN,NaN,1,4.99304248978374,729250.999572729
3135,ACTIVE_OTHER,BSF,ACTIVE_OTHER_STATE_VARIABLE_BSF,State-variable/biquad-like active-other equation + current signature,10395.7542039862,26339.5854027745,17914.7749269394,2.73834310310727e-12,9.55653190012389e-11,NaN,NaN,10245.1358099929,10663.8157889451,2.04086622048913,1.84821481662427,594557.107087748
1100,VCVS,HPF,VCVS_HPF_Maheshwari,Maheshwari VCVS equations + prototype input/supply-current signature,9370.38326864294,9370.38326864294,NaN,3.02653153226998e-11,3.02653153226998e-11,NaN,NaN,9882.41127669566,10017.7306566063,2.01369295166147,1.01388305161617,561199.88556848
537,PASSIVE,BPF,PASSIVE_RLC_BPF,Passive RLC equation + source-current signature,2947.87753777295,NaN,NaN,3.31073188962838e-10,NaN,NaN,0.0203008407448543,NaN,NaN,1,2.65635165902905,61390.4919332383
492,PASSIVE,BPF,PASSIVE_RLC_BPF,Passive RLC equation + source-current signature,16349.8589372969,NaN,NaN,1.75290074406985e-10,NaN,NaN,0.235736357511695,NaN,NaN,1,2.24295526419319,24758.7197850759
1359,VCVS,BPF,VCVS_BPF_Maheshwari,Maheshwari VCVS equations + prototype input/supply-current signature,76643.3167679744,76643.3167679744,NaN,2.9684124742494e-12,2.9684124742494e-12,NaN,NaN,9893.98230379057,4551.27943202249,1.46000480820335,0.649352676766048,699554.561747308
57,PASSIVE,LPF,PASSIVE_RC_LPF,Passive RC equation + source-current signature,801739.475248386,NaN,NaN,6.31368555298582e-11,NaN,NaN,NaN,NaN,NaN,1,NaN,3144.15476843297
729,PASSIVE,BSF,PASSIVE_RLC_BSF,Passive RLC equation + source-current signature,397525.911870589,NaN,NaN,5.28230906289329e-10,NaN,NaN,35.2091231858076,NaN,NaN,1,0.649456785457142,1167.02624465066
2386,MFB,BSF,MFB_BSF_1_MINUS_BP,Maheshwari MFB BPF denominator + 1-minus-BP notch + current signature,124018.348959975,12506118.9021669,NaN,1.179477482109e-11,8.68841324493365e-11,NaN,NaN,NaN,NaN,1,3.25768459302524,3992.0945689449
2274,MFB,BSF,MFB_BSF_1_MINUS_BP,Maheshwari MFB BPF denominator + 1-minus-BP notch + current signature,404053.054988464,75122089.3046738,NaN,3.75178339003184e-11,7.86392030638796e-11,NaN,NaN,NaN,NaN,1,6.37613548255511,531.837155793736
2367,MFB,BSF,MFB_BSF_1_MINUS_BP,Maheshwari MFB BPF denominator + 1-minus-BP notch + current signature,19536.3765444824,52941132.9848866,NaN,8.47990511692227e-10,1.24966970277116e-11,NaN,NaN,NaN,NaN,1,6.22763721221711,1520.22682119287
747,PASSIVE,BSF,PASSIVE_RLC_BSF,Passive RLC equation + source-current signature,33945532.3477675,NaN,NaN,1.54413460350806e-12,NaN,NaN,5685.61563155223,NaN,NaN,1,1.78757201343135,1698.59094932724
315,PASSIVE,HPF,PASSIVE_RC_HPF,Passive RC equation + source-current signature,37520.5027841015,NaN,NaN,5.68312071765579e-12,NaN,NaN,NaN,NaN,NaN,1,NaN,746387.918543386
597,PASSIVE,BPF,PASSIVE_RLC_BPF,Passive RLC equation + source-current signature,1275.50320415244,NaN,NaN,1.37393796790874e-10,NaN,NaN,0.000406579851492696,NaN,NaN,1,1.34867656129522,673385.317223961
938,VCVS,LPF,VCVS_LPF_Maheshwari,Maheshwari VCVS equations + prototype input/supply-current signature,228785.865909938,228785.865909938,NaN,1.98823107575706e-12,1.98823107575706e-12,NaN,NaN,9984.24354504739,14029.1847403152,2.40513246466972,1.68104651978492,349884.000377624
1876,MFB,HPF,MFB_HPF_Maheshwari,Maheshwari MFB equation + current signature,105171.441314096,837.421065975768,NaN,2.40074248249159e-11,1.14607627146837e-10,1.62644404398255e-11,NaN,NaN,NaN,-0.677475429307419,4.61121986657309,392801.334188918
657,PASSIVE,BSF,PASSIVE_RLC_BSF,Passive RLC equation + source-current signature,692999.444205262,NaN,NaN,3.89464570740148e-12,NaN,NaN,42.0310586600765,NaN,NaN,1,4.74043613510137,12439.4445621085
2190,MFB,BPF,MFB_BPF_Maheshwari,Maheshwari MFB equation + current signature,2345.75655407313,2184760.6246338,NaN,1.56669282042088e-11,6.1403707616668e-10,NaN,NaN,NaN,NaN,-694260.51561543,4.75349706281645,22666.6588529686
636,PASSIVE,BSF,PASSIVE_RLC_BSF,Passive RLC equation + source-current signature,16673.9755782939,NaN,NaN,6.65023269826418e-11,NaN,NaN,0.0838661180078323,NaN,NaN,1,2.12978462924095,67392.0147499244
2650,ACTIVE_OTHER,HPF,ACTIVE_OTHER_STATE_VARIABLE_HPF,State-variable/biquad-like active-other equation + current signature,200991.643421259,60488.7426002026,45273.0862040722,5.83283483858793e-12,4.03540652273082e-11,NaN,NaN,9509.54114261531,14114.0601444981,2.4841999138369,4.7450537711515,94082.828863357
1656,MFB,LPF,MFB_LPF_Maheshwari,Maheshwari MFB equation + current signature,4523.33710292373,248.158296961094,4081.57256749534,8.44841267752989e-10,7.178807165884e-11,NaN,NaN,NaN,NaN,-0.902336587926899,0.758192749913716,642137.84588605
1376,VCVS,BPF,VCVS_BPF_Maheshwari,Maheshwari VCVS equations + prototype input/supply-current signature,539499.99564375,539499.99564375,NaN,1.43315878034532e-10,1.43315878034532e-10,NaN,NaN,9803.11406493748,9819.84497319678,2.00170669321488,1.00170961099637,2058.4218222367
661,PASSIVE,BSF,PASSIVE_RLC_BSF,Passive RLC equation + source-current signature,356.380762702345,NaN,NaN,2.25876679282545e-10,NaN,NaN,0.000532067555599537,NaN,NaN,1,4.3065891167031,459093.396274929
2336,MFB,BSF,MFB_BSF_1_MINUS_BP,Maheshwari MFB BPF denominator + 1-minus-BP notch + current signature,3652637.63941977,157307526.161313,NaN,1.82703402154469e-11,7.72440162354715e-11,NaN,NaN,NaN,NaN,1,2.58112205781102,176.740608318577
2347,MFB,BSF,MFB_BSF_1_MINUS_BP,Maheshwari MFB BPF denominator + 1-minus-BP notch + current signature,311.51301093248,54438.0024835244,NaN,5.74662234061603e-10,3.79791138924271e-10,NaN,NaN,NaN,NaN,1,6.47048776832841,82727.9387361733
2464,ACTIVE_OTHER,LPF,ACTIVE_OTHER_STATE_VARIABLE_LPF,State-variable/biquad-like active-other equation + current signature,4027.99098894553,7645.37767944423,13924.5659560875,1.91333934822338e-12,1.14401441275645e-12,NaN,NaN,10352.0548946808,31769.7138548182,4.0689282638119,1.43916966100098,19384949.0957098
2452,ACTIVE_OTHER,LPF,ACTIVE_OTHER_STATE_VARIABLE_LPF,State-variable/biquad-like active-other equation + current signature,79175.7732029527,247711.55135415,10644.4706020312,3.84271358865594e-11,7.18012181700665e-10,NaN,NaN,10269.2400160636,34281.5249795462,4.33827283478831,1.01382215213045,6841.72999680015
2505,ACTIVE_OTHER,LPF,ACTIVE_OTHER_STATE_VARIABLE_LPF,State-variable/biquad-like active-other equation + current signature,224085.027934772,7010.38397175692,21347.9623519413,2.88938975452467e-12,1.6653728476512e-11,NaN,NaN,10157.9019222826,32947.8644730181,4.24356985577336,2.21120375994319,578873.947656955
3058,ACTIVE_OTHER,BSF,ACTIVE_OTHER_STATE_VARIABLE_BSF,State-variable/biquad-like active-other equation + current signature,74240.0043300515,11340.094813316,26368.5595514945,1.55772134644806e-12,7.06713034348504e-11,NaN,NaN,9797.28031160579,14222.9464985262,2.45172395258282,2.56181519965511,522788.900290305
3090,ACTIVE_OTHER,BSF,ACTIVE_OTHER_STATE_VARIABLE_BSF,State-variable/biquad-like active-other equation + current signature,868201.57003382,85642.6308382001,23902.4982842984,3.62542378513503e-12,4.99710708287533e-10,NaN,NaN,9575.97957960655,26808.7701389495,3.79958514072468,2.36849956066661,13712.7996379116
1109,VCVS,HPF,VCVS_HPF_Maheshwari,Maheshwari VCVS equations + prototype input/supply-current signature,3006.8748090886,3006.8748090886,NaN,7.43349739919118e-12,7.43349739919118e-12,NaN,NaN,9835.82544764021,12856.039191866,2.30706256026029,1.4431317210622,7120518.04138354
570,PASSIVE,BPF,PASSIVE_RLC_BPF,Passive RLC equation + source-current signature,463.205154690953,NaN,NaN,6.04947111955117e-11,NaN,NaN,0.000472472182521062,NaN,NaN,1,6.03331547096339,941398.074832737
2459,ACTIVE_OTHER,LPF,ACTIVE_OTHER_STATE_VARIABLE_LPF,State-variable/biquad-like active-other equation + current signature,101748.662625711,2312.59490701536,36193.0697578771,5.17315294500339e-10,3.44666789058768e-10,NaN,NaN,10117.0468324885,28516.9911459268,3.81870704150061,3.45841919065219,24571.3272459362
2923,ACTIVE_OTHER,BPF,ACTIVE_OTHER_STATE_VARIABLE_BPF,State-variable/biquad-like active-other equation + current signature,1172.13042682232,112506.858208372,8838.95381765894,4.08524180159562e-10,4.09863719131685e-12,NaN,NaN,10322.0675538162,32421.6892726534,4.14100727432913,0.874693313140291,338699.099055299
1941,MFB,HPF,MFB_HPF_Maheshwari,Maheshwari MFB equation + current signature,139517.465228992,110.669522685352,NaN,8.61405978277236e-10,1.39734965831228e-11,8.76587073469383e-10,NaN,NaN,NaN,-1.01762362413889,2.20413077119867,365966.849200512
1675,MFB,LPF,MFB_LPF_Maheshwari,Maheshwari MFB equation + current signature,23646.4081173442,95632.8315154686,22012.2242770407,1.66733955556901e-11,3.61514654082154e-11,NaN,NaN,NaN,NaN,-0.930890821464555,0.15076817151476,141289.432246696
1855,MFB,HPF,MFB_HPF_Maheshwari,Maheshwari MFB equation + current signature,95590.0502418636,58155.5317801347,NaN,1.93494123611784e-10,2.40124033474899e-10,5.13315986470843e-10,NaN,NaN,NaN,-2.65287636073503,0.179177821968146,6080.06274585419
2716,ACTIVE_OTHER,HPF,ACTIVE_OTHER_STATE_VARIABLE_HPF,State-variable/biquad-like active-other equation + current signature,286759.731586647,19439.4699351112,31108.3737306317,2.36399855784545e-11,4.68875887494488e-11,NaN,NaN,9956.34943218451,9181.38318108332,1.92216361464815,3.01718992981293,64027.4619146999
1755,MFB,LPF,MFB_LPF_Maheshwari,Maheshwari MFB equation + current signature,237297.69221486,10148.4503589721,638183.506751369,7.93703949302177e-11,1.44114913359434e-11,NaN,NaN,NaN,NaN,-2.68937932263382,0.279538581722345,58474.1267268594
2711,ACTIVE_OTHER,HPF,ACTIVE_OTHER_STATE_VARIABLE_HPF,State-variable/biquad-like active-other equation + current signature,9904.88985474785,12953.362484468,36811.7344542388,3.08423899335522e-11,2.61152599077699e-10,NaN,NaN,10494.2314700335,5659.86905728087,1.53933144827639,3.62170589846437,156560.737688938
2437,ACTIVE_OTHER,LPF,ACTIVE_OTHER_STATE_VARIABLE_LPF,State-variable/biquad-like active-other equation + current signature,17794.2212778138,82807.1602602757,36851.5185792154,1.1542942881026e-11,1.27382664253855e-10,NaN,NaN,9566.41755462537,27032.4091406377,3.82576094826297,3.85459544845245,108126.776309973
2467,ACTIVE_OTHER,LPF,ACTIVE_OTHER_STATE_VARIABLE_LPF,State-variable/biquad-like active-other equation + current signature,2177.43625533914,9740.18534911216,42298.1581618097,2.46390755930183e-12,2.72692497422174e-10,NaN,NaN,10472.484234085,6052.99581397388,1.57799044416539,4.40704794529367,1333260.450186
1437,VCVS,BSF,VCVS_BSF_Maheshwari,Maheshwari VCVS equations + prototype input/supply-current signature,820100.794993318,820100.794993318,NaN,2.68484525939743e-12,2.68484525939743e-12,NaN,NaN,10022.6507188183,3699.72096167974,1.3691359766467,0.792563819604572,72282.5788238304
64,PASSIVE,LPF,PASSIVE_RC_LPF,Passive RC equation + source-current signature,129864.478333368,NaN,NaN,1.03369878454253e-12,NaN,NaN,NaN,NaN,NaN,1,NaN,1185593.33921225
933,VCVS,LPF,VCVS_LPF_Maheshwari,Maheshwari VCVS equations + prototype input/supply-current signature,182299.138408921,182299.138408921,NaN,1.78592565580373e-11,1.78592565580373e-11,NaN,NaN,9996.42398289114,2674.6475982779,1.26756043989886,0.577220714090379,48884.6082693485
471,PASSIVE,BPF,PASSIVE_RLC_BPF,Passive RLC equation + source-current signature,285011881.404284,NaN,NaN,2.67862762818022e-12,NaN,NaN,64599.5622115358,NaN,NaN,1,0.544873454813068,382.603705868682
2204,MFB,BSF,MFB_BSF_1_MINUS_BP,Maheshwari MFB BPF denominator + 1-minus-BP notch + current signature,6376.87101367971,1769927.16396084,NaN,1.17600858099654e-11,3.48791370718907e-10,NaN,NaN,NaN,NaN,1,2.95933913871877,23391.0925273672
116,PASSIVE,LPF,PASSIVE_RC_LPF,Passive RC equation + source-current signature,754552.264290383,NaN,NaN,1.78801925044015e-12,NaN,NaN,NaN,NaN,NaN,1,NaN,117966.478368907
1427,VCVS,BSF,VCVS_BSF_Maheshwari,Maheshwari VCVS equations + prototype input/supply-current signature,60139.8836006797,60139.8836006797,NaN,2.78654891582579e-11,2.78654891582579e-11,NaN,NaN,9922.95775469933,1673.34202164228,1.16863339167697,0.601419391871614,94970.9707665333
2869,ACTIVE_OTHER,BPF,ACTIVE_OTHER_STATE_VARIABLE_BPF,State-variable/biquad-like active-other equation + current signature,575350.017090124,81833.2639539397,10150.05715292,1.14398998229573e-10,2.69043822424869e-10,NaN,NaN,9710.38148785306,5446.53016772497,1.56089765109004,0.987225548678895,4180.86848763837
1173,VCVS,HPF,VCVS_HPF_Maheshwari,Maheshwari VCVS equations + prototype input/supply-current signature,211184.15390392,211184.15390392,NaN,7.63711102243266e-11,7.63711102243266e-11,NaN,NaN,9886.23308798046,13009.6092485769,2.31593187544746,1.46184270850819,9868.01269518488
48,PASSIVE,LPF,PASSIVE_RC_LPF,Passive RC equation + source-current signature,26284.7369835871,NaN,NaN,1.89145177987153e-12,NaN,NaN,NaN,NaN,NaN,1,NaN,3201262.01894874
1631,MFB,LPF,MFB_LPF_Maheshwari,Maheshwari MFB equation + current signature,87312.1400168084,54504.7109425544,69160.7850209033,2.02133321796296e-11,1.9476938147436e-11,NaN,NaN,NaN,NaN,-0.792109608212434,0.374893136650507,130645.319431661
384,PASSIVE,HPF,PASSIVE_RC_HPF,Passive RC equation + source-current signature,1697.64166081998,NaN,NaN,3.26068128764122e-12,NaN,NaN,NaN,NaN,NaN,1,NaN,28751847.4842924
1506,VCVS,BSF,VCVS_BSF_Maheshwari,Maheshwari VCVS equations + prototype input/supply-current signature,587245.590872475,587245.590872475,NaN,2.10302355177808e-12,2.10302355177808e-12,NaN,NaN,10023.88508649,3620.02007361729,1.36113942272705,0.782643377580613,128871.306238756
2023,MFB,BPF,MFB_BPF_Maheshwari,Maheshwari MFB equation + current signature,19959.4626879924,2821882.1614801,NaN,4.84604870661312e-11,6.28632100288577e-11,NaN,NaN,NaN,NaN,-796993.171099762,5.89521376527738,12150.2190384998
464,PASSIVE,BPF,PASSIVE_RLC_BPF,Passive RLC equation + source-current signature,12759.0168900334,NaN,NaN,5.93677635738958e-11,NaN,NaN,0.208722220818308,NaN,NaN,1,4.64720452832374,45212.7000735012
1559,VCVS,BSF,VCVS_BSF_Maheshwari,Maheshwari VCVS equations + prototype input/supply-current signature,139711.929562079,139711.929562079,NaN,1.28638511635214e-12,1.28638511635214e-12,NaN,NaN,10017.2688304868,5778.18724966058,1.5768226197619,1.18153763256124,885555.193335898
2837,ACTIVE_OTHER,BPF,ACTIVE_OTHER_STATE_VARIABLE_BPF,State-variable/biquad-like active-other equation + current signature,592075.936658091,9627.27799691834,37678.7527535753,3.27028917150735e-11,1.35587160456136e-10,NaN,NaN,9692.39212218564,31838.8787811397,4.28493506863608,3.90226955820179,31657.5505482193
992,VCVS,LPF,VCVS_LPF_Maheshwari,Maheshwari VCVS equations + prototype input/supply-current signature,4576.18496267735,4576.18496267735,NaN,3.27721982120479e-11,3.27721982120479e-11,NaN,NaN,10054.6856008697,10727.3739572483,2.06690297271159,1.07169990982182,1061233.59323219
1220,VCVS,BPF,VCVS_BPF_Maheshwari,Maheshwari VCVS equations + prototype input/supply-current signature,282119.461235383,282119.461235383,NaN,1.1691940498435e-11,1.1691940498435e-11,NaN,NaN,9888.31854340594,1611.83891003254,1.16300434729698,0.54436710208245,48250.3523700464
895,VCVS,LPF,VCVS_LPF_Maheshwari,Maheshwari VCVS equations + prototype input/supply-current signature,24773.4232733097,24773.4232733097,NaN,4.75827441480174e-10,4.75827441480174e-10,NaN,NaN,10048.7605850916,7858.76073800468,1.78206269036442,0.821060322307733,13501.5809311779
543,PASSIVE,BPF,PASSIVE_RLC_BPF,Passive RLC equation + source-current signature,856.145430671071,NaN,NaN,2.48988269212499e-10,NaN,NaN,0.00210422828379454,NaN,NaN,1,3.39554461075712,219879.25741066
950,VCVS,LPF,VCVS_LPF_Maheshwari,Maheshwari VCVS equations + prototype input/supply-current signature,451590.848038167,451590.848038167,NaN,4.37519380531955e-12,4.37519380531955e-12,NaN,NaN,9974.75969167689,2194.535747245,1.22000888393092,0.561800556740078,80552.2552956006
1030,VCVS,HPF,VCVS_HPF_Maheshwari,Maheshwari VCVS equations + prototype input/supply-current signature,228718.286152521,228718.286152521,NaN,7.04179815069103e-12,7.04179815069103e-12,NaN,NaN,9992.38469704206,9256.80606877781,1.92638607794174,0.931433525082148,98817.9116269096
1382,VCVS,BPF,VCVS_BPF_Maheshwari,Maheshwari VCVS equations + prototype input/supply-current signature,21776.2538855806,21776.2538855806,NaN,1.20224609136276e-10,1.20224609136276e-10,NaN,NaN,10160.74720209,5194.00390302694,1.51118326238434,0.671674340255941,60791.6017727693
255,PASSIVE,HPF,PASSIVE_RC_HPF,Passive RC equation + source-current signature,15349.3267534695,NaN,NaN,1.85878240344203e-10,NaN,NaN,NaN,NaN,NaN,1,NaN,55783.0489313103
559,PASSIVE,BPF,PASSIVE_RLC_BPF,Passive RLC equation + source-current signature,64206.1244453951,NaN,NaN,4.0650958618593e-10,NaN,NaN,0.962640963514532,NaN,NaN,1,0.757914677027919,8045.49124767817
1512,VCVS,BSF,VCVS_BSF_Maheshwari,Maheshwari VCVS equations + prototype input/supply-current signature,3958.53213520682,3958.53213520682,NaN,1.30747154420199e-10,1.30747154420199e-10,NaN,NaN,10169.2110019657,4109.36355517858,1.40409856323999,0.839064934494131,307506.082869622
2192,MFB,BPF,MFB_BPF_Maheshwari,Maheshwari MFB equation + current signature,61521.3343120465,1582282.70524337,NaN,3.28182888864057e-10,1.37744266739241e-10,NaN,NaN,NaN,NaN,-118005.085090628,2.31422657762789,2399.2222781728
410,PASSIVE,BPF,PASSIVE_RLC_BPF,Passive RLC equation + source-current signature,9658.30464158765,NaN,NaN,7.08740842298223e-11,NaN,NaN,0.00491507513297936,NaN,NaN,1,0.862224681458576,269656.765545174
3145,ACTIVE_OTHER,BSF,ACTIVE_OTHER_STATE_VARIABLE_BSF,State-variable/biquad-like active-other equation + current signature,4977.58024072657,1565.58103005693,7836.50903656682,1.19998778434498e-11,2.39972808366938e-11,NaN,NaN,9916.15998572626,15951.3307918369,2.60861974945926,0.751314738172546,3359725.47216196
2173,MFB,BPF,MFB_BPF_Maheshwari,Maheshwari MFB equation + current signature,868.040026798113,2172613.52875116,NaN,7.01023340679272e-10,1.15760814413917e-11,NaN,NaN,NaN,NaN,-99517320.6475205,6.3244523364612,40682.9081530582
2305,MFB,BSF,MFB_BSF_1_MINUS_BP,Maheshwari MFB BPF denominator + 1-minus-BP notch + current signature,110.471428143549,38362.9549237343,NaN,5.04066833245905e-11,3.48940810214521e-10,NaN,NaN,NaN,NaN,1,6.18870843298158,582933.719805544
2478,ACTIVE_OTHER,LPF,ACTIVE_OTHER_STATE_VARIABLE_LPF,State-variable/biquad-like active-other equation + current signature,6674.89307183161,16749.1022193164,54442.5639823095,2.3124873458922e-11,3.56671509746893e-10,NaN,NaN,9723.3315960142,28848.70777645,3.96695710637656,5.68029381731509,165740.374619341
2043,MFB,BPF,MFB_BPF_Maheshwari,Maheshwari MFB equation + current signature,12053.658282835,2633435.99064262,NaN,8.03232215916863e-11,2.71080412716564e-10,NaN,NaN,NaN,NaN,-306043.377796044,6.20676532823179,6053.82248704163
2319,MFB,BSF,MFB_BSF_1_MINUS_BP,Maheshwari MFB BPF denominator + 1-minus-BP notch + current signature,643910.854568118,49629957.3382127,NaN,8.65054887442311e-11,2.3874356337898e-10,NaN,NaN,NaN,NaN,1,3.87909759473566,195.905955970278
341,PASSIVE,HPF,PASSIVE_RC_HPF,Passive RC equation + source-current signature,211858.67014757,NaN,NaN,1.91676439497629e-11,NaN,NaN,NaN,NaN,NaN,1,NaN,39192.6975683683
1825,MFB,HPF,MFB_HPF_Maheshwari,Maheshwari MFB equation + current signature,187812.38983074,2154.51959680688,NaN,8.68775504747004e-11,3.01396209461928e-11,1.39936136885571e-11,NaN,NaN,NaN,-0.161072838864537,9.08638984777221,385255.594961557
1846,MFB,HPF,MFB_HPF_Maheshwari,Maheshwari MFB equation + current signature,101164.888799597,24786.5131992423,NaN,5.94041822332943e-11,1.05513381319956e-10,2.75363262710713e-11,NaN,NaN,NaN,-0.463541879306235,1.22067003838082,58964.5161068912
668,PASSIVE,BSF,PASSIVE_RLC_BSF,Passive RLC equation + source-current signature,21093380.6455659,NaN,NaN,2.44153350064063e-12,NaN,NaN,12912.6286336556,NaN,NaN,1,3.44770260282079,896.357914187308
1637,MFB,LPF,MFB_LPF_Maheshwari,Maheshwari MFB equation + current signature,115389.372062929,19915.45929906,104404.59272481,3.99791241478349e-10,3.97724889099304e-10,NaN,NaN,NaN,NaN,-0.904802503543146,0.321184403662109,8753.00434477525
67,PASSIVE,LPF,PASSIVE_RC_LPF,Passive RC equation + source-current signature,79200.6718921169,NaN,NaN,5.18574395391497e-10,NaN,NaN,NaN,NaN,NaN,1,NaN,3875.07574595064
1683,MFB,LPF,MFB_LPF_Maheshwari,Maheshwari MFB equation + current signature,40227.6175177424,67403.7701845205,130180.176085587,6.26176440248553e-11,4.1258573556443e-11,NaN,NaN,NaN,NaN,-3.23608963489253,0.277598287249154,33427.2110658081
1433,VCVS,BSF,VCVS_BSF_Maheshwari,Maheshwari VCVS equations + prototype input/supply-current signature,6596.24031109925,6596.24031109925,NaN,7.77191851679084e-10,7.77191851679084e-10,NaN,NaN,10036.0896776613,2776.61031481564,1.27666256520166,0.691240320141032,31045.268745428
1692,MFB,LPF,MFB_LPF_Maheshwari,Maheshwari MFB equation + current signature,4821.82322822327,681.295203210186,9529.3212659288,5.2171662826802e-11,1.10955921422097e-10,NaN,NaN,NaN,NaN,-1.97629004940526,0.151179751553004,820973.048582584
2518,ACTIVE_OTHER,LPF,ACTIVE_OTHER_STATE_VARIABLE_LPF,State-variable/biquad-like active-other equation + current signature,521824.088635645,5512.32411410666,46314.367505296,2.1890499720213e-10,2.43506389587332e-10,NaN,NaN,9892.53218405493,18183.3343687864,2.8380869559459,4.49232356968151,12853.0938493591
2506,ACTIVE_OTHER,LPF,ACTIVE_OTHER_STATE_VARIABLE_LPF,State-variable/biquad-like active-other equation + current signature,1860.06344570422,17473.6941040951,16341.5862974965,6.92416582621079e-10,3.58431168543579e-11,NaN,NaN,9518.62633777829,6941.91213080299,1.72929768271829,1.59686033825855,177205.531424916
1396,VCVS,BPF,VCVS_BPF_Maheshwari,Maheshwari VCVS equations + prototype input/supply-current signature,87347.9919156859,87347.9919156859,NaN,3.12411566848175e-10,3.12411566848175e-10,NaN,NaN,10039.6574325936,10988.6013737877,2.09451955383591,1.10438607949661,5832.30330941527
2030,MFB,BPF,MFB_BPF_Maheshwari,Maheshwari MFB equation + current signature,1422.29723351771,70847.6066149123,NaN,1.17615890660566e-10,2.18461473571161e-11,NaN,NaN,NaN,NaN,-32183611.4176468,2.56526261405178,312782.125873191
2686,ACTIVE_OTHER,HPF,ACTIVE_OTHER_STATE_VARIABLE_HPF,State-variable/biquad-like active-other equation + current signature,44154.18807404,520881.198915947,36539.0669912986,5.61747900256845e-12,1.42903737772407e-10,NaN,NaN,9989.21498415414,33707.3084605062,4.37437010956076,3.7575696686469,37040.1141183214
1226,VCVS,BPF,VCVS_BPF_Maheshwari,Maheshwari VCVS equations + prototype input/supply-current signature,5420.37336515955,5420.37336515955,NaN,6.86219955848802e-11,6.86219955848802e-11,NaN,NaN,10079.785581897,9442.31737457131,1.93675776115014,0.940519444639188,427885.515746687
2410,ACTIVE_OTHER,LPF,ACTIVE_OTHER_STATE_VARIABLE_LPF,State-variable/biquad-like active-other equation + current signature,35142.0141312598,112163.877179884,32861.5761048294,1.71100457306219e-12,5.45306351019694e-10,NaN,NaN,10474.422457079,12246.6993590936,2.16920044129181,3.29805805496485,82991.6573311035
437,PASSIVE,BPF,PASSIVE_RLC_BPF,Passive RLC equation + source-current signature,4333038.0996321,NaN,NaN,1.52727925688278e-12,NaN,NaN,548.511286263573,NaN,NaN,1,4.37362002834637,5498.80249335692
2794,ACTIVE_OTHER,HPF,ACTIVE_OTHER_STATE_VARIABLE_HPF,State-variable/biquad-like active-other equation + current signature,624039.247233981,3475.20638573134,5348.67491137656,6.1746311173898e-10,8.48718938662807e-11,NaN,NaN,9812.68555516606,26457.3407421887,3.69623851630095,0.543746037240965,14929.1961254446
1660,MFB,LPF,MFB_LPF_Maheshwari,Maheshwari MFB equation + current signature,3370.65718129146,1878.63043083448,12440.8575928189,1.21022722319902e-10,3.52507771116435e-11,NaN,NaN,NaN,NaN,-3.69092937183611,0.421470259365146,504030.118959245
2228,MFB,BSF,MFB_BSF_1_MINUS_BP,Maheshwari MFB BPF denominator + 1-minus-BP notch + current signature,4035.33924021888,170790.072058485,NaN,2.23953304190617e-10,7.63718203748992e-11,NaN,NaN,NaN,NaN,1,2.83298926020807,46355.7366631793
139,PASSIVE,LPF,PASSIVE_RC_LPF,Passive RC equation + source-current signature,1956.14277534977,NaN,NaN,2.19767580690398e-11,NaN,NaN,NaN,NaN,NaN,1,NaN,3702166.56571276
235,PASSIVE,HPF,PASSIVE_RC_HPF,Passive RC equation + source-current signature,87798.3794873557,NaN,NaN,1.73656977464426e-10,NaN,NaN,NaN,NaN,NaN,1,NaN,10438.5792744433
3193,ACTIVE_OTHER,BSF,ACTIVE_OTHER_STATE_VARIABLE_BSF,State-variable/biquad-like active-other equation + current signature,5229.29521091358,10718.1133544533,40146.2450705361,4.47343474651836e-10,1.5811733432835e-10,NaN,NaN,10036.5166756367,35968.7079379647,4.58378400598662,4.06080994862616,79933.546719905
3140,ACTIVE_OTHER,BSF,ACTIVE_OTHER_STATE_VARIABLE_BSF,State-variable/biquad-like active-other equation + current signature,2279.13268085019,9048.92333994224,26144.8899576545,2.99583857901393e-12,2.09831514617706e-12,NaN,NaN,10423.5459848233,18110.4633111202,2.73745703597308,2.60201975892145,13977912.2755612
2017,MFB,BPF,MFB_BPF_Maheshwari,Maheshwari MFB equation + current signature,34616.1433794401,1749712.02129504,NaN,1.98745329911554e-10,4.55117060291939e-11,NaN,NaN,NaN,NaN,-634743.414015576,2.76826007170218,6799.66441306348
756,PASSIVE,BSF,PASSIVE_RLC_BSF,Passive RLC equation + source-current signature,25592.8334056062,NaN,NaN,4.25222844918519e-10,NaN,NaN,3.56151233942323,NaN,NaN,1,3.57594279438399,4089.72974877427
258,PASSIVE,HPF,PASSIVE_RC_HPF,Passive RC equation + source-current signature,3900.69958104446,NaN,NaN,2.28086762614055e-11,NaN,NaN,NaN,NaN,NaN,1,NaN,1788864.91750803
2411,ACTIVE_OTHER,LPF,ACTIVE_OTHER_STATE_VARIABLE_LPF,State-variable/biquad-like active-other equation + current signature,532485.172676006,61775.758724648,41320.3623203606,2.03382986883308e-10,2.81131722336014e-10,NaN,NaN,10264.3055347716,26038.3481004532,3.5367861480979,3.98075997798642,3669.82276882329
512,PASSIVE,BPF,PASSIVE_RLC_BPF,Passive RLC equation + source-current signature,2710282.47914493,NaN,NaN,1.98669779515847e-10,NaN,NaN,806.785641266856,NaN,NaN,1,0.743530208034948,397.534794531145
2858,ACTIVE_OTHER,BPF,ACTIVE_OTHER_STATE_VARIABLE_BPF,State-variable/biquad-like active-other equation + current signature,7550.06012461441,8669.95512655164,49258.4657050571,8.89650585458347e-11,6.42772675719184e-11,NaN,NaN,9765.17972059473,27311.9325454903,3.79686942042547,4.77481003198369,260134.566022731
1634,MFB,LPF,MFB_LPF_Maheshwari,Maheshwari MFB equation + current signature,75583.3326738031,1164615.31522263,228896.189636915,1.34209661471407e-10,1.74635155373162e-11,NaN,NaN,NaN,NaN,-3.02839503815964,0.290893362952764,6367.24958315007
3002,ACTIVE_OTHER,BSF,ACTIVE_OTHER_STATE_VARIABLE_BSF,State-variable/biquad-like active-other equation + current signature,2602.1060698804,86939.243086292,5701.63902596448,3.43565938699338e-10,5.76111264363537e-12,NaN,NaN,10076.6968568757,30122.4156606243,3.98931446370452,0.598495896320092,237843.601458703
703,PASSIVE,BSF,PASSIVE_RLC_BSF,Passive RLC equation + source-current signature,14662235.5576125,NaN,NaN,5.6039868876721e-12,NaN,NaN,27535.3726360221,NaN,NaN,1,4.78075768062206,405.159566080902
1894,MFB,HPF,MFB_HPF_Maheshwari,Maheshwari MFB equation + current signature,205603.534201806,22263.6114328053,NaN,4.49844124210871e-11,3.2958252336079e-11,9.05337129834411e-11,NaN,NaN,NaN,-2.01255741957857,0.489572976762804,43064.53713545
1212,VCVS,BPF,VCVS_BPF_Maheshwari,Maheshwari VCVS equations + prototype input/supply-current signature,20877.8311723068,20877.8311723068,NaN,2.46204281097624e-12,2.46204281097624e-12,NaN,NaN,10041.7627214946,3381.06257618053,1.33670010634122,0.601214491633429,3096272.3174795
2491,ACTIVE_OTHER,LPF,ACTIVE_OTHER_STATE_VARIABLE_LPF,State-variable/biquad-like active-other equation + current signature,524227.929380757,30135.2387865029,23350.6993419229,2.01578628409772e-10,5.11433299422397e-12,NaN,NaN,9870.0014553719,33232.7070482237,4.36704175764192,2.43159195520661,39437.1926359092
1850,MFB,HPF,MFB_HPF_Maheshwari,Maheshwari MFB equation + current signature,44712.0661395849,218.397068698091,NaN,2.94362558186588e-10,3.91591473179518e-10,3.8352821330365e-11,NaN,NaN,NaN,-0.130291099406923,18.5809064216069,415593.82656135
1276,VCVS,BPF,VCVS_BPF_Maheshwari,Maheshwari VCVS equations + prototype input/supply-current signature,14740.1091100942,14740.1091100942,NaN,8.86256996467322e-12,8.86256996467322e-12,NaN,NaN,9819.66807749284,9133.29320539177,1.93010202924534,0.934668564045076,1218315.46380732
3166,ACTIVE_OTHER,BSF,ACTIVE_OTHER_STATE_VARIABLE_BSF,State-variable/biquad-like active-other equation + current signature,73253.2444443606,4276.50968633718,28598.0128826322,5.89544487972767e-12,2.43775334437084e-10,NaN,NaN,10444.395028592,24845.2351591111,3.37881036585614,2.87823568856042,237196.784428234
1935,MFB,HPF,MFB_HPF_Maheshwari,Maheshwari MFB equation + current signature,371378.571119213,331293.51349175,NaN,3.01666655667709e-11,1.5165962700929e-10,4.65626871037482e-11,NaN,NaN,NaN,-1.54351454590453,0.252388808031794,5399.4712789103
414,PASSIVE,BPF,PASSIVE_RLC_BPF,Passive RLC equation + source-current signature,1976.67356330979,NaN,NaN,3.32694264350076e-11,NaN,NaN,0.00333961287219355,NaN,NaN,1,5.06862839722904,477473.652364684
3132,ACTIVE_OTHER,BSF,ACTIVE_OTHER_STATE_VARIABLE_BSF,State-variable/biquad-like active-other equation + current signature,76597.0816699407,100754.63809147,42283.744572529,3.75644387847453e-12,1.03963398409091e-11,NaN,NaN,10158.2601680639,14233.3861348157,2.40116377207619,4.31244547520313,289903.067074665
2029,MFB,BPF,MFB_BPF_Maheshwari,Maheshwari MFB equation + current signature,115384.308191399,8980361.48998241,NaN,1.51101896790402e-10,2.49284935761157e-11,NaN,NaN,NaN,NaN,-347661.992245515,3.07587624202881,2547.51571319105
274,PASSIVE,HPF,PASSIVE_RC_HPF,Passive RC equation + source-current signature,11145.3349541981,NaN,NaN,7.3873647228945e-10,NaN,NaN,NaN,NaN,NaN,1,NaN,19330.2497607757
3097,ACTIVE_OTHER,BSF,ACTIVE_OTHER_STATE_VARIABLE_BSF,State-variable/biquad-like active-other equation + current signature,4746.44948396918,3747.21453010066,45187.8750764253,2.3475825949178e-12,8.32202097512608e-12,NaN,NaN,10373.1991290509,35814.6720145301,4.45261587760604,4.67013529485753,8538008.40267251
1632,MFB,LPF,MFB_LPF_Maheshwari,Maheshwari MFB equation + current signature,38671.9751205661,4279.0492574395,36402.066379212,4.15452422338282e-10,2.20655917475574e-10,NaN,NaN,NaN,NaN,-0.941303521884327,0.383040385645282,42117.7374504869
2942,ACTIVE_OTHER,BPF,ACTIVE_OTHER_STATE_VARIABLE_BPF,State-variable/biquad-like active-other equation + current signature,112590.244693357,533668.774314256,46391.9317613798,9.3922919198078e-11,3.65151934998342e-10,NaN,NaN,9691.0064524843,14625.4345908386,2.50917602444577,4.67966238790857,3505.99473523016
1490,VCVS,BSF,VCVS_BSF_Maheshwari,Maheshwari VCVS equations + prototype input/supply-current signature,113551.691990632,113551.691990632,NaN,3.70965526562936e-12,3.70965526562936e-12,NaN,NaN,10098.4723691475,2377.8599563002,1.23546729340618,0.65399425778345,377826.98163292
1348,VCVS,BPF,VCVS_BPF_Maheshwari,Maheshwari VCVS equations + prototype input/supply-current signature,31144.0636165388,31144.0636165388,NaN,1.20528949475202e-11,1.20528949475202e-11,NaN,NaN,10113.2692442935,11920.2193721022,2.17867121740364,1.21753921351548,423987.919423728
1851,MFB,HPF,MFB_HPF_Maheshwari,Maheshwari MFB equation + current signature,677360.658814372,24469.7797302241,NaN,6.4221349921727e-10,1.31579905429519e-10,2.63338505158054e-11,NaN,NaN,NaN,-0.0410048224584208,9.43958545527038,21001.1534939087
1343,VCVS,BPF,VCVS_BPF_Maheshwari,Maheshwari VCVS equations + prototype input/supply-current signature,156179.926635065,156179.926635065,NaN,5.41252512067335e-10,5.41252512067335e-10,NaN,NaN,9912.00858509418,7495.6887256307,1.7562229856119,0.804002637475954,1882.76012645146
2690,ACTIVE_OTHER,HPF,ACTIVE_OTHER_STATE_VARIABLE_HPF,State-variable/biquad-like active-other equation + current signature,1510.87014543104,26124.3272205402,47572.5347481846,8.33572648881237e-10,1.25829288173184e-10,NaN,NaN,10282.9203041956,9490.36893067172,1.92292545793625,4.60858423169281,78220.6474516676
727,PASSIVE,BSF,PASSIVE_RLC_BSF,Passive RLC equation + source-current signature,765116.880822431,NaN,NaN,2.6110471960691e-12,NaN,NaN,1.50033567907547,NaN,NaN,1,0.990738576919873,80411.57192996
1088,VCVS,HPF,VCVS_HPF_Maheshwari,Maheshwari VCVS equations + prototype input/supply-current signature,4742.59632036665,4742.59632036665,NaN,6.7599016507056e-10,6.7599016507056e-10,NaN,NaN,10069.3176767908,9930.8640460227,1.98624994908173,0.986436448604058,49643.6373221936
2722,ACTIVE_OTHER,HPF,ACTIVE_OTHER_STATE_VARIABLE_HPF,State-variable/biquad-like active-other equation + current signature,85636.1714671843,62783.4263092165,21273.1904704347,1.30922533988216e-10,3.13974153791505e-12,NaN,NaN,9749.03309889733,13688.1637541437,2.40405347025562,2.1449555310825,107056.946724168
767,PASSIVE,BSF,PASSIVE_RLC_BSF,Passive RLC equation + source-current signature,788345.290016394,NaN,NaN,8.97064756776734e-12,NaN,NaN,108.676426240369,NaN,NaN,1,4.41508734302859,5097.30428890925
1071,VCVS,HPF,VCVS_HPF_Maheshwari,Maheshwari VCVS equations + prototype input/supply-current signature,4310.77066049913,4310.77066049913,NaN,1.3489772719498e-10,1.3489772719498e-10,NaN,NaN,10084.9627520114,1340.18530791827,1.13288946532311,0.535586930407981,273691.040532645
146,PASSIVE,LPF,PASSIVE_RC_LPF,Passive RC equation + source-current signature,7358.77762591036,NaN,NaN,7.83608724303851e-10,NaN,NaN,NaN,NaN,NaN,1,NaN,27600.3881606591
2878,ACTIVE_OTHER,BPF,ACTIVE_OTHER_STATE_VARIABLE_BPF,State-variable/biquad-like active-other equation + current signature,37766.5268444059,2896.72536218406,27262.2301323988,1.21803485612435e-10,4.21683090012758e-10,NaN,NaN,9984.67615606522,25716.3567457471,3.57558245693584,2.84906206731513,67141.3386717863
218,PASSIVE,HPF,PASSIVE_RC_HPF,Passive RC equation + source-current signature,6209.34377738966,NaN,NaN,3.66761232839951e-10,NaN,NaN,NaN,NaN,NaN,1,NaN,69886.1317662052
1451,VCVS,BSF,VCVS_BSF_Maheshwari,Maheshwari VCVS equations + prototype input/supply-current signature,19159.3536735336,19159.3536735336,NaN,1.02631771267823e-12,1.02631771267823e-12,NaN,NaN,10134.7768610663,3466.5284260711,1.34204289582221,0.759927960083087,8093892.89253453
1590,VCVS,BSF,VCVS_BSF_Maheshwari,Maheshwari VCVS equations + prototype input/supply-current signature,445273.431826911,445273.431826911,NaN,3.12765430401871e-12,3.12765430401871e-12,NaN,NaN,9978.44031336892,6446.37828382306,1.64603065021959,1.41255168084519,114281.150488171
3060,ACTIVE_OTHER,BSF,ACTIVE_OTHER_STATE_VARIABLE_BSF,State-variable/biquad-like active-other equation + current signature,50967.1907940592,485055.030038664,23816.7033527226,1.90412147430019e-10,7.4405873516069e-10,NaN,NaN,10071.9483850197,20450.1201047526,3.0304035845903,2.48683456195383,2689.23244104787
2246,MFB,BSF,MFB_BSF_1_MINUS_BP,Maheshwari MFB BPF denominator + 1-minus-BP notch + current signature,17083.5178616572,648975.392691961,NaN,2.14966405719023e-11,1.02195669336616e-10,NaN,NaN,NaN,NaN,1,2.33552384549177,32248.9678954153
1428,VCVS,BSF,VCVS_BSF_Maheshwari,Maheshwari VCVS equations + prototype input/supply-current signature,4896.91096947666,4896.91096947666,NaN,7.43172648635191e-10,7.43172648635191e-10,NaN,NaN,10028.3915805172,5667.32542299273,1.56512805443328,1.14976375251893,43732.8928149597
1625,MFB,LPF,MFB_LPF_Maheshwari,Maheshwari MFB equation + current signature,37947.2156750451,3446.72128998107,31188.5044517086,7.31021772722444e-10,2.43876394092693e-11,NaN,NaN,NaN,NaN,-0.821891775111681,1.5150237900357,114966.082967845
735,PASSIVE,BSF,PASSIVE_RLC_BSF,Passive RLC equation + source-current signature,80843.3802123946,NaN,NaN,6.39572476341561e-11,NaN,NaN,4.79877869122199,NaN,NaN,1,3.38825442399273,9084.68530473567
2059,MFB,BPF,MFB_BPF_Maheshwari,Maheshwari MFB equation + current signature,50699.2660561015,3069349.3780785,NaN,8.17922481173251e-11,2.44860016885891e-11,NaN,NaN,NaN,NaN,-805527.650432275,3.27637001946229,9015.31949240279
1265,VCVS,BPF,VCVS_BPF_Maheshwari,Maheshwari VCVS equations + prototype input/supply-current signature,1591.93534775822,1591.93534775822,NaN,4.27656990176881e-12,4.27656990176881e-12,NaN,NaN,10180.0720638252,987.298203178931,1.09698341986078,0.525481496291977,23377557.3191669
804,VCVS,LPF,VCVS_LPF_Maheshwari,Maheshwari VCVS equations + prototype input/supply-current signature,20232.7584842047,20232.7584842047,NaN,3.26688857266282e-11,3.26688857266282e-11,NaN,NaN,10036.2429193207,12850.4473946079,2.2804041809181,1.38966899679302,240785.71183811
2302,MFB,BSF,MFB_BSF_1_MINUS_BP,Maheshwari MFB BPF denominator + 1-minus-BP notch + current signature,2135.69905629929,763179.947146373,NaN,3.95518288455215e-11,6.2396430596543e-10,NaN,NaN,NaN,NaN,1,4.47563969898237,25094.2066671363
846,VCVS,LPF,VCVS_LPF_Maheshwari,Maheshwari VCVS equations + prototype input/supply-current signature,1978.63913483313,1978.63913483313,NaN,9.22755536940917e-12,9.22755536940917e-12,NaN,NaN,9979.6691333248,12431.6039707242,2.2456929989003,1.32572016240352,8716996.61255442
1388,VCVS,BPF,VCVS_BPF_Maheshwari,Maheshwari VCVS equations + prototype input/supply-current signature,232591.616480838,232591.616480838,NaN,9.48124701146828e-12,9.48124701146828e-12,NaN,NaN,10073.9374238277,2381.07978417876,1.23636039058043,0.567009265758729,72170.6494441674
1222,VCVS,BPF,VCVS_BPF_Maheshwari,Maheshwari VCVS equations + prototype input/supply-current signature,9767.32160880631,9767.32160880631,NaN,3.99632685056954e-12,3.99632685056954e-12,NaN,NaN,9948.71815097646,8583.93385371663,1.8628180760025,0.879366774037992,4077403.04290373
2499,ACTIVE_OTHER,LPF,ACTIVE_OTHER_STATE_VARIABLE_LPF,State-variable/biquad-like active-other equation + current signature,2029.43986141119,11274.9206656317,18457.615846847,5.05116922222402e-11,2.76846279559033e-10,NaN,NaN,9625.5790185182,28202.2189751985,3.92992441503431,1.89019138081343,281358.465148932
1890,MFB,HPF,MFB_HPF_Maheshwari,Maheshwari MFB equation + current signature,63758.3311827705,891085.614474111,NaN,8.9465292027057e-10,6.4613236191721e-11,1.80611221055467e-11,NaN,NaN,NaN,-0.0201878535198706,0.463139369282381,19546.0422689531
2683,ACTIVE_OTHER,HPF,ACTIVE_OTHER_STATE_VARIABLE_HPF,State-variable/biquad-like active-other equation + current signature,20353.2195499484,30416.9987647157,36612.0997920642,4.17561277123786e-11,6.25029099893028e-11,NaN,NaN,10268.3151471298,28501.4202058472,3.7756666792423,3.50733702852912,125208.890014225
1951,MFB,HPF,MFB_HPF_Maheshwari,Maheshwari MFB equation + current signature,18226.7923988333,3212.81464032183,NaN,2.73626381361344e-10,2.19871452888207e-10,8.28946568926962e-11,NaN,NaN,NaN,-0.30294833590343,1.84150581660126,154054.532642818
3008,ACTIVE_OTHER,BSF,ACTIVE_OTHER_STATE_VARIABLE_BSF,State-variable/biquad-like active-other equation + current signature,312305.975203409,10944.3757683877,47463.8697124034,3.154122556503e-12,1.43089131371968e-12,NaN,NaN,9541.86709560912,26557.3737750243,3.78324708455069,4.78780998321906,1281421.13056614
1041,VCVS,HPF,VCVS_HPF_Maheshwari,Maheshwari VCVS equations + prototype input/supply-current signature,149745.72073594,149745.72073594,NaN,1.59750600173772e-12,1.59750600173772e-12,NaN,NaN,9885.06129474866,8896.41490782623,1.89998581117068,0.909079182936938,665308.715523572
392,PASSIVE,HPF,PASSIVE_RC_HPF,Passive RC equation + source-current signature,7194.78249375711,NaN,NaN,3.35003308887575e-12,NaN,NaN,NaN,NaN,NaN,1,NaN,6603183.49072162
1390,VCVS,BPF,VCVS_BPF_Maheshwari,Maheshwari VCVS equations + prototype input/supply-current signature,6564.3820905184,6564.3820905184,NaN,7.97985865189955e-12,7.97985865189955e-12,NaN,NaN,10183.591829884,2839.91116935251,1.2788712682905,0.581014064535867,3038302.9898149
627,PASSIVE,BSF,PASSIVE_RLC_BSF,Passive RLC equation + source-current signature,3003.17986661616,NaN,NaN,2.26187147470027e-10,NaN,NaN,0.0179162227388838,NaN,NaN,1,2.96352039889101,79061.1165317021
2378,MFB,BSF,MFB_BSF_1_MINUS_BP,Maheshwari MFB BPF denominator + 1-minus-BP notch + current signature,4988.16860472246,1882418.29263281,NaN,3.47559222697807e-11,7.10136024896346e-10,NaN,NaN,NaN,NaN,1,4.0971268168247,10454.5735198821
1639,MFB,LPF,MFB_LPF_Maheshwari,Maheshwari MFB equation + current signature,137949.555623146,3719140.35072144,351315.692006929,2.21429539227372e-10,3.06591510533697e-11,NaN,NaN,NaN,NaN,-2.54669680101516,0.226843135581512,1689.86586239635
2945,ACTIVE_OTHER,BPF,ACTIVE_OTHER_STATE_VARIABLE_BPF,State-variable/biquad-like active-other equation + current signature,379685.296456991,76292.2089886845,13212.9648293997,8.85840983270601e-12,1.0778348457151e-10,NaN,NaN,10246.8434908638,21600.5138572027,3.10801637367273,1.37613125467422,30263.151552327
2297,MFB,BSF,MFB_BSF_1_MINUS_BP,Maheshwari MFB BPF denominator + 1-minus-BP notch + current signature,466182.038520492,12208550.1252129,NaN,8.78824753699325e-10,2.05449136806849e-11,NaN,NaN,NaN,NaN,1,0.764573676810063,496.486011778042
568,PASSIVE,BPF,PASSIVE_RLC_BPF,Passive RLC equation + source-current signature,2278557.39510315,NaN,NaN,3.40990717879865e-11,NaN,NaN,1073.92476585956,NaN,NaN,1,2.46295046681886,831.690851154936
1049,VCVS,HPF,VCVS_HPF_Maheshwari,Maheshwari VCVS equations + prototype input/supply-current signature,277611.372611793,277611.372611793,NaN,1.69157690879757e-12,1.69157690879757e-12,NaN,NaN,9811.88501883176,3711.99870942228,1.3783165724321,0.616643164134529,338915.264912698
1089,VCVS,HPF,VCVS_HPF_Maheshwari,Maheshwari VCVS equations + prototype input/supply-current signature,34932.0723025891,34932.0723025891,NaN,5.34157865903413e-10,5.34157865903413e-10,NaN,NaN,10032.2912865119,693.738607928559,1.06915056472306,0.517906772910324,8529.55066328553
556,PASSIVE,BPF,PASSIVE_RLC_BPF,Passive RLC equation + source-current signature,56117549.8683324,NaN,NaN,1.29400285757053e-11,NaN,NaN,153349.80621144,NaN,NaN,1,1.93988192678065,112.982426615094
687,PASSIVE,BSF,PASSIVE_RLC_BSF,Passive RLC equation + source-current signature,6219768.1386945,NaN,NaN,3.37615800172644e-12,NaN,NaN,49.1743988351515,NaN,NaN,1,0.613598024614005,12352.0551041993
2167,MFB,BPF,MFB_BPF_Maheshwari,Maheshwari MFB equation + current signature,60237.0649546638,9446471.13279041,NaN,3.04293776826393e-11,1.16341985802207e-11,NaN,NaN,NaN,NaN,-1426920.32770153,5.60159205143316,11213.4346888965
1418,VCVS,BSF,VCVS_BSF_Maheshwari,Maheshwari VCVS equations + prototype input/supply-current signature,1799.6932583337,1799.6932583337,NaN,4.28273854841413e-11,4.28273854841413e-11,NaN,NaN,9896.14707649121,2802.06230917525,1.28314679314252,0.697492869135493,2064905.01648703
596,PASSIVE,BPF,PASSIVE_RLC_BPF,Passive RLC equation + source-current signature,901947.903224804,NaN,NaN,2.25260562092757e-10,NaN,NaN,193.960622529962,NaN,NaN,1,1.02880424996853,761.41383761098
2350,MFB,BSF,MFB_BSF_1_MINUS_BP,Maheshwari MFB BPF denominator + 1-minus-BP notch + current signature,2188550.18025858,519069346.034721,NaN,5.24224750175481e-11,1.28501880339323e-11,NaN,NaN,NaN,NaN,1,6.12373807702645,181.934760819897
2036,MFB,BPF,MFB_BPF_Maheshwari,Maheshwari MFB equation + current signature,6433.83128031224,213588.095028546,NaN,1.65278346459433e-10,4.86682930447098e-11,NaN,NaN,NaN,NaN,-3193627.19459753,2.41534545606591,47870.2548670626
2082,MFB,BPF,MFB_BPF_Maheshwari,Maheshwari MFB equation + current signature,35661.3240313831,7755176.70977947,NaN,1.11987026933601e-10,1.49358414484928e-11,NaN,NaN,NaN,NaN,-1877469.28899748,4.75177582587078,7399.91695504
137,PASSIVE,LPF,PASSIVE_RC_LPF,Passive RC equation + source-current signature,5227.75799654169,NaN,NaN,1.45300017883904e-12,NaN,NaN,NaN,NaN,NaN,1,NaN,20952651.4681391
2091,MFB,BPF,MFB_BPF_Maheshwari,Maheshwari MFB equation + current signature,478.531363501022,20321.5505979408,NaN,1.56285294039117e-10,3.84253757947436e-11,NaN,NaN,NaN,NaN,-54384040.3245385,2.59359156985243,658594.937019639
2264,MFB,BSF,MFB_BSF_1_MINUS_BP,Maheshwari MFB BPF denominator + 1-minus-BP notch + current signature,5864.15963141656,4032447.18081995,NaN,1.09753657794496e-11,1.85972369307262e-10,NaN,NaN,NaN,NaN,1,6.01539533315825,22908.6333991432
1954,MFB,HPF,MFB_HPF_Maheshwari,Maheshwari MFB equation + current signature,74538.7570982242,22.585573636132,NaN,4.75443463272646e-10,2.21719398367323e-10,7.5106584391048e-10,NaN,NaN,NaN,-1.57971641620778,10.2470788895976,300588.695562394
1054,VCVS,HPF,VCVS_HPF_Maheshwari,Maheshwari VCVS equations + prototype input/supply-current signature,57523.8400769535,57523.8400769535,NaN,4.54405245783078e-10,4.54405245783078e-10,NaN,NaN,10076.1199087136,4221.61442041875,1.41897222925742,0.632499958890865,6088.76097040749
454,PASSIVE,BPF,PASSIVE_RLC_BPF,Passive RLC equation + source-current signature,56756.0995881236,NaN,NaN,3.58596333630132e-12,NaN,NaN,0.0210708264500331,NaN,NaN,1,1.35059556874908,578997.147537083
1399,VCVS,BPF,VCVS_BPF_Maheshwari,Maheshwari VCVS equations + prototype input/supply-current signature,28593.0310578481,28593.0310578481,NaN,1.04464915721433e-12,1.04464915721433e-12,NaN,NaN,9893.4981895371,1942.92491436282,1.19638401676947,0.554441748852137,5328309.91844682
1166,VCVS,HPF,VCVS_HPF_Maheshwari,Maheshwari VCVS equations + prototype input/supply-current signature,16497.0239598243,16497.0239598243,NaN,1.78935200050316e-11,1.78935200050316e-11,NaN,NaN,9921.63234786615,10985.1516935722,2.10719197289494,1.12006161418879,539161.339115856
1364,VCVS,BPF,VCVS_BPF_Maheshwari,Maheshwari VCVS equations + prototype input/supply-current signature,82228.188136127,82228.188136127,NaN,4.61249080798141e-10,4.61249080798141e-10,NaN,NaN,10003.1802119205,6520.383594348,1.65183106334302,0.741746803987098,4196.27456952486
2774,ACTIVE_OTHER,HPF,ACTIVE_OTHER_STATE_VARIABLE_HPF,State-variable/biquad-like active-other equation + current signature,4545.42561167686,32446.7624801403,17913.0625640561,5.66105170950659e-11,6.40642409212272e-10,NaN,NaN,10169.1490275415,20436.7266413154,3.00967913696278,1.88331949233054,68816.2124869861
2463,ACTIVE_OTHER,LPF,ACTIVE_OTHER_STATE_VARIABLE_LPF,State-variable/biquad-like active-other equation + current signature,810592.063716743,19537.9071846044,35453.6095582654,4.72773873117991e-10,2.95387738875988e-12,NaN,NaN,10198.2734500077,29226.9186628938,3.86586928720487,3.39089939119709,33842.0739876221
3125,ACTIVE_OTHER,BSF,ACTIVE_OTHER_STATE_VARIABLE_BSF,State-variable/biquad-like active-other equation + current signature,77167.6813074543,54342.5251238322,32059.3990312059,8.83171269802525e-12,2.86966909092849e-11,NaN,NaN,9806.98197681357,29069.3087169515,3.96414419703018,3.20707974452934,154381.096918545
2857,ACTIVE_OTHER,BPF,ACTIVE_OTHER_STATE_VARIABLE_BPF,State-variable/biquad-like active-other equation + current signature,5196.02691175393,1018823.21019249,12163.5310348162,4.39918933313746e-12,2.09867906352281e-12,NaN,NaN,10224.8099919409,8488.97898494559,1.83023342161238,1.16364500642234,719905.81047267
2174,MFB,BPF,MFB_BPF_Maheshwari,Maheshwari MFB equation + current signature,17593.5796382085,2536282.07261569,NaN,4.36557271989626e-10,5.32141944479513e-11,NaN,NaN,NaN,NaN,-1068115.69474531,3.73647903617221,4943.21944401321
424,PASSIVE,BPF,PASSIVE_RLC_BPF,Passive RLC equation + source-current signature,33596.1719360447,NaN,NaN,5.04239334906502e-12,NaN,NaN,0.136719005836331,NaN,NaN,1,4.90124362044427,191684.645115283
131,PASSIVE,LPF,PASSIVE_RC_LPF,Passive RC equation + source-current signature,3311.33221547321,NaN,NaN,5.23868475996427e-11,NaN,NaN,NaN,NaN,NaN,1,NaN,917476.843859204
2617,ACTIVE_OTHER,HPF,ACTIVE_OTHER_STATE_VARIABLE_HPF,State-variable/biquad-like active-other equation + current signature,1417.18638960124,84205.3584303689,20972.4938640506,2.38938202887062e-10,4.15786403103327e-11,NaN,NaN,10049.5987553098,19870.8545806516,2.97727840329472,2.12997770364909,146170.200547761
2460,ACTIVE_OTHER,LPF,ACTIVE_OTHER_STATE_VARIABLE_LPF,State-variable/biquad-like active-other equation + current signature,1809.32916122952,328178.073535988,33547.5195832524,1.39903969528246e-12,9.66998509230909e-11,NaN,NaN,10104.8345781439,18374.4570532196,2.81838276630103,3.25539076166327,561537.337905601
619,PASSIVE,BSF,PASSIVE_RLC_BSF,Passive RLC equation + source-current signature,14442944.5251386,NaN,NaN,5.31171099551528e-12,NaN,NaN,1206.0214892137,NaN,NaN,1,1.04328883866947,1988.49905881484
718,PASSIVE,BSF,PASSIVE_RLC_BSF,Passive RLC equation + source-current signature,320840.763116078,NaN,NaN,7.8860308813487e-10,NaN,NaN,990.498785089049,NaN,NaN,1,3.4930772983294,180.079352877498
1315,VCVS,BPF,VCVS_BPF_Maheshwari,Maheshwari VCVS equations + prototype input/supply-current signature,277178.319873515,277178.319873515,NaN,9.99840673463522e-12,9.99840673463522e-12,NaN,NaN,10077.6555655214,4042.77624910418,1.4011623757946,0.625454383147247,57428.8439338126
1757,MFB,LPF,MFB_LPF_Maheshwari,Maheshwari MFB equation + current signature,53729.717979144,25271.0988328952,116323.09475061,4.33471389053705e-11,1.33857335016364e-10,NaN,NaN,NaN,NaN,-2.16496752869171,0.157170899674524,38536.6349142903
2609,ACTIVE_OTHER,HPF,ACTIVE_OTHER_STATE_VARIABLE_HPF,State-variable/biquad-like active-other equation + current signature,163389.539747476,111236.061476596,30170.7847454992,4.29988966621433e-12,1.58537870618888e-12,NaN,NaN,9799.16554147026,24421.3269582945,3.49218434518153,2.943288966937,452157.812316322
354,PASSIVE,HPF,PASSIVE_RC_HPF,Passive RC equation + source-current signature,1325.3336940214,NaN,NaN,5.64237599759124e-11,NaN,NaN,NaN,NaN,NaN,1,NaN,2128300.11780196
1363,VCVS,BPF,VCVS_BPF_Maheshwari,Maheshwari VCVS equations + prototype input/supply-current signature,2823.33843784833,2823.33843784833,NaN,6.70064882309333e-11,6.70064882309333e-11,NaN,NaN,9800.14655197778,4100.98013777016,1.41846110321101,0.632295545832167,841279.552501892
63,PASSIVE,LPF,PASSIVE_RC_LPF,Passive RC equation + source-current signature,57847.5623544689,NaN,NaN,1.91364955158241e-11,NaN,NaN,NaN,NaN,NaN,1,NaN,143771.452638155
2245,MFB,BSF,MFB_BSF_1_MINUS_BP,Maheshwari MFB BPF denominator + 1-minus-BP notch + current signature,12095.7863544918,13583606.3393972,NaN,8.63722842846608e-10,1.18567098179911e-11,NaN,NaN,NaN,NaN,1,3.87314875479235,3879.95095778146
1861,MFB,HPF,MFB_HPF_Maheshwari,Maheshwari MFB equation + current signature,250042.059655405,1577.86120285613,NaN,2.40165984560636e-11,1.62982252214895e-10,4.98934166465539e-11,NaN,NaN,NaN,-2.07745558713612,2.30664777212955,88856.135071866
3038,ACTIVE_OTHER,BSF,ACTIVE_OTHER_STATE_VARIABLE_BSF,State-variable/biquad-like active-other equation + current signature,60798.7034822875,249167.692246728,13700.9372663755,8.69305437717324e-12,9.9443985760662e-12,NaN,NaN,9759.98082718822,28178.1855053834,3.88711484216115,1.42803488872058,139075.826058355
2064,MFB,BPF,MFB_BPF_Maheshwari,Maheshwari MFB equation + current signature,47.4811240330545,65626.429017915,NaN,9.69777109991276e-10,2.17537835647163e-11,NaN,NaN,NaN,NaN,-968153467.268462,5.44597955741954,620750.221254991
1958,MFB,HPF,MFB_HPF_Maheshwari,Maheshwari MFB equation + current signature,218482.4389334,7887.61346279482,NaN,7.28728862796309e-11,1.88072790024024e-11,4.67260351887757e-11,NaN,NaN,NaN,-0.641199183595894,1.75804262252692,129329.204051378
1831,MFB,HPF,MFB_HPF_Maheshwari,Maheshwari MFB equation + current signature,1131.12443286928,2839.3513706883,NaN,5.2856204027505e-10,1.03571947583224e-10,1.40860412620058e-10,NaN,NaN,NaN,-0.266497405955898,0.370076780566784,735258.104673688
1905,MFB,HPF,MFB_HPF_Maheshwari,Maheshwari MFB equation + current signature,1963.54820925842,35049.6454367583,NaN,9.86057395370862e-10,4.72926717500776e-11,3.27066857877364e-11,NaN,NaN,NaN,-0.0331691501339384,0.263256737222833,487800.609516528
2294,MFB,BSF,MFB_BSF_1_MINUS_BP,Maheshwari MFB BPF denominator + 1-minus-BP notch + current signature,278671.437363728,15218193.3411801,NaN,4.59320539921419e-11,5.90102064723596e-11,NaN,NaN,NaN,NaN,1,3.66611771504322,1484.46804637041
2874,ACTIVE_OTHER,BPF,ACTIVE_OTHER_STATE_VARIABLE_BPF,State-variable/biquad-like active-other equation + current signature,40436.6987434128,26232.8352513874,46465.1455012553,2.25503844146919e-12,4.00360824598629e-11,NaN,NaN,9788.07528833924,11067.7443327453,2.13073755633353,4.44957748853897,514288.611256938
706,PASSIVE,BSF,PASSIVE_RLC_BSF,Passive RLC equation + source-current signature,5951.67051842527,NaN,NaN,5.30457088765511e-11,NaN,NaN,0.0403286257055803,NaN,NaN,1,4.63279093035143,108814.881033599
1514,VCVS,BSF,VCVS_BSF_Maheshwari,Maheshwari VCVS equations + prototype input/supply-current signature,476649.269209617,476649.269209617,NaN,1.50493933023295e-10,1.50493933023295e-10,NaN,NaN,10069.5133221995,3353.61056765603,1.33304594376598,0.749676826051959,2218.71851686291
2445,ACTIVE_OTHER,LPF,ACTIVE_OTHER_STATE_VARIABLE_LPF,State-variable/biquad-like active-other equation + current signature,594740.388487693,2948.0757595854,14120.4907574689,5.02113311114247e-11,3.93455513538999e-11,NaN,NaN,10447.6338349953,13219.753402345,2.26533467875418,1.35067843795803,85514.234128056
2488,ACTIVE_OTHER,LPF,ACTIVE_OTHER_STATE_VARIABLE_LPF,State-variable/biquad-like active-other equation + current signature,12289.4318784406,370837.281983124,27690.4174158598,8.92605735702276e-12,5.36991836180375e-11,NaN,NaN,10010.2362670471,10467.080074205,2.04563766478338,2.74438027349726,107683.423793621
306,PASSIVE,HPF,PASSIVE_RC_HPF,Passive RC equation + source-current signature,2853.1365038073,NaN,NaN,2.93503257928493e-12,NaN,NaN,NaN,NaN,NaN,1,NaN,19005734.3645383
2619,ACTIVE_OTHER,HPF,ACTIVE_OTHER_STATE_VARIABLE_HPF,State-variable/biquad-like active-other equation + current signature,63326.8314142789,49278.8503209128,45054.3413720382,7.48591454074252e-12,1.97907376295128e-10,NaN,NaN,9650.63474703075,32151.6257899491,4.33155555388119,4.46200652911444,74018.8861972791
1622,MFB,LPF,MFB_LPF_Maheshwari,Maheshwari MFB equation + current signature,251403.869982195,277387.707854866,243956.517967365,2.31836734270428e-11,1.09467150860819e-11,NaN,NaN,NaN,NaN,-0.970376939641554,0.478893561514358,38404.9567266954
1337,VCVS,BPF,VCVS_BPF_Maheshwari,Maheshwari VCVS equations + prototype input/supply-current signature,1216.90704903976,1216.90704903976,NaN,9.14613056054552e-11,9.14613056054552e-11,NaN,NaN,9814.31146433683,6426.45971646948,1.65480494885677,0.743386618282707,1429964.73814503
2257,MFB,BSF,MFB_BSF_1_MINUS_BP,Maheshwari MFB BPF denominator + 1-minus-BP notch + current signature,4020585.04048117,74218108.5282082,NaN,6.08864411257282e-11,1.30173978038923e-11,NaN,NaN,NaN,NaN,1,1.6366872520286,327.263959918688
940,VCVS,LPF,VCVS_LPF_Maheshwari,Maheshwari VCVS equations + prototype input/supply-current signature,535448.9506328,535448.9506328,NaN,1.25907470047186e-10,1.25907470047186e-10,NaN,NaN,9892.36959596651,5450.21605121568,1.55095151857629,0.690108034906801,2360.75306629934
553,PASSIVE,BPF,PASSIVE_RLC_BPF,Passive RLC equation + source-current signature,1966.76999120974,NaN,NaN,2.78987674010143e-10,NaN,NaN,0.000386067661383689,NaN,NaN,1,0.598116290468728,484948.824748878
798,PASSIVE,BSF,PASSIVE_RLC_BSF,Passive RLC equation + source-current signature,994887.681950315,NaN,NaN,1.30027811223428e-11,NaN,NaN,95.6260797514988,NaN,NaN,1,2.72581260934102,4513.50397856713
2655,ACTIVE_OTHER,HPF,ACTIVE_OTHER_STATE_VARIABLE_HPF,State-variable/biquad-like active-other equation + current signature,1214.58125503395,22918.5124036159,17865.4927214628,2.01545439269206e-10,4.09662688898006e-10,NaN,NaN,10392.484546279,16682.0469949894,2.60520296380546,1.76453708061779,104981.781638439
246,PASSIVE,HPF,PASSIVE_RC_HPF,Passive RC equation + source-current signature,38649.2007067623,NaN,NaN,2.36490036875237e-11,NaN,NaN,NaN,NaN,NaN,1,NaN,174127.259852967
407,PASSIVE,BPF,PASSIVE_RLC_BPF,Passive RLC equation + source-current signature,1102.84408007881,NaN,NaN,7.97406328729185e-10,NaN,NaN,0.00354891945516936,NaN,NaN,1,1.91290814370189,94608.9496808204
2563,ACTIVE_OTHER,LPF,ACTIVE_OTHER_STATE_VARIABLE_LPF,State-variable/biquad-like active-other equation + current signature,48309.3896583391,1895.01076449922,6799.76179887604,5.15313251408509e-12,2.22819598309973e-11,NaN,NaN,9787.17516584128,7887.40577191995,1.80589195945406,0.649219492800686,1552337.5642657
1460,VCVS,BSF,VCVS_BSF_Maheshwari,Maheshwari VCVS equations + prototype input/supply-current signature,10416.8746263709,10416.8746263709,NaN,5.80776744816289e-10,5.80776744816289e-10,NaN,NaN,9889.54124642654,3638.5227234367,1.36791622915284,0.791034389840234,26307.1303212775
1567,VCVS,BSF,VCVS_BSF_Maheshwari,Maheshwari VCVS equations + prototype input/supply-current signature,3523.10040263566,3523.10040263566,NaN,1.90598711346398e-12,1.90598711346398e-12,NaN,NaN,9883.99657719422,4235.26205616593,1.42849691651433,0.87488591828838,23701462.8593728
2640,ACTIVE_OTHER,HPF,ACTIVE_OTHER_STATE_VARIABLE_HPF,State-variable/biquad-like active-other equation + current signature,18672.8394467424,2035.00284633358,38393.4017920483,1.39128547450443e-12,2.88091966746013e-11,NaN,NaN,10107.9210247421,30969.2484312433,4.06385935895591,3.88900978707378,4078108.1591348
2379,MFB,BSF,MFB_BSF_1_MINUS_BP,Maheshwari MFB BPF denominator + 1-minus-BP notch + current signature,152935.535776902,182390157.392228,NaN,9.06525441467327e-10,2.13386166513179e-11,NaN,NaN,NaN,NaN,1,5.17648871597309,216.66666518823
1194,VCVS,HPF,VCVS_HPF_Maheshwari,Maheshwari VCVS equations + prototype input/supply-current signature,42636.2844479517,42636.2844479517,NaN,1.03666500374973e-10,1.03666500374973e-10,NaN,NaN,10011.250208339,737.738492022002,1.07369094535341,0.519127498044941,36008.2771836552
700,PASSIVE,BSF,PASSIVE_RLC_BSF,Passive RLC equation + source-current signature,5593191.00725027,NaN,NaN,1.1406391189911e-12,NaN,NaN,122.387886374383,NaN,NaN,1,1.85197634680696,13470.2849652036
817,VCVS,LPF,VCVS_LPF_Maheshwari,Maheshwari VCVS equations + prototype input/supply-current signature,1059.05995939092,1059.05995939092,NaN,4.38124359425556e-11,4.38124359425556e-11,NaN,NaN,9944.13473144058,6941.05368241067,1.69800479075017,0.76805198121748,3430063.67781744
811,VCVS,LPF,VCVS_LPF_Maheshwari,Maheshwari VCVS equations + prototype input/supply-current signature,2518.27276938224,2518.27276938224,NaN,4.5059748949151e-10,4.5059748949151e-10,NaN,NaN,10161.4028971708,12956.5513813978,2.27507505730387,1.37945315590992,140258.307688417
1048,VCVS,HPF,VCVS_HPF_Maheshwari,Maheshwari VCVS equations + prototype input/supply-current signature,2066.91098262842,2066.91098262842,NaN,1.64407067841705e-10,1.64407067841705e-10,NaN,NaN,9887.27238761669,2889.47560282288,1.29224193382614,0.585563037181517,468357.926735012
1706,MFB,LPF,MFB_LPF_Maheshwari,Maheshwari MFB equation + current signature,1430.36558113636,162.055682043355,3511.84856189256,3.13786715770142e-10,2.64394588291415e-10,NaN,NaN,NaN,NaN,-2.45521047780145,0.201839505622065,732447.586850997
1073,VCVS,HPF,VCVS_HPF_Maheshwari,Maheshwari VCVS equations + prototype input/supply-current signature,20430.7924399757,20430.7924399757,NaN,9.85783017803906e-10,9.85783017803906e-10,NaN,NaN,10176.1579329648,12983.8727999973,2.27591109390482,1.38104587928676,7902.30135742061
97,PASSIVE,LPF,PASSIVE_RC_LPF,Passive RC equation + source-current signature,555699.359124351,NaN,NaN,1.45943275708978e-12,NaN,NaN,NaN,NaN,NaN,1,NaN,196243.890871633
2513,ACTIVE_OTHER,LPF,ACTIVE_OTHER_STATE_VARIABLE_LPF,State-variable/biquad-like active-other equation + current signature,1718.83883078945,163413.528590296,47770.8024697083,1.50621979595177e-12,1.13983134131881e-12,NaN,NaN,9687.68332819183,24243.799593869,3.50253840598999,4.64165352537769,7247597.67129613
1353,VCVS,BPF,VCVS_BPF_Maheshwari,Maheshwari VCVS equations + prototype input/supply-current signature,6594.91509777653,6594.91509777653,NaN,1.80623425439428e-10,1.80623425439428e-10,NaN,NaN,10183.1651674294,8865.08697427048,1.87056301538006,0.885396895636902,133609.349194685
1582,VCVS,BSF,VCVS_BSF_Maheshwari,Maheshwari VCVS equations + prototype input/supply-current signature,33786.7551947969,33786.7551947969,NaN,3.36099504652967e-12,3.36099504652967e-12,NaN,NaN,10195.1201392744,4291.34695753014,1.42092166633709,0.863441042315103,1401540.89421711
754,PASSIVE,BSF,PASSIVE_RLC_BSF,Passive RLC equation + source-current signature,76510746.4404055,NaN,NaN,3.12116751260653e-12,NaN,NaN,160568.754979332,NaN,NaN,1,2.96448694469627,224.817996267158
2081,MFB,BPF,MFB_BPF_Maheshwari,Maheshwari MFB equation + current signature,7278.79730927287,1781350.09979819,NaN,1.46863795923368e-10,2.39088133700616e-11,NaN,NaN,NaN,NaN,-5746221.35982777,5.42828947886072,23587.3576378905
744,PASSIVE,BSF,PASSIVE_RLC_BSF,Passive RLC equation + source-current signature,1308.83743582608,NaN,NaN,5.83837619776187e-11,NaN,NaN,0.000466936669838941,NaN,NaN,1,2.16071379526797,963929.126045923
2393,MFB,BSF,MFB_BSF_1_MINUS_BP,Maheshwari MFB BPF denominator + 1-minus-BP notch + current signature,104.832995644503,34081.2331385847,NaN,3.85999605060269e-10,4.56026567570751e-11,NaN,NaN,NaN,NaN,1,5.54259879086633,634636.404628581
710,PASSIVE,BSF,PASSIVE_RLC_BSF,Passive RLC equation + source-current signature,18731.5966306736,NaN,NaN,5.57079813094744e-10,NaN,NaN,0.298658387658405,NaN,NaN,1,1.23610069452711,12338.8323362778
2046,MFB,BPF,MFB_BPF_Maheshwari,Maheshwari MFB equation + current signature,99.6403577077593,15245.8707947012,NaN,5.20731346897501e-10,6.21452749627332e-11,NaN,NaN,NaN,NaN,-161494080.518115,3.81762054795846,717819.83915816
1938,MFB,HPF,MFB_HPF_Maheshwari,Maheshwari MFB equation + current signature,51621.9131428002,2541443.14688872,NaN,4.89292415576536e-10,1.79102699181889e-10,1.3407252502688e-11,NaN,NaN,NaN,-0.02740130865689,0.373824704547712,8966.89170143405
2429,ACTIVE_OTHER,LPF,ACTIVE_OTHER_STATE_VARIABLE_LPF,State-variable/biquad-like active-other equation + current signature,244460.264760351,66794.891204015,52594.9367692826,1.4040982503768e-10,8.39288607128827e-12,NaN,NaN,9689.93408790921,28731.0650535418,3.96504236178361,5.06492316496022,36281.8945147078
332,PASSIVE,HPF,PASSIVE_RC_HPF,Passive RC equation + source-current signature,151851.621990041,NaN,NaN,2.13310910623427e-12,NaN,NaN,NaN,NaN,NaN,1,NaN,491346.228442793
3184,ACTIVE_OTHER,BSF,ACTIVE_OTHER_STATE_VARIABLE_BSF,State-variable/biquad-like active-other equation + current signature,186778.81151846,126717.078941273,47611.9827023576,1.06817999831865e-10,1.56981408882682e-11,NaN,NaN,10415.9650249336,8710.97516670743,1.83630994784018,4.80868365157901,25263.4361169503
1645,MFB,LPF,MFB_LPF_Maheshwari,Maheshwari MFB equation + current signature,549384.171673842,103825.5035386,960136.027831265,4.97461636952703e-10,2.27011613321587e-10,NaN,NaN,NaN,NaN,-1.74765870102511,0.375284601244555,1500.02290463221
420,PASSIVE,BPF,PASSIVE_RLC_BPF,Passive RLC equation + source-current signature,70105.9888159496,NaN,NaN,1.65119590150194e-11,NaN,NaN,0.136191803546349,NaN,NaN,1,1.29545122302705,106131.754823905
2641,ACTIVE_OTHER,HPF,ACTIVE_OTHER_STATE_VARIABLE_HPF,State-variable/biquad-like active-other equation + current signature,3838.16136888246,229859.943528245,51168.0174877541,3.46764244688545e-11,1.31107317321726e-10,NaN,NaN,10280.8689184975,32016.0670788335,4.11414018918476,5.21264786216468,79468.7255198156
3028,ACTIVE_OTHER,BSF,ACTIVE_OTHER_STATE_VARIABLE_BSF,State-variable/biquad-like active-other equation + current signature,4602.38682953911,662805.832209098,38321.5412168954,1.14887103780426e-10,5.12986189498308e-11,NaN,NaN,10226.7462430434,32098.9940962857,4.13872988861149,3.68010653517517,37535.9087447767
2490,ACTIVE_OTHER,LPF,ACTIVE_OTHER_STATE_VARIABLE_LPF,State-variable/biquad-like active-other equation + current signature,7810.94903780202,3132.01532108712,35055.7020895684,3.53877847346255e-10,1.19046097004056e-11,NaN,NaN,10448.5102163288,13304.2542271576,2.27331590357885,3.44592288480266,495760.614549291
2753,ACTIVE_OTHER,HPF,ACTIVE_OTHER_STATE_VARIABLE_HPF,State-variable/biquad-like active-other equation + current signature,790733.645898801,17069.083173445,49774.6008029196,4.05957817402332e-12,5.43915686734593e-11,NaN,NaN,9853.74998076304,17818.8656310402,2.80833344318934,4.83692073691231,92192.093811078
2981,ACTIVE_OTHER,BPF,ACTIVE_OTHER_STATE_VARIABLE_BPF,State-variable/biquad-like active-other equation + current signature,156730.986727748,46017.1589762613,10383.876026259,9.8308505739086e-12,4.5795795925595e-10,NaN,NaN,9530.45839762767,26233.8323139905,3.75263069408294,1.02779581600974,27930.2255775973
1324,VCVS,BPF,VCVS_BPF_Maheshwari,Maheshwari VCVS equations + prototype input/supply-current signature,1595.84746909143,1595.84746909143,NaN,4.35428714057433e-11,4.35428714057433e-11,NaN,NaN,9837.93244236501,6074.2465780229,1.61743121469969,0.723291318762695,2290401.85920651
163,PASSIVE,LPF,PASSIVE_RC_LPF,Passive RC equation + source-current signature,119631.545254285,NaN,NaN,1.89387942812456e-12,NaN,NaN,NaN,NaN,NaN,1,NaN,702460.797713918
2225,MFB,BSF,MFB_BSF_1_MINUS_BP,Maheshwari MFB BPF denominator + 1-minus-BP notch + current signature,4029.09925213093,468494.135010491,NaN,1.188192252488e-10,1.91023272265405e-10,NaN,NaN,NaN,NaN,1,5.24316602546812,24315.1846079445
1033,VCVS,HPF,VCVS_HPF_Maheshwari,Maheshwari VCVS equations + prototype input/supply-current signature,742706.925334945,742706.925334945,NaN,1.94341266633728e-11,1.94341266633728e-11,NaN,NaN,9943.32974866411,11993.8599846041,2.20622168707776,1.25979758292787,11026.4986643717
3017,ACTIVE_OTHER,BSF,ACTIVE_OTHER_STATE_VARIABLE_BSF,State-variable/biquad-like active-other equation + current signature,3112.30599561984,10717.8554294158,35945.5938872583,2.43583044910304e-12,2.25660274365689e-12,NaN,NaN,9858.61303412364,17508.7467846532,2.77598478853467,3.46814289229214,11753682.531268
2862,ACTIVE_OTHER,BPF,ACTIVE_OTHER_STATE_VARIABLE_BPF,State-variable/biquad-like active-other equation + current signature,3150.81475290123,8020.5050138939,26292.0771018521,1.64415129349879e-12,4.75403041144803e-12,NaN,NaN,9950.25461390475,25892.8522623601,3.60223012044102,2.75233680612548,11324159.3542226
445,PASSIVE,BPF,PASSIVE_RLC_BPF,Passive RLC equation + source-current signature,3273542.19533451,NaN,NaN,5.63996134577312e-11,NaN,NaN,8546.02251250699,NaN,NaN,1,3.76033043052337,229.245094729232
684,PASSIVE,BSF,PASSIVE_RLC_BSF,Passive RLC equation + source-current signature,1911347.43250619,NaN,NaN,8.08982758078874e-12,NaN,NaN,427.903957284808,NaN,NaN,1,3.80508078087898,2705.0627713439
2760,ACTIVE_OTHER,HPF,ACTIVE_OTHER_STATE_VARIABLE_HPF,State-variable/biquad-like active-other equation + current signature,1041.23362472784,430939.027943846,39366.3105168,1.21358517639445e-11,5.35550423346556e-10,NaN,NaN,10443.8969349381,7734.96269833064,1.74062035909745,3.75925555238261,93197.1883939491
1417,VCVS,BSF,VCVS_BSF_Maheshwari,Maheshwari VCVS equations + prototype input/supply-current signature,14205.8956377233,14205.8956377233,NaN,4.23184529925209e-12,4.23184529925209e-12,NaN,NaN,9978.06149993366,7151.45853865554,1.71671822615075,1.76502707253618,2647413.1925246
475,PASSIVE,BPF,PASSIVE_RLC_BPF,Passive RLC equation + source-current signature,15128.1181142639,NaN,NaN,3.86241240819118e-11,NaN,NaN,0.220855825358852,NaN,NaN,1,4.99850580671184,54492.4557774308
1064,VCVS,HPF,VCVS_HPF_Maheshwari,Maheshwari VCVS equations + prototype input/supply-current signature,425407.41365722,425407.41365722,NaN,1.15271997723787e-12,1.15271997723787e-12,NaN,NaN,9943.64677907322,6622.65605296488,1.6660188359569,0.749635772194222,324557.207254154
717,PASSIVE,BSF,PASSIVE_RLC_BSF,Passive RLC equation + source-current signature,16703.4429810332,NaN,NaN,6.95710740738106e-10,NaN,NaN,3.65610819880901,NaN,NaN,1,4.33999437707652,3155.7039804588
328,PASSIVE,HPF,PASSIVE_RC_HPF,Passive RC equation + source-current signature,23909.9774683369,NaN,NaN,7.14054869216751e-12,NaN,NaN,NaN,NaN,NaN,1,NaN,932200.60356077
3009,ACTIVE_OTHER,BSF,ACTIVE_OTHER_STATE_VARIABLE_BSF,State-variable/biquad-like active-other equation + current signature,289255.808452369,255314.134830277,39081.3118951942,1.55771089661641e-10,2.88210824943218e-10,NaN,NaN,10329.4658533753,33312.7688621812,4.22502337827041,4.08969335344189,2764.03211377331
433,PASSIVE,BPF,PASSIVE_RLC_BPF,Passive RLC equation + source-current signature,345119.945407934,NaN,NaN,9.53554582175663e-11,NaN,NaN,381.879197754729,NaN,NaN,1,5.79856010216257,834.035146172913
476,PASSIVE,BPF,PASSIVE_RLC_BPF,Passive RLC equation + source-current signature,749907304.650915,NaN,NaN,2.56858846752545e-12,NaN,NaN,706220.834332714,NaN,NaN,1,0.699222531932159,118.168739968353
2281,MFB,BSF,MFB_BSF_1_MINUS_BP,Maheshwari MFB BPF denominator + 1-minus-BP notch + current signature,4364.21651324479,24284.2784610087,NaN,2.30494856561128e-11,1.65272728539465e-11,NaN,NaN,NaN,NaN,1,1.16332337580552,792087.514367466
449,PASSIVE,BPF,PASSIVE_RLC_BPF,Passive RLC equation + source-current signature,15947869.5171396,NaN,NaN,2.71296068655765e-12,NaN,NaN,4489.50880291546,NaN,NaN,1,2.55079166856437,1442.11192364095
1921,MFB,HPF,MFB_HPF_Maheshwari,Maheshwari MFB equation + current signature,89050.3013197995,46.9501475674744,NaN,3.80227216998617e-11,4.76774227918526e-11,5.93861361157113e-10,NaN,NaN,NaN,-15.6185915843913,0.690442470495063,462578.06352358
208,PASSIVE,HPF,PASSIVE_RC_HPF,Passive RC equation + source-current signature,23463.3819982136,NaN,NaN,9.35923019569798e-10,NaN,NaN,NaN,NaN,NaN,1,NaN,7247.51947886629
156,PASSIVE,LPF,PASSIVE_RC_LPF,Passive RC equation + source-current signature,373053.60790417,NaN,NaN,2.17169726426724e-11,NaN,NaN,NaN,NaN,NaN,1,NaN,19644.890067791
2886,ACTIVE_OTHER,BPF,ACTIVE_OTHER_STATE_VARIABLE_BPF,State-variable/biquad-like active-other equation + current signature,1859.74710991655,4310.66608155732,13310.3147030318,5.46859235656297e-10,1.41254076980118e-12,NaN,NaN,10448.1908078795,25311.0874402379,3.42253303999287,1.32758523070243,2022472.95535929
873,VCVS,LPF,VCVS_LPF_Maheshwari,Maheshwari VCVS equations + prototype input/supply-current signature,21867.330922383,21867.330922383,NaN,1.78793492481585e-10,1.78793492481585e-10,NaN,NaN,9964.47010019834,8472.09451150577,1.85023031092613,0.869739400423309,40707.3326912945
612,PASSIVE,BSF,PASSIVE_RLC_BSF,Passive RLC equation + source-current signature,22245.5464269843,NaN,NaN,1.07394261095124e-11,NaN,NaN,0.130694312020254,NaN,NaN,1,4.95900708028297,134338.733941334
996,VCVS,LPF,VCVS_LPF_Maheshwari,Maheshwari VCVS equations + prototype input/supply-current signature,185749.754916198,185749.754916198,NaN,4.47451350615745e-10,4.47451350615745e-10,NaN,NaN,9855.55265541775,12364.6447838434,2.2545866493896,1.3415375498455,1914.89982256711
441,PASSIVE,BPF,PASSIVE_RLC_BPF,Passive RLC equation + source-current signature,106.98105792195,NaN,NaN,3.00657869067566e-10,NaN,NaN,8.63197909446366e-05,NaN,NaN,1,5.00855000561661,987935.642725392
2752,ACTIVE_OTHER,HPF,ACTIVE_OTHER_STATE_VARIABLE_HPF,State-variable/biquad-like active-other equation + current signature,203254.250219784,97594.9889187157,52821.7813402908,4.67614669278338e-10,2.77052400105895e-11,NaN,NaN,9742.08640621042,26688.5015915518,3.73950573611606,5.24486344437282,9927.99460343541
2267,MFB,BSF,MFB_BSF_1_MINUS_BP,Maheshwari MFB BPF denominator + 1-minus-BP notch + current signature,1015.8756697175,63035.2326629662,NaN,1.18171332925766e-10,7.51097347153546e-11,NaN,NaN,NaN,NaN,1,3.83960250019341,211107.659512809
3172,ACTIVE_OTHER,BSF,ACTIVE_OTHER_STATE_VARIABLE_BSF,State-variable/biquad-like active-other equation + current signature,8802.53948195758,33931.4829078974,15646.6880938501,7.72246218443932e-12,1.52863229105474e-10,NaN,NaN,9936.24966649804,19075.0865027408,2.91974710207374,1.50928417246101,268031.17541202
1779,MFB,LPF,MFB_LPF_Maheshwari,Maheshwari MFB equation + current signature,3768.93688318674,997.160120070601,8263.6172427689,1.70859356417207e-10,1.91895173035015e-11,NaN,NaN,NaN,NaN,-2.19255920141114,0.748271234934215,968280.478415598
2140,MFB,BPF,MFB_BPF_Maheshwari,Maheshwari MFB equation + current signature,107476.160060731,10112991.1888952,NaN,6.00893168377828e-10,1.73050637506674e-11,NaN,NaN,NaN,NaN,-537668.576131291,1.60007824302802,1497.05932742339
1585,VCVS,BSF,VCVS_BSF_Maheshwari,Maheshwari VCVS equations + prototype input/supply-current signature,1413.5837607609,1413.5837607609,NaN,2.3391180903144e-11,2.3391180903144e-11,NaN,NaN,10105.3108983837,7026.95975168303,1.69537294026322,1.64135123265816,4813338.85343648
1528,VCVS,BSF,VCVS_BSF_Maheshwari,Maheshwari VCVS equations + prototype input/supply-current signature,935540.571918776,935540.571918776,NaN,3.32409743133401e-10,3.32409743133401e-10,NaN,NaN,10121.2551454431,2083.9748372461,1.20590083021317,0.629644279988637,511.780530873517
3185,ACTIVE_OTHER,BSF,ACTIVE_OTHER_STATE_VARIABLE_BSF,State-variable/biquad-like active-other equation + current signature,5871.85271104781,5492.23793872611,30966.5548655489,3.11463959617091e-12,8.4080110158647e-11,NaN,NaN,9943.60462947563,29365.0265934692,3.95315709822402,3.22681737872218,1731838.32772742
2364,MFB,BSF,MFB_BSF_1_MINUS_BP,Maheshwari MFB BPF denominator + 1-minus-BP notch + current signature,95870.6220243483,3847454.7800285,NaN,3.34212912412755e-10,9.10890642888121e-10,NaN,NaN,NaN,NaN,1,2.80726395359376,474.947782237555
2292,MFB,BSF,MFB_BSF_1_MINUS_BP,Maheshwari MFB BPF denominator + 1-minus-BP notch + current signature,58394.4203680428,355634.113144771,NaN,4.04622370667112e-11,1.06257572216511e-10,NaN,NaN,NaN,NaN,1,1.10288991674053,16843.3262062907
1561,VCVS,BSF,VCVS_BSF_Maheshwari,Maheshwari VCVS equations + prototype input/supply-current signature,1608.59733556335,1608.59733556335,NaN,2.51671001314371e-11,2.51671001314371e-11,NaN,NaN,9960.33601051955,1644.22369908185,1.16507713166959,0.598857713647063,3931330.98767173
2873,ACTIVE_OTHER,BPF,ACTIVE_OTHER_STATE_VARIABLE_BPF,State-variable/biquad-like active-other equation + current signature,4661.64447197815,49222.1302427903,55415.7115937431,2.43576685470874e-11,3.474913277733e-10,NaN,NaN,9962.329577462,13350.6874451088,2.34011702195763,5.59347254235796,114203.788595754
508,PASSIVE,BPF,PASSIVE_RLC_BPF,Passive RLC equation + source-current signature,22087.3979061712,NaN,NaN,4.86076760161584e-10,NaN,NaN,6.31044640865521,NaN,NaN,1,5.15861429864186,2873.67507733552
2659,ACTIVE_OTHER,HPF,ACTIVE_OTHER_STATE_VARIABLE_HPF,State-variable/biquad-like active-other equation + current signature,5885.87135512524,333068.222003117,20836.441971656,2.47108948710923e-11,1.73149077741664e-12,NaN,NaN,10071.7468370077,31604.3265560979,4.1379190787412,2.12548699744037,549533.0559682
1068,VCVS,HPF,VCVS_HPF_Maheshwari,Maheshwari VCVS equations + prototype input/supply-current signature,19807.1631974439,19807.1631974439,NaN,1.78233097589655e-12,1.78233097589655e-12,NaN,NaN,9895.66793069699,12344.6664341985,2.24748188001586,1.32887165563678,4508265.62749419
878,VCVS,LPF,VCVS_LPF_Maheshwari,Maheshwari VCVS equations + prototype input/supply-current signature,17972.1865290325,17972.1865290325,NaN,3.25303636184859e-12,3.25303636184859e-12,NaN,NaN,9885.95130577156,13158.8801918444,2.33106868371505,1.49492178891206,2722264.35428249
175,PASSIVE,LPF,PASSIVE_RC_LPF,Passive RC equation + source-current signature,1928.48317904771,NaN,NaN,5.96969682486505e-12,NaN,NaN,NaN,NaN,NaN,1,NaN,13824581.7423476
1669,MFB,LPF,MFB_LPF_Maheshwari,Maheshwari MFB equation + current signature,7526.13708729981,8638.66614591168,20873.7189634106,1.69472765756041e-11,2.60076649427942e-11,NaN,NaN,NaN,NaN,-2.77349704387322,0.202720909644747,564541.965779325
2969,ACTIVE_OTHER,BPF,ACTIVE_OTHER_STATE_VARIABLE_BPF,State-variable/biquad-like active-other equation + current signature,6308.32079112329,960463.285397055,44733.5842624081,5.26588468370101e-11,5.05047992416729e-10,NaN,NaN,10420.9633647167,15338.9621280696,2.47193321684675,4.56413796993118,12537.7863739616
1277,VCVS,BPF,VCVS_BPF_Maheshwari,Maheshwari VCVS equations + prototype input/supply-current signature,447492.307595246,447492.307595246,NaN,4.1772791597288e-10,4.1772791597288e-10,NaN,NaN,9806.34059993047,7790.25949671194,1.79441045488132,0.829469701399542,851.414531348487
2688,ACTIVE_OTHER,HPF,ACTIVE_OTHER_STATE_VARIABLE_HPF,State-variable/biquad-like active-other equation + current signature,122336.611829686,634849.310864418,22242.0440502855,1.61480618988762e-11,6.07537342711879e-10,NaN,NaN,10179.059726666,19792.2352392002,2.94440702487979,2.25459560557868,5765.80419553049
2244,MFB,BSF,MFB_BSF_1_MINUS_BP,Maheshwari MFB BPF denominator + 1-minus-BP notch + current signature,75611.2628384717,1114946.97831969,NaN,3.85698556731697e-11,2.85740797194339e-11,NaN,NaN,NaN,NaN,1,1.89861628800797,16511.6184926206
7,PASSIVE,LPF,PASSIVE_RC_LPF,Passive RC equation + source-current signature,64719.5788965604,NaN,NaN,3.96615641885037e-12,NaN,NaN,NaN,NaN,NaN,1,NaN,620032.723259057
225,PASSIVE,HPF,PASSIVE_RC_HPF,Passive RC equation + source-current signature,1638.95925062351,NaN,NaN,6.27436551857937e-10,NaN,NaN,NaN,NaN,NaN,1,NaN,154768.352822867
1738,MFB,LPF,MFB_LPF_Maheshwari,Maheshwari MFB equation + current signature,33886.3902575142,3996386.98379996,100632.796569146,2.9233100363227e-10,1.32190741514009e-11,NaN,NaN,NaN,NaN,-2.96971131490854,0.18679612013603,4037.18484826268
2032,MFB,BPF,MFB_BPF_Maheshwari,Maheshwari MFB equation + current signature,313.485543517291,8510.09297032686,NaN,2.00292883742193e-10,7.39104601368285e-11,NaN,NaN,NaN,NaN,-43159517.0135022,2.31191232041534,800863.512543626
71,PASSIVE,LPF,PASSIVE_RC_LPF,Passive RC equation + source-current signature,3530.53650179688,NaN,NaN,6.33118841330759e-12,NaN,NaN,NaN,NaN,NaN,1,NaN,7120232.70453424
1563,VCVS,BSF,VCVS_BSF_Maheshwari,Maheshwari VCVS equations + prototype input/supply-current signature,1377.33499221109,1377.33499221109,NaN,5.5757509089453e-11,5.5757509089453e-11,NaN,NaN,10184.5247294059,5109.53722912931,1.50169618758708,1.00340392255654,2072417.19302395
1223,VCVS,BPF,VCVS_BPF_Maheshwari,Maheshwari VCVS equations + prototype input/supply-current signature,1571.44773153269,1571.44773153269,NaN,2.07548272845798e-12,2.07548272845798e-12,NaN,NaN,10197.6167775919,9902.04238555439,1.9710153461849,0.971831791943996,48797892.6860455
382,PASSIVE,HPF,PASSIVE_RC_HPF,Passive RC equation + source-current signature,32505.2952365523,NaN,NaN,6.53645165628063e-11,NaN,NaN,NaN,NaN,NaN,1,NaN,74907.2689175823
1078,VCVS,HPF,VCVS_HPF_Maheshwari,Maheshwari VCVS equations + prototype input/supply-current signature,342663.468938363,342663.468938363,NaN,1.16683761390239e-11,1.16683761390239e-11,NaN,NaN,9826.83137211072,851.286442673421,1.08662878301641,0.522637735492065,39805.3918946303
2970,ACTIVE_OTHER,BPF,ACTIVE_OTHER_STATE_VARIABLE_BPF,State-variable/biquad-like active-other equation + current signature,10429.0803748834,34081.2892518973,17861.1121805525,3.95533715845577e-10,1.242778340688e-10,NaN,NaN,10399.9897411354,25111.2802651154,3.41454856111944,1.78151338930776,38075.9304005036
2382,MFB,BSF,MFB_BSF_1_MINUS_BP,Maheshwari MFB BPF denominator + 1-minus-BP notch + current signature,1388.88253331299,7679.14911085681,NaN,2.76980853866751e-10,8.89277230592817e-10,NaN,NaN,NaN,NaN,1,1.00062784973407,98194.544982306
2562,ACTIVE_OTHER,LPF,ACTIVE_OTHER_STATE_VARIABLE_LPF,State-variable/biquad-like active-other equation + current signature,328834.100992892,516815.514418206,33160.2192718534,1.79826493587653e-12,6.19796008118526e-11,NaN,NaN,9593.46512716251,13067.1343935124,2.36208702698201,3.18727872001763,36568.968522341
2647,ACTIVE_OTHER,HPF,ACTIVE_OTHER_STATE_VARIABLE_HPF,State-variable/biquad-like active-other equation + current signature,6473.23094849239,1978.31560786001,19061.967008114,2.43663337543744e-10,2.42019496592401e-11,NaN,NaN,9524.32020446813,16302.3790930646,2.71165802315389,1.84331494113692,579150.614017088
1006,VCVS,HPF,VCVS_HPF_Maheshwari,Maheshwari VCVS equations + prototype input/supply-current signature,471674.908538471,471674.908538471,NaN,2.59149936339362e-12,2.59149936339362e-12,NaN,NaN,10102.6890002953,13120.4388215983,2.29870758381405,1.42593870533864,130204.577078499
3000,ACTIVE_OTHER,BPF,ACTIVE_OTHER_STATE_VARIABLE_BPF,State-variable/biquad-like active-other equation + current signature,3198.42784336669,4812.54072325654,50950.2656172764,2.75422517236579e-11,3.78613873850434e-10,NaN,NaN,9975.41362364091,20291.2900095083,3.03413018999228,5.06468627795098,397252.519656462
3049,ACTIVE_OTHER,BSF,ACTIVE_OTHER_STATE_VARIABLE_BSF,State-variable/biquad-like active-other equation + current signature,1920.01521536814,2727.46537248276,41942.305511024,1.98745780592476e-11,5.7137077522328e-12,NaN,NaN,9951.90531257067,5706.94566237195,1.57345256844067,4.37596936049797,6526497.91364517
691,PASSIVE,BSF,PASSIVE_RLC_BSF,Passive RLC equation + source-current signature,12960385.6889376,NaN,NaN,1.21390474519157e-12,NaN,NaN,83.4738037130003,NaN,NaN,1,0.639830401061867,15810.7592310019
310,PASSIVE,HPF,PASSIVE_RC_HPF,Passive RC equation + source-current signature,82210.8950066875,NaN,NaN,7.81711999329131e-12,NaN,NaN,NaN,NaN,NaN,1,NaN,247653.218767894
3163,ACTIVE_OTHER,BSF,ACTIVE_OTHER_STATE_VARIABLE_BSF,State-variable/biquad-like active-other equation + current signature,464181.383159314,125149.180754827,14453.9587173494,8.95238614424132e-11,7.51149388986346e-10,NaN,NaN,9934.71769530339,6702.85253470957,1.67468978387562,1.46649477666904,2546.41805334477
2118,MFB,BPF,MFB_BPF_Maheshwari,Maheshwari MFB equation + current signature,202498.057285591,33680568.7151377,NaN,8.48418056041959e-11,1.72589681787925e-10,NaN,NaN,NaN,NaN,-28613.0603538467,6.0621960452844,503.625402753492
681,PASSIVE,BSF,PASSIVE_RLC_BSF,Passive RLC equation + source-current signature,6980507.63676768,NaN,NaN,3.03470582894583e-11,NaN,NaN,16947.3323850681,NaN,NaN,1,3.3853639692929,221.927519261909
2912,ACTIVE_OTHER,BPF,ACTIVE_OTHER_STATE_VARIABLE_BPF,State-variable/biquad-like active-other equation + current signature,495682.118687312,16250.2746026525,48014.8013221349,1.34590933323404e-11,7.84413451833708e-10,NaN,NaN,9947.42349832075,15269.7601121982,2.53504675002285,4.93629247901949,17258.6862865098
453,PASSIVE,BPF,PASSIVE_RLC_BPF,Passive RLC equation + source-current signature,553.570103765705,NaN,NaN,3.26093089863331e-10,NaN,NaN,0.00224074171554432,NaN,NaN,1,4.73535425361774,186188.749022502
1802,MFB,HPF,MFB_HPF_Maheshwari,Maheshwari MFB equation + current signature,101093.888241057,6833.07770116899,NaN,4.84689673145059e-10,1.71157744617589e-10,1.40253975819296e-11,NaN,NaN,NaN,-0.0289368607565362,9.72224073601141,123592.931565574
416,PASSIVE,BPF,PASSIVE_RLC_BPF,Passive RLC equation + source-current signature,232064.100995136,NaN,NaN,4.04734168858438e-10,NaN,NaN,323.258423259072,NaN,NaN,1,3.85107544845569,440.00769468383
18,PASSIVE,LPF,PASSIVE_RC_LPF,Passive RC equation + source-current signature,7000.5041783754,NaN,NaN,6.15374099335366e-11,NaN,NaN,NaN,NaN,NaN,1,NaN,369446.536384107
945,VCVS,LPF,VCVS_LPF_Maheshwari,Maheshwari VCVS equations + prototype input/supply-current signature,616621.974339586,616621.974339586,NaN,3.38728549400746e-12,3.38728549400746e-12,NaN,NaN,9860.73801123193,2940.63714977806,1.29821674061602,0.58761889593507,76199.0105288299
336,PASSIVE,HPF,PASSIVE_RC_HPF,Passive RC equation + source-current signature,16094.3813241917,NaN,NaN,5.4225223725137e-11,NaN,NaN,NaN,NaN,NaN,1,NaN,182366.260276916
1249,VCVS,BPF,VCVS_BPF_Maheshwari,Maheshwari VCVS equations + prototype input/supply-current signature,1137.86632018753,1137.86632018753,NaN,8.08142642432655e-12,8.08142642432655e-12,NaN,NaN,10111.8919345303,8414.89232421613,1.83217783365354,0.856294758583411,17307760.0412893
2975,ACTIVE_OTHER,BPF,ACTIVE_OTHER_STATE_VARIABLE_BPF,State-variable/biquad-like active-other equation + current signature,76981.756681038,2265.48059143785,19831.9040306314,6.08639132087658e-10,3.5388172382047e-11,NaN,NaN,10425.5392733158,16565.3353131344,2.58891879631909,1.99754945341717,82117.7511100912
2139,MFB,BPF,MFB_BPF_Maheshwari,Maheshwari MFB equation + current signature,24110.1149351238,330578.576805015,NaN,1.33498578678188e-10,1.12425351503364e-10,NaN,NaN,NaN,NaN,-368923.623214394,1.84462193922484,14551.6650798164
2651,ACTIVE_OTHER,HPF,ACTIVE_OTHER_STATE_VARIABLE_HPF,State-variable/biquad-like active-other equation + current signature,970861.764154713,45567.6667971447,31319.5327752332,1.16041158763422e-12,3.61017089559534e-10,NaN,NaN,9956.55778920454,10777.7917901683,2.08248171891838,3.23511052704566,36969.4617963966
2239,MFB,BSF,MFB_BSF_1_MINUS_BP,Maheshwari MFB BPF denominator + 1-minus-BP notch + current signature,12888.6807432983,2639889.16007462,NaN,6.25103164252092e-10,2.0103086652022e-10,NaN,NaN,NaN,NaN,1,6.14108801610239,2433.97341984618
3192,ACTIVE_OTHER,BSF,ACTIVE_OTHER_STATE_VARIABLE_BSF,State-variable/biquad-like active-other equation + current signature,2100.22702084746,53609.2311267716,34925.7471705688,3.73790942451646e-10,2.4481592029362e-12,NaN,NaN,9560.26398678786,28794.186958451,4.01186107394567,3.34583722082341,495830.235785658
2855,ACTIVE_OTHER,BPF,ACTIVE_OTHER_STATE_VARIABLE_BPF,State-variable/biquad-like active-other equation + current signature,5132.64665737828,530773.588565271,36959.8920691509,2.29583841202051e-10,9.81245480461912e-12,NaN,NaN,9781.19015847557,26041.0064140828,3.66235560214703,3.85557797120031,64244.4036588283
1962,MFB,HPF,MFB_HPF_Maheshwari,Maheshwari MFB equation + current signature,5353.5365569903,1838.64027258393,NaN,9.3684892322038e-10,4.81751251379455e-10,2.88571767134629e-10,NaN,NaN,NaN,-0.308023801898257,1.20989813146824,136054.532979657
2691,ACTIVE_OTHER,HPF,ACTIVE_OTHER_STATE_VARIABLE_HPF,State-variable/biquad-like active-other equation + current signature,727276.415591246,8141.78533129391,38463.4534383788,1.21251032075713e-10,1.34010364032874e-12,NaN,NaN,9938.53040568266,10235.4269283865,2.02987328212369,3.77287950399063,162255.20605905
1699,MFB,LPF,MFB_LPF_Maheshwari,Maheshwari MFB equation + current signature,55248.0590915983,155497.797860842,62876.7367709568,1.22761607403998e-11,2.56752515211777e-11,NaN,NaN,NaN,NaN,-1.13808046481254,0.172944358958059,90661.80818348
1830,MFB,HPF,MFB_HPF_Maheshwari,Maheshwari MFB equation + current signature,79851.3564053872,11949.2737819776,NaN,3.12818986063425e-10,1.21480052108049e-11,5.45143824439357e-11,NaN,NaN,NaN,-0.174268138676476,1.00593511661982,200216.651499611
2883,ACTIVE_OTHER,BPF,ACTIVE_OTHER_STATE_VARIABLE_BPF,State-variable/biquad-like active-other equation + current signature,2165.03370749902,94796.9235667479,22324.5667203452,5.34499933459143e-11,3.63688795227591e-11,NaN,NaN,9717.86424810011,29225.5984943954,4.00740962708027,2.34739378680024,251971.772136946
2143,MFB,BPF,MFB_BPF_Maheshwari,Maheshwari MFB equation + current signature,2048.23190263961,1192682.21859692,NaN,3.61058826511071e-11,4.42339719250966e-10,NaN,NaN,NaN,NaN,-1103735.30821261,6.37392860434302,25480.1068052881
461,PASSIVE,BPF,PASSIVE_RLC_BPF,Passive RLC equation + source-current signature,38265.9967549277,NaN,NaN,2.90522845657149e-10,NaN,NaN,3.78021275322136,NaN,NaN,1,2.98095174915558,4802.54967279893
1175,VCVS,HPF,VCVS_HPF_Maheshwari,Maheshwari VCVS equations + prototype input/supply-current signature,585372.989919331,585372.989919331,NaN,2.1082577972491e-12,2.1082577972491e-12,NaN,NaN,10149.0012570344,11932.2861150288,2.17571037906399,1.21316582739992,128962.587121015
652,PASSIVE,BSF,PASSIVE_RLC_BSF,Passive RLC equation + source-current signature,1966.996709535,NaN,NaN,1.12804033665697e-10,NaN,NaN,0.000604217975603457,NaN,NaN,1,1.17660549572336,609622.511999142
2660,ACTIVE_OTHER,HPF,ACTIVE_OTHER_STATE_VARIABLE_HPF,State-variable/biquad-like active-other equation + current signature,5501.25251353886,568264.419693528,52911.0200172111,4.37695137467933e-11,5.32832107499932e-10,NaN,NaN,9588.09520373602,33625.3879041198,4.50699353621537,5.15484140829103,18639.448352024
3176,ACTIVE_OTHER,BSF,ACTIVE_OTHER_STATE_VARIABLE_BSF,State-variable/biquad-like active-other equation + current signature,40748.2349190156,7585.74671637752,44169.2530578782,5.6200217776373e-11,6.36215749404961e-11,NaN,NaN,9737.55489748952,7536.91270248599,1.77400464303715,4.23960372829318,151389.360697307
1090,VCVS,HPF,VCVS_HPF_Maheshwari,Maheshwari VCVS equations + prototype input/supply-current signature,510374.259860373,510374.259860373,NaN,1.08432991175787e-10,1.08432991175787e-10,NaN,NaN,9815.84456111261,2197.9339731301,1.22391694972816,0.563036734035013,2875.8745024492
2546,ACTIVE_OTHER,LPF,ACTIVE_OTHER_STATE_VARIABLE_LPF,State-variable/biquad-like active-other equation + current signature,4771.86300234761,10202.5666268398,26157.098688012,1.98979535481943e-12,3.51607826268178e-10,NaN,NaN,10259.0312021229,29572.5605989702,3.88258803549118,2.57914383374758,862358.712576865
1768,MFB,LPF,MFB_LPF_Maheshwari,Maheshwari MFB equation + current signature,5674.51745830007,923.936819659072,4633.03883689137,1.84872397914433e-10,4.47913775764366e-11,NaN,NaN,NaN,NaN,-0.816463932120724,0.665995940733107,845342.642515259
462,PASSIVE,BPF,PASSIVE_RLC_BPF,Passive RLC equation + source-current signature,4148545.8217464,NaN,NaN,2.82266911183615e-12,NaN,NaN,1411.52334062678,NaN,NaN,1,5.39036476985762,2521.42534656124
1870,MFB,HPF,MFB_HPF_Maheshwari,Maheshwari MFB equation + current signature,6219.48432605668,23438.0840688161,NaN,9.49465299982815e-10,3.34140968609667e-11,3.740771198103e-11,NaN,NaN,NaN,-0.0393987141833483,0.453061463548145,372851.97898024
1419,VCVS,BSF,VCVS_BSF_Maheshwari,Maheshwari VCVS equations + prototype input/supply-current signature,41705.8018683889,41705.8018683889,NaN,1.00652475897327e-10,1.00652475897327e-10,NaN,NaN,9850.34812480105,2436.78895158654,1.24738099818536,0.664346766151861,37913.9640200846
1852,MFB,HPF,MFB_HPF_Maheshwari,Maheshwari MFB equation + current signature,11986.5485250144,673.114884650906,NaN,3.35187368562928e-10,8.51302294090641e-11,1.66349136290161e-10,NaN,NaN,NaN,-0.496287008079574,1.72476640501372,470843.179316673
2054,MFB,BPF,MFB_BPF_Maheshwari,Maheshwari MFB equation + current signature,6304.52250319303,875823.049895848,NaN,7.26161583296728e-11,4.7688499840332e-11,NaN,NaN,NaN,NaN,-3326091.09828648,5.76531588350978,36396.7312210131
2502,ACTIVE_OTHER,LPF,ACTIVE_OTHER_STATE_VARIABLE_LPF,State-variable/biquad-like active-other equation + current signature,39673.1256699741,3144.31746646925,21062.3509814539,2.02095841743058e-10,2.12226136323277e-11,NaN,NaN,10075.02968993,12811.2541795755,2.27158475695415,2.05710901639202,217585.828416262
267,PASSIVE,HPF,PASSIVE_RC_HPF,Passive RC equation + source-current signature,4279.60057872212,NaN,NaN,1.54961915868955e-10,NaN,NaN,NaN,NaN,NaN,1,NaN,239989.320968333
380,PASSIVE,HPF,PASSIVE_RC_HPF,Passive RC equation + source-current signature,1356.51428840917,NaN,NaN,5.54727337383231e-12,NaN,NaN,NaN,NaN,NaN,1,NaN,21150283.3629051
257,PASSIVE,HPF,PASSIVE_RC_HPF,Passive RC equation + source-current signature,269416.1260486,NaN,NaN,5.62406357803463e-12,NaN,NaN,NaN,NaN,NaN,1,NaN,105037.970755359
2003,MFB,BPF,MFB_BPF_Maheshwari,Maheshwari MFB equation + current signature,821824.992102843,80737858.2929455,NaN,1.749546890155e-11,7.83198516941633e-11,NaN,NaN,NaN,NaN,-15536.3429513348,3.82924103932496,527.828851741696
1018,VCVS,HPF,VCVS_HPF_Maheshwari,Maheshwari VCVS equations + prototype input/supply-current signature,98496.6093265291,98496.6093265291,NaN,5.01055633502475e-10,5.01055633502475e-10,NaN,NaN,10090.3729953162,11060.1436123736,2.09610850040009,1.10632747452833,3224.8751206384
1874,MFB,HPF,MFB_HPF_Maheshwari,Maheshwari MFB equation + current signature,862408.457457408,444709.419795906,NaN,4.8729998935845e-11,2.72151295716563e-10,1.63973913150787e-10,NaN,NaN,NaN,-3.36494801419276,0.180310284632488,1216.55817141428
704,PASSIVE,BSF,PASSIVE_RLC_BSF,Passive RLC equation + source-current signature,125725.915856219,NaN,NaN,7.20511156720568e-10,NaN,NaN,4.05666727055897,NaN,NaN,1,0.59681472684002,2943.84596836367
2136,MFB,BPF,MFB_BPF_Maheshwari,Maheshwari MFB equation + current signature,215814.151019576,46582909.8629838,NaN,8.43516678939205e-10,8.84539924463145e-11,NaN,NaN,NaN,NaN,-52384.4805692557,4.30602611547898,183.764369357013
970,VCVS,LPF,VCVS_LPF_Maheshwari,Maheshwari VCVS equations + prototype input/supply-current signature,83324.5954371512,83324.5954371512,NaN,6.81904017168473e-12,6.81904017168473e-12,NaN,NaN,10179.7073922884,12471.8215056829,2.22516502931419,1.29059740181176,280106.810906241
2762,ACTIVE_OTHER,HPF,ACTIVE_OTHER_STATE_VARIABLE_HPF,State-variable/biquad-like active-other equation + current signature,1593.96435434444,182850.797751073,16808.0168770588,4.69642617841174e-10,6.89865107441142e-12,NaN,NaN,9794.17329107778,6243.66480810867,1.6374876799246,1.7189876301415,163782.146868841
889,VCVS,LPF,VCVS_LPF_Maheshwari,Maheshwari VCVS equations + prototype input/supply-current signature,688001.749957645,688001.749957645,NaN,7.24521482479401e-10,7.24521482479401e-10,NaN,NaN,9956.67143922813,5623.49810072943,1.56479699416147,0.696765541830608,319.285592412791
1956,MFB,HPF,MFB_HPF_Maheshwari,Maheshwari MFB equation + current signature,545037.014951713,22557.2495813531,NaN,2.75988169763957e-10,1.16940687699722e-11,1.84798716257945e-11,NaN,NaN,NaN,-0.0669589266873274,3.52486344601922,97640.8977464545
3012,ACTIVE_OTHER,BSF,ACTIVE_OTHER_STATE_VARIABLE_BSF,State-variable/biquad-like active-other equation + current signature,2592.03358169484,437117.234021694,44886.0710970588,2.51931149738028e-10,4.05757564197625e-10,NaN,NaN,9708.74969261031,14508.5933355693,2.4943832928984,4.47898181678363,14788.5845359344
2512,ACTIVE_OTHER,LPF,ACTIVE_OTHER_STATE_VARIABLE_LPF,State-variable/biquad-like active-other equation + current signature,56028.0375046496,566001.528914998,26888.1582497517,1.00543586375042e-10,8.32742842945408e-12,NaN,NaN,10203.7185042817,10177.7966195081,1.99745956488679,2.62737294359237,30887.0181669151
505,PASSIVE,BPF,PASSIVE_RLC_BPF,Passive RLC equation + source-current signature,119.704647686278,NaN,NaN,5.0914155040917e-10,NaN,NaN,0.000127273554983699,NaN,NaN,1,4.17675310684966,625218.433291029
2515,ACTIVE_OTHER,LPF,ACTIVE_OTHER_STATE_VARIABLE_LPF,State-variable/biquad-like active-other equation + current signature,34504.5301171469,437376.220287315,6763.29510916151,7.29259766990028e-12,6.02458864889862e-11,NaN,NaN,9754.41798341052,30295.5672279156,4.10583033036309,0.665061763375526,61808.7075673641
2441,ACTIVE_OTHER,LPF,ACTIVE_OTHER_STATE_VARIABLE_LPF,State-variable/biquad-like active-other equation + current signature,3669.74160695028,2686.25248012571,21237.0968785208,4.46400296843636e-11,1.87946998198761e-11,NaN,NaN,9729.93655400787,18292.7854703998,2.88005187586396,2.1260827155087,1750044.289222
2495,ACTIVE_OTHER,LPF,ACTIVE_OTHER_STATE_VARIABLE_LPF,State-variable/biquad-like active-other equation + current signature,937074.165947575,14860.0565012704,11761.8939611921,3.58880125834858e-10,1.02454112494267e-09,NaN,NaN,10340.1900094497,25620.342183647,3.47774384805628,1.14630511310701,2224.24957726408
269,PASSIVE,HPF,PASSIVE_RC_HPF,Passive RC equation + source-current signature,10610.9173388219,NaN,NaN,5.81746194782252e-10,NaN,NaN,NaN,NaN,NaN,1,NaN,25783.0119024257
2712,ACTIVE_OTHER,HPF,ACTIVE_OTHER_STATE_VARIABLE_HPF,State-variable/biquad-like active-other equation + current signature,9469.9429760746,9943.23488631325,18533.9313722259,1.41107738786535e-12,1.81837250542085e-12,NaN,NaN,10476.5878928337,24988.4278655169,3.38516854162123,1.90930711549577,10239193.6346002
19,PASSIVE,LPF,PASSIVE_RC_LPF,Passive RC equation + source-current signature,34351.1452094097,NaN,NaN,8.14319458344546e-12,NaN,NaN,NaN,NaN,NaN,1,NaN,568963.096934107
1171,VCVS,HPF,VCVS_HPF_Maheshwari,Maheshwari VCVS equations + prototype input/supply-current signature,16837.397967191,16837.397967191,NaN,2.89773041824546e-10,2.89773041824546e-10,NaN,NaN,10140.536345168,8362.49460502379,1.82465999039672,0.850817628796228,32620.2417255042
2968,ACTIVE_OTHER,BPF,ACTIVE_OTHER_STATE_VARIABLE_BPF,State-variable/biquad-like active-other equation + current signature,9043.19851436451,5789.38492512995,40273.9248571549,1.10432494924782e-10,1.26821415352516e-11,NaN,NaN,10230.0801327838,30433.7375884301,3.9749266079452,4.12410979397659,587757.455340658
1298,VCVS,BPF,VCVS_BPF_Maheshwari,Maheshwari VCVS equations + prototype input/supply-current signature,29516.5503678513,29516.5503678513,NaN,7.25542842876562e-11,7.25542842876562e-11,NaN,NaN,10166.3479151768,9899.64260469632,1.97376586826403,0.974436504375862,74317.564656718
213,PASSIVE,HPF,PASSIVE_RC_HPF,Passive RC equation + source-current signature,8176.15776672681,NaN,NaN,4.27335487691134e-11,NaN,NaN,NaN,NaN,NaN,1,NaN,455514.188159246
192,PASSIVE,LPF,PASSIVE_RC_LPF,Passive RC equation + source-current signature,12802.7563838899,NaN,NaN,2.1444556111118e-12,NaN,NaN,NaN,NaN,NaN,1,NaN,5796950.46001094
40,PASSIVE,LPF,PASSIVE_RC_LPF,Passive RC equation + source-current signature,460416.569316619,NaN,NaN,1.83393679880601e-11,NaN,NaN,NaN,NaN,NaN,1,NaN,18848.8484342903
571,PASSIVE,BPF,PASSIVE_RLC_BPF,Passive RLC equation + source-current signature,368917.148216545,NaN,NaN,1.45830414734399e-10,NaN,NaN,115.62340512261,NaN,NaN,1,2.41362602147573,1225.66899050885
1670,MFB,LPF,MFB_LPF_Maheshwari,Maheshwari MFB equation + current signature,24926.7990753971,89884.6806022067,53115.8859546933,5.39542241252752e-10,1.78071907379372e-10,NaN,NaN,NaN,NaN,-2.13087471817106,0.359526066291711,7431.12635488018
2529,ACTIVE_OTHER,LPF,ACTIVE_OTHER_STATE_VARIABLE_LPF,State-variable/biquad-like active-other equation + current signature,3218.71239047665,3791.33606817374,37905.3713558939,4.26023543327815e-11,1.13256860177111e-10,NaN,NaN,9941.13487540426,29846.6148023891,4.00233476121864,3.72851714249059,655894.283293947
869,VCVS,LPF,VCVS_LPF_Maheshwari,Maheshwari VCVS equations + prototype input/supply-current signature,6172.25521644525,6172.25521644525,NaN,1.85752929926506e-12,1.85752929926506e-12,NaN,NaN,9841.66996969978,7128.33699461474,1.72430156838842,0.783884321890014,13881633.8024208
1154,VCVS,HPF,VCVS_HPF_Maheshwari,Maheshwari VCVS equations + prototype input/supply-current signature,3347.49063567411,3347.49063567411,NaN,4.40477061168821e-10,4.40477061168821e-10,NaN,NaN,10123.6477264096,11388.9359714105,2.12498343277,1.14283550443583,107938.769890953
2271,MFB,BSF,MFB_BSF_1_MINUS_BP,Maheshwari MFB BPF denominator + 1-minus-BP notch + current signature,123729.385169962,11555711.2522677,NaN,1.61661985093501e-11,4.06476916547303e-11,NaN,NaN,NaN,NaN,1,4.36042964224103,5192.34410491355
1034,VCVS,HPF,VCVS_HPF_Maheshwari,Maheshwari VCVS equations + prototype input/supply-current signature,153336.870988357,153336.870988357,NaN,1.24777597686929e-11,1.24777597686929e-11,NaN,NaN,10013.9619700197,4154.67753454849,1.4148884873926,0.630870441635408,83183.4473761683
2147,MFB,BPF,MFB_BPF_Maheshwari,Maheshwari MFB equation + current signature,1089.40778506206,159016.589710476,NaN,8.19102746979064e-11,9.95624146637107e-11,NaN,NaN,NaN,NaN,-9219642.99672995,6.01217490757273,133901.910985413
2939,ACTIVE_OTHER,BPF,ACTIVE_OTHER_STATE_VARIABLE_BPF,State-variable/biquad-like active-other equation + current signature,13947.5724918503,10283.3079288897,37771.2853904436,6.04933318048104e-11,5.89768653801803e-11,NaN,NaN,10309.7868525168,9183.28143469211,1.89073436396509,3.83018807724355,222489.644511614
1933,MFB,HPF,MFB_HPF_Maheshwari,Maheshwari MFB equation + current signature,183664.317512822,25017.129282853,NaN,1.28120720755719e-10,7.33912608027187e-10,6.26309547821542e-11,NaN,NaN,NaN,-0.488843291020577,1.2851582448468,10951.4672823067
1195,VCVS,HPF,VCVS_HPF_Maheshwari,Maheshwari VCVS equations + prototype input/supply-current signature,124177.764384812,124177.764384812,NaN,5.57145922189972e-10,5.57145922189972e-10,NaN,NaN,10046.8155521277,7071.39983432642,1.70384489469689,0.771512603629447,2300.42107988143
1346,VCVS,BPF,VCVS_BPF_Maheshwari,Maheshwari VCVS equations + prototype input/supply-current signature,4419.92461994125,4419.92461994125,NaN,6.18082006160722e-10,6.18082006160722e-10,NaN,NaN,10194.3191716647,2135.58546736273,1.20948779721343,0.558499405054992,58258.4825613975
1097,VCVS,HPF,VCVS_HPF_Maheshwari,Maheshwari VCVS equations + prototype input/supply-current signature,50305.3683946614,50305.3683946614,NaN,8.14836869435752e-12,8.14836869435752e-12,NaN,NaN,10091.976429757,8557.00189368779,1.84790149414705,0.867981335727587,388271.153822642
867,VCVS,LPF,VCVS_LPF_Maheshwari,Maheshwari VCVS equations + prototype input/supply-current signature,38362.0720155324,38362.0720155324,NaN,1.61952533338297e-10,1.61952533338297e-10,NaN,NaN,10197.9099323396,8800.34950026903,1.86295618991117,0.879473588552298,25617.121583379
2988,ACTIVE_OTHER,BPF,ACTIVE_OTHER_STATE_VARIABLE_BPF,State-variable/biquad-like active-other equation + current signature,5458.71908052309,100870.923691262,48267.5712529368,9.46357027155081e-12,1.15619442985801e-10,NaN,NaN,10422.2018620911,18529.7395470278,2.77791025276783,4.89686692918446,205044.827530198
3165,ACTIVE_OTHER,BSF,ACTIVE_OTHER_STATE_VARIABLE_BSF,State-variable/biquad-like active-other equation + current signature,3300.95417861922,114626.901429329,32729.4522600226,1.67737934152588e-11,3.87469108060375e-12,NaN,NaN,10468.3435831267,29688.9341310892,3.83606798872583,3.14088914520058,1014899.22491024
1420,VCVS,BSF,VCVS_BSF_Maheshwari,Maheshwari VCVS equations + prototype input/supply-current signature,48276.4100562935,48276.4100562935,NaN,2.02264336190879e-12,2.02264336190879e-12,NaN,NaN,9818.29138156541,1288.42751873697,1.13122726436456,0.575524506572238,1629918.35547902
1135,VCVS,HPF,VCVS_HPF_Maheshwari,Maheshwari VCVS equations + prototype input/supply-current signature,67709.8227935877,67709.8227935877,NaN,1.25688002012333e-11,1.25688002012333e-11,NaN,NaN,10107.5393016996,5336.15213084884,1.52793780677673,0.679319124289422,187014.220709299
994,VCVS,LPF,VCVS_LPF_Maheshwari,Maheshwari VCVS equations + prototype input/supply-current signature,222445.08236789,222445.08236789,NaN,2.6943519430846e-10,2.6943519430846e-10,NaN,NaN,9882.2377830509,4682.71032120859,1.47385120900854,0.655244105884561,2655.47977926129
2301,MFB,BSF,MFB_BSF_1_MINUS_BP,Maheshwari MFB BPF denominator + 1-minus-BP notch + current signature,21946.4312726619,2088698.88451482,NaN,5.51182510988064e-10,3.48067408880679e-11,NaN,NaN,NaN,NaN,1,2.30592780985965,5366.86739670237
431,PASSIVE,BPF,PASSIVE_RLC_BPF,Passive RLC equation + source-current signature,2979.61649140129,NaN,NaN,2.22380146602133e-10,NaN,NaN,0.0175099424379139,NaN,NaN,1,2.97806370561239,80654.7160079135
2432,ACTIVE_OTHER,LPF,ACTIVE_OTHER_STATE_VARIABLE_LPF,State-variable/biquad-like active-other equation + current signature,135114.938133059,94837.9635525812,15017.2295327688,8.12958899653664e-10,1.19872217384506e-12,NaN,NaN,9650.23558176856,11821.3596695166,2.2249814597117,1.433931697705,45038.4850713917
2843,ACTIVE_OTHER,BPF,ACTIVE_OTHER_STATE_VARIABLE_BPF,State-variable/biquad-like active-other equation + current signature,608749.285099415,2724.15670576029,25340.317549926,1.14435725443175e-10,1.04937991896032e-12,NaN,NaN,10112.7491496618,7950.38908519637,1.78617485389344,2.44374916798248,356646.255070793
1480,VCVS,BSF,VCVS_BSF_Maheshwari,Maheshwari VCVS equations + prototype input/supply-current signature,287714.630509768,287714.630509768,NaN,4.6417841584606e-10,4.6417841584606e-10,NaN,NaN,9803.14204159529,6556.60367009461,1.66882675394017,1.5097837942793,1191.71729716747
482,PASSIVE,BPF,PASSIVE_RLC_BPF,Passive RLC equation + source-current signature,296538.033649934,NaN,NaN,7.32068633123388e-10,NaN,NaN,762.590235141283,NaN,NaN,1,3.44182921768689,213.009323041368
1818,MFB,HPF,MFB_HPF_Maheshwari,Maheshwari MFB equation + current signature,78277.6733943276,2001415.31743153,NaN,5.60779453110992e-11,8.92079336055256e-11,1.33056275774776e-11,NaN,NaN,NaN,-0.237270240620675,0.181070028958854,11671.1364377324
2924,ACTIVE_OTHER,BPF,ACTIVE_OTHER_STATE_VARIABLE_BPF,State-variable/biquad-like active-other equation + current signature,240770.888424241,13492.3010782378,10674.3761486324,4.67016233138834e-11,2.62503850212128e-11,NaN,NaN,10457.2305196128,30891.4576163987,3.95407637408977,1.04025172574444,79751.9489420211
770,PASSIVE,BSF,PASSIVE_RLC_BSF,Passive RLC equation + source-current signature,11471519.4669244,NaN,NaN,1.00676135404633e-11,NaN,NaN,10311.3394911324,NaN,NaN,1,2.78980166013871,493.968574452678
753,PASSIVE,BSF,PASSIVE_RLC_BSF,Passive RLC equation + source-current signature,445.789561540444,NaN,NaN,6.65971868134046e-10,NaN,NaN,0.000376374370829647,NaN,NaN,1,1.68636734625614,317893.880885203
2954,ACTIVE_OTHER,BPF,ACTIVE_OTHER_STATE_VARIABLE_BPF,State-variable/biquad-like active-other equation + current signature,18781.7135234526,5854.63971161643,15873.5658217789,1.13661966635357e-12,1.08490092102823e-10,NaN,NaN,9704.65740541096,23640.0982793773,3.43595392313349,1.53617509296282,1366783.7808118
600,PASSIVE,BPF,PASSIVE_RLC_BPF,Passive RLC equation + source-current signature,6111142.37055422,NaN,NaN,1.55816573190586e-11,NaN,NaN,5010.57250816315,NaN,NaN,1,2.93436713311822,569.599542244935
3108,ACTIVE_OTHER,BSF,ACTIVE_OTHER_STATE_VARIABLE_BSF,State-variable/biquad-like active-other equation + current signature,3578.09758349839,4175.55963804755,24270.0982063107,3.5457457757961e-12,3.37761414287058e-12,NaN,NaN,9534.77674368858,17857.3123737213,2.87286109090511,2.44363909842854,11898107.3093499
1118,VCVS,HPF,VCVS_HPF_Maheshwari,Maheshwari VCVS equations + prototype input/supply-current signature,2658.37461799543,2658.37461799543,NaN,2.07855689513578e-12,2.07855689513578e-12,NaN,NaN,9917.33044711784,2514.11755232941,1.25350749032065,0.572576174508527,28803285.7709504
549,PASSIVE,BPF,PASSIVE_RLC_BPF,Passive RLC equation + source-current signature,47565.1170453386,NaN,NaN,4.90708984779115e-12,NaN,NaN,0.195805832245324,NaN,NaN,1,4.19964167745369,162366.083476774
3014,ACTIVE_OTHER,BSF,ACTIVE_OTHER_STATE_VARIABLE_BSF,State-variable/biquad-like active-other equation + current signature,327686.794240439,3743.63777422562,14459.6655176367,2.78458588932591e-10,9.20350977866618e-10,NaN,NaN,9990.71143106857,14766.5344245628,2.47802631738944,1.49068597140667,8976.07976708346
1732,MFB,LPF,MFB_LPF_Maheshwari,Maheshwari MFB equation + current signature,1937.9015182704,752.723340377882,6645.75069707576,2.08109168171854e-10,3.83887338991227e-10,NaN,NaN,NaN,NaN,-3.42935419288342,0.165010023941955,251757.789323964
1609,MFB,LPF,MFB_LPF_Maheshwari,Maheshwari MFB equation + current signature,75110.850593179,11962.3017917062,119387.113578607,7.47855627982755e-11,7.96977713398716e-11,NaN,NaN,NaN,NaN,-1.58947891863508,0.243461457467341,54550.9171149768
1673,MFB,LPF,MFB_LPF_Maheshwari,Maheshwari MFB equation + current signature,55219.8445092058,27700.1081954754,201246.523859889,6.83283046375453e-10,4.12161432234424e-10,NaN,NaN,NaN,NaN,-3.64446016913973,0.291401066380074,4016.80923978765
1498,VCVS,BSF,VCVS_BSF_Maheshwari,Maheshwari VCVS equations + prototype input/supply-current signature,32556.9493062883,32556.9493062883,NaN,1.22672401294206e-10,1.22672401294206e-10,NaN,NaN,9828.30182926591,4595.123789313,1.46753995442326,0.939037593813104,39850.1134136268
1141,VCVS,HPF,VCVS_HPF_Maheshwari,Maheshwari VCVS equations + prototype input/supply-current signature,276932.534952733,276932.534952733,NaN,2.49429149636625e-10,2.49429149636625e-10,NaN,NaN,10085.7568606348,11240.3195789747,2.1144745738266,1.12927305127904,2304.08737591129
2008,MFB,BPF,MFB_BPF_Maheshwari,Maheshwari MFB equation + current signature,438351.359922715,4153897.53865417,NaN,1.526582701185e-10,4.10536704279355e-11,NaN,NaN,NaN,NaN,-55568.1131405955,1.25804588989559,1489.85807246682
2128,MFB,BPF,MFB_BPF_Maheshwari,Maheshwari MFB equation + current signature,1117.50975129787,227332.082819163,NaN,4.20115397102387e-11,1.58121932544396e-11,NaN,NaN,NaN,NaN,-56592198.3941875,6.35739118767821,387421.527722001
2504,ACTIVE_OTHER,LPF,ACTIVE_OTHER_STATE_VARIABLE_LPF,State-variable/biquad-like active-other equation + current signature,25345.6346061798,22849.860729578,54496.8924660033,2.00537894350025e-10,2.09248959576569e-11,NaN,NaN,10472.7853554079,22368.5338932919,3.13587246698811,5.36876627059087,102093.217097472
1356,VCVS,BPF,VCVS_BPF_Maheshwari,Maheshwari VCVS equations + prototype input/supply-current signature,3318.86984127263,3318.86984127263,NaN,3.29637583384653e-10,3.29637583384653e-10,NaN,NaN,9975.1988566415,12025.2890934651,2.20551873363995,1.25868291971381,145476.615726688
2693,ACTIVE_OTHER,HPF,ACTIVE_OTHER_STATE_VARIABLE_HPF,State-variable/biquad-like active-other equation + current signature,2780.86670923416,7426.1598084325,33939.4304146573,1.88615737013676e-11,5.94377501676853e-12,NaN,NaN,9593.87877932244,10472.9316705898,2.09162643300872,3.53930406461255,3307712.51253657
956,VCVS,LPF,VCVS_LPF_Maheshwari,Maheshwari VCVS equations + prototype input/supply-current signature,7297.46596163672,7297.46596163672,NaN,1.6444342752204e-11,1.6444342752204e-11,NaN,NaN,10075.7671857175,9682.85076095823,1.96100382060075,0.962467446779455,1326268.73985549
1885,MFB,HPF,MFB_HPF_Maheshwari,Maheshwari MFB equation + current signature,992136.50543011,67.033691782332,NaN,3.03694255337759e-11,6.1972159813751e-11,3.97039818714263e-10,NaN,NaN,NaN,-13.0736690515495,2.98269979362082,124414.93003661
2092,MFB,BPF,MFB_BPF_Maheshwari,Maheshwari MFB equation + current signature,393.922057802944,440834.606813753,NaN,3.40162447344522e-10,1.2593561642127e-11,NaN,NaN,NaN,NaN,-201577069.766852,6.20691416686747,184526.893940284
1114,VCVS,HPF,VCVS_HPF_Maheshwari,Maheshwari VCVS equations + prototype input/supply-current signature,189961.797576254,189961.797576254,NaN,1.08906611344926e-11,1.08906611344926e-11,NaN,NaN,9864.36088834068,7981.53830975036,1.80912878189445,0.839721360963624,76930.6879255941
2807,ACTIVE_OTHER,BPF,ACTIVE_OTHER_STATE_VARIABLE_BPF,State-variable/biquad-like active-other equation + current signature,488127.626736122,1195.40195868747,10211.9680029306,1.57301367714371e-12,3.76039637824459e-12,NaN,NaN,9648.18310681869,31367.8711923479,4.25116872732019,1.03891372151451,2709027.37537386
1401,VCVS,BSF,VCVS_BSF_Maheshwari,Maheshwari VCVS equations + prototype input/supply-current signature,1436.54459540183,1436.54459540183,NaN,3.52687831069818e-11,3.52687831069818e-11,NaN,NaN,9860.08456309608,5863.94697419811,1.59471568795114,1.23370183630429,3141308.16963024
2318,MFB,BSF,MFB_BSF_1_MINUS_BP,Maheshwari MFB BPF denominator + 1-minus-BP notch + current signature,116117.969769627,33156663.7178401,NaN,2.61573983322501e-10,1.65756311570757e-11,NaN,NaN,NaN,NaN,1,4.00027219106315,1231.83543336609
2311,MFB,BSF,MFB_BSF_1_MINUS_BP,Maheshwari MFB BPF denominator + 1-minus-BP notch + current signature,265604.466941475,131460002.905634,NaN,1.96572517736322e-11,5.20804362501886e-10,NaN,NaN,NaN,NaN,1,4.1649806125414,266.19930586175
1649,MFB,LPF,MFB_LPF_Maheshwari,Maheshwari MFB equation + current signature,1286.66073850429,1386.23109966083,3861.61317910687,1.62804381178156e-10,1.27942414365734e-10,NaN,NaN,NaN,NaN,-3.00126759412578,0.277406773286969,476625.873070992
2454,ACTIVE_OTHER,LPF,ACTIVE_OTHER_STATE_VARIABLE_LPF,State-variable/biquad-like active-other equation + current signature,117208.347014166,164243.839809293,52566.6581905175,8.7794246838396e-10,1.6717780437712e-12,NaN,NaN,9882.93069642115,19732.9508394397,2.99666996011471,5.27049864212917,29941.5293132982
993,VCVS,LPF,VCVS_LPF_Maheshwari,Maheshwari VCVS equations + prototype input/supply-current signature,465036.069040227,465036.069040227,NaN,8.51586607359865e-10,8.51586607359865e-10,NaN,NaN,10001.0590503932,659.210663059034,1.06591408567207,0.517040113157272,401.887658733981
286,PASSIVE,HPF,PASSIVE_RC_HPF,Passive RC equation + source-current signature,667154.428755633,NaN,NaN,6.20896561228114e-10,NaN,NaN,NaN,NaN,NaN,1,NaN,384.215166105143
3200,ACTIVE_OTHER,BSF,ACTIVE_OTHER_STATE_VARIABLE_BSF,State-variable/biquad-like active-other equation + current signature,36287.538442973,2777.50063954732,33248.2572627821,5.41646861625528e-11,8.66759076203891e-10,NaN,NaN,10341.4320119406,32345.9363458297,4.12780051239342,3.23090745468597,73165.6068020259
2864,ACTIVE_OTHER,BPF,ACTIVE_OTHER_STATE_VARIABLE_BPF,State-variable/biquad-like active-other equation + current signature,6315.71552642042,163491.098589561,36757.2243522356,2.51682473045345e-11,3.06856012534817e-10,NaN,NaN,10110.2074177274,20622.3390362337,3.03975429822281,3.70792613520863,56359.6114668407
2251,MFB,BSF,MFB_BSF_1_MINUS_BP,Maheshwari MFB BPF denominator + 1-minus-BP notch + current signature,280.249683428981,3221.49048094817,NaN,9.53608732838701e-10,2.60280141050773e-10,NaN,NaN,NaN,NaN,1,1.39149790401172,336212.23495722
2570,ACTIVE_OTHER,LPF,ACTIVE_OTHER_STATE_VARIABLE_LPF,State-variable/biquad-like active-other equation + current signature,25274.1817776706,76452.5016933891,19720.4492521547,6.53071542354234e-10,1.39497652452927e-11,NaN,NaN,9960.10388425355,33412.4119686068,4.35462484697878,1.92197550511734,37933.4112439669
965,VCVS,LPF,VCVS_LPF_Maheshwari,Maheshwari VCVS equations + prototype input/supply-current signature,1110.80918112053,1110.80918112053,NaN,3.64934356272389e-10,3.64934356272389e-10,NaN,NaN,10104.2833336462,4039.36330856332,1.39976742290199,0.624909162775253,392614.124586451
822,VCVS,LPF,VCVS_LPF_Maheshwari,Maheshwari VCVS equations + prototype input/supply-current signature,3881.4265129882,3881.4265129882,NaN,2.55089308395935e-12,2.55089308395935e-12,NaN,NaN,9934.2812214368,1360.00389637864,1.13690008024375,0.536739865315881,16074464.2539136
1944,MFB,HPF,MFB_HPF_Maheshwari,Maheshwari MFB equation + current signature,28674.8777112478,125302.615528247,NaN,2.27803846983038e-11,3.96694712370861e-11,9.27615117584906e-12,NaN,NaN,NaN,-0.407199057377628,0.314195105150544,138413.089133545
3039,ACTIVE_OTHER,BSF,ACTIVE_OTHER_STATE_VARIABLE_BSF,State-variable/biquad-like active-other equation + current signature,4493.94708239817,51474.9753612409,39136.6592408845,8.58733896126451e-10,8.74511875945991e-11,NaN,NaN,9679.0493791707,35028.1507156275,4.61896601034064,3.84966752959934,38185.2749584206
2117,MFB,BPF,MFB_BPF_Maheshwari,Maheshwari MFB equation + current signature,227111.0613552,25634467.4291165,NaN,1.36720226587879e-11,3.33376999085481e-11,NaN,NaN,NaN,NaN,-132076.660722985,4.82491335966886,3089.616938535
1758,MFB,LPF,MFB_LPF_Maheshwari,Maheshwari MFB equation + current signature,631.014013657912,3904.05571410262,1762.30713620242,1.54500108973815e-10,1.2826060733983e-10,NaN,NaN,NaN,NaN,-2.79281774740079,0.173741056860935,431032.767885043
648,PASSIVE,BSF,PASSIVE_RLC_BSF,Passive RLC equation + source-current signature,473.497375299927,NaN,NaN,9.09981354001505e-10,NaN,NaN,5.85550395979993e-05,NaN,NaN,1,0.535732898846904,689480.115004511
215,PASSIVE,HPF,PASSIVE_RC_HPF,Passive RC equation + source-current signature,2070.85228345555,NaN,NaN,4.76753721864517e-10,NaN,NaN,NaN,NaN,NaN,1,NaN,161204.409946266
2352,MFB,BSF,MFB_BSF_1_MINUS_BP,Maheshwari MFB BPF denominator + 1-minus-BP notch + current signature,514212.750548463,30983486.5264123,NaN,1.71888817755936e-11,7.10119436488149e-11,NaN,NaN,NaN,NaN,1,3.07475548818062,1141.2848584811
2724,ACTIVE_OTHER,HPF,ACTIVE_OTHER_STATE_VARIABLE_HPF,State-variable/biquad-like active-other equation + current signature,218693.734487419,55639.4836740887,17735.3643002291,7.33536038255394e-10,7.76707781977413e-11,NaN,NaN,9731.79484559978,15107.9013792654,2.55242703108321,1.85935856379652,6044.64583199532
1546,VCVS,BSF,VCVS_BSF_Maheshwari,Maheshwari VCVS equations + prototype input/supply-current signature,66844.2138612529,66844.2138612529,NaN,6.2304992211594e-11,6.2304992211594e-11,NaN,NaN,10022.6782062534,4624.67009120178,1.46142058998924,0.928368204774136,38214.9649463666
2391,MFB,BSF,MFB_BSF_1_MINUS_BP,Maheshwari MFB BPF denominator + 1-minus-BP notch + current signature,3216497.73803571,166281762.35842,NaN,3.50096570064565e-11,2.57605282637126e-11,NaN,NaN,NaN,NaN,1,3.55313275448338,229.157927975646
36,PASSIVE,LPF,PASSIVE_RC_LPF,Passive RC equation + source-current signature,1375.09774468275,NaN,NaN,8.15488902876175e-12,NaN,NaN,NaN,NaN,NaN,1,NaN,14192813.8372582
1481,VCVS,BSF,VCVS_BSF_Maheshwari,Maheshwari VCVS equations + prototype input/supply-current signature,1712.82547339776,1712.82547339776,NaN,1.16494556865646e-10,1.16494556865646e-10,NaN,NaN,10013.4497470796,7191.19676806903,1.71815377813888,1.77401703914407,797629.824913083
2654,ACTIVE_OTHER,HPF,ACTIVE_OTHER_STATE_VARIABLE_HPF,State-variable/biquad-like active-other equation + current signature,121369.217402362,8191.9613751049,20669.4550262929,7.01740717950565e-11,5.24614983751659e-10,NaN,NaN,10015.4494942729,23826.3678707736,3.37896141200633,2.13751452524637,26306.5093179592
3063,ACTIVE_OTHER,BSF,ACTIVE_OTHER_STATE_VARIABLE_BSF,State-variable/biquad-like active-other equation + current signature,47769.9315474365,1706.93428854119,29842.436669558,2.93713562602361e-11,2.23244944395105e-11,NaN,NaN,9855.53467680614,8584.31864719404,1.87101501122981,3.02513696989265,688306.077197691
1296,VCVS,BPF,VCVS_BPF_Maheshwari,Maheshwari VCVS equations + prototype input/supply-current signature,38938.953696713,38938.953696713,NaN,2.90186789353016e-12,2.90186789353016e-12,NaN,NaN,9964.83014871944,8913.80567255082,1.89452660401806,0.904589837833005,1408504.42751005
342,PASSIVE,HPF,PASSIVE_RC_HPF,Passive RC equation + source-current signature,40865.0253691872,NaN,NaN,3.36529763258073e-11,NaN,NaN,NaN,NaN,NaN,1,NaN,115729.713711996
2922,ACTIVE_OTHER,BPF,ACTIVE_OTHER_STATE_VARIABLE_BPF,State-variable/biquad-like active-other equation + current signature,7090.27071010834,47401.7289694139,34074.6950056505,5.80758749820707e-10,1.14183995333111e-10,NaN,NaN,9636.48243549736,7131.05405028216,1.74000592000395,3.5292636658546,33712.5134986465
1153,VCVS,HPF,VCVS_HPF_Maheshwari,Maheshwari VCVS equations + prototype input/supply-current signature,18499.5053250558,18499.5053250558,NaN,1.31890256733989e-10,1.31890256733989e-10,NaN,NaN,9855.45323333021,12344.6940443646,2.25257497063818,1.33792682973681,65229.9885713011
1015,VCVS,HPF,VCVS_HPF_Maheshwari,Maheshwari VCVS equations + prototype input/supply-current signature,673429.858979709,673429.858979709,NaN,8.77985803891529e-10,8.77985803891529e-10,NaN,NaN,10005.077149579,10717.52019821,2.0712081514195,1.07666750255004,269.178438368171
2322,MFB,BSF,MFB_BSF_1_MINUS_BP,Maheshwari MFB BPF denominator + 1-minus-BP notch + current signature,6143.03595814019,413760.488491726,NaN,4.44089340760439e-10,1.83450683783638e-10,NaN,NaN,NaN,NaN,1,3.73281434892729,11060.1050747708
845,VCVS,LPF,VCVS_LPF_Maheshwari,Maheshwari VCVS equations + prototype input/supply-current signature,15395.0934159995,15395.0934159995,NaN,1.27755503042933e-11,1.27755503042933e-11,NaN,NaN,10090.0377215102,2393.4907359515,1.23721325945581,0.567283595343637,809204.309114898
1227,VCVS,BPF,VCVS_BPF_Maheshwari,Maheshwari VCVS equations + prototype input/supply-current signature,4291.51559933824,4291.51559933824,NaN,1.37507664612393e-11,1.37507664612393e-11,NaN,NaN,10083.7990622377,3533.6598697943,1.35042942129096,0.606218377623227,2697009.83358373
231,PASSIVE,HPF,PASSIVE_RC_HPF,Passive RC equation + source-current signature,16999.8126135245,NaN,NaN,5.71383964626488e-12,NaN,NaN,NaN,NaN,NaN,1,NaN,1638505.67257295
1931,MFB,HPF,MFB_HPF_Maheshwari,Maheshwari MFB equation + current signature,240397.589558684,19908.6660730972,NaN,5.74519906035498e-11,3.1119404070642e-10,2.81317088931755e-10,NaN,NaN,NaN,-4.89655947472729,0.323056078994299,7775.35636343314
2196,MFB,BPF,MFB_BPF_Maheshwari,Maheshwari MFB equation + current signature,195.091477725941,8142.56563153081,NaN,1.43858666100733e-10,1.41459634297806e-10,NaN,NaN,NaN,NaN,-36235075.509864,3.23010125461538,885189.122522078
2870,ACTIVE_OTHER,BPF,ACTIVE_OTHER_STATE_VARIABLE_BPF,State-variable/biquad-like active-other equation + current signature,82739.7529260891,13093.2670804947,23672.7644082943,9.70949993515103e-10,1.38404484727062e-10,NaN,NaN,10195.5672953785,9862.67085381472,1.96734890448767,2.30223065804517,13190.628691751
2741,ACTIVE_OTHER,HPF,ACTIVE_OTHER_STATE_VARIABLE_HPF,State-variable/biquad-like active-other equation + current signature,580369.391641726,463135.195446096,16199.1872732646,1.8167640691275e-10,4.15357891490757e-11,NaN,NaN,10469.3802718689,29689.255338328,3.83581783900837,1.61960945364794,3533.89376385262
303,PASSIVE,HPF,PASSIVE_RC_HPF,Passive RC equation + source-current signature,2132.75988885812,NaN,NaN,5.41011492258315e-12,NaN,NaN,NaN,NaN,NaN,1,NaN,13793410.9928198
313,PASSIVE,HPF,PASSIVE_RC_HPF,Passive RC equation + source-current signature,141171.877813239,NaN,NaN,7.95153183892987e-11,NaN,NaN,NaN,NaN,NaN,1,NaN,14178.2012905567
572,PASSIVE,BPF,PASSIVE_RLC_BPF,Passive RLC equation + source-current signature,240550.730180957,NaN,NaN,3.62954034801344e-12,NaN,NaN,0.917076632924641,NaN,NaN,1,2.08963445270447,87235.1482458219
714,PASSIVE,BSF,PASSIVE_RLC_BSF,Passive RLC equation + source-current signature,34713.5372921896,NaN,NaN,3.8622295817894e-10,NaN,NaN,10.4238435195122,NaN,NaN,1,4.73255890627154,2508.34429287627
3022,ACTIVE_OTHER,BSF,ACTIVE_OTHER_STATE_VARIABLE_BSF,State-variable/biquad-like active-other equation + current signature,2006.71395827375,1731.95776745446,26067.4078453199,1.00553353168279e-11,1.1261783398329e-12,NaN,NaN,9804.26420615256,26343.6327252833,3.68695663145753,2.50977456486283,25369206.4708204
2958,ACTIVE_OTHER,BPF,ACTIVE_OTHER_STATE_VARIABLE_BPF,State-variable/biquad-like active-other equation + current signature,529172.226169491,1906.68896264494,13384.2702400297,1.72856045893338e-11,9.95557409731388e-12,NaN,NaN,10392.6617437151,26070.5854081853,3.50855710029736,1.3933029316396,381949.761099584
655,PASSIVE,BSF,PASSIVE_RLC_BSF,Passive RLC equation + source-current signature,16685.2462544992,NaN,NaN,3.19816421589331e-10,NaN,NaN,0.228372869244839,NaN,NaN,1,1.60154539718701,18622.9079933382
2291,MFB,BSF,MFB_BSF_1_MINUS_BP,Maheshwari MFB BPF denominator + 1-minus-BP notch + current signature,2612237.31164829,384131960.994134,NaN,1.02672639081296e-11,1.92753724870346e-10,NaN,NaN,NaN,NaN,1,2.65718456559737,112.939235474993
2639,ACTIVE_OTHER,HPF,ACTIVE_OTHER_STATE_VARIABLE_HPF,State-variable/biquad-like active-other equation + current signature,14414.4122952714,1661.72516855462,24940.6521464677,1.08747358222364e-11,4.01488837776106e-10,NaN,NaN,10102.213805261,23610.8230206933,3.33719296342721,2.51146263686889,492148.27502057
2706,ACTIVE_OTHER,HPF,ACTIVE_OTHER_STATE_VARIABLE_HPF,State-variable/biquad-like active-other equation + current signature,1493.58031540543,2452.9639974985,47983.8195741002,4.34650444506571e-12,5.78513214381654e-12,NaN,NaN,9567.10576706614,10073.7480517448,2.05295669317493,4.67755045087559,16581871.6107271
937,VCVS,LPF,VCVS_LPF_Maheshwari,Maheshwari VCVS equations + prototype input/supply-current signature,2446.17636100969,2446.17636100969,NaN,6.96941481796997e-10,6.96941481796997e-10,NaN,NaN,9963.11011481237,1093.82262470937,1.10978726643633,0.529040981601405,93354.6708945902
1780,MFB,LPF,MFB_LPF_Maheshwari,Maheshwari MFB equation + current signature,1693.08499259214,199.263279057999,2245.81492654612,7.71285666755884e-10,6.18454400053632e-10,NaN,NaN,NaN,NaN,-1.32646319373946,0.275728910313049,344475.263545812
347,PASSIVE,HPF,PASSIVE_RC_HPF,Passive RC equation + source-current signature,7560.91863303864,NaN,NaN,2.67794099983509e-10,NaN,NaN,NaN,NaN,NaN,1,NaN,78603.9847608227
2754,ACTIVE_OTHER,HPF,ACTIVE_OTHER_STATE_VARIABLE_HPF,State-variable/biquad-like active-other equation + current signature,7222.0006103781,50822.150768812,27310.144475135,2.87646298660102e-11,8.91378230326376e-12,NaN,NaN,10187.4069243138,30525.0016892733,3.99634655963537,2.70928613530059,518805.348205728
1358,VCVS,BPF,VCVS_BPF_Maheshwari,Maheshwari VCVS equations + prototype input/supply-current signature,16478.6826330904,16478.6826330904,NaN,8.43864030505209e-12,8.43864030505209e-12,NaN,NaN,9943.00008533508,2302.97596844302,1.23161781642139,0.565488619646878,1144524.69154465
1766,MFB,LPF,MFB_LPF_Maheshwari,Maheshwari MFB equation + current signature,7947.64252716259,2979.48782584495,13087.141049945,6.4878874269681e-10,3.55629661538696e-11,NaN,NaN,NaN,NaN,-1.6466695633601,1.2717103023464,167793.947515264
1685,MFB,LPF,MFB_LPF_Maheshwari,Maheshwari MFB equation + current signature,24799.473253759,2877.8811316811,46886.7292238626,1.77731473383915e-11,3.16349187203956e-11,NaN,NaN,NaN,NaN,-1.89063407694579,0.157716390660583,577820.844611312
990,VCVS,LPF,VCVS_LPF_Maheshwari,Maheshwari VCVS equations + prototype input/supply-current signature,356714.795501868,356714.795501868,NaN,2.46935551521711e-10,2.46935551521711e-10,NaN,NaN,9863.21788352959,11313.9383054302,2.14708388672252,1.17244824483069,1806.82207714438
1629,MFB,LPF,MFB_LPF_Maheshwari,Maheshwari MFB equation + current signature,24557.9234916338,2758.99310313506,83367.3280386878,4.40697795340991e-10,3.84017060261558e-11,NaN,NaN,NaN,NaN,-3.39472219901202,0.538021845050485,80667.9805203243
418,PASSIVE,BPF,PASSIVE_RLC_BPF,Passive RLC equation + source-current signature,1859925.34096899,NaN,NaN,1.33929937106455e-10,NaN,NaN,8094.45829041612,NaN,NaN,1,4.17983896997064,152.85772949889
576,PASSIVE,BPF,PASSIVE_RLC_BPF,Passive RLC equation + source-current signature,14397057.6018932,NaN,NaN,2.10001032876784e-11,NaN,NaN,37541.9711234567,NaN,NaN,1,2.93679801541525,179.24658101199
2822,ACTIVE_OTHER,BPF,ACTIVE_OTHER_STATE_VARIABLE_BPF,State-variable/biquad-like active-other equation + current signature,18736.8563610491,19654.39424467,36129.7563714048,4.25527152178324e-11,1.81228140251434e-11,NaN,NaN,9834.2265950235,31487.2147170191,4.2017987802877,3.69306059057907,298652.036782215
1002,VCVS,HPF,VCVS_HPF_Maheshwari,Maheshwari VCVS equations + prototype input/supply-current signature,345237.697218224,345237.697218224,NaN,1.96153745688255e-10,1.96153745688255e-10,NaN,NaN,9914.71192191252,6616.80974810731,1.66737286975363,0.750397449746597,2350.20266720696
2480,ACTIVE_OTHER,LPF,ACTIVE_OTHER_STATE_VARIABLE_LPF,State-variable/biquad-like active-other equation + current signature,22439.6205233037,4144.66408001187,11097.3401947499,1.02373544719114e-11,2.27409870856364e-11,NaN,NaN,10086.2422129717,27821.0202042305,3.75831371255893,1.13775783991951,1081606.23595049
79,PASSIVE,LPF,PASSIVE_RC_LPF,Passive RC equation + source-current signature,213203.808522902,NaN,NaN,3.15616182284647e-12,NaN,NaN,NaN,NaN,NaN,1,NaN,236518.932946919
2051,MFB,BPF,MFB_BPF_Maheshwari,Maheshwari MFB equation + current signature,180453.726330217,31894588.3423444,NaN,2.05152397951256e-11,1.21481769852668e-10,NaN,NaN,NaN,NaN,-45616.6128802165,4.67401636663638,1328.87719867626
1347,VCVS,BPF,VCVS_BPF_Maheshwari,Maheshwari VCVS equations + prototype input/supply-current signature,10780.0431740647,10780.0431740647,NaN,2.75485822951788e-11,2.75485822951788e-11,NaN,NaN,10191.9731732164,8752.35142931926,1.85874945710411,0.876231784707443,535920.509087862
2129,MFB,BPF,MFB_BPF_Maheshwari,Maheshwari MFB equation + current signature,1959667.51502954,97148825.9103322,NaN,1.08809461341294e-11,4.67154869540898e-11,NaN,NaN,NaN,NaN,-10923.3720582671,2.75610502574654,511.618672458061
639,PASSIVE,BSF,PASSIVE_RLC_BSF,Passive RLC equation + source-current signature,341.866679834907,NaN,NaN,7.86242225417697e-10,NaN,NaN,4.13988035996905e-05,NaN,NaN,1,0.671210804950262,882161.407297184
2194,MFB,BPF,MFB_BPF_Maheshwari,Maheshwari MFB equation + current signature,459.431657847173,23571.7495428505,NaN,1.33134896132467e-10,2.82034969228847e-11,NaN,NaN,NaN,NaN,-77174908.4543254,2.72047760243909,789253.16523902
31,PASSIVE,LPF,PASSIVE_RC_LPF,Passive RC equation + source-current signature,115668.025490937,NaN,NaN,2.51427893435843e-10,NaN,NaN,NaN,NaN,NaN,1,NaN,5472.59554936408
1969,MFB,HPF,MFB_HPF_Maheshwari,Maheshwari MFB equation + current signature,892541.071874886,1721.11103356115,NaN,2.26730122598819e-10,3.19873763579346e-10,1.50377043265761e-10,NaN,NaN,NaN,-0.6632424555772,10.8042973395286,18514.905570862
1306,VCVS,BPF,VCVS_BPF_Maheshwari,Maheshwari VCVS equations + prototype input/supply-current signature,49467.6429584226,49467.6429584226,NaN,3.21365785481325e-11,3.21365785481325e-11,NaN,NaN,10094.3810088505,3992.60682337946,1.39552765245128,0.623257858901577,100115.028840415
409,PASSIVE,BPF,PASSIVE_RLC_BPF,Passive RLC equation + source-current signature,1439.42554120617,NaN,NaN,7.46031283495308e-11,NaN,NaN,0.00473936363535127,NaN,NaN,1,5.53722653987589,267658.842845649
1496,VCVS,BSF,VCVS_BSF_Maheshwari,Maheshwari VCVS equations + prototype input/supply-current signature,25531.9002160752,25531.9002160752,NaN,3.20240902161384e-11,3.20240902161384e-11,NaN,NaN,9905.45083947315,2170.29023038789,1.2191006008267,0.640287341147047,194652.592653116
3197,ACTIVE_OTHER,BSF,ACTIVE_OTHER_STATE_VARIABLE_BSF,State-variable/biquad-like active-other equation + current signature,23927.6439033534,40285.6388385564,27054.1279926007,3.58970472883131e-12,7.48871482221849e-10,NaN,NaN,9545.65707693235,9555.13008794103,2.00099238962099,2.63554776468098,98869.4289851138
745,PASSIVE,BSF,PASSIVE_RLC_BSF,Passive RLC equation + source-current signature,8383091.1143145,NaN,NaN,8.96690677146168e-11,NaN,NaN,3467.65624974986,NaN,NaN,1,0.741809696541231,285.417622934917
1808,MFB,HPF,MFB_HPF_Maheshwari,Maheshwari MFB equation + current signature,247108.229277878,4383.77255468174,NaN,1.5570562622329e-10,7.1068143139452e-11,1.14253385224737e-11,NaN,NaN,NaN,-0.073377814274284,12.2401493914291,169699.474747502
1882,MFB,HPF,MFB_HPF_Maheshwari,Maheshwari MFB equation + current signature,381718.408207581,10241.0045068945,NaN,8.80360796013488e-10,5.08088216987365e-11,4.64765330739685e-11,NaN,NaN,NaN,-0.0527925974037313,5.74820135443596,52383.0615213293
2623,ACTIVE_OTHER,HPF,ACTIVE_OTHER_STATE_VARIABLE_HPF,State-variable/biquad-like active-other equation + current signature,1082.45667683264,231510.710438524,8790.71360390734,3.4623847044808e-11,1.01101167310279e-11,NaN,NaN,9599.36414598328,7468.459198748,1.77801603160071,0.89896951215979,537357.829065092
1636,MFB,LPF,MFB_LPF_Maheshwari,Maheshwari MFB equation + current signature,15928.338742903,432.293914389082,36020.5910980987,8.85217999592953e-10,3.62910172345899e-10,NaN,NaN,NaN,NaN,-2.26141543568993,0.164651281825119,71159.1028873736
1700,MFB,LPF,MFB_LPF_Maheshwari,Maheshwari MFB equation + current signature,459955.895740135,20646.7659922592,703942.672507918,6.78367464595316e-10,1.21915897487685e-11,NaN,NaN,NaN,NaN,-1.53045689603603,1.18923306202539,14516.5292093127
467,PASSIVE,BPF,PASSIVE_RLC_BPF,Passive RLC equation + source-current signature,218247.02706495,NaN,NaN,5.03381815026175e-12,NaN,NaN,0.0726171313354858,NaN,NaN,1,0.550329060458505,263239.966093481
598,PASSIVE,BPF,PASSIVE_RLC_BPF,Passive RLC equation + source-current signature,45039813.5502796,NaN,NaN,6.48271115480849e-12,NaN,NaN,25948.4162644414,NaN,NaN,1,1.40469005718037,388.048820542819
1892,MFB,HPF,MFB_HPF_Maheshwari,Maheshwari MFB equation + current signature,18128.7184332753,1918.22673023052,NaN,1.36603615141481e-10,3.71636424904599e-10,2.66206305555368e-11,NaN,NaN,NaN,-0.19487500772191,2.93362824674079,271342.80148673
3091,ACTIVE_OTHER,BSF,ACTIVE_OTHER_STATE_VARIABLE_BSF,State-variable/biquad-like active-other equation + current signature,94192.8707357604,10051.7630528197,26180.4723892924,5.40989928837641e-12,1.38293792693737e-12,NaN,NaN,9510.9389533681,20479.5337137312,3.15326097813705,2.50241884924123,1891011.02115805
2674,ACTIVE_OTHER,HPF,ACTIVE_OTHER_STATE_VARIABLE_HPF,State-variable/biquad-like active-other equation + current signature,280747.868685244,148626.759464384,42659.183987089,8.92412394101672e-10,3.3141248644425e-10,NaN,NaN,9944.6615842423,32694.3288214115,4.28762608405065,4.48952386020852,1432.66998729455
1753,MFB,LPF,MFB_LPF_Maheshwari,Maheshwari MFB equation + current signature,1672.85316932021,2761.56643608945,2680.43825523626,1.61948483910197e-10,3.65403598604455e-11,NaN,NaN,NaN,NaN,-1.60231531636785,0.580499357010512,760439.428221804
1832,MFB,HPF,MFB_HPF_Maheshwari,Maheshwari MFB equation + current signature,2570.36193898272,135092.27666386,NaN,5.92078051486652e-10,8.78165663753958e-10,4.52776217081285e-11,NaN,NaN,NaN,-0.076472386697059,0.237325940188822,42832.9218651347
1468,VCVS,BSF,VCVS_BSF_Maheshwari,Maheshwari VCVS equations + prototype input/supply-current signature,174673.129886691,174673.129886691,NaN,4.66371520615234e-11,4.66371520615234e-11,NaN,NaN,10160.4076491434,3530.32176514821,1.34745867361393,0.766234995060193,19537.1858324687
2369,MFB,BSF,MFB_BSF_1_MINUS_BP,Maheshwari MFB BPF denominator + 1-minus-BP notch + current signature,3358.71394159817,290147.003094657,NaN,7.18421546913688e-11,5.98032140102317e-10,NaN,NaN,NaN,NaN,1,2.87594886753481,24596.4619783177
2642,ACTIVE_OTHER,HPF,ACTIVE_OTHER_STATE_VARIABLE_HPF,State-variable/biquad-like active-other equation + current signature,63050.2745018862,81706.9739999223,19800.5053531932,4.15165884534492e-11,1.76976451463937e-11,NaN,NaN,10231.9629346338,22113.689835406,3.16123631180819,1.93973507681218,81804.7471219336
2109,MFB,BPF,MFB_BPF_Maheshwari,Maheshwari MFB equation + current signature,3370.90012829271,11059.8501666586,NaN,5.45029817464517e-10,1.366995350443e-10,NaN,NaN,NaN,NaN,-2170136.62730141,0.725242648761518,95494.6227287982
2530,ACTIVE_OTHER,LPF,ACTIVE_OTHER_STATE_VARIABLE_LPF,State-variable/biquad-like active-other equation + current signature,76012.0807715604,6172.729794025,26810.0997205203,3.20917320697692e-12,1.04888071224426e-11,NaN,NaN,9722.12960434651,34332.118923514,4.53133730167155,2.59297197403885,1266428.16142549
3086,ACTIVE_OTHER,BSF,ACTIVE_OTHER_STATE_VARIABLE_BSF,State-variable/biquad-like active-other equation + current signature,789655.990634663,213182.532531131,32741.6125017192,1.12207804817175e-12,1.14373811083668e-10,NaN,NaN,10011.5889980585,29321.5791747804,3.9287637737093,3.39690935030861,34241.3222183226
2568,ACTIVE_OTHER,LPF,ACTIVE_OTHER_STATE_VARIABLE_LPF,State-variable/biquad-like active-other equation + current signature,2874.29126912388,255367.949814844,17546.4328728932,1.51509053415144e-12,2.17236773925307e-10,NaN,NaN,9819.13325298022,23633.1157694241,3.40684337003485,1.710902329717,323806.516186234
1440,VCVS,BSF,VCVS_BSF_Maheshwari,Maheshwari VCVS equations + prototype input/supply-current signature,28151.2124571405,28151.2124571405,NaN,2.21183320852838e-10,2.21183320852838e-10,NaN,NaN,9846.13674038052,5552.70923342366,1.56394801126935,1.14665226377135,25560.5769799756
2229,MFB,BSF,MFB_BSF_1_MINUS_BP,Maheshwari MFB BPF denominator + 1-minus-BP notch + current signature,892.234962448321,14282.4556848624,NaN,2.33065257046505e-10,2.94446285498732e-11,NaN,NaN,NaN,NaN,1,1.26257728131443,538192.029091341
734,PASSIVE,BSF,PASSIVE_RLC_BSF,Passive RLC equation + source-current signature,4358.4484426057,NaN,NaN,1.9029380267578e-10,NaN,NaN,0.0358558846921757,NaN,NaN,1,3.14945919509415,60929.4963155856
2068,MFB,BPF,MFB_BPF_Maheshwari,Maheshwari MFB equation + current signature,487320.140669205,300658755.678864,NaN,2.6308076888831e-11,3.56792016040527e-10,NaN,NaN,NaN,NaN,-5751.3594556356,6.28159026855866,135.71376792093
1284,VCVS,BPF,VCVS_BPF_Maheshwari,Maheshwari VCVS equations + prototype input/supply-current signature,54298.8893160609,54298.8893160609,NaN,8.46636741264396e-11,8.46636741264396e-11,NaN,NaN,10039.6181279399,3266.83195415676,1.32539404512461,0.597155406672618,34620.3994097203
1499,VCVS,BSF,VCVS_BSF_Maheshwari,Maheshwari VCVS equations + prototype input/supply-current signature,321224.272785539,321224.272785539,NaN,1.2654094162198e-11,1.2654094162198e-11,NaN,NaN,10074.9708325653,5574.12535921268,1.55326466466736,1.11923091919224,39154.4127995223
1370,VCVS,BPF,VCVS_BPF_Maheshwari,Maheshwari VCVS equations + prototype input/supply-current signature,49208.722689533,49208.722689533,NaN,3.68463874764997e-10,3.68463874764997e-10,NaN,NaN,10172.3779320813,11011.7061652762,2.08251052396981,1.0899307579274,8777.74832470179
1000,VCVS,LPF,VCVS_LPF_Maheshwari,Maheshwari VCVS equations + prototype input/supply-current signature,24234.7451412923,24234.7451412923,NaN,9.99328161302838e-12,9.99328161302838e-12,NaN,NaN,9937.18198647527,6709.2300755244,1.67516425528443,0.754810552167498,657163.673472156
764,PASSIVE,BSF,PASSIVE_RLC_BSF,Passive RLC equation + source-current signature,18678.9897660622,NaN,NaN,6.52467074375058e-10,NaN,NaN,0.977095030189099,NaN,NaN,1,2.07174222510782,6303.36461142374
1489,VCVS,BSF,VCVS_BSF_Maheshwari,Maheshwari VCVS equations + prototype input/supply-current signature,6847.35390054959,6847.35390054959,NaN,1.83940866849505e-10,1.83940866849505e-10,NaN,NaN,10090.6442702435,5543.98584401918,1.54941842121696,1.10967696759915,126362.767280008
1555,VCVS,BSF,VCVS_BSF_Maheshwari,Maheshwari VCVS equations + prototype input/supply-current signature,185673.094950005,185673.094950005,NaN,3.67561922105902e-12,3.67561922105902e-12,NaN,NaN,10140.7120583096,6203.49864826463,1.61174191837755,1.28780320015645,233206.494642926
2695,ACTIVE_OTHER,HPF,ACTIVE_OTHER_STATE_VARIABLE_HPF,State-variable/biquad-like active-other equation + current signature,657209.748445935,4257.75321088428,36307.1158104509,4.49446761748631e-12,6.69638046925012e-12,NaN,NaN,10226.0253640355,5345.40583172098,1.52272565747006,3.71377482310075,548426.841677838
3122,ACTIVE_OTHER,BSF,ACTIVE_OTHER_STATE_VARIABLE_BSF,State-variable/biquad-like active-other equation + current signature,82495.5640990647,6197.42171820196,12287.3490862144,7.06001834625687e-12,1.82539374856765e-12,NaN,NaN,10418.4546391351,19894.7360183841,2.90956688947448,1.18158872332738,1960731.44682712
2314,MFB,BSF,MFB_BSF_1_MINUS_BP,Maheshwari MFB BPF denominator + 1-minus-BP notch + current signature,15131.0966529794,938731.533346977,NaN,3.1923645234323e-11,2.73539815947529e-11,NaN,NaN,NaN,NaN,1,3.92655066267899,45190.5588903657
825,VCVS,LPF,VCVS_LPF_Maheshwari,Maheshwari VCVS equations + prototype input/supply-current signature,1819.24709772558,1819.24709772558,NaN,8.6518982308065e-11,8.6518982308065e-11,NaN,NaN,9910.11456731224,3423.54047171437,1.34545922233903,0.604397312838492,1011153.38143951
2240,MFB,BSF,MFB_BSF_1_MINUS_BP,Maheshwari MFB BPF denominator + 1-minus-BP notch + current signature,3317069.32292791,7024381.37534161,NaN,1.80655122975897e-10,2.87952676903008e-10,NaN,NaN,NaN,NaN,1,0.708276700283926,144.56165627168
2982,ACTIVE_OTHER,BPF,ACTIVE_OTHER_STATE_VARIABLE_BPF,State-variable/biquad-like active-other equation + current signature,29310.3472312679,1266.18001030028,13306.6940629956,8.73766504020086e-12,1.23639154257005e-10,NaN,NaN,9992.97689159797,32328.6659253089,4.23513866548521,1.28346574741965,794851.896343133
2721,ACTIVE_OTHER,HPF,ACTIVE_OTHER_STATE_VARIABLE_HPF,State-variable/biquad-like active-other equation + current signature,397285.851983661,1032.12710078293,29070.579695339,2.0203447469971e-10,7.70153444788852e-10,NaN,NaN,9638.88553885092,28437.6258864917,3.95030227009853,2.94107142202856,19925.1049972788
983,VCVS,LPF,VCVS_LPF_Maheshwari,Maheshwari VCVS equations + prototype input/supply-current signature,165024.852695457,165024.852695457,NaN,6.86863669369918e-12,6.86863669369918e-12,NaN,NaN,9873.40137364459,11432.1074083878,2.15786920593585,1.18746399852447,140410.70898138
2189,MFB,BPF,MFB_BPF_Maheshwari,Maheshwari MFB equation + current signature,3941907.20543554,25019098.434681,NaN,1.20771676227625e-10,4.48547397706105e-11,NaN,NaN,NaN,NaN,-5655.68563965897,1.11954033008292,217.743093018419
1386,VCVS,BPF,VCVS_BPF_Maheshwari,Maheshwari VCVS equations + prototype input/supply-current signature,274703.553866643,274703.553866643,NaN,7.40233755414307e-10,7.40233755414307e-10,NaN,NaN,9919.73413941412,5448.92350315877,1.5493013649941,0.689323044683181,782.684923333295
1677,MFB,LPF,MFB_LPF_Maheshwari,Maheshwari MFB equation + current signature,463544.97487329,46851.2178944431,472492.257270812,3.0312270310022e-11,2.62151710519386e-11,NaN,NaN,NaN,NaN,-1.0193018647219,0.282118643401106,37946.94000921
732,PASSIVE,BSF,PASSIVE_RLC_BSF,Passive RLC equation + source-current signature,2608.14778329417,NaN,NaN,6.64293284765401e-11,NaN,NaN,0.00504308763892276,NaN,NaN,1,3.34068964379191,274974.197222484
1010,VCVS,HPF,VCVS_HPF_Maheshwari,Maheshwari VCVS equations + prototype input/supply-current signature,21777.3785703855,21777.3785703855,NaN,4.79229460583797e-10,4.79229460583797e-10,NaN,NaN,9951.23600140649,12761.3139236622,2.28238481349035,1.39350451160855,15250.0413906103
1247,VCVS,BPF,VCVS_BPF_Maheshwari,Maheshwari VCVS equations + prototype input/supply-current signature,3387.98156438656,3387.98156438656,NaN,8.70001988978033e-11,8.70001988978033e-11,NaN,NaN,9949.09145296506,7343.87129131505,1.73814491765742,0.792484029262333,539956.592134222
154,PASSIVE,LPF,PASSIVE_RC_LPF,Passive RC equation + source-current signature,37873.8329152557,NaN,NaN,1.06187977120421e-10,NaN,NaN,NaN,NaN,NaN,1,NaN,39573.5968513601
1060,VCVS,HPF,VCVS_HPF_Maheshwari,Maheshwari VCVS equations + prototype input/supply-current signature,4607.7825662305,4607.7825662305,NaN,9.93576748260749e-11,9.93576748260749e-11,NaN,NaN,10186.7922504176,9202.45254369242,1.90337098445442,0.911885410493624,347637.593453338
3065,ACTIVE_OTHER,BSF,ACTIVE_OTHER_STATE_VARIABLE_BSF,State-variable/biquad-like active-other equation + current signature,122436.871032302,1086.18502709975,43694.1357701873,1.04008725184689e-10,1.16530226780442e-10,NaN,NaN,10214.5866083087,29550.2773923643,3.89294892936026,4.1983570922172,125359.696515613
364,PASSIVE,HPF,PASSIVE_RC_HPF,Passive RC equation + source-current signature,42161.8165927888,NaN,NaN,3.39821284629842e-12,NaN,NaN,NaN,NaN,NaN,1,NaN,1110836.75116647
435,PASSIVE,BPF,PASSIVE_RLC_BPF,Passive RLC equation + source-current signature,5109.61099667008,NaN,NaN,5.40046734261811e-10,NaN,NaN,0.00642420871999618,NaN,NaN,1,0.675003945518622,85446.5708528822
1893,MFB,HPF,MFB_HPF_Maheshwari,Maheshwari MFB equation + current signature,120581.884229547,1540155.79172271,NaN,5.47542503740165e-10,9.31156808797877e-10,2.28630818773787e-10,NaN,NaN,NaN,-0.417558120533202,0.181093584346046,800.420078857727
2791,ACTIVE_OTHER,HPF,ACTIVE_OTHER_STATE_VARIABLE_HPF,State-variable/biquad-like active-other equation + current signature,6074.38435990261,32150.1057947386,20405.6757320129,1.97425155623206e-11,1.71960357950137e-12,NaN,NaN,10409.4720769954,8671.3060138919,1.83302072859729,2.03696137177738,1954620.18518251
2770,ACTIVE_OTHER,HPF,ACTIVE_OTHER_STATE_VARIABLE_HPF,State-variable/biquad-like active-other equation + current signature,42109.0462488078,237851.706559302,56506.6719548275,1.32980741635838e-10,2.24397675387331e-12,NaN,NaN,10477.3543625364,14089.1339474273,2.34472248049618,5.7181675504811,92061.0112518943
1911,MFB,HPF,MFB_HPF_Maheshwari,Maheshwari MFB equation + current signature,248337.165122194,11.7253413531542,NaN,3.57631801063492e-11,1.77804083074639e-10,3.8885450356501e-10,NaN,NaN,NaN,-10.8730404401586,5.8421255356329,354708.906214875
1767,MFB,LPF,MFB_LPF_Maheshwari,Maheshwari MFB equation + current signature,460.555717024938,44.9032852301165,1454.96549302588,8.853179742765e-10,4.76180692160649e-10,NaN,NaN,NaN,NaN,-3.15915195326323,0.212289601581174,959001.298156797
1424,VCVS,BSF,VCVS_BSF_Maheshwari,Maheshwari VCVS equations + prototype input/supply-current signature,659180.57719787,659180.57719787,NaN,8.62067631102321e-10,8.62067631102321e-10,NaN,NaN,9854.44587345719,5190.33236397152,1.52669956592401,1.05641145454711,280.075029741725
2039,MFB,BPF,MFB_BPF_Maheshwari,Maheshwari MFB equation + current signature,2920.56496589378,444120.226292446,NaN,3.83654766618677e-11,8.27418525119502e-10,NaN,NaN,NaN,NaN,-413816.581415552,2.53769955363903,24802.959296881
864,VCVS,LPF,VCVS_LPF_Maheshwari,Maheshwari VCVS equations + prototype input/supply-current signature,3110.58408266163,3110.58408266163,NaN,2.31474183859789e-11,2.31474183859789e-11,NaN,NaN,10092.93667475,5016.34193134607,1.49701510006455,0.66534267912003,2210424.19063741
947,VCVS,LPF,VCVS_LPF_Maheshwari,Maheshwari VCVS equations + prototype input/supply-current signature,6205.15343410376,6205.15343410376,NaN,3.94374102309929e-10,3.94374102309929e-10,NaN,NaN,9918.49374244406,11545.1160055196,2.16399892012986,1.19617070369733,65036.8081370271
558,PASSIVE,BPF,PASSIVE_RLC_BPF,Passive RLC equation + source-current signature,1131004.6696691,NaN,NaN,5.887066623753e-12,NaN,NaN,222.940479682964,NaN,NaN,1,5.44102338179887,4393.15160393875
2497,ACTIVE_OTHER,LPF,ACTIVE_OTHER_STATE_VARIABLE_LPF,State-variable/biquad-like active-other equation + current signature,1012467.03535785,736472.85146617,27366.5214617082,1.35730200180817e-11,6.53122043971828e-10,NaN,NaN,10222.4079150634,34415.9056883936,4.36671222419909,2.84703418412729,1957.56368004475
809,VCVS,LPF,VCVS_LPF_Maheshwari,Maheshwari VCVS equations + prototype input/supply-current signature,503988.749041801,503988.749041801,NaN,1.0392032506325e-10,1.0392032506325e-10,NaN,NaN,9828.39107224189,5921.38457424492,1.6024775093625,0.715551990539941,3038.77674124683
278,PASSIVE,HPF,PASSIVE_RC_HPF,Passive RC equation + source-current signature,7501.76522662102,NaN,NaN,1.26673255507703e-11,NaN,NaN,NaN,NaN,NaN,1,NaN,1674833.85498444
1056,VCVS,HPF,VCVS_HPF_Maheshwari,Maheshwari VCVS equations + prototype input/supply-current signature,5471.14913410992,5471.14913410992,NaN,8.03477923318186e-11,8.03477923318186e-11,NaN,NaN,9906.3883633079,9606.16614670007,1.96969407965876,0.970585512765756,362049.231668473
980,VCVS,LPF,VCVS_LPF_Maheshwari,Maheshwari VCVS equations + prototype input/supply-current signature,158391.878876669,158391.878876669,NaN,5.1168654440255e-11,5.1168654440255e-11,NaN,NaN,9846.70265598789,5752.64778784199,1.58422072736641,0.706324791815768,19637.3655429975
451,PASSIVE,BPF,PASSIVE_RLC_BPF,Passive RLC equation + source-current signature,816559.559888955,NaN,NaN,4.06907007829768e-12,NaN,NaN,51.4288777482159,NaN,NaN,1,4.35379595315149,11001.9336927348
882,VCVS,LPF,VCVS_LPF_Maheshwari,Maheshwari VCVS equations + prototype input/supply-current signature,25514.8046886448,25514.8046886448,NaN,8.23331602534133e-10,8.23331602534133e-10,NaN,NaN,9888.28328296089,7155.9972896978,1.72368449456022,0.783505329002039,7576.22908037011
2266,MFB,BSF,MFB_BSF_1_MINUS_BP,Maheshwari MFB BPF denominator + 1-minus-BP notch + current signature,268882.65489467,34256153.374207,NaN,1.55751324584504e-10,5.16856103112859e-11,NaN,NaN,NaN,NaN,1,4.88205328927988,584.47877118245
2038,MFB,BPF,MFB_BPF_Maheshwari,Maheshwari MFB equation + current signature,3859707.94764119,51545721.6045043,NaN,2.22053800403187e-11,3.02578182245421e-10,NaN,NaN,NaN,NaN,-856.264514609465,0.922301593252188,137.657122686546
1007,VCVS,HPF,VCVS_HPF_Maheshwari,Maheshwari VCVS equations + prototype input/supply-current signature,36822.5444092689,36822.5444092689,NaN,1.51262094558223e-12,1.51262094558223e-12,NaN,NaN,10034.3037090455,3198.27340686384,1.31873396496667,0.594789866185678,2857434.12601653
200,PASSIVE,LPF,PASSIVE_RC_LPF,Passive RC equation + source-current signature,28487.6395030911,NaN,NaN,5.21024936028063e-10,NaN,NaN,NaN,NaN,NaN,1,NaN,10722.7247473171
669,PASSIVE,BSF,PASSIVE_RLC_BSF,Passive RLC equation + source-current signature,7297698.68807646,NaN,NaN,9.36071515228975e-13,NaN,NaN,202.102939710965,NaN,NaN,1,2.01347328836522,11571.2240138
2553,ACTIVE_OTHER,LPF,ACTIVE_OTHER_STATE_VARIABLE_LPF,State-variable/biquad-like active-other equation + current signature,5644.29210443105,7934.39930863118,45804.9448497721,1.55107176512975e-12,9.29634424139426e-12,NaN,NaN,10259.0835401612,17536.4298534017,2.70935637523097,4.62266071257613,6263056.35792009
911,VCVS,LPF,VCVS_LPF_Maheshwari,Maheshwari VCVS equations + prototype input/supply-current signature,211938.203635321,211938.203635321,NaN,2.88062988275412e-10,2.88062988275412e-10,NaN,NaN,9983.98536541534,13156.5470201744,2.31776505459922,1.46577070955014,2606.89429141567
2532,ACTIVE_OTHER,LPF,ACTIVE_OTHER_STATE_VARIABLE_LPF,State-variable/biquad-like active-other equation + current signature,324286.088661319,2624.16404345873,38354.0570707922,1.22120102976751e-10,8.05029136428203e-12,NaN,NaN,10098.6270975457,12547.9298104334,2.24253818754065,3.66304100407914,174004.749125499
2087,MFB,BPF,MFB_BPF_Maheshwari,Maheshwari MFB equation + current signature,1719.5545288305,106162.898022379,NaN,4.49280714738553e-10,7.20955918103976e-11,NaN,NaN,NaN,NaN,-8066317.9489004,2.71231645933777,65450.4337049402
2831,ACTIVE_OTHER,BPF,ACTIVE_OTHER_STATE_VARIABLE_BPF,State-variable/biquad-like active-other equation + current signature,104144.301846785,1307.87821344055,14852.3262060821,8.78639878830349e-10,1.40318024495691e-10,NaN,NaN,10416.635172422,30269.5002116595,3.90588080609735,1.45904319161615,38837.9712812167
1522,VCVS,BSF,VCVS_BSF_Maheshwari,Maheshwari VCVS equations + prototype input/supply-current signature,7681.88767815934,7681.88767815934,NaN,9.30319283169089e-11,9.30319283169089e-11,NaN,NaN,10027.9017789891,6235.95445646094,1.62186034465623,1.32226280141246,222699.968696655
2398,MFB,BSF,MFB_BSF_1_MINUS_BP,Maheshwari MFB BPF denominator + 1-minus-BP notch + current signature,8248.76095883746,1271844.13431378,NaN,1.3297994140509e-11,1.52669986483781e-10,NaN,NaN,NaN,NaN,1,3.37107316819237,34485.6903711113
3147,ACTIVE_OTHER,BSF,ACTIVE_OTHER_STATE_VARIABLE_BSF,State-variable/biquad-like active-other equation + current signature,171081.56002037,333399.907850612,42915.9749706079,1.0026780880725e-12,2.90156895913131e-11,NaN,NaN,9752.21014428053,24129.3138933843,3.47424056048829,4.33097470976706,123548.814535867
2287,MFB,BSF,MFB_BSF_1_MINUS_BP,Maheshwari MFB BPF denominator + 1-minus-BP notch + current signature,790275.448825156,21016420.1687936,NaN,6.69592050909208e-11,6.04852057343369e-11,NaN,NaN,NaN,NaN,1,2.5751294049575,613.651485158081
1224,VCVS,BPF,VCVS_BPF_Maheshwari,Maheshwari VCVS equations + prototype input/supply-current signature,11946.2148662655,11946.2148662655,NaN,8.53049242070922e-12,8.53049242070922e-12,NaN,NaN,9834.07412040276,2440.33764776525,1.24815123598695,0.570825530458035,1561765.08131847
2974,ACTIVE_OTHER,BPF,ACTIVE_OTHER_STATE_VARIABLE_BPF,State-variable/biquad-like active-other equation + current signature,4803.59156352245,2384.06100185479,27934.543432161,3.44188392482596e-11,2.66465655807327e-10,NaN,NaN,10138.0759013924,12169.2912486189,2.20035511343405,2.77981557547682,491088.407359017
2964,ACTIVE_OTHER,BPF,ACTIVE_OTHER_STATE_VARIABLE_BPF,State-variable/biquad-like active-other equation + current signature,19469.206118595,3941.13455257327,32497.7100787745,5.51775411663803e-12,9.58226696387927e-12,NaN,NaN,9962.86027270696,24136.8541913125,3.42268319846208,3.382499434331,2498734.2760922
540,PASSIVE,BPF,PASSIVE_RLC_BPF,Passive RLC equation + source-current signature,2219584.93438373,NaN,NaN,1.11525277019085e-12,NaN,NaN,58.8303615949647,NaN,NaN,1,3.27221879786108,19648.6500351448
2709,ACTIVE_OTHER,HPF,ACTIVE_OTHER_STATE_VARIABLE_HPF,State-variable/biquad-like active-other equation + current signature,350062.304177787,5311.25918970683,54616.0451516836,4.16361586429062e-12,1.86220496379157e-12,NaN,NaN,10378.4716303969,22318.5822959617,3.15046907586991,5.20538767504972,1325560.77125171
1782,MFB,LPF,MFB_LPF_Maheshwari,Maheshwari MFB equation + current signature,461169.934088292,30441.7502631506,412105.215059833,1.03133412360306e-11,1.56929125350978e-11,NaN,NaN,NaN,NaN,-0.893608157423667,0.193294736368596,111693.987654881
1812,MFB,HPF,MFB_HPF_Maheshwari,Maheshwari MFB equation + current signature,17260.318109212,2618.59283288993,NaN,4.13981846378173e-10,3.81987738211289e-11,7.35463280707061e-11,NaN,NaN,NaN,-0.177655925529453,1.45698701817636,446638.892483376
2742,ACTIVE_OTHER,HPF,ACTIVE_OTHER_STATE_VARIABLE_HPF,State-variable/biquad-like active-other equation + current signature,24503.673853388,12694.7638355833,41431.040130172,5.11605694329954e-10,3.30031335718598e-12,NaN,NaN,9838.20911769186,7729.66143546989,1.7856776922509,4.35893246554683,219607.386538283
2316,MFB,BSF,MFB_BSF_1_MINUS_BP,Maheshwari MFB BPF denominator + 1-minus-BP notch + current signature,15322.5221821646,810730.742453994,NaN,2.98519651104012e-10,3.61609209676976e-11,NaN,NaN,NaN,NaN,1,2.25812975192047,13743.9155328247
824,VCVS,LPF,VCVS_LPF_Maheshwari,Maheshwari VCVS equations + prototype input/supply-current signature,607622.692964917,607622.692964917,NaN,6.36907874257894e-11,6.36907874257894e-11,NaN,NaN,10167.8723349376,10706.0098020093,2.05292527771249,1.05588289547487,4112.53425394605
358,PASSIVE,HPF,PASSIVE_RC_HPF,Passive RC equation + source-current signature,6098.32075262697,NaN,NaN,2.49437884049922e-12,NaN,NaN,NaN,NaN,NaN,1,NaN,10462788.7004244
1411,VCVS,BSF,VCVS_BSF_Maheshwari,Maheshwari VCVS equations + prototype input/supply-current signature,8889.91782465079,8889.91782465079,NaN,3.99217006565943e-10,3.99217006565943e-10,NaN,NaN,9905.462707964,2939.26776675038,1.29673200065528,0.710966516983396,44844.9300833465
778,PASSIVE,BSF,PASSIVE_RLC_BSF,Passive RLC equation + source-current signature,12802.5561171153,NaN,NaN,1.57843411453883e-11,NaN,NaN,0.0293428829969535,NaN,NaN,1,3.36776262942372,233859.766292952
2781,ACTIVE_OTHER,HPF,ACTIVE_OTHER_STATE_VARIABLE_HPF,State-variable/biquad-like active-other equation + current signature,2100.80621352885,33632.317664964,16523.5732974619,7.20901488781335e-12,4.62299247494816e-11,NaN,NaN,9755.04316999638,16639.5774054001,2.70574103214412,1.64607246865743,1037168.17540964
972,VCVS,LPF,VCVS_LPF_Maheshwari,Maheshwari VCVS equations + prototype input/supply-current signature,689004.24375869,689004.24375869,NaN,8.40424108309621e-12,8.40424108309621e-12,NaN,NaN,10103.6998621026,9297.67779580417,1.92022505841433,0.926118917458371,27485.2526066329
1800,MFB,LPF,MFB_LPF_Maheshwari,Maheshwari MFB equation + current signature,187437.841633389,6155.76475336634,698023.977481645,1.56520282485674e-10,5.40289615790227e-11,NaN,NaN,NaN,NaN,-3.72402910425588,0.153444614918691,26402.5170621371
2814,ACTIVE_OTHER,BPF,ACTIVE_OTHER_STATE_VARIABLE_BPF,State-variable/biquad-like active-other equation + current signature,58810.5280499155,653782.14729747,45136.3175453184,8.0065692521146e-11,2.37099902974608e-10,NaN,NaN,10337.1832697629,12289.1319386611,2.18882790581916,4.36694098390712,5890.97450601986
934,VCVS,LPF,VCVS_LPF_Maheshwari,Maheshwari VCVS equations + prototype input/supply-current signature,487407.101007528,487407.101007528,NaN,8.71058282940651e-11,8.71058282940651e-11,NaN,NaN,9897.85643376956,3027.7010887916,1.30589462567488,0.590282053971033,3748.7032670214
2119,MFB,BPF,MFB_BPF_Maheshwari,Maheshwari MFB equation + current signature,4237.00679992156,1071656.6339415,NaN,5.67379257815601e-11,3.32115395658536e-10,NaN,NaN,NaN,NaN,-710643.569666555,5.61427480674129,17206.062303366
1666,MFB,LPF,MFB_LPF_Maheshwari,Maheshwari MFB equation + current signature,16251.3237168373,919537.58302283,43051.6014672978,1.13770336724157e-10,1.18990445891307e-11,NaN,NaN,NaN,NaN,-2.64911352560739,0.181027429429948,21740.5319444352
2918,ACTIVE_OTHER,BPF,ACTIVE_OTHER_STATE_VARIABLE_BPF,State-variable/biquad-like active-other equation + current signature,852983.512412821,1708.22535572926,38441.5666267388,6.75177619011779e-10,3.56536464940096e-10,NaN,NaN,9682.92600622813,25779.2955699254,3.66234561261173,3.95135396159881,8497.9903857945
3153,ACTIVE_OTHER,BSF,ACTIVE_OTHER_STATE_VARIABLE_BSF,State-variable/biquad-like active-other equation + current signature,1060.4706862119,2116.42379196174,46008.7757787529,4.30741677913779e-10,1.64682192005244e-10,NaN,NaN,10148.8292907109,28103.9115894002,3.76917768388549,4.80855328821248,398875.822543933
1701,MFB,LPF,MFB_LPF_Maheshwari,Maheshwari MFB equation + current signature,77173.1527801324,2173.93149506722,216281.61108397,8.53059798864385e-10,1.65048164147623e-10,NaN,NaN,NaN,NaN,-2.80254989322725,0.219537008001254,19561.0570383211
2366,MFB,BSF,MFB_BSF_1_MINUS_BP,Maheshwari MFB BPF denominator + 1-minus-BP notch + current signature,1513.30772921327,1302894.00126703,NaN,9.17723349083375e-10,3.86166907301931e-11,NaN,NaN,NaN,NaN,1,5.77593099042048,19039.6318481049
1863,MFB,HPF,MFB_HPF_Maheshwari,Maheshwari MFB equation + current signature,715674.450948673,16327.7271170688,NaN,1.13316544208847e-11,2.46029409526033e-10,2.44354294697192e-11,NaN,NaN,NaN,-2.15638675184833,0.844765464462292,18988.7338675507
1403,VCVS,BSF,VCVS_BSF_Maheshwari,Maheshwari VCVS equations + prototype input/supply-current signature,600617.701403417,600617.701403417,NaN,7.81514516852204e-12,7.81514516852204e-12,NaN,NaN,9880.73291770103,1058.85888008768,1.10716400179088,0.560013262237314,33906.6555575054
2209,MFB,BSF,MFB_BSF_1_MINUS_BP,Maheshwari MFB BPF denominator + 1-minus-BP notch + current signature,313.222344630216,118707.958273005,NaN,1.45698107841382e-11,2.30112824969638e-10,NaN,NaN,NaN,NaN,1,4.60688920168751,450771.529071471
2554,ACTIVE_OTHER,LPF,ACTIVE_OTHER_STATE_VARIABLE_LPF,State-variable/biquad-like active-other equation + current signature,1297.44192412593,21548.7699181081,16792.360336622,2.2100611675719e-11,1.80887810122652e-10,NaN,NaN,10014.2561680014,11954.6269269486,2.19376084717577,1.73371375048103,476056.093615549
2987,ACTIVE_OTHER,BPF,ACTIVE_OTHER_STATE_VARIABLE_BPF,State-variable/biquad-like active-other equation + current signature,41618.3837254875,2284.13094115597,28010.0887191499,4.43525713616758e-10,8.87201366631989e-12,NaN,NaN,9837.46344091691,10142.8296614283,2.031041154292,2.92280716885746,260223.506953982
1657,MFB,LPF,MFB_LPF_Maheshwari,Maheshwari MFB equation + current signature,459170.250064836,85844.9504589338,469112.63814637,3.19085763069638e-10,1.37837482644736e-10,NaN,NaN,NaN,NaN,-1.0216529448067,0.475098674885325,3781.69768543284
2508,ACTIVE_OTHER,LPF,ACTIVE_OTHER_STATE_VARIABLE_LPF,State-variable/biquad-like active-other equation + current signature,490687.426822188,37007.7922026583,14065.5311486956,6.93861402772313e-11,4.8265486748725e-12,NaN,NaN,9912.50049207668,28244.4894938222,3.84938089197561,1.3614807736912,64538.1286113973
318,PASSIVE,HPF,PASSIVE_RC_HPF,Passive RC equation + source-current signature,31072.0539205176,NaN,NaN,2.44381571860476e-11,NaN,NaN,NaN,NaN,NaN,1,NaN,209595.385026004
510,PASSIVE,BPF,PASSIVE_RLC_BPF,Passive RLC equation + source-current signature,106434267.539195,NaN,NaN,3.07462903594688e-12,NaN,NaN,367204.861881812,NaN,NaN,1,3.24695577577889,149.78542573971
855,VCVS,LPF,VCVS_LPF_Maheshwari,Maheshwari VCVS equations + prototype input/supply-current signature,1267.20266608474,1267.20266608474,NaN,2.03204387567375e-11,2.03204387567375e-11,NaN,NaN,9824.12763080222,6620.27311488676,1.67387898077889,0.75407899091091,6180747.08524141
1497,VCVS,BSF,VCVS_BSF_Maheshwari,Maheshwari VCVS equations + prototype input/supply-current signature,11080.1103150837,11080.1103150837,NaN,1.75046084345758e-12,1.75046084345758e-12,NaN,NaN,10180.8080711503,4389.27817030589,1.4311325917973,0.878939437890661,8205851.37970502
212,PASSIVE,HPF,PASSIVE_RC_HPF,Passive RC equation + source-current signature,6696.38288229318,NaN,NaN,7.40891058348436e-10,NaN,NaN,NaN,NaN,NaN,1,NaN,32079.3456240961
3089,ACTIVE_OTHER,BSF,ACTIVE_OTHER_STATE_VARIABLE_BSF,State-variable/biquad-like active-other equation + current signature,166751.653391893,557880.468725975,46502.004123288,2.6378083300804e-10,3.13320147130123e-12,NaN,NaN,10109.8605795183,30041.1529380689,3.97147054618434,4.45741781294247,18150.922401115
644,PASSIVE,BSF,PASSIVE_RLC_BSF,Passive RLC equation + source-current signature,23735.8618994407,NaN,NaN,2.26737278488258e-12,NaN,NaN,0.0201006282947127,NaN,NaN,1,3.96678210191056,745510.647663047
302,PASSIVE,HPF,PASSIVE_RC_HPF,Passive RC equation + source-current signature,1995.73768679133,NaN,NaN,5.01735208022361e-10,NaN,NaN,NaN,NaN,NaN,1,NaN,158943.252384959
1547,VCVS,BSF,VCVS_BSF_Maheshwari,Maheshwari VCVS equations + prototype input/supply-current signature,15080.0012843706,15080.0012843706,NaN,1.07366288318226e-10,1.07366288318226e-10,NaN,NaN,9930.57887521923,5054.90950308651,1.50902465672978,1.01838107932197,98299.3878759902
327,PASSIVE,HPF,PASSIVE_RC_HPF,Passive RC equation + source-current signature,7227.06630754421,NaN,NaN,6.74863082890472e-10,NaN,NaN,NaN,NaN,NaN,1,NaN,32631.9044592081
2888,ACTIVE_OTHER,BPF,ACTIVE_OTHER_STATE_VARIABLE_BPF,State-variable/biquad-like active-other equation + current signature,43607.3989775917,60028.8218897694,38192.6758919207,4.72278467631727e-10,1.78134829824889e-11,NaN,NaN,10260.6426100117,24834.0852525478,3.42032455436235,3.74381914105865,33914.5950305019
189,PASSIVE,LPF,PASSIVE_RC_LPF,Passive RC equation + source-current signature,5676.28839241047,NaN,NaN,1.58043808201228e-12,NaN,NaN,NaN,NaN,NaN,1,NaN,17741003.9862369
907,VCVS,LPF,VCVS_LPF_Maheshwari,Maheshwari VCVS equations + prototype input/supply-current signature,7135.21675655464,7135.21675655464,NaN,9.29277401441184e-11,9.29277401441184e-11,NaN,NaN,9980.68259703957,2014.30593729459,1.2018204584416,0.556117994276224,240031.138411774
