Topology,R1,R2,R3,C1,C2,C3,RA,RB,K_calc,Q_calc,f0_calc,SampleID,FamilyLabel,ResponseType
MFB_BPF,43485.1057620036,1127.42442001874,NaN,5.5450928968591e-10,2.51287356612647e-11,NaN,NaN,NaN,-915142.724721867,0.0327911250323875,192560.149983977,1581,MFB,BPF
ACTIVE_OTHER_CASCADED_VCVS,9671.20714010213,9671.20714010213,2429.73217342271,4.24259010424588e-10,4.24259010424588e-10,8.15791438746906e-11,9847.37948850155,6477.79674364216,3.14086414075932,0.824843073764851,420864.019260202,2688,ACTIVE_OTHER,LPF
MFB_LPF,1038002973.05313,1262.1454900296,1611485383.54029,6.0013321693178e-10,3.65243219027108e-10,NaN,NaN,NaN,-1.55248628893649,0.00113441878148046,238.362165808304,1404,MFB,LPF
PASSIVE_RLC_BPF,12.7740350478407,NaN,NaN,2.09358931056985e-11,NaN,NaN,NaN,NaN,1,10,133.699141799144,569,PASSIVE,BPF
ACTIVE_OTHER_CASCADED_VCVS,10511.8600138964,10511.8600138964,284239.87844662,7.14913651396834e-12,7.14913651396834e-12,8.89301266722685e-12,10020.6186076576,12838.2216863297,3.34849153847668,1.02192943415422,1090386.50466458,2451,ACTIVE_OTHER,HPF
VCVS_BSF,4747.87812456638,4747.87812456638,NaN,4.40794770966026e-12,4.40794770966026e-12,NaN,9964.2060097456,4042.47339433388,1.40569949982769,0.8413252215925,7604735.88336997,1191,VCVS,BSF
PASSIVE_RC,7086.81288561089,NaN,NaN,1.46427208334383e-12,NaN,NaN,NaN,NaN,1,NaN,15337245.9822479,586,PASSIVE,LPF
MFB_BPF,56555.3147222353,8619.63585609581,NaN,3.40370692448505e-10,1.14703539632479e-11,NaN,NaN,NaN,-1541522.10403558,0.0693307236448862,115365.106482177,1969,MFB,BPF
PASSIVE_RC,578477.01138594,NaN,NaN,1.02802808680055e-12,NaN,NaN,NaN,NaN,1,NaN,267626.458202611,498,PASSIVE,HPF
PASSIVE_RLC_BSF,140.038895955609,NaN,NaN,9.582923259254e-12,NaN,NaN,NaN,NaN,1,10,185.768630870855,26,PASSIVE,BSF
VCVS_BPF,533842.09749288,533842.09749288,NaN,5.35333625248245e-12,5.35333625248245e-12,NaN,9897.39562293446,12778.8379855297,2.29113137156186,1.41069862578531,55690.7145715074,735,VCVS,BPF
MFB_BPF,1546.20281942736,543397.215898747,NaN,8.16238541773014e-11,5.82870260597348e-10,NaN,NaN,NaN,-1109587.72077809,6.15359390854941,25172.9260075229,1638,MFB,BPF
PASSIVE_RLC_BSF,9407.18669686844,NaN,NaN,3.05418263979088e-12,NaN,NaN,NaN,NaN,1,10,455.355807840359,112,PASSIVE,BSF
MFB_HPF,1885.54417081459,25542.5514137081,NaN,1.57016266698144e-11,2.09115664837709e-10,5.67042138067895e-11,NaN,NaN,-3.61135919221673,0.0291007984532291,210605.005034395,1538,MFB,HPF
VCVS_BSF,69130.5910654429,69130.5910654429,NaN,7.20247310199048e-11,7.20247310199048e-11,NaN,9966.12530360097,5773.54516525353,1.57931693505473,1.18854320904278,31964.5221566419,980,VCVS,BSF
MFB_BPF,11934.2371448931,4155725.26208743,NaN,2.95885782533749e-11,4.47775549719697e-11,NaN,NaN,NaN,-1871306.64953627,9.13362378055872,19633.9259678488,1408,MFB,BPF
VCVS_BPF,962.49959409129,962.49959409129,NaN,1.62514613639242e-10,1.62514613639242e-10,NaN,10071.0773907965,8918.88384131836,1.88559381436875,0.897338881364475,1017482.98852698,1359,VCVS,BPF
ACTIVE_OTHER_CASCADED_VCVS,19317.0243879735,19317.0243879735,288670.736693449,1.80223142370297e-11,1.80223142370297e-11,2.63224253227761e-10,9913.10514523718,13363.3607324407,3.99897459198834,1.15246599884098,229627.867159821,2320,ACTIVE_OTHER,HPF
PASSIVE_RLC_BPF,40.7936221912128,NaN,NaN,6.71170991981123e-11,NaN,NaN,NaN,NaN,1,10,5201.3410809665,622,PASSIVE,BPF
VCVS_BPF,49242.0445736943,49242.0445736943,NaN,1.9309870631963e-12,1.9309870631963e-12,NaN,10021.6755094016,5618.62034965315,1.56064680445722,0.694756508059787,1673804.34351022,720,VCVS,BPF
PASSIVE_RLC_BPF,7047.0614380844,NaN,NaN,9.50007566233578e-12,NaN,NaN,NaN,NaN,1,10,1177.01753187418,624,PASSIVE,BPF
VCVS_BPF,4387.21824828851,4387.21824828851,NaN,2.39659418605446e-11,2.39659418605446e-11,NaN,10194.2267570654,12080.3447996263,2.18501825469535,1.22702134834466,1513688.07909537,830,VCVS,BPF
MFB_BPF,44271.5597024205,22.2159683194154,NaN,3.82622601550529e-10,2.29839321423794e-10,NaN,NaN,NaN,-98276.763724129,0.0108464743694153,541162.40865768,1957,MFB,BPF
VCVS_LPF,140645.462768465,140645.462768465,NaN,7.1973866946836e-12,7.1973866946836e-12,NaN,9991.13211515181,14012.7390406283,2.40251764055623,1.67368958128062,157224.263350366,854,VCVS,LPF
PASSIVE_RC,2597.92042277419,NaN,NaN,2.53731850275095e-12,NaN,NaN,NaN,NaN,1,NaN,24144560.3200442,597,PASSIVE,LPF
ACTIVE_OTHER_CASCADED_VCVS,3007.85491714951,3007.85491714951,10045.0934699805,3.93287813934038e-11,3.93287813934038e-11,6.50868995609129e-11,10052.960840815,11374.4601257838,4.30495342772425,1.08573626595832,794416.636342403,2687,ACTIVE_OTHER,HPF
VCVS_BSF,6252.05894867276,6252.05894867276,NaN,4.94865836620126e-11,4.94865836620126e-11,NaN,9968.99361074579,670.393124523388,1.06724782367207,0.536048065809296,514410.227217241,823,VCVS,BSF
MFB_HPF,34172.7740485471,1966634302.87062,NaN,6.00041054093106e-10,2.94998457909027e-10,3.20769027783465e-11,NaN,NaN,-0.0534578468582073,0.00818160797615779,199.577750072857,1493,MFB,HPF
VCVS_BPF,7563.6928138479,7563.6928138479,NaN,7.0706957260555e-10,7.0706957260555e-10,NaN,9914.62788271309,11033.6886516254,2.11286966915455,1.12723008697829,29759.395187179,1394,VCVS,BPF
VCVS_BSF,645522.37617564,645522.37617564,NaN,1.1198768851351e-11,1.1198768851351e-11,NaN,10107.8355715727,2365.7214100092,1.23404826812404,0.652782648294832,22016.0067583072,890,VCVS,BSF
VCVS_BPF,2327.4818189374,2327.4818189374,NaN,7.21904006262121e-10,7.21904006262121e-10,NaN,10011.8507833717,5423.9261084171,1.54175059394867,0.685753750936073,94722.7684176615,827,VCVS,BPF
PASSIVE_RLC_BSF,1438.87061142184,NaN,NaN,4.73054279888141e-10,NaN,NaN,NaN,NaN,1,1.68119216611676,139081.720873959,524,PASSIVE,BSF
VCVS_BSF,122159.219445745,122159.219445745,NaN,8.93799042002207e-10,8.93799042002207e-10,NaN,10212.3240236123,7590.3380048417,1.74325275885213,1.94744059474441,1457.65248631391,1290,VCVS,BSF
VCVS_HPF,16038.4256553787,16038.4256553787,NaN,2.0854827701763e-12,2.0854827701763e-12,NaN,9727.67152464311,8144.70455075213,1.8372717489606,0.860046188011743,4758299.67462488,708,VCVS,HPF
ACTIVE_OTHER_CASCADED_VCVS,4932.71141767956,4932.71141767956,5908.93844446158,8.42495192206966e-11,8.42495192206966e-11,2.73658105735809e-12,10006.0878138154,7710.29138414811,3.21510999483922,0.828940804418558,5112701.15250782,2359,ACTIVE_OTHER,HPF
MFB_BPF,31629.2241591032,2285.13425394891,NaN,4.37220704430576e-10,2.07402147780582e-10,NaN,NaN,NaN,-152439.744221139,0.125563345291113,62167.4447889809,1466,MFB,BPF
PASSIVE_RC,174809.269236383,NaN,NaN,3.22398431117251e-11,NaN,NaN,NaN,NaN,1,NaN,28239.8739956974,425,PASSIVE,LPF
PASSIVE_RC,1334.58774084514,NaN,NaN,4.79736014408356e-10,NaN,NaN,NaN,NaN,1,NaN,248582.572269877,681,PASSIVE,HPF
ACTIVE_OTHER_CASCADED_VCVS,4523.69705447395,4523.69705447395,20081.9531506444,1.72834712474932e-12,1.72834712474932e-12,1.24645713197942e-11,10198.7395997319,5772.82385455046,2.17013012276124,0.658424416716485,10495987.047332,2529,ACTIVE_OTHER,LPF
ACTIVE_OTHER_CASCADED_VCVS,1480.77183052163,1480.77183052163,43900.8028142028,8.73331816661775e-10,8.73331816661775e-10,3.38175307901806e-12,9996.94097840252,10015.4276246015,2.71149404860766,0.804784347425666,597548.635263362,2646,ACTIVE_OTHER,HPF
VCVS_BSF,103044.302233884,103044.302233884,NaN,1.2037427809605e-12,1.2037427809605e-12,NaN,10312.4143577873,766.087383273711,1.07428787834686,0.540124719450684,1283105.75617444,1160,VCVS,BSF
PASSIVE_RLC_BSF,1216.03392419723,NaN,NaN,1.15143565222972e-10,NaN,NaN,NaN,NaN,1,10,71039.4823041991,11,PASSIVE,BSF
PASSIVE_RLC_BPF,14.0441475537407,NaN,NaN,8.87400625823154e-11,NaN,NaN,NaN,NaN,1,10,2616.61170686089,12,PASSIVE,BPF
ACTIVE_OTHER_CASCADED_VCVS,43772.100767345,43772.100767345,647415.816969536,2.65401875732693e-11,2.65401875732693e-11,1.39200559738422e-11,9889.05129430236,4107.48475554822,1.8224933756661,0.778565512338614,77329.8185346193,2355,ACTIVE_OTHER,BSF
MFB_HPF,1631.03282620897,41204616002.0284,NaN,2.45932814491584e-11,1.19261559577228e-10,2.49828980151912e-11,NaN,NaN,-1.01584239853629,6.33190225500801e-05,355.66751082402,1862,MFB,HPF
PASSIVE_RLC_BSF,129.414871846101,NaN,NaN,2.20304807344773e-10,NaN,NaN,NaN,NaN,1,10,14270.0489427989,474,PASSIVE,BSF
ACTIVE_OTHER_CASCADED_VCVS,470772.659678223,470772.659678223,97813.838550824,3.96612251961572e-10,3.96612251961572e-10,3.71532169897404e-10,10138.108936306,7930.98663848407,2.47998810994863,0.721448826677963,2615.94366896727,2434,ACTIVE_OTHER,HPF
VCVS_HPF,401823.470251003,401823.470251003,NaN,4.93540273147429e-11,4.93540273147429e-11,NaN,9972.12126845177,13981.6543834833,2.40207424349284,1.67244844216377,8025.31771086941,1072,VCVS,HPF
PASSIVE_RLC_BSF,71.9550771038396,NaN,NaN,1.18364462820564e-12,NaN,NaN,NaN,NaN,1,10,377894.830701179,199,PASSIVE,BSF
VCVS_LPF,127593.58433564,127593.58433564,NaN,1.17891010457111e-11,1.17891010457111e-11,NaN,10104.1183186994,666.536734221044,1.06596683779796,0.517054215792984,105806.074948669,938,VCVS,LPF
VCVS_HPF,65799.4807523109,65799.4807523109,NaN,1.35056796568165e-10,1.35056796568165e-10,NaN,10057.5486739591,1638.60444695348,1.16292284532474,0.544342951222846,17909.4076043478,1282,VCVS,HPF
VCVS_LPF,273562.646748561,273562.646748561,NaN,1.43620184302039e-11,1.43620184302039e-11,NaN,10110.6266405113,2231.39754490215,1.2206982439606,0.562018216755955,40508.6579261412,1133,VCVS,LPF
ACTIVE_OTHER_CASCADED_VCVS,311989.899818279,311989.899818279,58891.3364997113,2.71798380427701e-12,2.71798380427701e-12,1.46665312385975e-10,10259.4510022439,2880.77421532125,2.39287634480693,0.732636362010807,103056.4017781,2520,ACTIVE_OTHER,LPF
VCVS_BPF,22449.5212858188,22449.5212858188,NaN,1.07946184227692e-11,1.07946184227692e-11,NaN,10058.3694030858,11348.8452688372,2.12829871463614,1.14718197252926,656758.575140629,1198,VCVS,BPF
MFB_LPF,1259.83445660654,6175.58060651967,4558.62141348782,1.4747246412601e-10,9.75606546563538e-10,NaN,NaN,NaN,-3.61842890514903,0.0623601202499594,79080.908467347,1819,MFB,LPF
ACTIVE_OTHER_CASCADED_VCVS,3211.49233401976,3211.49233401976,17414.6825446912,7.92859306357685e-11,7.92859306357685e-11,1.27277547217628e-10,9874.04445505009,962.287696239502,1.26072798591859,0.532897163164224,348429.035924856,2709,ACTIVE_OTHER,BPF
PASSIVE_RLC_BPF,52.465718219873,NaN,NaN,1.59755256368428e-11,NaN,NaN,NaN,NaN,1,10,5450.78386088997,369,PASSIVE,BPF
PASSIVE_RC,25026.8893068616,NaN,NaN,6.93964657559435e-12,NaN,NaN,NaN,NaN,1,NaN,916380.640641662,371,PASSIVE,HPF
VCVS_BSF,30052.5870986379,30052.5870986379,NaN,9.10318325441837e-10,9.10318325441837e-10,NaN,10052.7629915663,5865.54315107224,1.58347572264392,1.20041022140124,5817.61506216819,797,VCVS,BSF
ACTIVE_OTHER_CASCADED_VCVS,2751.85875842516,2751.85875842516,18777.0202584593,5.46088150991886e-11,5.46088150991886e-11,8.43397220355535e-12,10121.9622819445,4483.29950406147,1.77763139522538,0.774279393108559,1032037.49467174,2189,ACTIVE_OTHER,BSF
VCVS_LPF,784146.167143415,784146.167143415,NaN,1.51721395191214e-11,1.51721395191214e-11,NaN,10172.0154880185,9439.11432761029,1.92794926813949,0.932791676998839,13377.5406687587,1168,VCVS,LPF
MFB_HPF,7250.969922546,8316.61843539747,NaN,2.94356309031171e-10,6.47626087025824e-10,3.32552313101898e-10,NaN,NaN,-1.12976111908878,0.30093903620839,44162.7936212639,1750,MFB,HPF
ACTIVE_OTHER_CASCADED_VCVS,13906.0350357111,13906.0350357111,17246.7641838862,3.852472529325e-11,3.852472529325e-11,3.67582477517003e-11,9718.53882058354,5617.30231800464,2.0016037096355,0.640374815987571,274065.587291681,2612,ACTIVE_OTHER,HPF
PASSIVE_RC,127894.54156753,NaN,NaN,5.97035582631375e-11,NaN,NaN,NaN,NaN,1,NaN,20843.3685022165,431,PASSIVE,LPF
MFB_BPF,16046.1902638425,367841.081370656,NaN,1.24414589806337e-10,9.48697754659325e-12,NaN,NaN,NaN,-6569014.03637689,1.22845167950198,60298.2148963005,1939,MFB,BPF
PASSIVE_RC,721055.339588443,NaN,NaN,9.74994473515221e-11,NaN,NaN,NaN,NaN,1,NaN,2263.85903221655,444,PASSIVE,LPF
VCVS_BPF,915323.590967013,915323.590967013,NaN,2.70379992161006e-11,2.70379992161006e-11,NaN,10196.9031981852,9663.20269856943,1.94766053092367,0.950263702337166,6430.88768592464,761,VCVS,BPF
PASSIVE_RC,1868.787314899,NaN,NaN,1.10621443498028e-10,NaN,NaN,NaN,NaN,1,NaN,769876.268840009,352,PASSIVE,HPF
PASSIVE_RC,1463.95415953921,NaN,NaN,3.43930548844176e-10,NaN,NaN,NaN,NaN,1,NaN,316098.11130156,658,PASSIVE,LPF
PASSIVE_RLC_BPF,41.005962849927,NaN,NaN,3.3682982333855e-10,NaN,NaN,NaN,NaN,1,10,20031.5478980503,563,PASSIVE,BPF
PASSIVE_RC,9292.34887820526,NaN,NaN,4.22793160118708e-11,NaN,NaN,NaN,NaN,1,NaN,405104.131137557,529,PASSIVE,HPF
MFB_LPF,89720211447.9012,3993.75419248795,98199605318.2004,1.62836385173712e-11,1.22283552219266e-11,NaN,NaN,NaN,-1.0945092943213,0.00023271665237128,569.527691756064,1533,MFB,LPF
ACTIVE_OTHER_CASCADED_VCVS,161211.091992107,161211.091992107,72308.3541069508,1.97282871943222e-12,1.97282871943222e-12,9.55057425035544e-11,10266.0037420511,1293.20729657268,1.52181918362885,0.570122296404908,261733.850549447,2428,ACTIVE_OTHER,LPF
PASSIVE_RC,23969.2107588603,NaN,NaN,2.51358854699229e-11,NaN,NaN,NaN,NaN,1,NaN,264163.134170651,565,PASSIVE,HPF
VCVS_BPF,68200.939357138,68200.939357138,NaN,2.84362905538627e-11,2.84362905538627e-11,NaN,10283.3493587296,9372.47426760899,1.91142233339108,0.918629906412785,82064.7842693469,746,VCVS,BPF
VCVS_HPF,439414.813611875,439414.813611875,NaN,1.02709905039859e-10,1.02709905039859e-10,NaN,9688.61677216437,11448.8297730204,2.18167846269998,1.22201354164454,3526.41248253603,1257,VCVS,HPF
MFB_LPF,450.654263455298,20153.8325637635,1595.74305373932,1.03753418854999e-10,9.68002490069921e-11,NaN,NaN,NaN,-3.54094742498227,0.0630538849392248,280040.201725197,2066,MFB,LPF
MFB_HPF,6457.92217175006,1465426.80407442,NaN,2.41257979777954e-11,2.19117804735108e-11,2.34603253009229e-10,NaN,NaN,-9.72416552709056,0.00174408234414022,22818.4328319884,2075,MFB,HPF
PASSIVE_RC,1300.20257421956,NaN,NaN,1.58708762524458e-12,NaN,NaN,NaN,NaN,1,NaN,77127313.5750616,148,PASSIVE,LPF
MFB_BPF,27013.8713177,12639748.3834275,NaN,4.93332509294455e-11,5.36717640186463e-10,NaN,NaN,NaN,-68971.124042296,6.00597157742744,1673.84292758084,2052,MFB,BPF
MFB_BPF,48376.6453495396,3408261.01958789,NaN,2.55453440902962e-10,3.41935729657788e-10,NaN,NaN,NaN,-60453.2657974897,4.15259258345841,1326.19599799235,1437,MFB,BPF
VCVS_BPF,101674.704878952,101674.704878952,NaN,1.08822685282771e-11,1.08822685282771e-11,NaN,10181.8361743173,11644.7199980735,2.14367583594069,1.1677820642823,143842.682281928,1106,VCVS,BPF
MFB_BPF,1111.40509438523,93152135.5501172,NaN,8.02502546026653e-11,3.92875447517282e-10,NaN,NaN,NaN,-2290196.40250335,108.651150344144,2785.71625515184,1736,MFB,BPF
MFB_BPF,2537.96453002944,23158657.3303145,NaN,9.46499830249833e-10,1.24002239971811e-10,NaN,NaN,NaN,-3177495.33395641,30.5704222989077,1916.22116992315,2069,MFB,BPF
PASSIVE_RC,39430.0851661949,NaN,NaN,3.73570236740066e-10,NaN,NaN,NaN,NaN,1,NaN,10804.884999832,290,PASSIVE,LPF
PASSIVE_RLC_BSF,21.2844655189012,NaN,NaN,5.22086274566346e-11,NaN,NaN,NaN,NaN,1,10,581.755864440088,137,PASSIVE,BSF
PASSIVE_RC,453974.188482516,NaN,NaN,9.49604589824878e-10,NaN,NaN,NaN,NaN,1,NaN,369.186800720298,32,PASSIVE,HPF
PASSIVE_RC,55539.7585471197,NaN,NaN,2.33459962506299e-11,NaN,NaN,NaN,NaN,1,NaN,122744.978124023,469,PASSIVE,HPF
PASSIVE_RC,141866.178916472,NaN,NaN,6.89147327580804e-11,NaN,NaN,NaN,NaN,1,NaN,16279.0547524475,512,PASSIVE,HPF
MFB_HPF,5259.23135652741,2432340246.9738,NaN,1.32265635171618e-10,2.78722934232792e-10,6.07910992726843e-10,NaN,NaN,-4.5961370989378,0.000129250126148223,108.103680345446,1782,MFB,HPF
MFB_LPF,90025776.4717908,1078.24360780073,163738808.581174,6.92227018138459e-11,9.03608925276997e-10,NaN,NaN,NaN,-1.81879918172637,0.000710245660284736,1514.50720417115,1747,MFB,LPF
ACTIVE_OTHER_CASCADED_VCVS,37721.3182718975,37721.3182718975,70772.1138642131,1.8511563247134e-12,1.8511563247134e-12,5.13031103502614e-11,9869.25884025341,3716.2013534801,2.85937095548429,0.849820649186773,1161537.46542385,2205,ACTIVE_OTHER,BPF
PASSIVE_RC,98765.7046794832,NaN,NaN,2.99546051384627e-12,NaN,NaN,NaN,NaN,1,NaN,537960.471846592,107,PASSIVE,LPF
ACTIVE_OTHER_CASCADED_VCVS,563717.581307748,563717.581307748,17257.2027073074,2.07937831489457e-11,2.07937831489457e-11,6.91608562963208e-11,10147.8623292508,6910.41216368487,2.9496941794135,0.78059444046114,73463.2712978287,2783,ACTIVE_OTHER,HPF
PASSIVE_RLC_BSF,801.241666694262,NaN,NaN,5.9758860618586e-10,NaN,NaN,NaN,NaN,1,10,899.044239730644,89,PASSIVE,BSF
PASSIVE_RLC_BSF,310.373260813408,NaN,NaN,5.44902038808507e-12,NaN,NaN,NaN,NaN,1,10,177.949600456819,253,PASSIVE,BSF
ACTIVE_OTHER_CASCADED_VCVS,584115.237472692,584115.237472692,37961.3011472451,1.38309303184835e-11,1.38309303184835e-11,2.76184636311964e-11,9899.4865090253,12023.0770282078,3.51363561296374,0.990316162684047,85751.4454310715,2578,ACTIVE_OTHER,HPF
MFB_BPF,1428.05053861258,1995859.80540254,NaN,4.79647061382181e-10,3.63485115045535e-11,NaN,NaN,NaN,-19265034.5280575,9.56646443540744,22577.6698161713,2006,MFB,BPF
VCVS_HPF,326571.816367092,326571.816367092,NaN,6.96045749814386e-11,6.96045749814386e-11,NaN,10013.4334600142,6330.41421948241,1.63219216912572,0.731096852516787,7001.70234133551,782,VCVS,HPF
MFB_BPF,5415.33685391834,50287543.463443,NaN,1.20416212264119e-11,1.34300755444946e-11,NaN,NaN,NaN,-13749790.0833796,48.1106589296858,23982.5563746681,2046,MFB,BPF
PASSIVE_RLC_BPF,86.3434281248586,NaN,NaN,7.61106438465428e-12,NaN,NaN,NaN,NaN,1,10,822917.976801161,692,PASSIVE,BPF
PASSIVE_RC,378600.192293831,NaN,NaN,7.57042338146188e-10,NaN,NaN,NaN,NaN,1,NaN,555.289080063118,307,PASSIVE,HPF
VCVS_LPF,250716.362499879,250716.362499879,NaN,3.27520884363041e-10,3.27520884363041e-10,NaN,9959.78365535443,5038.21882576585,1.50585625151178,0.669279646628245,1938.1994027658,1228,VCVS,LPF
PASSIVE_RC,12587.925922926,NaN,NaN,1.23313827105543e-11,NaN,NaN,NaN,NaN,1,NaN,1025307.60013351,603,PASSIVE,HPF
VCVS_HPF,1085.62195029221,1085.62195029221,NaN,4.75147707792537e-11,4.75147707792537e-11,NaN,10147.0558409301,867.973510343231,1.08553944355387,0.522340351506813,3085409.96173926,834,VCVS,HPF
PASSIVE_RC,8673.65518643072,NaN,NaN,3.29216630343931e-12,NaN,NaN,NaN,NaN,1,NaN,5573605.33267416,420,PASSIVE,LPF
MFB_HPF,32470.659571292,504235.689567268,NaN,3.29582484348227e-11,2.95345290400898e-11,1.08217898348682e-09,NaN,NaN,-32.8348451413281,0.00120705593521211,6957.33976598355,1585,MFB,HPF
VCVS_BSF,46648.5759687823,46648.5759687823,NaN,4.55851440957797e-12,4.55851440957797e-12,NaN,9898.02895124466,3800.75337424093,1.38399093324161,0.811676364815764,748442.445296248,1393,VCVS,BSF
MFB_BPF,87050.1045800655,3454540681.79915,NaN,1.16034380161614e-11,2.11474690548947e-11,NaN,NaN,NaN,-543215.689054224,95.2817481835877,585.892292616103,1573,MFB,BPF
VCVS_BPF,163885.922775568,163885.922775568,NaN,3.04077668696778e-11,3.04077668696778e-11,NaN,9968.98856236786,10636.0952602104,2.06691819272026,1.07171739090632,31936.9879093241,896,VCVS,BPF
PASSIVE_RLC_BSF,9377.38119684676,NaN,NaN,2.68448581869251e-11,NaN,NaN,NaN,NaN,1,10,5185.61963294665,673,PASSIVE,BSF
MFB_BPF,1694.71749133175,6431552.1661121,NaN,2.32857673664688e-11,2.5437265150832e-10,NaN,NaN,NaN,-2319702.39647191,17.0757143752278,19807.6563082399,1859,MFB,BPF
MFB_HPF,7209.96822974433,40486038.6569836,NaN,4.759279892599e-11,2.78964293751503e-10,1.09846600821524e-11,NaN,NaN,-0.230805086694612,0.00948219268476335,5321.48929397903,1428,MFB,HPF
ACTIVE_OTHER_CASCADED_VCVS,1510.33688414709,1510.33688414709,699514.737412436,2.07655872827439e-10,2.07655872827439e-10,1.26854351809994e-12,9963.84742304745,7480.36829770125,2.89765865383226,1.72784961367597,343408.567094952,2796,ACTIVE_OTHER,BSF
ACTIVE_OTHER_CASCADED_VCVS,536118.070216909,536118.070216909,809509.640968277,6.05226088649114e-10,6.05226088649114e-10,1.48930436180329e-10,10036.4222701601,2743.44410364486,1.57130253027187,0.572702346384229,905.313588894321,2604,ACTIVE_OTHER,HPF
MFB_HPF,46684.6794781787,524654311.259696,NaN,3.61013805262229e-11,1.91443607536207e-11,3.84284869755687e-11,NaN,NaN,-1.06446031745671,0.0025659491502166,1185.63016573953,1809,MFB,HPF
MFB_BPF,4131.57099671661,2132.45569389704,NaN,7.58738863899648e-11,7.56366114992608e-10,NaN,NaN,NaN,-320002.016923798,0.206797845214099,223825.888008535,2085,MFB,BPF
MFB_BPF,10617.7152691367,4362565746.49976,NaN,7.91852764588094e-10,6.1198498724404e-11,NaN,NaN,NaN,-1538962.92227212,165.414252816802,106.228487696011,1780,MFB,BPF
ACTIVE_OTHER_CASCADED_VCVS,136123.149845174,136123.149845174,1510.21239330189,6.26616986782306e-11,6.26616986782306e-11,1.53292164868677e-11,10111.0480021329,6747.04832031676,1.91004962875768,1.04401800093556,3446745.87890675,2223,ACTIVE_OTHER,BSF
MFB_BPF,5229.0069230035,42948.8831934438,NaN,1.73714395860975e-10,5.72314770520597e-11,NaN,NaN,NaN,-3341533.57123221,1.23734698940316,106512.162746982,1616,MFB,BPF
VCVS_BSF,1163.92604794334,1163.92604794334,NaN,1.4262666386404e-10,1.4262666386404e-10,NaN,10188.1235736086,4748.44103542558,1.46607611314472,0.936463065821824,958724.9291663,1392,VCVS,BSF
PASSIVE_RC,13775.7805309081,NaN,NaN,1.08295863300482e-12,NaN,NaN,NaN,NaN,1,NaN,10668222.1030374,397,PASSIVE,LPF
MFB_BPF,10285.7831863012,5951409179.26707,NaN,7.23658768141223e-11,4.96947869236482e-11,NaN,NaN,NaN,-1956373.63566024,373.71267336022,339.210442094434,1465,MFB,BPF
ACTIVE_OTHER_CASCADED_VCVS,1617.22080553484,1617.22080553484,30366.0482407367,3.41444014324791e-11,3.41444014324791e-11,2.31196479362876e-10,9817.60259580352,6689.30248438737,3.96254894307374,1.15648676467908,1452458.84926925,2512,ACTIVE_OTHER,BPF
ACTIVE_OTHER_CASCADED_VCVS,19755.4223538278,19755.4223538278,753995.948700064,1.82327486999834e-11,1.82327486999834e-11,3.72178662789889e-11,9868.06378937819,5448.37010766056,1.70385303088778,0.608180509338291,223764.224005461,2763,ACTIVE_OTHER,HPF
VCVS_HPF,2994.38613091164,2994.38613091164,NaN,1.3268253209563e-11,1.3268253209563e-11,NaN,9905.72837462203,11844.6935518903,2.19574180756216,1.2433818012706,4005885.92786738,1329,VCVS,HPF
VCVS_BSF,9660.96527533255,9660.96527533255,NaN,5.27508566477294e-10,5.27508566477294e-10,NaN,9927.65838157341,6227.36002000047,1.62727380220486,1.34146728337783,31229.8640579571,1008,VCVS,BSF
MFB_BPF,27043.6095766112,13.5804773799547,NaN,7.57282327895285e-10,6.89807832914139e-10,NaN,NaN,NaN,-53605.2370606978,0.0111923831949734,363360.163915814,1984,MFB,BPF
PASSIVE_RC,1340.03437708787,NaN,NaN,8.28873051815793e-10,NaN,NaN,NaN,NaN,1,NaN,143290.095339305,177,PASSIVE,LPF
PASSIVE_RC,10430.8818790282,NaN,NaN,2.91808717896341e-12,NaN,NaN,NaN,NaN,1,NaN,5228785.68776975,319,PASSIVE,LPF
PASSIVE_RLC_BSF,109.172027398771,NaN,NaN,9.94994759214233e-11,NaN,NaN,NaN,NaN,1,10,6384.39575390209,590,PASSIVE,BSF
PASSIVE_RLC_BPF,3741.04933893975,NaN,NaN,5.58872135367628e-11,NaN,NaN,NaN,NaN,1,7.08750836444302,107404.049103723,543,PASSIVE,BPF
PASSIVE_RLC_BPF,20.5689006291455,NaN,NaN,2.94350436804367e-11,NaN,NaN,NaN,NaN,1,10,207.006385151754,383,PASSIVE,BPF
MFB_LPF,39.4070394581268,8812.80574235619,84.4215242372267,2.73287872356447e-10,2.45642791185509e-10,NaN,NaN,NaN,-2.14229552379675,0.0327535732952446,712154.539476656,1797,MFB,LPF
PASSIVE_RC,4298.86242190219,NaN,NaN,3.3359740193219e-11,NaN,NaN,NaN,NaN,1,NaN,1109797.96853823,175,PASSIVE,HPF
MFB_LPF,80006774.3418819,76349.754396905,140333779.905041,3.69373770461293e-11,4.86867569175062e-11,NaN,NaN,NaN,-1.75402371935871,0.0202861707068469,1146.55989915108,1768,MFB,LPF
VCVS_BPF,30400.7935144663,30400.7935144663,NaN,2.34143546616749e-10,2.34143546616749e-10,NaN,9943.13829730224,4062.98231529069,1.40862172422896,0.62838610732919,22359.0331385247,1150,VCVS,BPF
MFB_BPF,13828.890713622,11359674.3323979,NaN,3.27966145558031e-11,2.37238874536501e-10,NaN,NaN,NaN,-304808.308176049,9.36215569049568,4552.35459979753,1666,MFB,BPF
PASSIVE_RC,80850.2765550134,NaN,NaN,4.06420326046606e-12,NaN,NaN,NaN,NaN,1,NaN,484354.347141874,495,PASSIVE,LPF
ACTIVE_OTHER_CASCADED_VCVS,1415.20439557649,1415.20439557649,19370.8765721203,7.5285763948603e-12,7.5285763948603e-12,3.16425828986249e-10,10215.3495596947,6347.10802457618,2.46868645083729,1.18390909449575,7481907.93806046,2662,ACTIVE_OTHER,BSF
MFB_BPF,45052.9910305785,28075.718542417,NaN,2.17945838727575e-11,5.77105133641251e-10,NaN,NaN,NaN,-38461.0763226534,0.147826153622622,39901.6741580516,1708,MFB,BPF
MFB_BPF,10885.5969109588,92760738.9052154,NaN,5.30847692520601e-11,1.70776288255001e-11,NaN,NaN,NaN,-5379230.83609699,39.6141464805612,5260.33200723525,1418,MFB,BPF
MFB_LPF,1356.83846873503,6054.06142612942,3189.21427352101,1.83426154562076e-10,2.14125717774868e-10,NaN,NaN,NaN,-2.35047453842777,0.173256408501763,182763.650463773,1714,MFB,LPF
ACTIVE_OTHER_CASCADED_VCVS,16152.0447747099,16152.0447747099,24754.012485859,1.97970426992216e-12,1.97970426992216e-12,5.99283276717088e-10,9980.68917637331,7481.08940637698,2.77120957293995,1.59911781099799,2494005.60420925,2473,ACTIVE_OTHER,BSF
VCVS_HPF,404330.533502524,404330.533502524,NaN,2.95619477462887e-11,2.95619477462887e-11,NaN,9849.29610319609,11927.4302465808,2.21099316353281,1.26741614112944,13315.2874926878,1325,VCVS,HPF
ACTIVE_OTHER_CASCADED_VCVS,661620.313015432,661620.313015432,340780.703088746,1.03328857587441e-09,1.03328857587441e-09,5.97626035284389e-10,9963.50535257174,13533.5399975386,4.17585257110626,1.18592808142106,507.139779856493,2129,ACTIVE_OTHER,LPF
MFB_BPF,2968.68238513674,78395.814782212,NaN,1.54145227811717e-11,7.34297374301717e-11,NaN,NaN,NaN,-4587375.48280988,1.94597037987557,310092.166412707,1470,MFB,BPF
VCVS_HPF,110230.933907752,110230.933907752,NaN,2.21735219272298e-10,2.21735219272298e-10,NaN,10023.7652290257,5576.59560552424,1.55633741195136,0.692682631162227,6511.51379646776,1318,VCVS,HPF
MFB_LPF,182411.950860823,32994.9095388367,542607.266762726,1.03473104966878e-10,3.34744415140806e-11,NaN,NaN,NaN,-2.97462564378102,0.349160231192815,20210.7973323452,2027,MFB,LPF
VCVS_BPF,6754.16450418671,6754.16450418671,NaN,1.11047223384885e-12,1.11047223384885e-12,NaN,10282.7599535053,5113.23202252455,1.49726260708649,0.665452263792542,21219775.9267081,916,VCVS,BPF
MFB_HPF,9583.07461777248,29488554.5954241,NaN,2.35577508167874e-11,4.25666360353195e-10,2.22545817892834e-10,NaN,NaN,-9.44681941937541,0.000874306893701319,972.739541552054,1991,MFB,HPF
ACTIVE_OTHER_CASCADED_VCVS,2208.55503945582,2208.55503945582,303676.502805193,1.42910470874185e-10,1.42910470874185e-10,1.81721826270328e-11,10263.9330726983,7427.00367534638,2.03978410247477,1.2106565697589,266546.34969571,2424,ACTIVE_OTHER,BSF
PASSIVE_RC,170512.210528415,NaN,NaN,3.52486545031414e-12,NaN,NaN,NaN,NaN,1,NaN,264802.513471892,398,PASSIVE,HPF
MFB_HPF,10481.6517991015,3334.19590033019,NaN,1.35816417230706e-10,6.02525275036182e-11,1.51947958860591e-10,NaN,NaN,-1.11877460736196,0.435723956292172,281367.959347211,1631,MFB,HPF
VCVS_LPF,5633.53816281035,5633.53816281035,NaN,2.41292697996195e-12,2.41292697996195e-12,NaN,9766.38589917936,10789.3010944299,2.10473835519201,1.11699189371,11708323.447306,1096,VCVS,LPF
VCVS_LPF,4438.04720335367,4438.04720335367,NaN,1.54421511223843e-10,1.54421511223843e-10,NaN,10016.747050448,605.184922298135,1.0604173110542,0.515574822202356,232231.119758869,1314,VCVS,LPF
PASSIVE_RC,29051.18610985,NaN,NaN,1.28972804975833e-10,NaN,NaN,NaN,NaN,1,NaN,42477.4187479745,588,PASSIVE,HPF
MFB_BPF,77431.1656780329,60666104.2899556,NaN,1.74876147715962e-10,8.9281300910707e-11,NaN,NaN,NaN,-144651.750274565,13.2403003647958,587.683686807704,1970,MFB,BPF
ACTIVE_OTHER_CASCADED_VCVS,70731.2475416942,70731.2475416942,3975.96793598573,9.94105885888052e-11,9.94105885888052e-11,4.08996836604725e-11,10052.4496694266,6127.14257222087,2.10667152163097,0.655250119001698,500676.086987103,2384,ACTIVE_OTHER,LPF
PASSIVE_RC,64038.2655790152,NaN,NaN,4.92039694140116e-10,NaN,NaN,NaN,NaN,1,NaN,5051.03561636069,213,PASSIVE,HPF
VCVS_BPF,33475.7937025328,33475.7937025328,NaN,2.0755075364054e-10,2.0755075364054e-10,NaN,10066.9951157697,12773.4059592341,2.26883998773625,1.36768967562093,22906.8269067736,1389,VCVS,BPF
ACTIVE_OTHER_CASCADED_VCVS,530308.574772754,530308.574772754,688966.597968076,4.18560375491049e-12,4.18560375491049e-12,2.24114991953299e-10,9851.71314928946,835.581774615024,1.42805147188384,0.55805413568613,36366.5456860802,2657,ACTIVE_OTHER,LPF
ACTIVE_OTHER_CASCADED_VCVS,4126.85040563704,4126.85040563704,31429.7563411525,3.86648570411157e-11,3.86648570411157e-11,8.82758690740157e-12,10087.4955897984,3546.07939568545,2.00866806924361,0.633609960123553,785536.424618996,2356,ACTIVE_OTHER,BPF
ACTIVE_OTHER_CASCADED_VCVS,1014.05136458898,1014.05136458898,7009.84877128957,6.11253562346425e-10,6.11253562346425e-10,4.77433030459231e-11,9981.60835477983,6108.98582711939,2.04769163762977,0.649297795763772,366159.924494673,2127,ACTIVE_OTHER,HPF
PASSIVE_RLC_BSF,1258.6250975998,NaN,NaN,4.38167463106916e-10,NaN,NaN,NaN,NaN,1,7.5093623070386,38430.9004775313,158,PASSIVE,BSF
ACTIVE_OTHER_CASCADED_VCVS,162704.346419264,162704.346419264,464484.303600868,7.23360546365444e-10,7.23360546365444e-10,3.6431580128483e-12,9783.91323755883,9319.2605031654,4.26563452703443,1.09059787362867,47702.4690995165,2692,ACTIVE_OTHER,LPF
VCVS_HPF,5177.48941427354,5177.48941427354,NaN,1.90146417369932e-11,1.90146417369932e-11,NaN,9901.7467763302,1489.58367899723,1.15043645456154,0.540668095706296,1616637.93299963,1217,VCVS,HPF
VCVS_HPF,2640.49010277418,2640.49010277418,NaN,2.82421873180936e-11,2.82421873180936e-11,NaN,9858.84767800102,6864.18715417876,1.69624639495095,0.767016095777068,2134210.53064175,937,VCVS,HPF
ACTIVE_OTHER_CASCADED_VCVS,132683.114565339,132683.114565339,1614.91657154664,8.72144347383356e-10,8.72144347383356e-10,6.38570400413131e-12,9922.73984441151,736.135419987774,1.26492137933189,0.533988314810442,7717381.36093708,2499,ACTIVE_OTHER,LPF
MFB_LPF,584432.728210252,1939.62812441029,1075811.93843931,6.51281684254979e-10,4.65078553501652e-10,NaN,NaN,NaN,-1.84077976217014,0.0499912107374703,6330.60369109745,1515,MFB,LPF
MFB_BPF,10766.8097709574,238208.315462325,NaN,7.669029273129e-10,1.56456383388357e-10,NaN,NaN,NaN,-593635.238612017,1.76453812985495,9072.59055096827,2039,MFB,BPF
MFB_LPF,1886070.76787599,1073.7620130091,5885858.13836487,2.34111521684926e-10,1.9938144771489e-10,NaN,NaN,NaN,-3.12069845872924,0.0146248624115817,9266.32337571456,1690,MFB,LPF
ACTIVE_OTHER_CASCADED_VCVS,9393.45860195202,9393.45860195202,4219.82181353788,4.5287684065248e-12,4.5287684065248e-12,1.1595582538105e-10,9967.28596860662,12942.11868963,5.3864496281355,1.47433676593617,2033246.41312883,2548,ACTIVE_OTHER,LPF
VCVS_LPF,495058.352224387,495058.352224387,NaN,5.52372925943566e-12,5.52372925943566e-12,NaN,9966.2417790523,531.638009678857,1.05334388041802,0.513701413383037,58201.121830768,1201,VCVS,LPF
PASSIVE_RLC_BSF,23.3737429214849,NaN,NaN,6.15827920856727e-11,NaN,NaN,NaN,NaN,1,10,4292.25916817111,176,PASSIVE,BSF
MFB_BPF,1242.09941409497,1467798791.4431,NaN,1.51282534849104e-11,1.00380579012255e-09,NaN,NaN,NaN,-802036.155638602,131.470482363329,956.509847746714,1847,MFB,BPF
PASSIVE_RLC_BSF,706.525053966879,NaN,NaN,2.99971496240517e-10,NaN,NaN,NaN,NaN,1,10,15210.7324656921,155,PASSIVE,BSF
ACTIVE_OTHER_CASCADED_VCVS,27153.625852378,27153.625852378,3125.77858509196,6.51450968072025e-12,6.51450968072025e-12,2.29280832606829e-12,10088.8039479383,4104.99549579431,1.63263442676039,0.585657782676014,11553472.6694167,2264,ACTIVE_OTHER,HPF
MFB_LPF,4449.09130276123,1919.62030072212,5719.23889029078,4.49760637733617e-10,5.98777623873994e-11,NaN,NaN,NaN,-1.28548472060829,0.8985326663638,292698.059141895,1451,MFB,LPF
ACTIVE_OTHER_CASCADED_VCVS,28096.2301333871,28096.2301333871,827018.728014787,6.46618495048148e-12,6.46618495048148e-12,1.47125358092594e-10,10097.9968014085,4952.55697418716,3.40046098975351,1.02711901103593,438674.035671875,2470,ACTIVE_OTHER,HPF
MFB_BPF,19454.3880315531,221341262.600428,NaN,3.65667089904528e-11,7.07918393799211e-10,NaN,NaN,NaN,-72610.4668955979,23.0515922399843,476.700510555051,1560,MFB,BPF
PASSIVE_RC,37879.5589508086,NaN,NaN,2.82171775211897e-11,NaN,NaN,NaN,NaN,1,NaN,148902.382789134,40,PASSIVE,LPF
VCVS_HPF,6381.27321399581,6381.27321399581,NaN,9.45868799492647e-11,9.45868799492647e-11,NaN,9622.40682517087,8959.35783676018,1.93109322849703,0.935535283955509,263682.854978898,1390,VCVS,HPF
MFB_LPF,7255.13314638674,15878.7597085365,27967.8219704012,1.46558195120374e-10,1.45618858674157e-11,NaN,NaN,NaN,-3.85490126867347,0.636364939148951,163481.515370916,1691,MFB,LPF
PASSIVE_RLC_BPF,25.6085621340257,NaN,NaN,4.10977193610445e-11,NaN,NaN,NaN,NaN,1,10,7709.6054700622,559,PASSIVE,BPF
VCVS_BPF,31271.233931484,31271.233931484,NaN,4.0218478665495e-11,4.0218478665495e-11,NaN,10379.2132557453,11307.9898978609,2.0894843009032,1.09827870183015,126546.306693928,1291,VCVS,BPF
ACTIVE_OTHER_CASCADED_VCVS,3209.1205008946,3209.1205008946,550202.874135265,1.26128272813479e-12,1.26128272813479e-12,2.69698301824981e-10,10174.4817227246,2569.87683721171,2.47329248471521,0.773730627652925,19660905.1734459,2630,ACTIVE_OTHER,LPF
ACTIVE_OTHER_CASCADED_VCVS,2677.09066523122,2677.09066523122,10387.2687189176,2.42672380296291e-10,2.42672380296291e-10,1.29252443338987e-11,9876.67977601353,3785.27168168757,2.02874094177481,0.874083333850263,715212.293386287,2152,ACTIVE_OTHER,BSF
VCVS_BSF,209099.660111727,209099.660111727,NaN,9.80991564478295e-11,9.80991564478295e-11,NaN,9973.18082762644,3621.72991789592,1.3631469217788,0.78511043928147,7758.92460661535,1321,VCVS,BSF
VCVS_LPF,30430.6329423079,30430.6329423079,NaN,6.6209016004392e-10,6.6209016004392e-10,NaN,10161.9300768393,7618.01179797621,1.74966189890825,0.799783673813378,7899.36192982636,1058,VCVS,LPF
ACTIVE_OTHER_CASCADED_VCVS,7883.25026618538,7883.25026618538,18722.4688499075,6.13720936702694e-12,6.13720936702694e-12,1.81902576151633e-11,9911.85436928851,6763.7394685341,2.34973161845524,1.20148880517393,1878465.01716824,2588,ACTIVE_OTHER,BSF
MFB_BPF,8901.45715701591,11466867602.6746,NaN,9.17499155023051e-10,2.0510631673608e-11,NaN,NaN,NaN,-5477215.87694184,165.988053019753,114.835145575084,2049,MFB,BPF
VCVS_LPF,118362.540806402,118362.540806402,NaN,1.84370402275667e-11,1.84370402275667e-11,NaN,9978.57316496498,1411.5594242094,1.14145904438176,0.538056477570251,72931.4165705024,1368,VCVS,LPF
PASSIVE_RLC_BPF,301.322580091286,NaN,NaN,1.7378681668982e-12,NaN,NaN,NaN,NaN,1,10,58103.002943116,348,PASSIVE,BPF
VCVS_HPF,20454.446930856,20454.446930856,NaN,9.31250460514773e-10,9.31250460514773e-10,NaN,9969.35904644772,4229.43374342237,1.42424329625578,0.634615735807349,8355.37391651255,900,VCVS,HPF
PASSIVE_RLC_BSF,1056.87407724657,NaN,NaN,1.62077194241764e-11,NaN,NaN,NaN,NaN,1,10,238007.994499923,517,PASSIVE,BSF
VCVS_BPF,215660.938492319,215660.938492319,NaN,8.82566568308065e-12,8.82566568308065e-12,NaN,9887.92303737802,11111.6832612313,2.12376312186364,1.14124390898369,83618.2681620378,1104,VCVS,BPF
MFB_BPF,2010.43886674515,4257744536.53721,NaN,1.96521045472938e-10,4.49304824009412e-10,NaN,NaN,NaN,-1107052.06632645,669.582355302054,183.066897719122,1962,MFB,BPF
VCVS_BPF,36004.5010195435,36004.5010195435,NaN,1.52154201637149e-10,1.52154201637149e-10,NaN,9807.12472588229,7694.69302611627,1.78460234178617,0.822775980554065,29052.2241018919,1004,VCVS,BPF
ACTIVE_OTHER_CASCADED_VCVS,962249.25901822,962249.25901822,120689.523482715,8.0900057613354e-10,8.0900057613354e-10,1.60887771033892e-12,9840.63009257566,6901.29167636342,3.51503217807574,0.920379261941669,409926.356901128,2254,ACTIVE_OTHER,BPF
ACTIVE_OTHER_CASCADED_VCVS,17246.5286994769,17246.5286994769,816609.42633256,3.77106381593501e-12,3.77106381593501e-12,2.21832439142026e-12,9666.716408412,1966.91214856732,1.47813006202855,0.637789234612124,1267486.93058825,2669,ACTIVE_OTHER,BSF
VCVS_HPF,337678.386858041,337678.386858041,NaN,4.98686531927713e-10,4.98686531927713e-10,NaN,10277.6871857016,1585.67780861896,1.1542835250741,0.541795023008693,945.124949437315,769,VCVS,HPF
MFB_LPF,131.857658282884,15549.4641062167,152.516316334917,5.8644249260817e-11,2.99516559320048e-10,NaN,NaN,NaN,-1.15667393400627,0.0202277497794368,779796.228318698,1715,MFB,LPF
VCVS_BPF,35000.0146907015,35000.0146907015,NaN,2.97185122175017e-11,2.97185122175017e-11,NaN,10266.179356806,1911.64370681288,1.18620790075575,0.551331103722786,153011.770791523,853,VCVS,BPF
MFB_BPF,2671.6018130162,152295224.924523,NaN,4.80614747751023e-11,1.76917274530915e-11,NaN,NaN,NaN,-21157192.1422298,105.882463481487,8556.72267933445,1586,MFB,BPF
VCVS_BSF,70730.5136963833,70730.5136963833,NaN,5.69361229871663e-12,5.69361229871663e-12,NaN,10225.0948181101,3340.51197661178,1.32669740829154,0.742608161853768,395207.728126513,1143,VCVS,BSF
ACTIVE_OTHER_CASCADED_VCVS,3500.6069164126,3500.6069164126,75020.2432561178,1.01870815450589e-09,1.01870815450589e-09,7.00387121571512e-12,10121.4981549253,7027.72449427371,2.2402015162936,0.680951079103712,173766.484000007,2222,ACTIVE_OTHER,BPF
ACTIVE_OTHER_CASCADED_VCVS,3701.75867937453,3701.75867937453,208932.500079469,3.03935989930229e-11,3.03935989930229e-11,1.88260052575632e-11,10010.9471310913,12354.885693834,3.57612601795728,1.0101736363882,727525.286243229,2501,ACTIVE_OTHER,BPF
VCVS_HPF,242624.644523116,242624.644523116,NaN,4.3778734043669e-10,4.3778734043669e-10,NaN,9976.45300999846,11314.908314913,2.13416144030079,1.15494971758637,1498.38018333197,917,VCVS,HPF
VCVS_HPF,1056.23697704064,1056.23697704064,NaN,3.8809863615527e-11,3.8809863615527e-11,NaN,9667.9690274586,8609.2994060118,1.89049720593436,0.90130462523273,3882546.33842346,846,VCVS,HPF
ACTIVE_OTHER_CASCADED_VCVS,4372.59267839434,4372.59267839434,3583.7716831903,5.05382791231706e-11,5.05382791231706e-11,2.96208926853241e-12,10086.9804606126,1363.56955695748,1.4556290160461,0.637406952101573,7856487.39819984,2296,ACTIVE_OTHER,BSF
PASSIVE_RC,3531.48868317913,NaN,NaN,2.51977978747364e-10,NaN,NaN,NaN,NaN,1,NaN,178854.439604809,382,PASSIVE,HPF
VCVS_HPF,176153.340036711,176153.340036711,NaN,3.06862558179227e-11,3.06862558179227e-11,NaN,10287.517609638,8011.01316240499,1.77871197565677,0.818807668680586,29443.2229921774,1120,VCVS,HPF
PASSIVE_RC,1249.80673462331,NaN,NaN,2.19056463346867e-12,NaN,NaN,NaN,NaN,1,NaN,58132794.3588847,384,PASSIVE,LPF
PASSIVE_RLC_BSF,11.5988138066493,NaN,NaN,2.61759581199184e-10,NaN,NaN,NaN,NaN,1,10,2706.53327186283,224,PASSIVE,BSF
PASSIVE_RC,1198.80310353652,NaN,NaN,2.59038486120534e-11,NaN,NaN,NaN,NaN,1,NaN,5125166.51137029,502,PASSIVE,LPF
VCVS_HPF,182761.742732653,182761.742732653,NaN,4.25135813660827e-11,4.25135813660827e-11,NaN,10089.4342974993,2422.01220518367,1.24005431164599,0.568199352182994,20483.6406980938,779,VCVS,HPF
VCVS_LPF,79827.5967925896,79827.5967925896,NaN,7.9417657190184e-11,7.9417657190184e-11,NaN,10242.508019728,995.697516667401,1.09721227601185,0.525544698125364,25104.4092021958,1274,VCVS,LPF
VCVS_BPF,160511.779969731,160511.779969731,NaN,5.03669887607751e-11,5.03669887607751e-11,NaN,9765.30172475251,13704.6662165249,2.40340427800476,1.67617695389371,19686.4421022339,1116,VCVS,BPF
PASSIVE_RC,3716.02362538134,NaN,NaN,5.52171759241756e-12,NaN,NaN,NaN,NaN,1,NaN,7756529.95905724,221,PASSIVE,HPF
VCVS_HPF,11403.3642062114,11403.3642062114,NaN,2.82697378984909e-12,2.82697378984909e-12,NaN,9695.40544857236,12241.9289925777,2.26265260978646,1.35621284251158,4937025.31858082,1347,VCVS,HPF
MFB_LPF,101.750071245788,10494.6447906143,250.398320874035,3.44100241515119e-10,9.51875511753955e-10,NaN,NaN,NaN,-2.4609154353236,0.0266507536950778,171548.919837292,1853,MFB,LPF
ACTIVE_OTHER_CASCADED_VCVS,220106.22799338,220106.22799338,451112.845154523,4.13837309058674e-11,4.13837309058674e-11,1.3095808480853e-10,10115.3633700929,7308.29880334005,3.24522913572356,0.839427900159946,10083.3281625286,2119,ACTIVE_OTHER,HPF
PASSIVE_RC,3889.36517480745,NaN,NaN,2.32875846519262e-11,NaN,NaN,NaN,NaN,1,NaN,1757182.88192655,579,PASSIVE,HPF
ACTIVE_OTHER_CASCADED_VCVS,50836.8174805962,50836.8174805962,651124.479224228,1.00115810729148e-09,1.00115810729148e-09,8.1525207022379e-12,9985.03690359423,522.669897870979,1.31364552695046,0.596389867664249,16554.6646297833,2297,ACTIVE_OTHER,BSF
PASSIVE_RLC_BSF,264.226672331793,NaN,NaN,7.1489518505039e-10,NaN,NaN,NaN,NaN,1,10,3326.47384478222,540,PASSIVE,BSF
PASSIVE_RC,110807.450935243,NaN,NaN,2.53411747695192e-10,NaN,NaN,NaN,NaN,1,NaN,5667.92928575282,327,PASSIVE,LPF
VCVS_BPF,3328.64678714362,3328.64678714362,NaN,6.1016330763122e-10,6.1016330763122e-10,NaN,10253.2907772626,4449.915749036,1.43399878592188,0.638569109021212,78362.1477625073,1054,VCVS,BPF
ACTIVE_OTHER_CASCADED_VCVS,6483.88362510855,6483.88362510855,454202.441424762,1.59366203794263e-10,1.59366203794263e-10,9.85569968442308e-12,10178.6867017298,13411.3858646222,4.13781671489122,1.14435826823507,94788.8368851826,2128,ACTIVE_OTHER,LPF
MFB_BPF,20834.5755277753,41618126.786868,NaN,2.63194812369072e-10,1.70436206553133e-11,NaN,NaN,NaN,-2816135.08803843,10.6817112123577,2551.91935946272,1597,MFB,BPF
VCVS_LPF,294542.382041602,294542.382041602,NaN,5.23087182349664e-12,5.23087182349664e-12,NaN,10094.3474894014,1406.43833489779,1.13932929655676,0.537440611146004,103299.509325981,1252,VCVS,LPF
ACTIVE_OTHER_CASCADED_VCVS,5688.22213310846,5688.22213310846,4686.51612789979,1.1283974544859e-12,1.1283974544859e-12,1.13714613836796e-10,10039.3992606854,11406.4679947844,3.51154534501043,0.947508833509819,12547317.9351845,2640,ACTIVE_OTHER,HPF
VCVS_LPF,54584.3003777096,54584.3003777096,NaN,8.95441001172285e-10,8.95441001172285e-10,NaN,9901.91629526447,2340.98249860543,1.23641711652572,0.567027503708805,3256.23250370314,1090,VCVS,LPF
PASSIVE_RC,28633.2674210075,NaN,NaN,4.30181075261336e-12,NaN,NaN,NaN,NaN,1,NaN,1292105.34043175,364,PASSIVE,HPF
ACTIVE_OTHER_CASCADED_VCVS,595517.265088535,595517.265088535,17692.698441224,9.01620389461749e-10,9.01620389461749e-10,1.69800465382755e-10,9647.05551473967,5485.91261860463,1.70063408099865,0.852556333066258,26636.6970878429,2799,ACTIVE_OTHER,BSF
PASSIVE_RLC_BSF,86.9191240096519,NaN,NaN,6.79047639746876e-10,NaN,NaN,NaN,NaN,1,10,19942.5349619926,264,PASSIVE,BSF
PASSIVE_RC,17885.3238248572,NaN,NaN,1.82862077830303e-11,NaN,NaN,NaN,NaN,1,NaN,486630.890385975,478,PASSIVE,HPF
ACTIVE_OTHER_CASCADED_VCVS,60666.7332520635,60666.7332520635,10598.7236539764,1.01102233893249e-10,1.01102233893249e-10,5.49099202614545e-12,9922.30115772764,12336.5466274971,4.8355514718056,1.25287014307011,1380343.2231221,2672,ACTIVE_OTHER,HPF
PASSIVE_RC,839988.895177144,NaN,NaN,2.53083970090192e-10,NaN,NaN,NaN,NaN,1,NaN,748.655377556677,127,PASSIVE,LPF
ACTIVE_OTHER_CASCADED_VCVS,138413.169201469,138413.169201469,20068.186116602,5.05079353010368e-11,5.05079353010368e-11,9.15589159456207e-12,10081.3647061472,1086.62491523801,1.43769263890581,0.636229547212769,444476.113825513,2171,ACTIVE_OTHER,BSF
MFB_BPF,30325.6323002995,500785.078385721,NaN,9.0464952973422e-11,3.70503869154138e-11,NaN,NaN,NaN,-890015.125752956,1.84499366562148,22307.6054460789,1479,MFB,BPF
MFB_BPF,24282.1731331045,66999.5084176923,NaN,2.76601917537139e-11,7.53475185121803e-11,NaN,NaN,NaN,-546567.110734279,0.736180600976209,86432.7791847553,1403,MFB,BPF
ACTIVE_OTHER_CASCADED_VCVS,268452.85807404,268452.85807404,154368.812747244,5.01870595550138e-10,5.01870595550138e-10,4.56456811438663e-10,10072.97956192,9224.81381404091,3.25243525327563,0.845102466451081,1720.00623874045,2674,ACTIVE_OTHER,HPF
ACTIVE_OTHER_CASCADED_VCVS,10469.8119988244,10469.8119988244,693478.386022717,2.46838235294426e-10,2.46838235294426e-10,1.77325897654795e-12,10095.5076133317,7649.39312223615,3.11642545723445,0.809981618615634,95504.0976543268,2650,ACTIVE_OTHER,LPF
VCVS_HPF,1895.52364373584,1895.52364373584,NaN,7.85123811529753e-10,7.85123811529753e-10,NaN,9903.56379640226,12998.9562660228,2.31255339322851,1.45465842750519,106943.101891446,920,VCVS,HPF
PASSIVE_RC,5962.20087474803,NaN,NaN,2.79783362688682e-12,NaN,NaN,NaN,NaN,1,NaN,9540950.48777946,546,PASSIVE,LPF
PASSIVE_RC,707195.372275628,NaN,NaN,1.87321029230592e-12,NaN,NaN,NaN,NaN,1,NaN,120141.814336994,225,PASSIVE,LPF
MFB_BPF,14654.8824847173,65.279875626057,NaN,3.7350474527088e-10,1.03527266192254e-10,NaN,NaN,NaN,-659117.608142611,0.0275122684413482,827492.121400869,1930,MFB,BPF
MFB_LPF,4222607198.17588,6047.25501142091,11448798597.3899,1.63486438915328e-11,7.82467783252976e-10,NaN,NaN,NaN,-2.71131034928743,0.000105052397147596,169.11687020182,1617,MFB,LPF
VCVS_LPF,51242.6598992055,51242.6598992055,NaN,1.88229454487873e-10,1.88229454487873e-10,NaN,9894.68412220926,12719.704655363,2.28550891552089,1.39959759012114,16500.6435645051,1176,VCVS,LPF
PASSIVE_RC,6295.93377926341,NaN,NaN,5.27054611698685e-11,NaN,NaN,NaN,NaN,1,NaN,479627.816435334,251,PASSIVE,HPF
MFB_BPF,31540.3287586738,1555.32103278779,NaN,5.51243793366803e-11,1.07886368428502e-10,NaN,NaN,NaN,-293878.09070697,0.105054780225287,294660.456677802,1641,MFB,BPF
PASSIVE_RLC_BPF,88.506727987348,NaN,NaN,4.28529692370603e-11,NaN,NaN,NaN,NaN,1,10,138.379964502968,653,PASSIVE,BPF
VCVS_LPF,7819.15728340533,7819.15728340533,NaN,9.23465303293969e-12,9.23465303293969e-12,NaN,10248.7585220892,2790.79884313246,1.27230603951859,0.57880621387445,2204142.15098016,923,VCVS,LPF
MFB_HPF,5382.41957728116,4507047821.07328,NaN,7.5186294887741e-11,8.00224898230974e-11,6.74312888747969e-10,NaN,NaN,-8.96856122189251,3.41215646288059e-05,139.106849090618,1982,MFB,HPF
PASSIVE_RC,8880.47661306771,NaN,NaN,4.61804644013838e-10,NaN,NaN,NaN,NaN,1,NaN,38808.384170221,491,PASSIVE,LPF
PASSIVE_RLC_BPF,2733.91799377973,NaN,NaN,2.85912845491721e-12,NaN,NaN,NaN,NaN,1,10,61671.0379107086,83,PASSIVE,BPF
VCVS_HPF,2319.33406677696,2319.33406677696,NaN,1.09427528662572e-10,1.09427528662572e-10,NaN,10069.4944050025,9196.23467290658,1.91327670516783,0.920197445619712,627090.517233142,768,VCVS,HPF
MFB_HPF,1583.6152331924,10877.2232963004,NaN,1.68524331821893e-11,7.96024179810953e-11,1.93956158773232e-11,NaN,NaN,-1.15090893211917,0.112445474369656,975936.041768815,2014,MFB,HPF
VCVS_HPF,32559.6825395394,32559.6825395394,NaN,1.59138566534804e-11,1.59138566534804e-11,NaN,10065.0315561206,7033.05464964728,1.69876131142087,0.768498515127873,307159.90744605,767,VCVS,HPF
PASSIVE_RC,2291.51730110726,NaN,NaN,3.68543791814449e-12,NaN,NaN,NaN,NaN,1,NaN,18845509.8429241,357,PASSIVE,LPF
MFB_LPF,4344432049.32148,32994.4506117212,13127475415.6143,1.47365979254324e-11,2.76968477882536e-11,NaN,NaN,NaN,-3.02167815414779,0.00115640217288656,378.525624662961,1602,MFB,LPF
VCVS_BSF,101992.087656987,101992.087656987,NaN,3.76517624010084e-12,3.76517624010084e-12,NaN,9817.56783309764,4538.28551523951,1.46226169173385,0.929820309087083,414446.370659116,1042,VCVS,BSF
MFB_LPF,6929249101.47185,1063.50440101364,7600973964.7803,3.03941641705992e-11,7.80638844158617e-10,NaN,NaN,NaN,-1.09694049867045,7.38082518909067e-05,363.409002912907,2090,MFB,LPF
PASSIVE_RC,74763.5904727238,NaN,NaN,5.921247588757e-11,NaN,NaN,NaN,NaN,1,NaN,35951.4789511406,114,PASSIVE,LPF
ACTIVE_OTHER_CASCADED_VCVS,1354.59498459029,1354.59498459029,1750.7520262836,5.31832009691846e-12,5.31832009691846e-12,7.57640471745129e-10,9999.03058733455,11569.4513478201,2.63505718614027,0.874311431984621,11106022.768266,2382,ACTIVE_OTHER,BPF
VCVS_HPF,44438.1560493352,44438.1560493352,NaN,3.02491146753135e-10,3.02491146753135e-10,NaN,10346.1896320021,11418.487460223,2.1036418107884,1.11562544085145,11839.9926724268,742,VCVS,HPF
MFB_HPF,4479.3062492319,10435132360.1955,NaN,4.59230388347814e-11,4.7898145569309e-11,2.88738936150671e-11,NaN,NaN,-0.628745273564049,0.000315839576230445,625.970327072326,2001,MFB,HPF
PASSIVE_RC,146685.962345248,NaN,NaN,2.45897080431885e-11,NaN,NaN,NaN,NaN,1,NaN,44124.3382225244,449,PASSIVE,LPF
PASSIVE_RLC_BSF,246.41912394524,NaN,NaN,8.94163502978967e-12,NaN,NaN,NaN,NaN,1,10,313431.492621317,535,PASSIVE,BSF
PASSIVE_RLC_BPF,2031.30666136658,NaN,NaN,6.41032649165242e-12,NaN,NaN,NaN,NaN,1,10,192090.943880905,135,PASSIVE,BPF
MFB_LPF,1956926.51571648,1540.0490954469,6870037.07112525,1.52266120664725e-10,9.76943498509562e-10,NaN,NaN,NaN,-3.51062598209516,0.00590494353533348,4011.77846939378,2025,MFB,LPF
PASSIVE_RC,3323.01156904446,NaN,NaN,5.77834169540451e-10,NaN,NaN,NaN,NaN,1,NaN,82886.7399573707,696,PASSIVE,LPF
ACTIVE_OTHER_CASCADED_VCVS,2568.59493658062,2568.59493658062,606467.759427762,1.24004121221109e-12,1.24004121221109e-12,4.13691136074676e-11,9890.73860773266,12243.3239423483,2.83042586534951,0.944195226144445,24986966.0654387,2562,ACTIVE_OTHER,HPF
MFB_HPF,2960.32234199128,112878814.017308,NaN,1.07136636346519e-11,5.50251096250524e-10,4.7175932547614e-10,NaN,NaN,-44.0334269922661,5.73769151987872e-05,540.385523610623,1537,MFB,HPF
PASSIVE_RC,127477.970924408,NaN,NaN,2.49949611713768e-11,NaN,NaN,NaN,NaN,1,NaN,49949.6584652613,494,PASSIVE,HPF
VCVS_BSF,93475.1928374803,93475.1928374803,NaN,2.57332872257632e-10,2.57332872257632e-10,NaN,10060.3891574339,1835.67209586451,1.18246531691153,0.611594847708611,6616.5027052774,1064,VCVS,BSF
ACTIVE_OTHER_CASCADED_VCVS,1856.84477039806,1856.84477039806,3840.75087059168,2.93182496924851e-11,2.93182496924851e-11,6.95487626057772e-11,9982.2593100532,1927.11002862269,1.5713877855576,0.573818612854121,1759671.09158115,2448,ACTIVE_OTHER,HPF
PASSIVE_RC,225918.178376088,NaN,NaN,2.29520752149859e-12,NaN,NaN,NaN,NaN,1,NaN,306935.410955063,43,PASSIVE,HPF
MFB_HPF,3707.02835925073,92663.67075509,NaN,2.43910428013946e-11,1.13855293310727e-10,1.44403246192961e-11,NaN,NaN,-0.592033917404729,0.0897171791725585,211781.166416529,1532,MFB,HPF
MFB_HPF,12096.6579160437,25185926.5233365,NaN,3.16569052875322e-10,5.00568956910464e-11,4.07994823736369e-11,NaN,NaN,-0.128880198500343,0.0188616067926496,6380.4187532584,1879,MFB,HPF
MFB_BPF,2395.86930989952,5613.20650356814,NaN,4.02525006848139e-10,6.66812327618413e-11,NaN,NaN,NaN,-6259407.92452316,0.534451637394676,264901.743339788,1946,MFB,BPF
VCVS_LPF,1151.97340198036,1151.97340198036,NaN,5.44412965861959e-12,5.44412965861959e-12,NaN,10082.6405485088,7272.6226076678,1.72130138654436,0.78204511170739,25377522.4121383,793,VCVS,LPF
MFB_LPF,425.520796664638,16338.1465028473,1055.23314820986,8.66657272797898e-10,3.99848778267345e-11,NaN,NaN,NaN,-2.4798626917441,0.333810351237374,205907.870120051,1688,MFB,LPF
ACTIVE_OTHER_CASCADED_VCVS,5176.69622507804,5176.69622507804,218272.678228278,3.61779632576053e-10,3.61779632576053e-10,1.1098875708794e-12,10131.6900453443,10258.2065114723,2.49448332440618,0.790333212473792,370972.793828447,2113,ACTIVE_OTHER,LPF
MFB_BPF,16976.4491249014,18216003.964817,NaN,3.20736708378622e-11,1.1205216711123e-10,NaN,NaN,NaN,-525693.834375233,13.6252897534668,4774.03593119499,1670,MFB,BPF
ACTIVE_OTHER_CASCADED_VCVS,475519.989784525,475519.989784525,900415.400934777,2.56469139440995e-11,2.56469139440995e-11,1.0745349128462e-12,10056.395157905,11387.6439936745,2.45334775436071,0.846634574465238,88773.340649664,2641,ACTIVE_OTHER,BPF
ACTIVE_OTHER_CASCADED_VCVS,372271.856319801,372271.856319801,53112.452303013,8.90796781889298e-12,8.90796781889298e-12,1.4267573597487e-10,10012.7816541323,9517.85807361903,4.55931528793338,1.23108237941448,34498.0016513547,2107,ACTIVE_OTHER,LPF
VCVS_BSF,21396.5743517114,21396.5743517114,NaN,3.13314450305469e-10,3.13314450305469e-10,NaN,10050.7971053713,4936.22692622521,1.49112790502827,0.982565176869793,23740.8059958155,1164,VCVS,BSF
MFB_HPF,41795.5146377657,207.912318506549,NaN,1.23598330278767e-10,2.21735403115168e-11,4.81002079645581e-10,NaN,NaN,-3.89165515877696,0.600302893012249,522786.284809387,1870,MFB,HPF
PASSIVE_RC,588341.612171139,NaN,NaN,6.94634909901629e-12,NaN,NaN,NaN,NaN,1,NaN,38943.4084611491,443,PASSIVE,LPF
MFB_LPF,53972.1521944136,2943.63842990809,131379.254603435,9.91732247034825e-11,1.42311905170613e-10,NaN,NaN,NaN,-2.43420447882443,0.116027695891633,68123.4554950726,1629,MFB,LPF
ACTIVE_OTHER_CASCADED_VCVS,520910.825754027,520910.825754027,96275.2125219116,5.09526913397613e-10,5.09526913397613e-10,1.33908964725576e-10,9690.86186001505,7211.33554915299,2.06754605323561,0.673679575086082,6472.38895427364,2130,ACTIVE_OTHER,LPF
ACTIVE_OTHER_CASCADED_VCVS,36438.4933655704,36438.4933655704,2137.83258962786,3.04003757262393e-10,3.04003757262393e-10,4.4837688043621e-12,10168.6639978916,1806.34332247661,2.773615409741,1.04984624895134,8309002.19183033,2780,ACTIVE_OTHER,LPF
ACTIVE_OTHER_CASCADED_VCVS,21536.362129959,21536.362129959,460517.004280846,3.08489670677056e-11,3.08489670677056e-11,8.93504004708408e-10,10127.3629840692,6763.25919417256,3.3376494781841,0.875927694028475,119971.425649635,2777,ACTIVE_OTHER,LPF
ACTIVE_OTHER_CASCADED_VCVS,13946.6010569085,13946.6010569085,240941.821884364,3.61032730467754e-10,3.61032730467754e-10,2.98116070164854e-12,9923.6747276952,9329.98005129147,3.9321386877781,0.985488535466395,126592.255163098,2133,ACTIVE_OTHER,HPF
ACTIVE_OTHER_CASCADED_VCVS,1949.50541100935,1949.50541100935,622539.640651922,7.46595581268347e-12,7.46595581268347e-12,6.65619621995845e-10,10093.8456438733,12972.0935073555,4.79199622773198,1.25316663134121,5467584.83347162,2149,ACTIVE_OTHER,BPF
ACTIVE_OTHER_CASCADED_VCVS,30427.8724345834,30427.8724345834,10035.9602929108,4.4950094962373e-11,4.4950094962373e-11,2.13738746356235e-12,9800.40722177712,5499.35809618818,1.97187709245707,0.908913144153195,3767960.09628887,2616,ACTIVE_OTHER,BSF
ACTIVE_OTHER_CASCADED_VCVS,32869.1340325287,32869.1340325287,8240.25867135862,4.95586802165908e-10,4.95586802165908e-10,7.36251813647502e-12,9725.06920352695,7199.14508169574,3.74534132034519,0.986646883423207,1316550.14722887,2708,ACTIVE_OTHER,HPF
MFB_BPF,10968.2698816832,5451791.67577363,NaN,1.48027534567678e-11,1.84375064265517e-10,NaN,NaN,NaN,-494492.475256233,5.84765763176917,12458.3089387686,1609,MFB,BPF
PASSIVE_RC,924272.937919822,NaN,NaN,4.13613215825084e-10,NaN,NaN,NaN,NaN,1,NaN,416.318286426756,457,PASSIVE,HPF
ACTIVE_OTHER_CASCADED_VCVS,31948.914357814,31948.914357814,536801.538052445,4.11917330936486e-12,4.11917330936486e-12,1.22761194548317e-10,10088.9998478345,1033.62394272643,1.38224028286326,0.613562025795292,605885.297100253,2253,ACTIVE_OTHER,BSF
MFB_BPF,48366.8711048412,10339.6161165159,NaN,2.9338445519218e-10,2.00046559695161e-11,NaN,NaN,NaN,-1033524.84135225,0.113026011199648,92898.7423036069,1460,MFB,BPF
ACTIVE_OTHER_CASCADED_VCVS,1614.8717587398,1614.8717587398,116767.838711033,1.38256628382331e-10,1.38256628382331e-10,8.11311576339905e-10,10030.3981077649,7955.79309585365,2.80272969075212,0.762256110734689,357263.339164106,2791,ACTIVE_OTHER,BPF
PASSIVE_RC,2875.63974071648,NaN,NaN,1.568333293503e-10,NaN,NaN,NaN,NaN,1,NaN,352896.452634265,477,PASSIVE,HPF
PASSIVE_RLC_BPF,62.0573101124902,NaN,NaN,4.51484421946501e-10,NaN,NaN,NaN,NaN,1,7.00786971770793,810584.68732124,410,PASSIVE,BPF
ACTIVE_OTHER_CASCADED_VCVS,288493.243834129,288493.243834129,24720.1619809668,4.5825566191957e-11,4.5825566191957e-11,1.00067779986801e-10,10284.6076970035,10997.3091369321,4.59495787963705,1.17869822370749,38188.827518649,2125,ACTIVE_OTHER,LPF
MFB_HPF,1741.7509976146,526400363.141743,NaN,3.52761515214863e-10,1.38005006049983e-11,2.52799885087323e-10,NaN,NaN,-0.716631135154712,0.000242064242425609,2814.05869254387,1672,MFB,HPF
VCVS_HPF,541659.156053142,541659.156053142,NaN,5.61557675704336e-11,5.61557675704336e-11,NaN,9946.35185108117,5795.99474293874,1.58272568975214,0.705579712247176,5232.38479659431,1308,VCVS,HPF
ACTIVE_OTHER_CASCADED_VCVS,127516.758850446,127516.758850446,2291.47948959708,2.85209409612792e-10,2.85209409612792e-10,5.65504516175274e-10,10042.2785440503,3095.83194089949,2.42072499894409,0.730457501645337,63597.9156731287,2686,ACTIVE_OTHER,HPF
ACTIVE_OTHER_CASCADED_VCVS,7500.36694895089,7500.36694895089,235789.651966961,3.25229391874843e-10,3.25229391874843e-10,2.05048650749196e-12,9735.8602481668,7239.75644293029,2.20121844295535,0.68572839712516,197214.452483981,2631,ACTIVE_OTHER,BPF
PASSIVE_RC,5910.62037775624,NaN,NaN,1.08637349766343e-12,NaN,NaN,NaN,NaN,1,NaN,24786083.164124,389,PASSIVE,HPF
ACTIVE_OTHER_CASCADED_VCVS,12221.5744878499,12221.5744878499,151004.34348523,2.80956687077971e-11,2.80956687077971e-11,3.39599590196059e-10,9981.72444220742,10211.5048016575,4.85837190162243,1.34726464056823,233303.852374983,2455,ACTIVE_OTHER,HPF
PASSIVE_RC,230774.786750625,NaN,NaN,9.92705701709948e-11,NaN,NaN,NaN,NaN,1,NaN,6947.22327879444,465,PASSIVE,HPF
MFB_LPF,85805457.4165467,99270.9156321705,194398672.340237,2.17332054478602e-10,1.25341149088924e-11,NaN,NaN,NaN,-2.26557468712647,0.0939411349809754,694.150661512627,2011,MFB,LPF
MFB_HPF,51451.5978969056,570.133060405178,NaN,1.18076029304376e-11,2.39483255989668e-10,3.75887588505501e-10,NaN,NaN,-31.8343689841179,0.1427547340852,97941.3341271656,1610,MFB,HPF
MFB_HPF,4074.57675948223,3702.87300450839,NaN,1.99884276794303e-10,4.84193304506422e-11,2.25222052503366e-10,NaN,NaN,-1.12676222520063,0.205310373133269,392368.943567632,1906,MFB,HPF
MFB_LPF,2542777.43437338,11177.6922332525,4683380.33620538,3.44529571842725e-10,5.48921644074575e-10,NaN,NaN,NaN,-1.84183651816916,0.0384431319871569,1599.5429788813,1907,MFB,LPF
ACTIVE_OTHER_CASCADED_VCVS,136072.307773509,136072.307773509,1552.3614445595,7.30539784574754e-10,7.30539784574754e-10,2.22977964025613e-11,9993.98788118645,8730.05659049248,2.67586815963595,0.761981296035773,2299781.31874884,2323,ACTIVE_OTHER,BPF
VCVS_LPF,44420.5364858385,44420.5364858385,NaN,1.63739652230056e-12,1.63739652230056e-12,NaN,10181.9003733494,1498.61807195114,1.14718451536549,0.539719150823733,2188177.09951826,1234,VCVS,LPF
MFB_HPF,3208.40713005751,16638.7170284398,NaN,2.00718377818391e-11,2.17603229332482e-10,2.44221768379199e-10,NaN,NaN,-12.1673845232134,0.0172646733080747,94491.038785266,1565,MFB,HPF
VCVS_LPF,176161.914803312,176161.914803312,NaN,1.00550580280737e-12,1.00550580280737e-12,NaN,9892.59243126172,13074.6483576835,2.32166046954144,1.47418800629826,898511.268566055,898,VCVS,LPF
PASSIVE_RC,12376.7393875839,NaN,NaN,1.83165995517931e-10,NaN,NaN,NaN,NaN,1,NaN,70205.1601947765,296,PASSIVE,LPF
MFB_BPF,19635.8528448392,1946.53583497004,NaN,1.53217223831803e-10,4.46676406245326e-10,NaN,NaN,NaN,-114013.746776362,0.137303740296147,98404.2247949958,1525,MFB,BPF
VCVS_BPF,1567.89647815995,1567.89647815995,NaN,1.21881557145703e-12,1.21881557145703e-12,NaN,9764.67118857004,2756.4623308735,1.28228931396073,0.58217021534972,83284609.3420384,1273,VCVS,BPF
PASSIVE_RC,91994.8083211221,NaN,NaN,4.94734250585711e-11,NaN,NaN,NaN,NaN,1,NaN,34969.1306009697,328,PASSIVE,LPF
MFB_LPF,43.5007907789295,39594.0591509129,68.8613475520358,3.59935721928077e-10,5.08296617112597e-11,NaN,NaN,NaN,-1.58299070704228,0.0429349978192272,712600.748790205,2053,MFB,LPF
MFB_BPF,6694.2134643201,202112161.63634,NaN,2.09427190740263e-11,6.99666596952111e-10,NaN,NaN,NaN,-213505.615678642,29.1882916099953,1130.34762412655,2058,MFB,BPF
ACTIVE_OTHER_CASCADED_VCVS,5033.23352795596,5033.23352795596,776395.971176833,4.02902180274383e-11,4.02902180274383e-11,4.19270219956008e-11,10035.716271776,3755.54260812977,3.01419805543752,0.927424019343443,394857.67454334,2480,ACTIVE_OTHER,LPF
VCVS_HPF,15644.9252897676,15644.9252897676,NaN,1.73657479907449e-10,1.73657479907449e-10,NaN,9904.99867039003,8536.90506501062,1.86187846652931,0.878640787113931,58580.5093850582,757,VCVS,HPF
VCVS_LPF,9614.73045534942,9614.73045534942,NaN,6.6267832746931e-10,6.6267832746931e-10,NaN,9993.62612596766,7546.59571823244,1.75514088911363,0.803303756429093,24979.2992408048,1000,VCVS,LPF
MFB_BPF,14216.2347528119,289.666915924253,NaN,1.40798513749806e-10,4.99788244874658e-11,NaN,NaN,NaN,-1407438.33663795,0.0627657067280569,934945.588807767,1527,MFB,BPF
MFB_HPF,1429.78788175636,7199288.21452386,NaN,8.6956408388965e-10,1.95691846370089e-11,1.66160695741896e-10,NaN,NaN,-0.191085049187683,0.00398511978072934,27509.90110207,1798,MFB,HPF
MFB_BPF,11679.1177772989,741509594.030771,NaN,9.57291092115508e-11,3.48284762512781e-11,NaN,NaN,NaN,-2458416.64370486,111.439846362595,936.628738929125,1640,MFB,BPF
VCVS_BPF,2995.41018673469,2995.41018673469,NaN,2.04451817145488e-12,2.04451817145488e-12,NaN,9760.80981985105,10298.1557882289,2.05505137158651,1.05825858669051,25987999.7774955,962,VCVS,BPF
VCVS_LPF,60681.388053831,60681.388053831,NaN,6.52366452616754e-11,6.52366452616754e-11,NaN,9941.40736182652,6696.44247298311,1.6735909946409,0.753915267432363,40204.3463290871,1124,VCVS,LPF
VCVS_LPF,113319.992137808,113319.992137808,NaN,1.58731681398406e-10,1.58731681398406e-10,NaN,9967.32999267397,1492.64144771079,1.14975338920332,0.540468494396764,8848.09912332326,729,VCVS,LPF
PASSIVE_RLC_BSF,11.940044229444,NaN,NaN,4.01914685515158e-10,NaN,NaN,NaN,NaN,1,10,157707.671896122,591,PASSIVE,BSF
MFB_HPF,7020.73387324666,13937.952298345,NaN,2.80665347813715e-10,5.20323966487304e-11,2.04715232939215e-10,NaN,NaN,-0.729392618411484,0.186867704318314,155889.690251529,1612,MFB,HPF
ACTIVE_OTHER_CASCADED_VCVS,2287.53936975721,2287.53936975721,586788.615223244,1.50631370170068e-12,1.50631370170068e-12,1.12679536991145e-11,10031.6107842211,3727.70078569247,2.11237601370649,0.649535117135406,23106406.1573302,2366,ACTIVE_OTHER,LPF
PASSIVE_RC,342674.057761249,NaN,NaN,1.8215578396763e-12,NaN,NaN,NaN,NaN,1,NaN,254974.024245257,406,PASSIVE,LPF
VCVS_BSF,3855.89647332132,3855.89647332132,NaN,2.33363785096854e-11,2.33363785096854e-11,NaN,10127.9437601722,4908.48853733666,1.48464808391207,0.970210810111139,1768729.03965266,733,VCVS,BSF
VCVS_BPF,69720.2753251252,69720.2753251252,NaN,3.46949317734865e-11,3.46949317734865e-11,NaN,10157.0209355082,13290.683704324,2.308521838117,1.44617726939755,65795.3195284295,1343,VCVS,BPF
VCVS_BSF,27514.3301281847,27514.3301281847,NaN,5.52585489519298e-11,5.52585489519298e-11,NaN,10037.1350033584,7182.68188139371,1.71561076731462,1.75815376439778,104679.517298975,1333,VCVS,BSF
MFB_HPF,2129.23866723322,22309107.0574874,NaN,7.70774006851616e-11,5.2718811203878e-10,7.80200620404332e-11,NaN,NaN,-1.01223006156009,0.0028688748813212,3600.65006445971,1652,MFB,HPF
MFB_BPF,2597.58588848109,35086.224846563,NaN,5.81235682041453e-11,2.251680898237e-10,NaN,NaN,NaN,-1709713.10321266,1.48415456555735,145726.084731347,2018,MFB,BPF
ACTIVE_OTHER_CASCADED_VCVS,1353.69589140324,1353.69589140324,4816.84186804842,3.67984681928234e-10,3.67984681928234e-10,3.29912377211207e-10,10010.0703855602,1592.80318964758,1.40733565524943,0.551586612637137,209825.361106461,2199,ACTIVE_OTHER,HPF
MFB_BPF,12511.2264020786,141998.690442151,NaN,3.73380544438264e-10,2.98072677331678e-10,NaN,NaN,NaN,-268150.090819268,1.67383788234226,11318.5578245401,2054,MFB,BPF
PASSIVE_RLC_BSF,7683.02784356193,NaN,NaN,2.25485858877335e-12,NaN,NaN,NaN,NaN,1,10,118862.216532898,378,PASSIVE,BSF
MFB_BPF,75512.7926743029,28596.1140382756,NaN,3.62676226151821e-11,6.73619843213039e-10,NaN,NaN,NaN,-19659.1436487677,0.135494203419255,21912.3711580039,1457,MFB,BPF
ACTIVE_OTHER_CASCADED_VCVS,2098.27181830051,2098.27181830051,3666.49444291007,6.62643389085306e-11,6.62643389085306e-11,2.63661408959518e-11,9913.31510858349,2997.58903479697,2.4327100837241,0.736185401875739,1395508.33573122,2421,ACTIVE_OTHER,LPF
VCVS_LPF,28646.9440616833,28646.9440616833,NaN,3.54693879784641e-10,3.54693879784641e-10,NaN,10210.1765146978,10096.8089418596,1.98889660989945,0.989018541319053,15663.4756689491,1240,VCVS,LPF
MFB_BPF,10086.010234549,42764.3269280997,NaN,2.37611533632576e-10,1.2555073413217e-10,NaN,NaN,NaN,-789698.547081957,0.97931811016825,44368.6507384881,1683,MFB,BPF
VCVS_LPF,1713.1396553855,1713.1396553855,NaN,1.96998966238701e-11,1.96998966238701e-11,NaN,9675.75402341112,2672.32565480801,1.27618784524102,0.580109611850263,4715887.28367118,1097,VCVS,LPF
ACTIVE_OTHER_CASCADED_VCVS,2663.65268289323,2663.65268289323,136412.921234761,2.21436040281133e-12,2.21436040281133e-12,1.39248058022494e-11,9894.78481244542,12831.276183,4.03083096163051,1.11261254817544,13533517.5100174,2509,ACTIVE_OTHER,LPF
PASSIVE_RLC_BPF,94.2579219840418,NaN,NaN,9.49133683951394e-13,NaN,NaN,NaN,NaN,1,10,572028.101418527,441,PASSIVE,BPF
MFB_BPF,1653.99180627926,2517549011.11766,NaN,5.529800533125e-11,2.02059702819785e-11,NaN,NaN,NaN,-29921746.2993399,546.194167692332,2333.29633967935,1717,MFB,BPF
ACTIVE_OTHER_CASCADED_VCVS,97090.6395367805,97090.6395367805,607931.809896055,3.04961736394266e-10,3.04961736394266e-10,6.73057387025578e-12,9900.97015791045,8993.09327010886,4.20143049437908,1.08429990723002,22135.9856648044,2543,ACTIVE_OTHER,HPF
PASSIVE_RLC_BSF,471.786837437297,NaN,NaN,3.96672236629576e-12,NaN,NaN,NaN,NaN,1,10,26670.4478355973,434,PASSIVE,BSF
VCVS_BPF,116479.292354345,116479.292354345,NaN,1.00242681432875e-12,1.00242681432875e-12,NaN,9916.82850635242,9423.69706732228,1.95027327146837,0.952628882184233,1363071.79970524,1185,VCVS,BPF
PASSIVE_RLC_BSF,3921.50604152788,NaN,NaN,4.52883300222991e-10,NaN,NaN,NaN,NaN,1,8.18616936705559,10947.1283713455,20,PASSIVE,BSF
VCVS_BSF,362434.66468478,362434.66468478,NaN,1.05127415599407e-12,1.05127415599407e-12,NaN,10277.7543711942,1368.86069951373,1.13318674975832,0.576825515600498,417709.559992284,808,VCVS,BSF
MFB_BPF,15277.3553290912,13592133.1267893,NaN,3.6972601579253e-11,4.11790883517682e-10,NaN,NaN,NaN,-158955.329076979,8.20125993800163,2830.56976054128,1546,MFB,BPF
MFB_LPF,549924.573798768,59619.7860226107,1287395.50019718,4.27895909358658e-11,1.84062426551526e-11,NaN,NaN,NaN,-2.34104013811223,0.284149692396279,20469.9740829983,1885,MFB,LPF
ACTIVE_OTHER_CASCADED_VCVS,1076.77476360419,1076.77476360419,324808.704600317,4.44760294134746e-12,4.44760294134746e-12,3.27218137092956e-11,9881.57548021315,986.952968710807,1.76546018238264,0.91087865299707,16623976.0829268,2216,ACTIVE_OTHER,BSF
MFB_BPF,30814.5991488937,8263022.46693117,NaN,1.45331282251434e-10,1.09743268224358e-10,NaN,NaN,NaN,-295709.711650282,8.10760483522171,2497.49085166142,1649,MFB,BPF
PASSIVE_RC,32479.9909668271,NaN,NaN,2.86374960570734e-12,NaN,NaN,NaN,NaN,1,NaN,1711075.5652164,635,PASSIVE,LPF
PASSIVE_RLC_BSF,467.335819457677,NaN,NaN,8.44078297576265e-11,NaN,NaN,NaN,NaN,1,10,20367.4452223384,200,PASSIVE,BSF
VCVS_BSF,188379.373699501,188379.373699501,NaN,2.62562689186108e-11,2.62562689186108e-11,NaN,10110.9835267745,2168.88845649556,1.21450815845483,0.636543848776882,32177.6090760288,1301,VCVS,BSF
VCVS_LPF,1267.43914993298,1267.43914993298,NaN,1.29698415871612e-10,1.29698415871612e-10,NaN,10091.064592436,7672.4026346976,1.7603164725007,0.806657487832565,968184.982561664,817,VCVS,LPF
ACTIVE_OTHER_CASCADED_VCVS,458224.929206895,458224.929206895,1095.38107522679,4.45237225447888e-10,4.45237225447888e-10,1.71518999376623e-12,10013.8619732968,3461.31971858531,1.69601892002495,0.720066502730102,42356168.519689,2246,ACTIVE_OTHER,BSF
PASSIVE_RLC_BSF,601.615114780639,NaN,NaN,1.13064307406419e-12,NaN,NaN,NaN,NaN,1,10,150658.648890546,593,PASSIVE,BSF
PASSIVE_RC,1127.10045711607,NaN,NaN,9.19810271261805e-12,NaN,NaN,NaN,NaN,1,NaN,15351798.1246041,113,PASSIVE,LPF
VCVS_BPF,3979.77749031635,3979.77749031635,NaN,8.61250832357723e-12,8.61250832357723e-12,NaN,9662.45887401773,8821.49836384678,1.91296620030826,0.919934596590812,4643352.83481237,715,VCVS,BPF
VCVS_BSF,61281.0436581667,61281.0436581667,NaN,1.44806764177821e-10,1.44806764177821e-10,NaN,10289.395951551,1327.27699979864,1.12899464711518,0.574049284937192,17935.1548068409,1277,VCVS,BSF
VCVS_LPF,1136.11967129899,1136.11967129899,NaN,2.71472366401887e-10,2.71472366401887e-10,NaN,9973.86871220684,12666.7977180667,2.26999844128327,1.36986008873447,516024.620951518,1255,VCVS,LPF
ACTIVE_OTHER_CASCADED_VCVS,671379.883253822,671379.883253822,947733.419783593,3.42485100309498e-11,3.42485100309498e-11,8.67362466369367e-11,10172.1547476248,11901.7172819391,3.21385418307796,0.931598798786019,4428.89122355291,2629,ACTIVE_OTHER,BPF
PASSIVE_RC,1203.35288037603,NaN,NaN,3.77267617703574e-11,NaN,NaN,NaN,NaN,1,NaN,3505723.01781608,105,PASSIVE,HPF
ACTIVE_OTHER_CASCADED_VCVS,99621.562392307,99621.562392307,203675.127738216,6.36482559600761e-10,6.36482559600761e-10,1.00716952808092e-11,9896.75780131537,836.688804278817,2.63275873337337,1.13444404011838,40047.6790144467,2224,ACTIVE_OTHER,LPF
VCVS_BSF,4973.29016691402,4973.29016691402,NaN,2.4216136822518e-11,2.4216136822518e-11,NaN,10350.3606931541,4085.76048065614,1.39474571000782,0.826099059961161,1321513.0951054,1052,VCVS,BSF
ACTIVE_OTHER_CASCADED_VCVS,1833.08885344995,1833.08885344995,111981.18763743,1.20721830854404e-10,1.20721830854404e-10,2.14485659235528e-10,10040.3951690997,4244.61472653428,2.4351231777599,1.29981106101002,362914.123442768,2141,ACTIVE_OTHER,BSF
ACTIVE_OTHER_CASCADED_VCVS,150596.56535722,150596.56535722,1148.31348181952,3.01553573254426e-11,3.01553573254426e-11,3.93032602349626e-12,9858.78991382509,8567.25096181412,3.84531516417039,0.972545623222056,17649503.5242845,2183,ACTIVE_OTHER,HPF
VCVS_HPF,26636.6320654932,26636.6320654932,NaN,1.96548631095289e-11,1.96548631095289e-11,NaN,10267.4230934553,2233.25355088453,1.21750867092524,0.56101254670286,303998.0490106,1335,VCVS,HPF
VCVS_LPF,70891.7863466058,70891.7863466058,NaN,6.95302811058898e-12,6.95302811058898e-12,NaN,9749.49165770525,6509.60648961534,1.66768675928561,0.750574241432743,322886.752116432,1214,VCVS,LPF
VCVS_LPF,210734.675870546,210734.675870546,NaN,7.3158390519999e-11,7.3158390519999e-11,NaN,9828.66229391109,13136.6490556377,2.33656530897149,1.50730737105368,10323.334164674,910,VCVS,LPF
VCVS_HPF,1398.60598469538,1398.60598469538,NaN,3.64330354915787e-11,3.64330354915787e-11,NaN,9939.00756876076,10436.2515163044,2.0500295370643,1.05266430801405,3123412.84863148,1183,VCVS,HPF
ACTIVE_OTHER_CASCADED_VCVS,6047.58469261637,6047.58469261637,5706.66339908019,1.54711927554612e-12,1.54711927554612e-12,1.24350986670638e-11,9968.84844511938,2293.8618718502,1.34555823112676,0.544812283237184,9626592.1219559,2471,ACTIVE_OTHER,LPF
ACTIVE_OTHER_CASCADED_VCVS,14986.9092511001,14986.9092511001,1871.30304546742,2.93602183318619e-12,2.93602183318619e-12,5.63542753145761e-10,10099.8764263308,11117.9379443944,3.32540016491741,0.908888012553949,1883961.50826337,2685,ACTIVE_OTHER,LPF
PASSIVE_RLC_BSF,4110.3711112189,NaN,NaN,1.21196921825155e-10,NaN,NaN,NaN,NaN,1,3.79072167441882,84280.209964887,262,PASSIVE,BSF
PASSIVE_RC,69047.6273411569,NaN,NaN,6.75106701166386e-10,NaN,NaN,NaN,NaN,1,NaN,3414.27857736518,430,PASSIVE,HPF
PASSIVE_RLC_BPF,690.781560453049,NaN,NaN,8.27859318111515e-10,NaN,NaN,NaN,NaN,1,1.34367118090766,207123.726706023,484,PASSIVE,BPF
PASSIVE_RC,124698.605059342,NaN,NaN,6.3750268459603e-12,NaN,NaN,NaN,NaN,1,NaN,200205.737064711,239,PASSIVE,LPF
ACTIVE_OTHER_CASCADED_VCVS,2280.26697403351,2280.26697403351,1080.96351404415,1.00444630907256e-12,1.00444630907256e-12,2.93043648378543e-10,10092.0347641863,7576.00234654155,2.50297736768541,0.71863345124171,34995047.3144127,2502,ACTIVE_OTHER,BPF
PASSIVE_RC,1093.23750942482,NaN,NaN,1.00229317836224e-12,NaN,NaN,NaN,NaN,1,NaN,145248224.726278,497,PASSIVE,LPF
VCVS_LPF,797183.298813867,797183.298813867,NaN,4.6417860065919e-10,4.6417860065919e-10,NaN,9664.09458051311,991.727561346933,1.10261981120784,0.527042500974241,430.107311356131,1341,VCVS,LPF
MFB_HPF,82061.8761162701,14.5608246150615,NaN,1.94429157422937e-10,2.83620383077858e-10,5.44332010646796e-10,NaN,NaN,-2.79964187399488,10.3053538320035,370557.637097079,1417,MFB,HPF
VCVS_BSF,857842.787172966,857842.787172966,NaN,1.33485614300728e-12,1.33485614300728e-12,NaN,10128.7403898465,5665.98839033859,1.55939713846535,1.13480878961718,138988.210444873,934,VCVS,BSF
ACTIVE_OTHER_CASCADED_VCVS,69441.1441904331,69441.1441904331,1758.51174285189,8.79386168933779e-12,8.79386168933779e-12,2.94197618505614e-12,10004.0984700863,7842.72938247612,2.8070386585288,0.761674821561539,15512063.4190613,2609,ACTIVE_OTHER,HPF
VCVS_LPF,252771.870559677,252771.870559677,NaN,3.95896737165105e-10,3.95896737165105e-10,NaN,10133.4245409649,7371.81049957284,1.72747475147931,0.785839024539986,1590.41135161369,874,VCVS,LPF
MFB_LPF,88694231.51611,7439.09019650577,297009586.992937,5.86733320604689e-10,4.29383056073831e-11,NaN,NaN,NaN,-3.34869113713432,0.0184980224576382,674.57797583514,1882,MFB,LPF
VCVS_LPF,9031.62994618063,9031.62994618063,NaN,6.28607545794981e-12,6.28607545794981e-12,NaN,9982.58227167547,8019.93254662948,1.80339258203613,0.835695972620316,2803331.17541623,1386,VCVS,LPF
PASSIVE_RC,885183.33205188,NaN,NaN,1.62981693498834e-12,NaN,NaN,NaN,NaN,1,NaN,110318.431367358,3,PASSIVE,HPF
ACTIVE_OTHER_CASCADED_VCVS,41983.0927477219,41983.0927477219,68142.5691981851,2.03342828331553e-12,2.03342828331553e-12,8.81304829862999e-12,9977.68185265413,6935.24799867285,2.55297756847047,1.3260661832839,1064661.27239887,2274,ACTIVE_OTHER,BSF
PASSIVE_RC,190693.453359548,NaN,NaN,2.45209491238178e-10,NaN,NaN,NaN,NaN,1,NaN,3403.66706045603,25,PASSIVE,LPF
PASSIVE_RLC_BPF,806.317466386101,NaN,NaN,2.42121704850932e-11,NaN,NaN,NaN,NaN,1,10,26934.8290903141,403,PASSIVE,BPF
VCVS_HPF,16560.6613479329,16560.6613479329,NaN,7.05672155475726e-10,7.05672155475726e-10,NaN,10152.8782176047,6226.97365886237,1.61332102339857,0.721147444270677,13618.8198179139,933,VCVS,HPF
VCVS_BSF,149619.242040481,149619.242040481,NaN,2.37035751394294e-10,2.37035751394294e-10,NaN,10092.8902565903,5426.41168352735,1.53764695201992,1.08142468657749,4487.6484385564,988,VCVS,BSF
ACTIVE_OTHER_CASCADED_VCVS,7445.68170673451,7445.68170673451,6481.77507512964,2.13778987684095e-10,2.13778987684095e-10,1.49466733892412e-11,9998.89690920978,5198.82599482949,1.97997351177021,0.632403681762701,871388.524380063,2544,ACTIVE_OTHER,HPF
VCVS_LPF,13956.9362662823,13956.9362662823,NaN,4.36859129901735e-11,4.36859129901735e-11,NaN,9853.2100059485,8018.6524049059,1.81381117423306,0.843036098703293,261028.91602236,1218,VCVS,LPF
PASSIVE_RC,73500.3913266323,NaN,NaN,5.58288932602753e-12,NaN,NaN,NaN,NaN,1,NaN,387856.846193665,236,PASSIVE,LPF
MFB_BPF,8237.3413403655,61.0061948451574,NaN,4.05939827720238e-10,1.45767411044643e-10,NaN,NaN,NaN,-832822.59025266,0.0379442354821988,922950.862094351,1992,MFB,BPF
VCVS_BSF,806580.077858032,806580.077858032,NaN,1.00118729941042e-09,1.00118729941042e-09,NaN,10158.7467163143,4243.46211021996,1.41771512064625,0.858686216538763,197.086696010903,1297,VCVS,BSF
MFB_LPF,1226.21498282927,52620.1559977689,1243.67901382996,1.81844057070777e-10,3.71248426726318e-11,NaN,NaN,NaN,-1.01424222607393,0.166961873746975,239446.253344838,2013,MFB,LPF
PASSIVE_RC,6173.8380166693,NaN,NaN,4.32797714983868e-11,NaN,NaN,NaN,NaN,1,NaN,595634.633041004,163,PASSIVE,LPF
VCVS_BPF,718018.576088037,718018.576088037,NaN,3.98268364287697e-12,3.98268364287697e-12,NaN,10065.6048832406,8786.94439342948,1.872967347254,0.88728573885017,55655.5707843055,1284,VCVS,BPF
VCVS_BSF,10478.4823181049,10478.4823181049,NaN,3.74937658666512e-12,3.74937658666512e-12,NaN,9736.14923913292,3142.51300760812,1.32276754704799,0.738298936828169,4051004.10899092,1038,VCVS,BSF
ACTIVE_OTHER_CASCADED_VCVS,16065.1598517288,16065.1598517288,802798.204902739,7.19943661939665e-10,7.19943661939665e-10,5.57762267756261e-11,10003.2334735219,8203.37245893715,3.1142081960826,0.811663018753192,8657.48035155873,2720,ACTIVE_OTHER,HPF
ACTIVE_OTHER_CASCADED_VCVS,135055.569201048,135055.569201048,186362.69485132,8.16435963479118e-10,8.16435963479118e-10,2.33875103099579e-11,9850.22823389488,5738.72660384982,3.69093111269689,1.10148196961309,18979.4440695412,2247,ACTIVE_OTHER,HPF
ACTIVE_OTHER_CASCADED_VCVS,1575.26116406744,1575.26116406744,56061.304365786,3.32262192487813e-10,3.32262192487813e-10,8.65524152155973e-10,10128.3499008317,3858.21049825409,2.8483386142089,0.842221655252592,153679.588438699,2725,ACTIVE_OTHER,HPF
MFB_LPF,42471162.3673918,31805.1810725606,81414280.3704163,2.21793717589287e-10,1.33970002109677e-10,NaN,NaN,NaN,-1.91693082628989,0.025402407167669,573.776159001561,1587,MFB,LPF
VCVS_BPF,1497.1554432355,1497.1554432355,NaN,6.54291072129514e-10,6.54291072129514e-10,NaN,9836.42918866351,3160.66910264603,1.3213228135967,0.595707148521258,162473.390590311,832,VCVS,BPF
VCVS_HPF,6011.55651051058,6011.55651051058,NaN,7.93309220538136e-12,7.93309220538136e-12,NaN,9914.28156137324,5003.67256129296,1.50469340923175,0.668759173652961,3337265.01419373,1082,VCVS,HPF
VCVS_LPF,185181.736191484,185181.736191484,NaN,7.81711473396197e-11,7.81711473396197e-11,NaN,9669.59541107177,13324.809286383,2.37801104595606,1.60774559338776,10994.5002584624,1053,VCVS,LPF
VCVS_BSF,23224.7471703579,23224.7471703579,NaN,8.56940498266559e-12,8.56940498266559e-12,NaN,9934.93993449724,2198.21685385505,1.22126121228193,0.642063818941325,799684.114706298,1313,VCVS,BSF
ACTIVE_OTHER_CASCADED_VCVS,16554.678687026,16554.678687026,20647.8504444149,7.61611624364922e-11,7.61611624364922e-11,7.05448478154598e-11,9950.71223640526,7018.55909379583,2.15470166466775,0.674136385104491,117747.83282856,2231,ACTIVE_OTHER,BPF
VCVS_BPF,6236.05944483731,6236.05944483731,NaN,6.58536246147415e-12,6.58536246147415e-12,NaN,10049.2521302123,10599.3084117271,2.05473604148722,1.05790556277353,3875521.95466111,813,VCVS,BPF
VCVS_HPF,883994.903390879,883994.903390879,NaN,1.05514701581792e-11,1.05514701581792e-11,NaN,10059.0038267559,3536.63154916667,1.35158864735289,0.606644693628291,17063.0787644227,1056,VCVS,HPF
MFB_HPF,5331.31474006745,51737812.1837188,NaN,6.21431467109874e-10,5.73359930438234e-11,1.58418117926796e-11,NaN,NaN,-0.0254924519132512,0.0172773463875382,10055.0178620876,1481,MFB,HPF
PASSIVE_RLC_BPF,126.785064931429,NaN,NaN,5.69385708446556e-11,NaN,NaN,NaN,NaN,1,10,16561.503726597,334,PASSIVE,BPF
MFB_HPF,2006.8211755335,222639.353010087,NaN,6.15526828222719e-11,1.58935038560313e-10,3.09473469270404e-10,NaN,NaN,-5.02778197603477,0.00790231623896437,33950.2745717711,1878,MFB,HPF
PASSIVE_RC,41593.0955067267,NaN,NaN,9.97050512762135e-11,NaN,NaN,NaN,NaN,1,NaN,38377.9459741945,598,PASSIVE,HPF
PASSIVE_RC,23038.0768874114,NaN,NaN,4.72104837897629e-10,NaN,NaN,NaN,NaN,1,NaN,14633.0702446737,206,PASSIVE,HPF
MFB_BPF,14664.9853076402,1035.67587539662,NaN,8.81724308325428e-10,7.12311079727668e-10,NaN,NaN,NaN,-95730.1342823045,0.132121778819532,51530.710276174,1710,MFB,BPF
MFB_LPF,2928565054.24373,1216.03075651315,8207880977.05517,3.80726588778542e-11,2.19436900817941e-11,NaN,NaN,NaN,-2.80269716568572,0.000507000378303076,1742.89366980228,2059,MFB,LPF
ACTIVE_OTHER_CASCADED_VCVS,52735.7028286619,52735.7028286619,8933.46192397405,1.59717974934542e-11,1.59717974934542e-11,8.19737430683042e-10,10005.7859356488,9079.93086547071,4.04129105424647,1.02497546604378,105344.845742502,2790,ACTIVE_OTHER,LPF
ACTIVE_OTHER_CASCADED_VCVS,1212.63333245705,1212.63333245705,1069.21815922578,6.71679190140521e-10,6.71679190140521e-10,1.803866489438e-10,9761.0909482194,2318.28643313223,2.35765002308694,0.74037922629906,510291.625155488,2193,ACTIVE_OTHER,HPF
VCVS_LPF,368527.170130162,368527.170130162,NaN,8.0746674523424e-10,8.0746674523424e-10,NaN,9889.81519487919,3364.01388418428,1.34014931703942,0.602463830190051,534.84257863374,1248,VCVS,LPF
PASSIVE_RC,242707.51447635,NaN,NaN,3.12640762037108e-10,NaN,NaN,NaN,NaN,1,NaN,2097.4485105068,19,PASSIVE,HPF
VCVS_BPF,7727.42576092518,7727.42576092518,NaN,1.31119169851397e-11,1.31119169851397e-11,NaN,10123.4311248411,3432.22240293972,1.33903746275486,0.602060538739539,1570793.51385248,1043,VCVS,BPF
ACTIVE_OTHER_CASCADED_VCVS,282580.261382584,282580.261382584,731840.848215551,1.82557672329514e-10,1.82557672329514e-10,2.49537892785914e-10,10313.9605496421,958.617366657245,1.27139377667478,0.534407802111635,1978.33146262174,2236,ACTIVE_OTHER,LPF
MFB_LPF,9430194.03577654,15475.1820117764,15221042.8174929,3.43170096925593e-10,4.94297886097084e-10,NaN,NaN,NaN,-1.61407525229564,0.02649740345888,796.216090191066,1582,MFB,LPF
VCVS_BSF,140865.911691143,140865.911691143,NaN,2.72847047753119e-11,2.72847047753119e-11,NaN,9825.17505008207,2495.79329590435,1.25402023711359,0.670259469325756,41409.0209325395,1256,VCVS,BSF
VCVS_BSF,733180.343838466,733180.343838466,NaN,5.47209047494948e-12,5.47209047494948e-12,NaN,9966.97936754393,1630.7580956373,1.16361608020858,0.597811588874987,39669.4381103695,859,VCVS,BSF
MFB_BPF,3489.20793594336,917626236783.725,NaN,1.19763724041975e-11,6.21097717525907e-11,NaN,NaN,NaN,-4614378.49987222,5970.0106470528,103.129089161204,1796,MFB,BPF
ACTIVE_OTHER_CASCADED_VCVS,943851.979286915,943851.979286915,3232.30236514431,1.62531584560929e-12,1.62531584560929e-12,3.62052869781765e-12,9970.41863149527,4497.73060481043,2.12139299597369,0.920071519613688,6851830.7760283,2712,ACTIVE_OTHER,BSF
VCVS_HPF,983539.572649963,983539.572649963,NaN,1.01314277489919e-11,1.01314277489919e-11,NaN,9939.88547957405,9247.67420230021,1.93036023617211,0.934894189443112,15971.9389520549,1348,VCVS,HPF
ACTIVE_OTHER_CASCADED_VCVS,79207.5190161218,79207.5190161218,49783.0388230653,1.15114040772951e-11,1.15114040772951e-11,3.34803323918977e-11,9745.47386173546,6538.00199191282,3.26733272675971,0.854867723678917,135020.137943355,2617,ACTIVE_OTHER,BPF
MFB_BPF,18404.9226840465,2546.99697432929,NaN,3.74518520850996e-11,9.17630355495549e-11,NaN,NaN,NaN,-592104.321599573,0.168773865438562,396522.999569353,1953,MFB,BPF
VCVS_HPF,204185.893183586,204185.893183586,NaN,2.33835299484667e-11,2.33835299484667e-11,NaN,9765.68263969221,10934.5694994807,2.119693307976,1.13596773608616,33333.7616038464,758,VCVS,HPF
ACTIVE_OTHER_CASCADED_VCVS,11326.3089195205,11326.3089195205,10224.7472697134,7.11014132925494e-11,7.11014132925494e-11,4.16802228195485e-11,9969.18019573994,2208.2566240964,1.78523402218853,0.785386074276676,285542.31507702,2225,ACTIVE_OTHER,BSF
VCVS_BPF,1412.91425799346,1412.91425799346,NaN,1.56927000437763e-12,1.56927000437763e-12,NaN,10118.0056314743,5244.22752529067,1.51830644459985,0.674903387650853,71780528.2992944,1209,VCVS,BPF
VCVS_LPF,28520.6921845063,28520.6921845063,NaN,8.03106791584255e-12,8.03106791584255e-12,NaN,10179.456716543,5195.15717760652,1.51035701828406,0.671301789941697,694843.135850927,844,VCVS,LPF
MFB_BPF,57415.0021061978,20656413.460718,NaN,1.86388577659355e-11,1.44062555483615e-11,NaN,NaN,NaN,-1208992.20452008,9.40573470972193,8918.56076963382,1659,MFB,BPF
VCVS_BPF,394789.968960109,394789.968960109,NaN,9.42613015683237e-10,9.42613015683237e-10,NaN,10247.2149074954,8462.10753245607,1.82579584880829,0.851640661451494,427.681623536092,961,VCVS,BPF
ACTIVE_OTHER_CASCADED_VCVS,10150.0669460544,10150.0669460544,7948.24799496139,3.32215349692487e-10,3.32215349692487e-10,4.17581028102847e-12,9988.62711984971,11222.6783272061,2.83231842345301,0.870558717107918,2421206.26394021,2186,ACTIVE_OTHER,HPF
ACTIVE_OTHER_CASCADED_VCVS,269277.925433301,269277.925433301,2647.62498435106,5.13170815501061e-12,5.13170815501061e-12,1.23405545512734e-10,9957.28281575109,6109.56121806985,2.43286194342073,1.15482593045924,301143.482659054,2275,ACTIVE_OTHER,BSF
MFB_BPF,9869.99570937904,787.481264209181,NaN,8.55978908802394e-11,3.2066235874116e-10,NaN,NaN,NaN,-315962.144841044,0.115189482003636,344576.782497954,1886,MFB,BPF
MFB_LPF,89611.2950389205,22534.4810087713,296203.380251516,4.04755405754285e-10,2.46646394070812e-10,NaN,NaN,NaN,-3.305424613302,0.266156964242888,6165.49048970303,1842,MFB,LPF
MFB_BPF,34080.9090437732,1071931.02007168,NaN,1.21773525703352e-11,5.53102652660335e-11,NaN,NaN,NaN,-530497.190746425,2.15666676824352,32084.9832000908,1881,MFB,BPF
PASSIVE_RC,3653.25781971319,NaN,NaN,5.85483098944396e-10,NaN,NaN,NaN,NaN,1,NaN,74408.9962675509,361,PASSIVE,LPF
ACTIVE_OTHER_CASCADED_VCVS,1567.24670843549,1567.24670843549,327152.799111875,1.49536627824647e-12,1.49536627824647e-12,8.97437671251733e-10,9997.87874421696,7205.06978792403,4.0800551442448,1.18601135180493,33955384.5694523,2694,ACTIVE_OTHER,HPF
VCVS_LPF,72617.1763324932,72617.1763324932,NaN,5.39086406753669e-10,5.39086406753669e-10,NaN,10142.1895929026,1702.08572294141,1.16782231364838,0.545798591178828,4065.57889180281,794,VCVS,LPF
ACTIVE_OTHER_CASCADED_VCVS,25552.0700336949,25552.0700336949,2035.85223023555,3.18109433247582e-10,3.18109433247582e-10,1.33949635755108e-11,9975.87175894618,5847.6844850031,3.2047205886653,0.864063888736112,2927904.73139198,2168,ACTIVE_OTHER,LPF
VCVS_BSF,5878.956940035,5878.956940035,NaN,1.99388999505038e-11,1.99388999505038e-11,NaN,9866.30315373463,6121.46949568719,1.62044206429741,1.31732195000604,1357746.39461166,799,VCVS,BSF
VCVS_HPF,127782.731295706,127782.731295706,NaN,1.09274429092887e-11,1.09274429092887e-11,NaN,10128.8507787058,1507.65610942333,1.14884769677849,0.540204065467615,113980.201057881,945,VCVS,HPF
MFB_LPF,115772115.398274,50176.3321028935,141486907.273486,7.61559312560009e-11,3.12778239096713e-11,NaN,NaN,NaN,-1.22211559136455,0.0293618099152313,1223.89008802666,1469,MFB,LPF
MFB_BPF,3456.77888309052,2177184135.1538,NaN,2.26693414598556e-10,4.84849017705063e-11,NaN,NaN,NaN,-5966530.70108029,302.357178020552,553.36799695975,1484,MFB,BPF
VCVS_BSF,386524.836647726,386524.836647726,NaN,2.50384328616339e-10,2.50384328616339e-10,NaN,9993.19343288838,668.851087401621,1.06693066554685,0.535865858557058,1644.50645741757,1377,VCVS,BSF
MFB_BPF,42137.8227326799,9689271.19460019,NaN,8.13200283632503e-10,1.5617000151616e-11,NaN,NaN,NaN,-1519603.52983531,2.06180827733685,2210.24777454425,1757,MFB,BPF
ACTIVE_OTHER_CASCADED_VCVS,1464.56209446562,1464.56209446562,18939.170884981,1.26010147075749e-11,1.26010147075749e-11,6.32943506954621e-11,10158.6487192609,9915.11557419906,3.01489236909649,0.827446043082025,4378365.0177006,2618,ACTIVE_OTHER,BPF
VCVS_BPF,198477.778570268,198477.778570268,NaN,3.37942687608086e-11,3.37942687608086e-11,NaN,10013.4585876295,4092.77552210015,1.40872746277258,0.628427862987171,23728.2214835503,1098,VCVS,BPF
MFB_HPF,6283.65296483741,1149130289.09869,NaN,1.80997220226922e-11,1.49336539320999e-11,2.0862647589583e-11,NaN,NaN,-1.15265016575541,0.000664408180689624,3355.5340279419,1846,MFB,HPF
VCVS_LPF,143137.189372283,143137.189372283,NaN,2.85141966408699e-11,2.85141966408699e-11,NaN,9971.08092077265,10173.9962207252,2.02035038142453,1.02077312238851,38994.7828440988,892,VCVS,LPF
ACTIVE_OTHER_CASCADED_VCVS,510995.071385661,510995.071385661,429377.400817754,4.31794278592659e-10,4.31794278592659e-10,3.96777949518615e-11,9903.10007931256,1679.06885867058,1.41483893572446,0.552444253112895,5031.5895126444,2396,ACTIVE_OTHER,LPF
MFB_HPF,17782.7717934823,5651.61439538863,NaN,1.18426240784912e-11,5.80021291175327e-10,2.48141745788218e-10,NaN,NaN,-20.9532738811577,0.0382341331471773,41846.8004614935,1832,MFB,HPF
VCVS_HPF,52679.1678394727,52679.1678394727,NaN,2.22134118459554e-11,2.22134118459554e-11,NaN,9954.7619468662,4086.30189876053,1.41048715384369,0.629123572305913,136008.470604868,1188,VCVS,HPF
VCVS_HPF,310723.11256252,310723.11256252,NaN,4.57552983293661e-11,4.57552983293661e-11,NaN,10240.2754182652,13186.3832969211,2.28769810950602,1.4038991238764,11194.5123978305,899,VCVS,HPF
VCVS_BPF,8143.26722844923,8143.26722844923,NaN,1.44859904760805e-11,1.44859904760805e-11,NaN,10163.3209346392,5651.90940676954,1.55610852428229,0.692572826155745,1349190.42226785,1349,VCVS,BPF
PASSIVE_RC,96357.9461410338,NaN,NaN,1.25377051205003e-10,NaN,NaN,NaN,NaN,1,NaN,13173.9055631175,226,PASSIVE,HPF
VCVS_BPF,242110.780846657,242110.780846657,NaN,1.02036991426448e-10,1.02036991426448e-10,NaN,10128.2008344127,13361.3337857232,2.31922085710675,1.46890516614549,6442.40997264221,1351,VCVS,BPF
PASSIVE_RC,94415.4351123415,NaN,NaN,2.14684467055204e-10,NaN,NaN,NaN,NaN,1,NaN,7851.93163093982,211,PASSIVE,LPF
VCVS_BPF,45357.1519739974,45357.1519739974,NaN,1.37020304221077e-10,1.37020304221077e-10,NaN,9879.92342312616,12935.5348619136,2.30927480992769,1.44775377295175,25608.8117293198,895,VCVS,BPF
MFB_BPF,20079.5555918802,3100781.11189712,NaN,1.47535696351647e-10,2.04016635304223e-10,NaN,NaN,NaN,-244107.050133745,6.13267386759599,3676.4289945945,1778,MFB,BPF
ACTIVE_OTHER_CASCADED_VCVS,8309.38510494807,8309.38510494807,607427.862244972,5.53167850099048e-11,5.53167850099048e-11,3.51556798681411e-10,10269.7424957963,6353.32205537365,1.99767376835122,0.645115436960456,173499.45530443,2487,ACTIVE_OTHER,LPF
MFB_BPF,15461.3911452859,19474388.9521051,NaN,5.75200512753792e-10,5.10278743502993e-10,NaN,NaN,NaN,-126748.82890618,17.7133000308896,535.365717265485,1986,MFB,BPF
PASSIVE_RLC_BSF,118.221130237568,NaN,NaN,2.31239146948598e-10,NaN,NaN,NaN,NaN,1,10,506110.784564903,189,PASSIVE,BSF
ACTIVE_OTHER_CASCADED_VCVS,1032.23782551678,1032.23782551678,3848.19886040226,1.50511183315691e-10,1.50511183315691e-10,1.13529301798352e-12,10170.3250907018,5781.57768231318,2.40737316074861,1.11680127812481,18727013.0947819,2479,ACTIVE_OTHER,BSF
VCVS_LPF,5878.53177971656,5878.53177971656,NaN,1.6284918296156e-10,1.6284918296156e-10,NaN,9822.57306590036,9535.94492033585,1.97081944378102,0.971646805759545,166251.540151823,999,VCVS,LPF
PASSIVE_RC,816503.085636564,NaN,NaN,1.4046586335911e-12,NaN,NaN,NaN,NaN,1,NaN,138768.696375439,22,PASSIVE,HPF
VCVS_LPF,404419.201142814,404419.201142814,NaN,2.48138835070603e-10,2.48138835070603e-10,NaN,10068.4803678133,9962.999135503,1.9895236194086,0.989632236049623,1585.96509790758,1152,VCVS,LPF
VCVS_HPF,2470.26361106167,2470.26361106167,NaN,1.43092051885639e-11,1.43092051885639e-11,NaN,9870.98042853468,12233.6412411733,2.23935421914207,1.31467238123914,4502578.77096358,1161,VCVS,HPF
PASSIVE_RC,342182.799197808,NaN,NaN,3.84946295400084e-10,NaN,NaN,NaN,NaN,1,NaN,1208.2639346765,258,PASSIVE,LPF
VCVS_LPF,3508.4649145853,3508.4649145853,NaN,1.1057915950051e-10,1.1057915950051e-10,NaN,9684.12255542328,2788.81887443485,1.28797847801638,0.584104806603924,410232.165174744,871,VCVS,LPF
PASSIVE_RLC_BSF,8190.79686790712,NaN,NaN,1.19342438433285e-12,NaN,NaN,NaN,NaN,1,10,3133.84528275745,456,PASSIVE,BSF
MFB_HPF,32090.3395635196,14487333.1638899,NaN,1.67443730390923e-11,9.66644904587103e-11,3.61084555909262e-10,NaN,NaN,-21.5645312646973,0.000859331349890951,1249.39801546097,1554,MFB,HPF
ACTIVE_OTHER_CASCADED_VCVS,265434.801549664,265434.801549664,6390.09364311957,3.39266779235185e-12,3.39266779235185e-12,1.04465253538617e-10,9923.5614588896,5696.21235077846,1.99068413880871,0.926874282523191,207576.718590436,2350,ACTIVE_OTHER,BSF
VCVS_BSF,34004.928435066,34004.928435066,NaN,3.37651019407782e-11,3.37651019407782e-11,NaN,10047.3348341272,2473.94042515989,1.24622852388245,0.663331017214065,138614.991033692,887,VCVS,BSF
ACTIVE_OTHER_CASCADED_VCVS,21279.822820224,21279.822820224,199444.124433041,2.46067868066961e-11,2.46067868066961e-11,1.1514462878248e-11,10048.364059212,12058.1657983312,4.52525973814852,1.15519012804338,186625.02736788,2746,ACTIVE_OTHER,BPF
MFB_BPF,94054.04172917,193857.215845162,NaN,2.24198458845237e-10,3.03465236938474e-10,NaN,NaN,NaN,-35035.9250652746,0.70968532466725,4518.76367584047,1485,MFB,BPF
VCVS_LPF,37309.9947085337,37309.9947085337,NaN,9.93640788836003e-11,9.93640788836003e-11,NaN,10046.7188265004,4549.95591209568,1.45287978997622,0.646362185382241,42930.4591388544,1128,VCVS,LPF
ACTIVE_OTHER_CASCADED_VCVS,141194.059331176,141194.059331176,1986.73614289543,2.49476772546723e-12,2.49476772546723e-12,1.23989295563969e-11,10076.1020358154,11840.9489057971,5.10116295182577,1.36976247121051,3456384.52027614,2167,ACTIVE_OTHER,HPF
VCVS_HPF,2723.48475081851,2723.48475081851,NaN,3.25463253998546e-10,3.25463253998546e-10,NaN,10085.1460401547,13799.5868831426,2.36830808678413,1.58305018487432,179553.22974472,825,VCVS,HPF
PASSIVE_RC,259617.57093564,NaN,NaN,2.32176634555447e-11,NaN,NaN,NaN,NaN,1,NaN,26403.8670748535,633,PASSIVE,HPF
MFB_HPF,1197.42714159698,30601.0235511051,NaN,2.76434140666324e-11,1.26892707602792e-11,1.33959447872352e-10,NaN,NaN,-4.84598058508448,0.00965610823342927,637709.078239555,1931,MFB,HPF
PASSIVE_RLC_BSF,401.82158780522,NaN,NaN,4.83654024007101e-10,NaN,NaN,NaN,NaN,1,10,47579.1786644282,473,PASSIVE,BSF
MFB_HPF,7034.72589775212,175229.651673346,NaN,5.10335052391556e-10,2.60059282072392e-10,4.20771415725732e-10,NaN,NaN,-0.82450032337362,0.0674863682846946,13703.561350974,2076,MFB,HPF
ACTIVE_OTHER_CASCADED_VCVS,135930.259371963,135930.259371963,98920.207950088,8.89834524843589e-10,8.89834524843589e-10,9.43063365856816e-11,9868.28960000495,2323.49556281104,1.70038731490238,0.727842766371449,9188.20608644006,2610,ACTIVE_OTHER,BSF
ACTIVE_OTHER_CASCADED_VCVS,16222.0612488424,16222.0612488424,534293.892605918,8.00576898741043e-12,8.00576898741043e-12,4.17698127187838e-10,10262.7633766228,3584.19576382136,1.89760839797022,0.805344419049547,613103.362592219,2170,ACTIVE_OTHER,BSF
ACTIVE_OTHER_CASCADED_VCVS,123511.420243278,123511.420243278,122064.704353226,1.33608706793591e-12,1.33608706793591e-12,1.51614207868262e-11,9798.38975060201,4217.76170204695,2.51684842059884,1.47833760096845,525222.552576305,2331,ACTIVE_OTHER,BSF
PASSIVE_RLC_BPF,538.053698384148,NaN,NaN,8.16317559614164e-11,NaN,NaN,NaN,NaN,1,10,1802.11560790758,413,PASSIVE,BPF
ACTIVE_OTHER_CASCADED_VCVS,2452.23439705341,2452.23439705341,112993.106990838,8.20172954550248e-11,8.20172954550248e-11,2.50533151431707e-10,9911.97691984254,5635.54216928342,3.81995474329857,1.23476758554475,398471.593500085,2601,ACTIVE_OTHER,BPF
VCVS_BPF,289260.028650686,289260.028650686,NaN,6.67569595056177e-10,6.67569595056177e-10,NaN,10142.3217271469,6327.98390895363,1.62391867258718,0.726701234933628,824.204836290092,706,VCVS,BPF
ACTIVE_OTHER_CASCADED_VCVS,162891.905794813,162891.905794813,340970.429840218,6.00638105177319e-11,6.00638105177319e-11,1.26879599481984e-10,10241.210415423,5860.17647714109,2.64186506055212,1.36650088740394,9972.92826766682,2511,ACTIVE_OTHER,BSF
MFB_HPF,45868.1163477859,877423662.176859,NaN,7.81618383563495e-11,4.72448772517455e-11,2.87917889339806e-10,NaN,NaN,-3.68361204642031,0.000553856587099297,215.103917734974,1883,MFB,HPF
PASSIVE_RC,1843.13327646915,NaN,NaN,2.21877369657865e-11,NaN,NaN,NaN,NaN,1,NaN,3891798.8272927,544,PASSIVE,HPF
VCVS_LPF,136389.691896758,136389.691896758,NaN,1.4157501941644e-10,1.4157501941644e-10,NaN,9974.95279027805,6311.84858756845,1.63276977047152,0.731405712368479,8242.36710309098,1269,VCVS,LPF
PASSIVE_RC,2421.89358459166,NaN,NaN,4.67506156346254e-12,NaN,NaN,NaN,NaN,1,NaN,14056517.5965833,576,PASSIVE,LPF
PASSIVE_RLC_BPF,2234.71238837625,NaN,NaN,1.45593138106958e-11,NaN,NaN,NaN,NaN,1,10,341.741727299975,8,PASSIVE,BPF
VCVS_BSF,1210.11725982165,1210.11725982165,NaN,1.61403897941788e-10,1.61403897941788e-10,NaN,10195.7014345928,6528.41837409523,1.640310861982,1.39008923859964,814851.853065025,1276,VCVS,BSF
MFB_BPF,1252.71834277419,4341469.0525355,NaN,1.05251681815434e-11,1.19685094214596e-10,NaN,NaN,NaN,-6669703.03210741,16.0465242766524,60805.16950646,1756,MFB,BPF
VCVS_LPF,1831.70134743502,1831.70134743502,NaN,4.51923658215607e-11,4.51923658215607e-11,NaN,10288.7022473202,1378.78930421404,1.13401003071822,0.535908561386802,1922650.695976,1040,VCVS,LPF
ACTIVE_OTHER_CASCADED_VCVS,16109.893933251,16109.893933251,367289.815412152,2.86074010005071e-11,2.86074010005071e-11,1.93012846636256e-12,10208.14875709,10529.6091296364,2.90328185496243,0.834553959310584,284923.104318816,2240,ACTIVE_OTHER,HPF
MFB_BPF,5339.7506941974,6103.25238006169,NaN,6.86236750448478e-10,2.5952278514348e-10,NaN,NaN,NaN,-721611.633036938,0.477050305426541,66062.3842607628,2022,MFB,BPF
MFB_LPF,1738.31983082203,89048.2809648718,1636.08481019851,3.23263776842034e-10,3.07817171707423e-10,NaN,NaN,NaN,-0.941187450772406,0.0708865056593691,41800.3109294973,1488,MFB,LPF
VCVS_HPF,119575.251112751,119575.251112751,NaN,2.71272913753208e-11,2.71272913753208e-11,NaN,9932.56776643179,7301.52042838342,1.73510904733615,0.790581984869137,49065.0671861912,1149,VCVS,HPF
PASSIVE_RLC_BSF,145.878747963929,NaN,NaN,4.76457012298887e-11,NaN,NaN,NaN,NaN,1,10,160544.930625185,394,PASSIVE,BSF
VCVS_HPF,28479.7630860705,28479.7630860705,NaN,8.83642693572224e-11,8.83642693572224e-11,NaN,10210.663571435,10810.1437453882,2.0587111865707,1.06237319060109,63242.2144612024,1046,VCVS,HPF
MFB_LPF,2054485.13495115,65374.4069716219,5255262.44620905,1.18055170994999e-11,9.54913775877969e-11,NaN,NaN,NaN,-2.55794620112158,0.0375541905548522,8087.13064687818,1543,MFB,LPF
VCVS_BSF,1116.22238854051,1116.22238854051,NaN,6.16693889844053e-12,6.16693889844053e-12,NaN,10058.5603743935,1311.95031420772,1.13043122130555,0.574997645097938,23120634.9681015,1121,VCVS,BSF
PASSIVE_RLC_BSF,47.7900335406681,NaN,NaN,9.49774584108524e-10,NaN,NaN,NaN,NaN,1,10,93048.7628188972,515,PASSIVE,BSF
VCVS_LPF,103199.333881662,103199.333881662,NaN,1.55768365205109e-11,1.55768365205109e-11,NaN,9882.81484540227,2242.81728700847,1.22694114198162,0.563997069515011,99006.5610134411,717,VCVS,LPF
MFB_BPF,1964.26891997438,152243.379701731,NaN,1.2692993718956e-11,6.59190098874262e-11,NaN,NaN,NaN,-7723041.69372214,3.23941986203994,318172.822490237,2094,MFB,BPF
PASSIVE_RC,50404.5845156754,NaN,NaN,9.83078377170482e-11,NaN,NaN,NaN,NaN,1,NaN,32118.9950555531,547,PASSIVE,LPF
PASSIVE_RLC_BSF,868.207186453847,NaN,NaN,2.51813043746843e-12,NaN,NaN,NaN,NaN,1,10,199.109831631778,21,PASSIVE,BSF
MFB_LPF,74290.4207034888,6828.26704030055,166658.748116774,7.9869071060897e-11,5.47485038411563e-10,NaN,NaN,NaN,-2.24334101945592,0.0682430873798577,22561.8849929779,1487,MFB,LPF
PASSIVE_RC,27886.1786056679,NaN,NaN,2.28857479424456e-10,NaN,NaN,NaN,NaN,1,NaN,24938.2524277502,285,PASSIVE,HPF
MFB_BPF,93672.541156637,316.05318192174,NaN,6.54732424858622e-10,1.11210340222595e-10,NaN,NaN,NaN,-95993.655158416,0.0204636040297998,108400.026349215,1458,MFB,BPF
MFB_BPF,5375.76652414967,35985.3847796772,NaN,2.80919201242329e-10,3.52307421405077e-10,NaN,NaN,NaN,-528004.72591632,1.28539118986457,36373.5130717168,1838,MFB,BPF
VCVS_LPF,1564.93993368456,1564.93993368456,NaN,1.65576560595267e-10,1.65576560595267e-10,NaN,10029.2807690287,922.876092037649,1.092018172917,0.524114006645882,614219.502198165,956,VCVS,LPF
PASSIVE_RC,267541.204990965,NaN,NaN,2.22720206970412e-11,NaN,NaN,NaN,NaN,1,NaN,26709.750507684,39,PASSIVE,LPF
VCVS_BSF,50504.9588420568,50504.9588420568,NaN,4.13677177955784e-12,4.13677177955784e-12,NaN,10255.3122236154,4475.79951530979,1.43643717692019,0.887212533409412,761771.197561386,1002,VCVS,BSF
MFB_BPF,22075.6506385928,3952215.93552523,NaN,5.94610143322518e-11,1.77585026203483e-10,NaN,NaN,NaN,-255082.194047735,5.80029656472577,5243.52948416974,2042,MFB,BPF
PASSIVE_RLC_BPF,113.221781468832,NaN,NaN,6.28672972453685e-12,NaN,NaN,NaN,NaN,1,10,472.983426926924,335,PASSIVE,BPF
ACTIVE_OTHER_CASCADED_VCVS,58327.5852073671,58327.5852073671,247807.415932831,2.28927674381379e-12,2.28927674381379e-12,4.58024590678488e-10,9892.57297489808,6962.96753312173,3.19519932845963,0.830312610759134,596662.114954698,2151,ACTIVE_OTHER,LPF
PASSIVE_RC,12426.2287250994,NaN,NaN,2.90700860852511e-11,NaN,NaN,NaN,NaN,1,NaN,440589.832330311,538,PASSIVE,HPF
VCVS_LPF,458360.837565419,458360.837565419,NaN,6.56246187425577e-10,6.56246187425577e-10,NaN,10076.1152437607,7367.9746188924,1.73123167417669,0.788165955633466,529.109834742687,1309,VCVS,LPF
VCVS_HPF,4195.14168570871,4195.14168570871,NaN,7.92246530212779e-11,7.92246530212779e-11,NaN,9664.89339238138,8305.96880775481,1.85939580195496,0.876728317951109,478865.062670673,970,VCVS,HPF
MFB_BPF,1599.58092894135,308458677640.204,NaN,1.22829131370033e-11,1.25697590358536e-11,NaN,NaN,NaN,-49735539.1409199,6942.8289018358,576.639462556415,1892,MFB,BPF
PASSIVE_RC,13193.8614174656,NaN,NaN,5.20841764066674e-10,NaN,NaN,NaN,NaN,1,NaN,23160.2057019265,539,PASSIVE,LPF
ACTIVE_OTHER_CASCADED_VCVS,66522.8791803864,66522.8791803864,5920.97316816065,6.88367981838431e-11,6.88367981838431e-11,5.36368633798048e-12,10031.6186030799,11796.553267854,3.19852102259219,0.933536776636961,2523104.4691556,2201,ACTIVE_OTHER,HPF
ACTIVE_OTHER_CASCADED_VCVS,5907.08174434857,5907.08174434857,14595.5161468811,5.02685409280555e-12,5.02685409280555e-12,2.50160456162987e-11,10322.4324600236,11319.2440208366,3.89806752646803,0.991757383073104,2897861.67379112,2731,ACTIVE_OTHER,BPF
PASSIVE_RLC_BSF,366.526383482767,NaN,NaN,6.96949641266109e-10,NaN,NaN,NaN,NaN,1,10,312.758221138926,488,PASSIVE,BSF
PASSIVE_RC,124187.058961203,NaN,NaN,1.94209296193008e-12,NaN,NaN,NaN,NaN,1,NaN,659893.385433,636,PASSIVE,HPF
MFB_BPF,2946.706093617,95749.4491388004,NaN,2.01919385060858e-10,2.5148105334495e-11,NaN,NaN,NaN,-13494534.5025655,1.78890144237443,132966.407823081,2096,MFB,BPF
PASSIVE_RC,1705.81333412738,NaN,NaN,3.20988087362768e-11,NaN,NaN,NaN,NaN,1,NaN,2906696.66096173,245,PASSIVE,HPF
VCVS_LPF,18302.0248675549,18302.0248675549,NaN,1.52607620381363e-12,1.52607620381363e-12,NaN,10252.9161333833,1545.29332047684,1.15071744471267,0.540750247787108,5698292.91713194,952,VCVS,LPF
PASSIVE_RLC_BSF,211.091929440925,NaN,NaN,4.34981007003469e-10,NaN,NaN,NaN,NaN,1,10,229.20399840804,613,PASSIVE,BSF
PASSIVE_RLC_BSF,14.9295164995592,NaN,NaN,5.95778841162517e-11,NaN,NaN,NaN,NaN,1,10,1350.87005680434,31,PASSIVE,BSF
ACTIVE_OTHER_CASCADED_VCVS,622441.35350188,622441.35350188,4616.73008177179,2.78271306246569e-10,2.78271306246569e-10,5.52538289000057e-12,9933.04181951745,8461.53914152674,2.08678846886402,0.702417896359077,3120018.93321661,2375,ACTIVE_OTHER,HPF
MFB_LPF,224207.588300061,16532.0858900124,362040.333131223,4.74813394637511e-11,2.44328005080438e-11,NaN,NaN,NaN,-1.61475503963183,0.26611857059315,60398.996310409,1928,MFB,LPF
MFB_HPF,1453.17111688111,31989.5329297369,NaN,3.83127358346298e-11,2.64609723144771e-10,2.65333653435689e-11,NaN,NaN,-0.692546871570215,0.0782721269303282,278585.645957748,1944,MFB,HPF
PASSIVE_RLC_BPF,236.759709972473,NaN,NaN,1.02614135673463e-11,NaN,NaN,NaN,NaN,1,10,696884.459917607,170,PASSIVE,BPF
ACTIVE_OTHER_CASCADED_VCVS,1884.45071173062,1884.45071173062,100629.295916713,6.76466610071162e-11,6.76466610071162e-11,8.60648662398786e-10,9982.79313363346,2844.34497089225,2.15479985652172,0.669457131744005,625169.468114758,2142,ACTIVE_OTHER,LPF
VCVS_BSF,290684.578087087,290684.578087087,NaN,1.26618791717525e-11,1.26618791717525e-11,NaN,10128.7671292826,827.819401794081,1.08172953245226,0.54450188443418,43241.4227964244,1294,VCVS,BSF
ACTIVE_OTHER_CASCADED_VCVS,18259.2514549361,18259.2514549361,803508.430582579,3.28156101064607e-10,3.28156101064607e-10,1.8479411546654e-10,10144.3891091027,4966.80793391741,1.67232655390103,0.59737485352339,13816.8091353401,2675,ACTIVE_OTHER,HPF
PASSIVE_RLC_BPF,7290.56184892801,NaN,NaN,2.83446475295811e-10,NaN,NaN,NaN,NaN,1,10,243.87715951879,232,PASSIVE,BPF
ACTIVE_OTHER_CASCADED_VCVS,16688.6836457566,16688.6836457566,1240.7614127057,1.44583499673535e-12,1.44583499673535e-12,6.29796820457677e-10,9987.89022838362,10620.3421745253,4.91376293675727,1.34218459581639,3399825.91280824,2347,ACTIVE_OTHER,LPF
ACTIVE_OTHER_CASCADED_VCVS,327282.684482415,327282.684482415,9816.96075935951,9.96654050349402e-12,9.96654050349402e-12,1.08696960338489e-11,10042.9039228935,3566.15591889863,2.82243818254246,0.849128720339717,770150.381995432,2425,ACTIVE_OTHER,BPF
VCVS_HPF,970.710656093604,970.710656093604,NaN,8.05068784546422e-12,8.05068784546422e-12,NaN,9913.70196158634,9763.18152392828,1.98481692931245,0.985044007208211,20365606.4305366,1107,VCVS,HPF
MFB_LPF,760535493.293573,1680.21211041591,781087006.748449,5.74995747397539e-10,6.29210437797578e-10,NaN,NaN,NaN,-1.02702242516766,0.00140205423016811,230.971340048416,1848,MFB,LPF
VCVS_HPF,74433.7252044563,74433.7252044563,NaN,2.74013118325136e-10,2.74013118325136e-10,NaN,9736.22622234015,6349.56583617823,1.65215882326244,0.741927177518415,7803.31290024437,1026,VCVS,HPF
PASSIVE_RC,3277.10295637487,NaN,NaN,1.75432619221365e-11,NaN,NaN,NaN,NaN,1,NaN,2768341.72402319,634,PASSIVE,HPF
VCVS_HPF,2215.13850597496,2215.13850597496,NaN,1.2510880552107e-12,1.2510880552107e-12,NaN,9851.21722870126,10574.2050620553,2.07339071066748,1.079203512756,57429014.9905844,763,VCVS,HPF
ACTIVE_OTHER_CASCADED_VCVS,297205.280628866,297205.280628866,63196.0758005085,2.06863354275542e-10,2.06863354275542e-10,9.75612471260555e-11,10040.4537651427,6082.56093156567,2.31709772858343,1.08299767399315,14201.2668820845,2123,ACTIVE_OTHER,BSF
ACTIVE_OTHER_CASCADED_VCVS,872044.138007085,872044.138007085,251451.300305575,3.25391830846506e-12,3.25391830846506e-12,1.52713221814903e-10,10103.8882012853,2103.25561925852,2.48131901659331,0.807469906982352,30116.6603889547,2478,ACTIVE_OTHER,BPF
VCVS_HPF,24342.7401931553,24342.7401931553,NaN,4.28723991254978e-11,4.28723991254978e-11,NaN,10030.9013347854,12336.5469582927,2.22985428193892,1.2984555734694,152501.066375344,838,VCVS,HPF
VCVS_HPF,457407.092534382,457407.092534382,NaN,7.2828185883965e-11,7.2828185883965e-11,NaN,10115.3869774442,3232.7397697675,1.31958636649058,0.59509157748951,4777.68755757977,1230,VCVS,HPF
VCVS_HPF,288279.256675595,288279.256675595,NaN,1.23532420410315e-10,1.23532420410315e-10,NaN,9932.4187782139,824.822953674334,1.08304351357834,0.52166025002825,4469.15880860304,1304,VCVS,HPF
PASSIVE_RC,96045.3886308543,NaN,NaN,3.52712538776166e-11,NaN,NaN,NaN,NaN,1,NaN,46981.0495407209,61,PASSIVE,HPF
PASSIVE_RLC_BSF,15.3899397740811,NaN,NaN,1.01736200605581e-12,NaN,NaN,NaN,NaN,1,10,20183.8781563228,683,PASSIVE,BSF
VCVS_BPF,30048.6433720811,30048.6433720811,NaN,2.19873532452343e-12,2.19873532452343e-12,NaN,10148.9180531527,1308.60612912178,1.12894045673324,0.534456534854076,2408919.61802634,1216,VCVS,BPF
VCVS_BSF,74477.8243834944,74477.8243834944,NaN,3.60539079297003e-12,3.60539079297003e-12,NaN,9775.82874677646,6059.00679154908,1.61979469449554,1.31507896591974,592708.021100219,1158,VCVS,BSF
PASSIVE_RC,41566.8142067638,NaN,NaN,1.2421861205302e-11,NaN,NaN,NaN,NaN,1,NaN,308238.383891709,699,PASSIVE,HPF
VCVS_BPF,37263.1522725581,37263.1522725581,NaN,1.42666652266199e-10,1.42666652266199e-10,NaN,10054.4918674628,3438.93729869649,1.34202994482746,0.603147202134441,29937.6750378407,1109,VCVS,BPF
PASSIVE_RC,4830.87140578391,NaN,NaN,2.96185342359399e-11,NaN,NaN,NaN,NaN,1,NaN,1112323.44785797,309,PASSIVE,LPF
ACTIVE_OTHER_CASCADED_VCVS,26008.2722563021,26008.2722563021,16951.2801231515,2.46618421624121e-11,2.46618421624121e-11,3.70445112881336e-12,10061.8637124919,12370.1213691917,4.87575810199072,1.26387232415719,1391320.3735122,2161,ACTIVE_OTHER,BPF
ACTIVE_OTHER_CASCADED_VCVS,357017.126513565,357017.126513565,56000.2004698531,3.32642235585501e-11,3.32642235585501e-11,1.33969431772414e-11,10037.3251942456,9467.82852623622,3.54261841579637,0.897972645316609,112771.308759587,2232,ACTIVE_OTHER,LPF
PASSIVE_RLC_BSF,298.99592077489,NaN,NaN,5.80827321669665e-11,NaN,NaN,NaN,NaN,1,10,132680.961422911,58,PASSIVE,BSF
VCVS_LPF,12191.6478665203,12191.6478665203,NaN,1.6768867775608e-10,1.6768867775608e-10,NaN,10322.7571208745,5708.08261973909,1.55296105031826,0.691066401647268,77849.1689874743,954,VCVS,LPF
ACTIVE_OTHER_CASCADED_VCVS,29756.3973361035,29756.3973361035,1076.55873701639,1.13759883811741e-12,1.13759883811741e-12,1.20306909145227e-10,9897.06102364024,3733.48732369802,1.66996771691102,0.587844190713755,2965241.91304713,2120,ACTIVE_OTHER,LPF
ACTIVE_OTHER_CASCADED_VCVS,5232.20764674704,5232.20764674704,308716.543722337,1.82958982871851e-11,1.82958982871851e-11,1.46905690986123e-11,9983.34723834033,2351.92580533189,1.45809634712534,0.558118272892616,848834.384613853,2449,ACTIVE_OTHER,BPF
MFB_BPF,43418.3890442635,453395.346835072,NaN,2.13558891841028e-10,2.69203577208589e-11,NaN,NaN,NaN,-855550.141970826,1.0188806420636,14960.4792747617,1908,MFB,BPF
MFB_LPF,521.388772261636,18985.0867366698,1945.56187537329,4.33489241388447e-10,3.21855941263748e-11,NaN,NaN,NaN,-3.73149937029521,0.243035645788805,221702.907309636,1894,MFB,LPF
PASSIVE_RC,3780.23727154951,NaN,NaN,1.01756743021742e-10,NaN,NaN,NaN,NaN,1,NaN,413749.873533223,432,PASSIVE,LPF
PASSIVE_RC,80869.5580101104,NaN,NaN,1.06404011748623e-10,NaN,NaN,NaN,NaN,1,NaN,18495.96775795,228,PASSIVE,HPF
MFB_BPF,41029.2140343804,254.190175351659,NaN,3.3984933955685e-10,8.62027469345809e-10,NaN,NaN,NaN,-28273.8986655728,0.035446764025977,91052.1876403679,1758,MFB,BPF
VCVS_BPF,342659.888993871,342659.888993871,NaN,7.74662976813297e-10,7.74662976813297e-10,NaN,9995.31140276311,10529.4229438101,2.05343620819051,1.05645283355743,599.575752795456,760,VCVS,BPF
PASSIVE_RC,2028.38783550444,NaN,NaN,7.8717691658129e-12,NaN,NaN,NaN,NaN,1,NaN,9967741.90016933,573,PASSIVE,HPF
ACTIVE_OTHER_CASCADED_VCVS,1220.03578904721,1220.03578904721,267391.375680245,4.10906392617872e-11,4.10906392617872e-11,1.56116700427508e-10,10120.0117740367,1231.43527223645,1.95750895127308,0.664650775486266,1589263.51419512,2728,ACTIVE_OTHER,BPF
MFB_LPF,231107631.092435,5596.54258905257,703710124.575214,5.52237742475033e-10,1.93862361179232e-10,NaN,NaN,NaN,-3.04494542758631,0.00475954382052403,245.105769355547,1767,MFB,LPF
VCVS_LPF,5625.24949298283,5625.24949298283,NaN,7.40843237274834e-10,7.40843237274834e-10,NaN,9927.00342866251,11656.557609018,2.17422721698289,1.21098687261926,38190.2078161115,848,VCVS,LPF
PASSIVE_RLC_BPF,974.99671932573,NaN,NaN,8.05702525726586e-10,NaN,NaN,NaN,NaN,1,10,838.299619540948,75,PASSIVE,BPF
PASSIVE_RC,9995.70496816341,NaN,NaN,6.22381170852484e-12,NaN,NaN,NaN,NaN,1,NaN,2558292.85132391,249,PASSIVE,LPF
ACTIVE_OTHER_CASCADED_VCVS,1554.51946601036,1554.51946601036,3152.90782760592,3.73860227146269e-12,3.73860227146269e-12,1.47857952095021e-11,9852.99484482896,3481.4760950895,2.42163622955499,0.716655125561729,15399564.2417912,2652,ACTIVE_OTHER,BPF
ACTIVE_OTHER_CASCADED_VCVS,2150.82032041841,2150.82032041841,5337.49960360764,8.7591104250826e-11,8.7591104250826e-11,2.48158414091379e-12,10059.6030616398,9884.59079376369,3.22898016728109,0.856056170921607,6430310.05799681,2491,ACTIVE_OTHER,BPF
MFB_BPF,84074.8448792287,94.9968479080003,NaN,2.89022436878633e-10,1.01329830299322e-10,NaN,NaN,NaN,-117380.676992507,0.0147366677132323,329077.401870508,2092,MFB,BPF
MFB_LPF,12321897.4469944,1423.99695382436,17401756.2596029,1.03300513855298e-11,7.40317462697824e-10,NaN,NaN,NaN,-1.41226270827693,0.00106835235966685,11561.3572980531,1744,MFB,LPF
ACTIVE_OTHER_CASCADED_VCVS,2196.01850873926,2196.01850873926,837398.140791654,6.38882129037278e-10,6.38882129037278e-10,1.9156490155646e-12,9988.44175050071,9575.61360878655,2.0951109674179,0.739176687031916,106326.544471319,2276,ACTIVE_OTHER,HPF
VCVS_LPF,10642.8653972479,10642.8653972479,NaN,2.00318094309018e-10,2.00318094309018e-10,NaN,9935.5903265805,6907.77277218611,1.69525539450896,0.766433519473069,74651.9887791377,1009,VCVS,LPF
ACTIVE_OTHER_CASCADED_VCVS,48192.8553341086,48192.8553341086,52756.1722985713,4.84032940479855e-10,4.84032940479855e-10,1.10332008279478e-10,10236.9052924143,6239.33333490099,1.78531490470918,0.920854334572427,17082.8731328244,2163,ACTIVE_OTHER,BSF
PASSIVE_RC,78988.7695715506,NaN,NaN,8.33035803356396e-10,NaN,NaN,NaN,NaN,1,NaN,2418.75074075697,391,PASSIVE,HPF
VCVS_LPF,17918.4783616311,17918.4783616311,NaN,5.71373382561245e-12,5.71373382561245e-12,NaN,9945.27970087531,9778.61819629646,1.98324215008612,0.983518347150895,1554529.61520685,1241,VCVS,LPF
ACTIVE_OTHER_CASCADED_VCVS,2841.75549781918,2841.75549781918,419613.23513628,3.83620154233036e-12,3.83620154233036e-12,3.22104876515861e-11,9906.40804409848,1113.22052817496,2.19027862440908,0.749855196526329,7305537.23922551,2591,ACTIVE_OTHER,LPF
PASSIVE_RC,587388.422282619,NaN,NaN,1.18111746233266e-12,NaN,NaN,NaN,NaN,1,NaN,229404.355444969,237,PASSIVE,LPF
PASSIVE_RLC_BPF,12.7483006259038,NaN,NaN,1.11819725547568e-10,NaN,NaN,NaN,NaN,1,10,237862.593506843,304,PASSIVE,BPF
VCVS_BPF,145269.186154044,145269.186154044,NaN,7.48895384619386e-10,7.48895384619386e-10,NaN,9855.69913622777,1845.38655437264,1.1872405527873,0.5516451736261,1462.93649487463,1083,VCVS,BPF
MFB_HPF,2452.4300466476,32295.7994902291,NaN,2.14338897354612e-10,4.75946665251837e-10,1.85307026634518e-11,NaN,NaN,-0.0864551553271908,0.422304599842874,190424.888290805,1630,MFB,HPF
MFB_LPF,106648882.480342,1237.33593534553,146788338.038353,1.4504126629374e-11,1.84179481758078e-10,NaN,NaN,NaN,-1.37637014682652,0.000814731494825219,7225.43714202582,1419,MFB,LPF
ACTIVE_OTHER_CASCADED_VCVS,6127.44187058744,6127.44187058744,16539.5570920113,7.60650140230103e-12,7.60650140230103e-12,4.33134716549897e-11,10205.6487756598,6506.86904718306,2.33654468039575,1.12597061264112,1818445.36606212,2212,ACTIVE_OTHER,BSF
ACTIVE_OTHER_CASCADED_VCVS,317891.779732108,317891.779732108,9935.61537880154,1.80087363807446e-10,1.80087363807446e-10,1.577830777639e-10,9884.40556046069,3692.73795539025,1.84582517374705,0.780079057164013,52151.5987778167,2481,ACTIVE_OTHER,BSF
MFB_HPF,4667.0837192042,176.025059365658,NaN,9.2600063282985e-10,2.69805521535999e-10,1.18848251584049e-10,NaN,NaN,-0.128345756331558,5.46467384205797,980591.831243828,1959,MFB,HPF
MFB_HPF,97101.0924231581,5429339.95628233,NaN,5.87498113481552e-11,2.15794903035733e-10,9.22731626674113e-11,NaN,NaN,-1.57061206751107,0.0327549855043464,1553.37482114158,2003,MFB,HPF
ACTIVE_OTHER_CASCADED_VCVS,4699.80913731135,4699.80913731135,479369.335989005,1.18781565611621e-11,1.18781565611621e-11,1.50764418067373e-10,10108.5057647217,11449.3186131503,2.50001793011816,0.850025639009524,1426580.23562705,2248,ACTIVE_OTHER,HPF
MFB_LPF,3390637.35071204,73007.2814505715,6963997.72594358,7.72690906822067e-10,1.54123577558982e-11,NaN,NaN,NaN,-2.05389046530769,0.702483124304997,2045.36250999479,1435,MFB,LPF
ACTIVE_OTHER_CASCADED_VCVS,944701.899234526,944701.899234526,210856.075356074,6.50065646858232e-12,6.50065646858232e-12,3.32684383146029e-12,9987.00811386291,5171.74434255211,2.26208009201889,0.668543446475397,126399.41115613,2316,ACTIVE_OTHER,HPF
VCVS_LPF,90264.9143556958,90264.9143556958,NaN,4.29076392798645e-10,4.29076392798645e-10,NaN,10378.4480272189,5443.16996334849,1.52446858615788,0.677721931650448,4109.28758750258,1373,VCVS,LPF
VCVS_BPF,17102.7021582229,17102.7021582229,NaN,8.16465409647523e-10,8.16465409647523e-10,NaN,9861.96744241547,4763.25934959767,1.48299280822114,0.65919265605286,11397.7101620632,1227,VCVS,BPF
ACTIVE_OTHER_CASCADED_VCVS,1970.53644054171,1970.53644054171,19226.3720462588,3.37893844522587e-10,3.37893844522587e-10,1.85016464813116e-10,10059.1962268037,6605.4828347853,3.76316760220703,1.05858390658743,141886.663537902,2241,ACTIVE_OTHER,LPF
MFB_BPF,14007.6014947255,273950.907827519,NaN,1.22862058431273e-11,2.39171470333089e-11,NaN,NaN,NaN,-2984879.8119278,2.09396428456655,149878.138471403,1726,MFB,BPF
MFB_HPF,55651.4177302316,140.60516431077,NaN,8.15117706343194e-10,9.60713490477384e-10,5.65382043662511e-10,NaN,NaN,-0.693620122913223,9.02906489971457,77199.3118349053,1735,MFB,HPF
PASSIVE_RLC_BPF,75.0800014596169,NaN,NaN,5.0777013236147e-12,NaN,NaN,NaN,NaN,1,10,322.397063086953,29,PASSIVE,BPF
PASSIVE_RC,9399.21622281566,NaN,NaN,1.20375544517119e-10,NaN,NaN,NaN,NaN,1,NaN,140666.352603953,490,PASSIVE,HPF
ACTIVE_OTHER_CASCADED_VCVS,4866.30714120647,4866.30714120647,6869.94183645166,1.47213608311831e-11,1.47213608311831e-11,7.41294074676641e-12,10135.7279085137,532.368772422567,2.42048684493399,0.970719821414125,2673412.78931451,2584,ACTIVE_OTHER,BPF
PASSIVE_RC,8088.09985153101,NaN,NaN,1.64631196105895e-10,NaN,NaN,NaN,NaN,1,NaN,119525.75452894,80,PASSIVE,LPF
VCVS_BPF,276399.685728724,276399.685728724,NaN,1.38230567164601e-10,1.38230567164601e-10,NaN,10219.1225805554,8762.07314282839,1.8574193208623,0.875211718751183,4165.60894061128,781,VCVS,BPF
ACTIVE_OTHER_CASCADED_VCVS,40355.3801743416,40355.3801743416,2488.05433104648,1.16864705354728e-10,1.16864705354728e-10,3.90005124714883e-12,10136.351832865,2202.79775459186,2.70522932048321,0.92338838153667,8217744.16668499,2533,ACTIVE_OTHER,BPF
ACTIVE_OTHER_CASCADED_VCVS,8183.57444990853,8183.57444990853,474068.763109435,2.12930155939162e-10,2.12930155939162e-10,6.24906952882091e-12,10234.0787333629,11883.1932431434,3.19118935931349,0.924264939898605,72529.4792930427,2559,ACTIVE_OTHER,LPF
MFB_HPF,5287.75801090961,153582223.381418,NaN,1.43355207618421e-11,7.81990937151912e-10,4.94743220438286e-11,NaN,NaN,-3.45117019923811,0.000395386318596751,897.889896480584,1716,MFB,HPF
PASSIVE_RC,78861.1209371136,NaN,NaN,3.65455206245934e-10,NaN,NaN,NaN,NaN,1,NaN,5522.33861104224,637,PASSIVE,LPF
PASSIVE_RLC_BSF,18.4402793662965,NaN,NaN,1.90642513696256e-11,NaN,NaN,NaN,NaN,1,10,2458.28447922655,499,PASSIVE,BSF
PASSIVE_RLC_BSF,3432.39843975545,NaN,NaN,2.1751652031991e-12,NaN,NaN,NaN,NaN,1,10,33805.3879757874,333,PASSIVE,BSF
PASSIVE_RLC_BPF,144.675738149922,NaN,NaN,1.89215634128709e-12,NaN,NaN,NaN,NaN,1,10,162.022143385908,269,PASSIVE,BPF
ACTIVE_OTHER_CASCADED_VCVS,23717.7719911127,23717.7719911127,72498.3954760032,1.33356176365886e-11,1.33356176365886e-11,3.72726388639798e-12,9841.48431072133,8783.91645597208,2.98437475752453,0.802832897868171,546086.350782369,2329,ACTIVE_OTHER,HPF
ACTIVE_OTHER_CASCADED_VCVS,52435.4777995265,52435.4777995265,1746.96050445013,5.96759659810031e-10,5.96759659810031e-10,2.03353787568132e-10,10040.3120429347,5357.0664884407,2.24433615500434,0.666372568778548,226546.601239099,2510,ACTIVE_OTHER,BPF
PASSIVE_RLC_BPF,7178.43593089928,NaN,NaN,5.01855909880303e-10,NaN,NaN,NaN,NaN,1,0.2,459613.032873854,338,PASSIVE,BPF
PASSIVE_RC,102661.82079702,NaN,NaN,3.15773287671821e-11,NaN,NaN,NaN,NaN,1,NaN,49094.8322299565,146,PASSIVE,HPF
MFB_LPF,471301.580488465,3826.23328382844,1638644.68014276,6.32994004778386e-10,3.4359694358875e-10,NaN,NaN,NaN,-3.47684953325308,0.064908589667074,4309.90372006192,1696,MFB,LPF
VCVS_HPF,1845.51730657171,1845.51730657171,NaN,7.17530388005537e-10,7.17530388005537e-10,NaN,9826.58196457873,11556.3382180834,2.17602827308009,1.21363387520358,120188.166764819,1396,VCVS,HPF
ACTIVE_OTHER_CASCADED_VCVS,250010.855557376,250010.855557376,5153.66322826849,1.63590862031161e-11,1.63590862031161e-11,4.69026576198957e-11,9780.43116854704,798.844244860004,1.42042411268742,0.636225355152591,348669.588081451,2245,ACTIVE_OTHER,BSF
MFB_HPF,65471.8023333083,557.36059228858,NaN,1.98571170192507e-10,7.20887859475654e-11,8.76829193951205e-10,NaN,NaN,-4.41569233389295,0.537777937592418,104793.295349434,1742,MFB,HPF
ACTIVE_OTHER_CASCADED_VCVS,726388.816796148,726388.816796148,121606.321388817,6.38477380315091e-12,6.38477380315091e-12,1.78249308321574e-10,10273.5059444365,5641.08394759623,1.97149408538269,0.898161856130423,20829.5317862813,2202,ACTIVE_OTHER,BSF
PASSIVE_RC,108022.885840513,NaN,NaN,2.49948539153397e-10,NaN,NaN,NaN,NaN,1,NaN,5894.59204281564,159,PASSIVE,HPF
PASSIVE_RC,4536.98519182705,NaN,NaN,7.75632171175667e-10,NaN,NaN,NaN,NaN,1,NaN,45226.9140473484,561,PASSIVE,LPF
VCVS_LPF,298169.419555131,298169.419555131,NaN,1.09904841470947e-10,1.09904841470947e-10,NaN,9798.22422665035,1951.69852869531,1.19918900441029,0.555305361000716,4856.68803216546,978,VCVS,LPF
ACTIVE_OTHER_CASCADED_VCVS,76665.752790111,76665.752790111,298838.305508389,2.75662961767972e-11,2.75662961767972e-11,3.67812970597826e-11,9753.1906598452,7398.58598888508,1.96172594574552,0.668089596985398,44893.734594721,2621,ACTIVE_OTHER,LPF
ACTIVE_OTHER_CASCADED_VCVS,992.718327053026,992.718327053026,1677.08306779905,3.10118601380861e-11,3.10118601380861e-11,2.94699155521698e-12,10111.4710257402,10327.1888871613,4.36135081686228,1.10448383026023,18685997.1951131,2357,ACTIVE_OTHER,LPF
MFB_HPF,2090.46614273075,36590721048.7843,NaN,2.46637079171315e-10,2.12658629792353e-11,2.71138501114191e-10,NaN,NaN,-1.0993420049621,3.06279696115901e-05,239.649196743921,1456,MFB,HPF
PASSIVE_RLC_BSF,243.030686288691,NaN,NaN,3.9252555610746e-10,NaN,NaN,NaN,NaN,1,10,12531.7197596202,435,PASSIVE,BSF
VCVS_BSF,577689.619014189,577689.619014189,NaN,3.19777428385031e-10,3.19777428385031e-10,NaN,9682.07341747852,1759.07149949238,1.18168334649444,0.611010417370913,861.544595800337,837,VCVS,BSF
ACTIVE_OTHER_CASCADED_VCVS,2459.15554141207,2459.15554141207,3754.99351583027,3.08350057336645e-11,3.08350057336645e-11,1.69972497126248e-10,10037.7191351554,5837.14602822492,3.46331895705602,0.969671908899906,1174127.59527534,2463,ACTIVE_OTHER,HPF
VCVS_HPF,87543.5443760148,87543.5443760148,NaN,9.15936524026041e-12,9.15936524026041e-12,NaN,9984.40842721888,8619.83769584525,1.86332983658264,0.879762689462648,198486.342175007,807,VCVS,HPF
MFB_LPF,1325998141.72625,13210.418446903,1443665798.77677,4.56552611702336e-11,8.94896624847074e-11,NaN,NaN,NaN,-1.088738930582,0.00216060627568122,570.15988698164,2040,MFB,LPF
MFB_BPF,46229.5268895279,2942782227.25613,NaN,1.89101731261134e-10,1.43056938742086e-11,NaN,NaN,NaN,-1512069.04869027,64.5141161363511,262.348828236185,2077,MFB,BPF
ACTIVE_OTHER_CASCADED_VCVS,8678.90891554751,8678.90891554751,1142.03380562648,4.51735567162396e-11,4.51735567162396e-11,2.77306953485826e-11,9861.3398111652,4324.70634561178,2.45543424162362,0.706877081941271,2715730.71077421,2742,ACTIVE_OTHER,HPF
PASSIVE_RLC_BSF,357.831856065098,NaN,NaN,2.24334248781797e-12,NaN,NaN,NaN,NaN,1,10,5952.57395601174,466,PASSIVE,BSF
ACTIVE_OTHER_CASCADED_VCVS,1561.19223852655,1561.19223852655,8747.41276991297,5.09964032916589e-10,5.09964032916589e-10,1.42773420797057e-12,9727.49958382553,9226.872278072,4.51414938396579,1.20725824586606,6471767.51523444,2156,ACTIVE_OTHER,HPF
PASSIVE_RLC_BSF,50.8384456174648,NaN,NaN,5.71275500324195e-11,NaN,NaN,NaN,NaN,1,10,284844.027839331,509,PASSIVE,BSF
PASSIVE_RLC_BSF,3618.4024973349,NaN,NaN,3.58807511795997e-10,NaN,NaN,NaN,NaN,1,10,2101.37885157731,220,PASSIVE,BSF
VCVS_HPF,350953.631007651,350953.631007651,NaN,8.91230824828666e-12,8.91230824828666e-12,NaN,9928.8211474962,2092.00792876909,1.210700535108,0.55887794056897,50883.8768264142,990,VCVS,HPF
ACTIVE_OTHER_CASCADED_VCVS,540150.885149383,540150.885149383,14762.4720725728,4.09305790379006e-11,4.09305790379006e-11,2.91373858479833e-12,9760.93286888929,8523.77222086219,3.47539689680407,0.880540960934213,1853636.57848514,2338,ACTIVE_OTHER,BPF
PASSIVE_RC,310220.962549766,NaN,NaN,4.39235621096427e-10,NaN,NaN,NaN,NaN,1,NaN,1168.02311466051,218,PASSIVE,LPF
MFB_BPF,76497.2105129531,1102.97175671741,NaN,9.20138596947072e-11,4.15733974173124e-11,NaN,NaN,NaN,-314440.794026591,0.0555941054344823,280143.631230472,1924,MFB,BPF
VCVS_BSF,26477.6542913546,26477.6542913546,NaN,3.86810650676473e-10,3.86810650676473e-10,NaN,9964.48138000689,6981.19669940654,1.70060813334589,1.67005204779881,15539.6846200772,1192,VCVS,BSF
ACTIVE_OTHER_CASCADED_VCVS,408769.074708792,408769.074708792,295988.673589729,8.17965361034932e-10,8.17965361034932e-10,1.34831496697113e-11,10055.1708913497,5938.68557855802,2.3665152313441,1.0987587014985,20177.9328221233,2423,ACTIVE_OTHER,BSF
ACTIVE_OTHER_CASCADED_VCVS,24944.7721407139,24944.7721407139,102060.616604775,4.44247174406542e-10,4.44247174406542e-10,1.20689932449897e-10,10091.5180724138,7506.97682209639,2.26736216237147,1.33337435409299,13641.4386793921,2577,ACTIVE_OTHER,BSF
VCVS_BPF,210235.691781289,210235.691781289,NaN,2.17677552431579e-11,2.17677552431579e-11,NaN,10127.6802130967,11974.1288370891,2.18231703461614,1.22296787671313,34777.6344114736,1399,VCVS,BPF
PASSIVE_RC,5214.82913780414,NaN,NaN,1.06729933915448e-11,NaN,NaN,NaN,NaN,1,NaN,2859524.40631171,142,PASSIVE,HPF
VCVS_BPF,417425.234945044,417425.234945044,NaN,1.25275134431155e-10,1.25275134431155e-10,NaN,9837.11668358966,13307.7303521047,2.35280802090156,1.54513657816501,3043.52276056761,864,VCVS,BPF
PASSIVE_RC,303027.930205377,NaN,NaN,1.20717621201516e-12,NaN,NaN,NaN,NaN,1,NaN,435077.679283071,652,PASSIVE,HPF
MFB_LPF,21619395.9280295,37154.0442729739,28284285.3026333,1.13720195449051e-10,1.62555804818559e-10,NaN,NaN,NaN,-1.30828286769858,0.0302226922321469,1141.89044735515,1429,MFB,LPF
ACTIVE_OTHER_CASCADED_VCVS,160312.517436495,160312.517436495,49581.8607054255,4.66724883786246e-11,4.66724883786246e-11,2.22912003874905e-12,9947.92556460601,813.69381685777,2.22951908311882,0.793109746241517,730637.852953665,2344,ACTIVE_OTHER,LPF
MFB_LPF,70911.2760646009,67640.7655599324,94183.6467475617,1.35814138549534e-10,1.42239021284914e-11,NaN,NaN,NaN,-1.32818998577546,0.980017164906455,45367.6468955846,1857,MFB,LPF
MFB_BPF,1654.54522822726,1711577.88790743,NaN,2.02156281860607e-11,1.31049210157125e-10,NaN,NaN,NaN,-4611975.04619559,10.9441452613104,58106.0899203347,2100,MFB,BPF
PASSIVE_RLC_BSF,20.5864015904467,NaN,NaN,2.91993098539553e-11,NaN,NaN,NaN,NaN,1,10,9308.66821984283,201,PASSIVE,BSF
MFB_BPF,1616.73154606565,384.796552703051,NaN,3.89421715927074e-10,4.72699321018622e-10,NaN,NaN,NaN,-1308510.19001289,0.242790092054594,470308.704532885,1574,MFB,BPF
PASSIVE_RC,25762.6726185824,NaN,NaN,4.42373979676564e-10,NaN,NaN,NaN,NaN,1,NaN,13964.9582920013,318,PASSIVE,LPF
ACTIVE_OTHER_CASCADED_VCVS,925754.382515052,925754.382515052,1050.91872605054,1.39148176680385e-10,1.39148176680385e-10,1.73388230908411e-11,10013.9893391541,552.058753273041,1.78421566197923,1.07363028137829,4367800.74642105,2699,ACTIVE_OTHER,BSF
VCVS_BSF,6628.70978971294,6628.70978971294,NaN,1.1527874260469e-12,1.1527874260469e-12,NaN,9890.95215160541,2720.06852786005,1.27500573111341,0.689660624170007,20827727.8951347,1089,VCVS,BSF
PASSIVE_RC,1779.6239116213,NaN,NaN,9.90666968266567e-10,NaN,NaN,NaN,NaN,1,NaN,90274.3181019246,552,PASSIVE,HPF
ACTIVE_OTHER_CASCADED_VCVS,59604.6406138751,59604.6406138751,92924.0349290386,1.92622621391563e-10,1.92622621391563e-10,1.98278604661223e-11,9678.34913292216,4371.44338065807,3.24778968895102,0.978472915351361,50121.4099042506,2398,ACTIVE_OTHER,HPF
ACTIVE_OTHER_CASCADED_VCVS,84294.4721210747,84294.4721210747,267028.585122993,3.15671846825182e-12,3.15671846825182e-12,1.07299149134282e-12,9893.53961911675,2444.03608496598,1.5347028920574,0.65698364323101,576796.349452144,2469,ACTIVE_OTHER,BSF
ACTIVE_OTHER_CASCADED_VCVS,104929.41461365,104929.41461365,92780.1501935152,6.07934874423262e-10,6.07934874423262e-10,1.31105038912732e-11,10002.468725872,8177.05193391326,2.97536438105904,0.789688535987963,66668.260876157,2198,ACTIVE_OTHER,HPF
VCVS_BPF,27117.9396920509,27117.9396920509,NaN,5.96513422577887e-10,5.96513422577887e-10,NaN,9796.09360045936,1569.19291918493,1.16018557837293,0.543533080426467,9838.82465121117,1173,VCVS,BPF
MFB_BPF,19477.7796758442,7458434028.10858,NaN,5.07276867769123e-10,1.67989636997231e-11,NaN,NaN,NaN,-3056173.87812235,108.999309042189,143.041747034333,1568,MFB,BPF
MFB_LPF,1.83635447423645,70130.06009424,3.14704245148301,7.36085348454224e-10,3.32430461627298e-10,NaN,NaN,NaN,-1.71374453877787,0.00367313365641507,684860.679615162,2084,MFB,LPF
MFB_BPF,1120.55009238547,121858138856.575,NaN,4.51783585566441e-11,1.98079300395329e-11,NaN,NaN,NaN,-45053613.6827216,4800.36950680399,455.294551031146,1987,MFB,BPF
MFB_BPF,2155.03753176961,6738917684.03045,NaN,4.86909850760532e-10,1.89851415306935e-11,NaN,NaN,NaN,-24441695.134455,336.076755760955,434.37661518518,1898,MFB,BPF
VCVS_BPF,34696.5557080196,34696.5557080196,NaN,7.76661889653786e-10,7.76661889653786e-10,NaN,9777.45561572012,4358.94195609048,1.44581557077919,0.643424281699535,5906.11326711849,1200,VCVS,BPF
ACTIVE_OTHER_CASCADED_VCVS,588387.956099154,588387.956099154,1818.96710582262,2.99122761890402e-10,2.99122761890402e-10,4.60400646648764e-12,10117.1096516674,4579.85674906657,2.01151966300532,0.632678664349876,9502765.88767897,2219,ACTIVE_OTHER,HPF
MFB_HPF,6440.1269474106,872.90009126675,NaN,6.65224625050584e-10,1.53176070190461e-11,2.95389388112095e-10,NaN,NaN,-0.444044578310121,0.421610957750153,997924.630366921,1583,MFB,HPF
PASSIVE_RC,2485.99056188244,NaN,NaN,3.23107083813395e-10,NaN,NaN,NaN,NaN,1,NaN,198140.920624586,411,PASSIVE,HPF
PASSIVE_RLC_BPF,4490.45262600753,NaN,NaN,4.84508158168729e-12,NaN,NaN,NaN,NaN,1,10,160473.622574226,165,PASSIVE,BPF
ACTIVE_OTHER_CASCADED_VCVS,24678.4066401905,24678.4066401905,637239.854543214,7.79858811423532e-10,7.79858811423532e-10,5.50065627587841e-11,10300.354280344,3226.57350379488,1.48930426966426,0.564389433101005,6405.0689226204,2343,ACTIVE_OTHER,HPF
VCVS_BPF,17977.4267059692,17977.4267059692,NaN,1.49797507940996e-10,1.49797507940996e-10,NaN,9861.95066641873,1635.66713490623,1.16585634934029,0.545213565818749,59100.072876649,1346,VCVS,BPF
ACTIVE_OTHER_CASCADED_VCVS,2327.21678277803,2327.21678277803,1907.86915280144,3.84137857880438e-11,3.84137857880438e-11,2.43442805837108e-10,10140.5232994565,5425.97240098879,2.01904717525907,0.638099162708191,1061490.54174165,2592,ACTIVE_OTHER,LPF
PASSIVE_RLC_BPF,2535.88522927299,NaN,NaN,4.83682136628277e-11,NaN,NaN,NaN,NaN,1,10,18481.7280030011,377,PASSIVE,BPF
PASSIVE_RC,12258.1196227909,NaN,NaN,6.92479488111658e-12,NaN,NaN,NaN,NaN,1,NaN,1874948.5840845,429,PASSIVE,HPF
ACTIVE_OTHER_CASCADED_VCVS,1157.25210553178,1157.25210553178,64273.3221395438,1.31923205079602e-10,1.31923205079602e-10,3.7789938331229e-11,9939.65268440497,8314.18709184324,2.48488025312441,0.733321932532997,554006.83769793,2537,ACTIVE_OTHER,LPF
ACTIVE_OTHER_CASCADED_VCVS,3962.21247707625,3962.21247707625,49348.6714749469,2.81268043585932e-10,2.81268043585932e-10,8.94377210887865e-12,10251.9070573507,4962.80988076482,3.22024953272401,0.932137076916274,251704.812921561,2525,ACTIVE_OTHER,HPF
ACTIVE_OTHER_CASCADED_VCVS,109352.112956297,109352.112956297,1131.7198405656,9.56026255031372e-11,9.56026255031372e-11,4.68240434987949e-11,9916.40426218818,13874.0144683234,5.3285611925877,1.47398703928016,1509308.82691079,2570,ACTIVE_OTHER,LPF
MFB_BPF,23603.7393233255,104862116.29926,NaN,1.08630424908548e-10,8.05005678013548e-11,NaN,NaN,NaN,-526284.096711063,32.955766200178,1081.79559002979,1625,MFB,BPF
ACTIVE_OTHER_CASCADED_VCVS,2722.93971015313,2722.93971015313,29701.4133684838,1.37204515191567e-12,1.37204515191567e-12,3.85939477190545e-10,9998.6960681817,3126.68164957717,1.72569082781313,0.728498903461502,21307143.4010325,2204,ACTIVE_OTHER,BSF
PASSIVE_RLC_BSF,64.3175297765715,NaN,NaN,1.10258921748254e-12,NaN,NaN,NaN,NaN,1,10,33044.7249506568,277,PASSIVE,BSF
PASSIVE_RC,19774.5357053639,NaN,NaN,8.50038842308221e-11,NaN,NaN,NaN,NaN,1,NaN,94683.6660920026,472,PASSIVE,HPF
PASSIVE_RC,15650.642193201,NaN,NaN,6.62931553630256e-11,NaN,NaN,NaN,NaN,1,NaN,153397.851995614,197,PASSIVE,HPF
PASSIVE_RC,295156.558508191,NaN,NaN,4.91354094697165e-12,NaN,NaN,NaN,NaN,1,NaN,109742.061507351,94,PASSIVE,HPF
PASSIVE_RLC_BPF,1598.33383206752,NaN,NaN,1.92957083331067e-10,NaN,NaN,NaN,NaN,1,10,5020.015162908,289,PASSIVE,BPF
MFB_HPF,2126.43148486734,4187160.89121964,NaN,4.75142234524812e-10,2.83189923419793e-11,7.18053900619253e-11,NaN,NaN,-0.151123989501244,0.0116890902314357,37403.9260150654,1425,MFB,HPF
VCVS_BPF,941525.748492196,941525.748492196,NaN,9.4266084062108e-10,9.4266084062108e-10,NaN,9713.56660273797,11642.4435619596,2.19857556324141,1.24777827345091,179.321541658896,1289,VCVS,BPF
VCVS_BSF,872673.386669725,872673.386669725,NaN,2.13106430391634e-11,2.13106430391634e-11,NaN,10264.0002356945,609.064507042895,1.05933987656438,0.531541613748679,8557.99139176456,738,VCVS,BSF
MFB_LPF,1921310.66954516,46804.6285426221,7060708.96415811,4.47820516048422e-11,2.69701423476528e-10,NaN,NaN,NaN,-3.67494392035497,0.0321792788788349,2519.17282330557,1406,MFB,LPF
VCVS_HPF,2759.71702735833,2759.71702735833,NaN,2.6597214592961e-12,2.6597214592961e-12,NaN,9943.12169206041,2874.54732696443,1.28909907934243,0.584487382013717,21683002.5645995,1157,VCVS,HPF
ACTIVE_OTHER_CASCADED_VCVS,1176.63579236273,1176.63579236273,676565.973478193,1.83831411285852e-11,1.83831411285852e-11,3.85762048693796e-11,9727.52129195683,11272.5133473768,3.61338889064029,0.971417699401248,3682036.92181164,2117,ACTIVE_OTHER,BPF
ACTIVE_OTHER_CASCADED_VCVS,321204.487683358,321204.487683358,267729.290773567,1.73142337283506e-12,1.73142337283506e-12,1.9299090466884e-10,10182.6103367119,875.309181310796,1.62412993552863,0.593579300819441,144628.802994566,2165,ACTIVE_OTHER,BPF
ACTIVE_OTHER_CASCADED_VCVS,86786.4239206681,86786.4239206681,190624.291367625,3.28585878409556e-10,3.28585878409556e-10,1.75733227738515e-12,10176.1206387895,6552.42463961862,2.73255242223817,0.742462805929839,240342.173900675,2227,ACTIVE_OTHER,LPF
MFB_LPF,16942748.7068102,62799.5090843537,18623341.9388909,4.04460189870885e-10,9.37918916891528e-10,NaN,NaN,NaN,-1.09919247821961,0.0378652794727731,238.942091194241,1448,MFB,LPF
VCVS_BPF,843001.88791766,843001.88791766,NaN,6.84830976954285e-11,6.84830976954285e-11,NaN,9833.64153876658,3338.65677270625,1.33951377620838,0.60223324088565,2756.81858473356,1395,VCVS,BPF
MFB_BPF,2111.45150821259,4198014143.74719,NaN,4.10951464161721e-10,6.04179898696937e-11,NaN,NaN,NaN,-7838854.72972409,471.355261439679,339.2573183769,1644,MFB,BPF
VCVS_BSF,137087.712855758,137087.712855758,NaN,4.76806288435622e-10,4.76806288435622e-10,NaN,10050.1739967902,6448.88777651396,1.64166926647973,1.39535896094637,2434.89157122625,888,VCVS,BSF
PASSIVE_RC,2614.50151262273,NaN,NaN,6.07770696435563e-11,NaN,NaN,NaN,NaN,1,NaN,1001593.45376091,587,PASSIVE,HPF
PASSIVE_RC,2619.27178831612,NaN,NaN,3.19594606706955e-10,NaN,NaN,NaN,NaN,1,NaN,190125.392914943,241,PASSIVE,HPF
ACTIVE_OTHER_CASCADED_VCVS,104499.67063455,104499.67063455,8160.57168381389,2.58820411981119e-10,2.58820411981119e-10,5.5028532181662e-10,10042.739113948,12694.4258907917,4.09749962760439,1.09948857731965,20662.9610788414,2649,ACTIVE_OTHER,LPF
ACTIVE_OTHER_CASCADED_VCVS,34589.4978178444,34589.4978178444,16177.6950687568,1.08312922729474e-12,1.08312922729474e-12,1.65565199534365e-10,9944.98680300529,4733.85062640265,1.77089121818523,0.605829820320823,2153764.36865788,2104,ACTIVE_OTHER,BPF
ACTIVE_OTHER_CASCADED_VCVS,100513.423539577,100513.423539577,133696.928687351,2.94807780651124e-12,2.94807780651124e-12,3.9364516102287e-10,9869.70254952187,13419.7121172407,5.59807641008273,1.57752963724175,270063.261402855,2328,ACTIVE_OTHER,BPF
VCVS_BPF,32496.8209768484,32496.8209768484,NaN,5.66387766787552e-10,5.66387766787552e-10,NaN,9729.38866686249,5755.52520980063,1.59156082739335,0.710005813136581,8646.998609232,1091,VCVS,BPF
PASSIVE_RLC_BSF,666.443984231845,NaN,NaN,8.22302904841631e-11,NaN,NaN,NaN,NaN,1,10,596.505167495083,95,PASSIVE,BSF
ACTIVE_OTHER_CASCADED_VCVS,373283.425744826,373283.425744826,158655.917840281,5.10546694802434e-12,5.10546694802434e-12,1.55052472782875e-11,9998.59921825373,9465.69332901595,3.45094298180741,0.882101965274748,74104.2940678143,2779,ACTIVE_OTHER,LPF
VCVS_BPF,703258.347843424,703258.347843424,NaN,1.57331280183841e-11,1.57331280183841e-11,NaN,10219.3125605004,4014.09876266076,1.39279538020747,0.622198311083183,14384.3472625578,958,VCVS,BPF
MFB_BPF,10368.9638113405,7672458.55268177,NaN,1.44038210782311e-11,1.61531314554023e-10,NaN,NaN,NaN,-597046.166033372,7.45786020990039,11698.1706931453,1589,MFB,BPF
ACTIVE_OTHER_CASCADED_VCVS,96495.3116742866,96495.3116742866,22410.4583691176,2.59950566529555e-12,2.59950566529555e-12,5.30476152781421e-12,9938.95384119625,6720.29324122918,1.81581464858397,1.04470237062439,986625.039908985,2644,ACTIVE_OTHER,BSF
MFB_HPF,50278.185465623,5278831854.54114,NaN,1.85192358379512e-10,1.02319227965428e-11,9.47047823498315e-11,NaN,NaN,-0.511386016024239,0.000647508362629949,313.831719972577,2000,MFB,HPF
MFB_BPF,5700.74774585916,957932714.506998,NaN,4.63577112320705e-10,6.38919499573186e-10,NaN,NaN,NaN,-274550.369774015,202.352414738853,125.141873524424,1791,MFB,BPF
MFB_HPF,40878.4289633759,264720587.184434,NaN,9.54862742942808e-11,1.5226144170013e-11,5.09851372130209e-10,NaN,NaN,-5.33952524484189,0.000330431109953416,549.113864814043,1443,MFB,HPF
ACTIVE_OTHER_CASCADED_VCVS,217632.666449433,217632.666449433,456141.00446709,8.19690290339989e-11,8.19690290339989e-11,8.67032662677208e-11,9825.02089461567,1879.302328494,1.32594816201246,0.590993443360188,6472.96386115598,2485,ACTIVE_OTHER,BSF
PASSIVE_RC,332171.924528035,NaN,NaN,3.5954241240872e-11,NaN,NaN,NaN,NaN,1,NaN,13326.2231358636,235,PASSIVE,LPF
ACTIVE_OTHER_CASCADED_VCVS,570731.28269789,570731.28269789,127435.12514609,8.08038885017034e-10,8.08038885017034e-10,2.76420313627371e-12,10113.4083089148,11536.7127736395,3.19977746349349,0.914054203426723,226080.252816782,2134,ACTIVE_OTHER,BPF
MFB_HPF,2461.09377753018,116937904622.921,NaN,1.58199496137134e-10,3.17873075834651e-11,2.25343658895382e-10,NaN,NaN,-1.42442715936368,2.07540060426766e-05,110.848253201305,1512,MFB,HPF
MFB_BPF,32852.9288152704,72354.3760742803,NaN,1.08926907737297e-10,1.05214632629875e-10,NaN,NaN,NaN,-289300.886334651,0.741908064352513,30492.6398886477,1911,MFB,BPF
ACTIVE_OTHER_CASCADED_VCVS,1164.73096295566,1164.73096295566,33250.2151296876,8.89450523950908e-10,8.89450523950908e-10,7.75794545164632e-10,10021.2001695859,1051.31324429028,2.47947890409584,0.925265343211677,79899.3695284988,2567,ACTIVE_OTHER,LPF
ACTIVE_OTHER_CASCADED_VCVS,2465.32698330894,2465.32698330894,1289.94576665521,2.39434258802548e-12,2.39434258802548e-12,3.75263288642924e-12,9808.39992982238,1621.60576879616,1.2785167033813,0.576413766620268,29920496.607351,2606,ACTIVE_OTHER,BSF
MFB_BPF,7328.72970264832,28562.0167329496,NaN,2.09008156837265e-11,1.67691474534149e-11,NaN,NaN,NaN,-8136924.9819737,0.981119701461501,587589.782551269,1647,MFB,BPF
PASSIVE_RC,68223.8233080794,NaN,NaN,2.06032350760104e-11,NaN,NaN,NaN,NaN,1,NaN,113226.6504817,412,PASSIVE,HPF
VCVS_LPF,19018.1811021134,19018.1811021134,NaN,2.93507722266969e-11,2.93507722266969e-11,NaN,9975.43070589517,10961.218646355,2.09882159172107,1.10965818844883,285122.585663267,815,VCVS,LPF
PASSIVE_RLC_BPF,317.322929777888,NaN,NaN,2.0592225209281e-10,NaN,NaN,NaN,NaN,1,10,483.753222111281,35,PASSIVE,BPF
PASSIVE_RC,63810.4415413304,NaN,NaN,1.81498345691243e-11,NaN,NaN,NaN,NaN,1,NaN,137421.824736609,339,PASSIVE,HPF
PASSIVE_RLC_BPF,43.4918087478764,NaN,NaN,2.87707598265663e-10,NaN,NaN,NaN,NaN,1,10,66213.3931582668,607,PASSIVE,BPF
ACTIVE_OTHER_CASCADED_VCVS,14346.3414083175,14346.3414083175,132801.275846846,7.77871060551516e-12,7.77871060551516e-12,2.49846815073736e-10,9952.95329377656,605.083526252878,1.79228817941302,1.071521415637,715483.454607907,2401,ACTIVE_OTHER,BSF
VCVS_HPF,7462.90481727245,7462.90481727245,NaN,5.53334845637824e-11,5.53334845637824e-11,NaN,10166.5337115456,8241.10581463475,1.81061117274177,0.840767944916039,385411.091467289,997,VCVS,HPF
VCVS_HPF,6011.04682932642,6011.04682932642,NaN,8.36657171762804e-10,8.36657171762804e-10,NaN,10070.4611127002,4469.41997215713,1.44381482855046,0.642597049725471,31646.2665782876,1331,VCVS,HPF
VCVS_BSF,7831.40623991441,7831.40623991441,NaN,2.9330379258798e-12,2.9330379258798e-12,NaN,10258.8249045601,7019.98614111367,1.68428754817652,1.58371960659808,6928874.5791602,1264,VCVS,BSF
VCVS_BSF,97575.4855834566,97575.4855834566,NaN,3.59702982734665e-11,3.59702982734665e-11,NaN,10008.0785194022,3582.94664991257,1.35800544959419,0.778822810386707,45345.6228236831,748,VCVS,BSF
PASSIVE_RLC_BPF,26.7223243559968,NaN,NaN,5.8096385916721e-10,NaN,NaN,NaN,NaN,1,10,239.155524398279,67,PASSIVE,BPF
ACTIVE_OTHER_CASCADED_VCVS,8189.44882029438,8189.44882029438,97166.9912141228,1.47477452166979e-11,1.47477452166979e-11,1.46701397099025e-11,9735.94871247553,6628.55255529372,3.65768541499195,0.985907847239449,714711.407565291,2557,ACTIVE_OTHER,HPF
VCVS_BSF,227058.947647219,227058.947647219,NaN,6.07120479671485e-10,6.07120479671485e-10,NaN,9927.38292292692,4475.61493337901,1.45083532771187,0.910473716229269,1154.533736755,1171,VCVS,BSF
PASSIVE_RLC_BPF,12.312737839216,NaN,NaN,2.94546611510027e-10,NaN,NaN,NaN,NaN,1,10,916.971287631698,102,PASSIVE,BPF
ACTIVE_OTHER_CASCADED_VCVS,1893.18672740888,1893.18672740888,1386.0027795438,8.55015102252707e-10,8.55015102252707e-10,9.94385532715156e-12,10139.0553954491,2378.16721342712,2.86816359856901,1.02202536205656,5823087.56769677,2658,ACTIVE_OTHER,BPF
MFB_HPF,70573.4157635853,100853885.54457,NaN,2.27567350296044e-10,1.57637729522615e-10,9.53074583387382e-11,NaN,NaN,-0.418809896124167,0.0161118763998938,486.698172904089,1966,MFB,HPF
VCVS_HPF,136741.745391878,136741.745391878,NaN,6.9469527629664e-12,6.9469527629664e-12,NaN,10058.2769604037,12989.6789179275,2.29144176175142,1.41131659476829,167542.374738355,1115,VCVS,HPF
ACTIVE_OTHER_CASCADED_VCVS,601122.444680578,601122.444680578,54434.6281733841,9.76437338452084e-13,9.76437338452084e-13,2.63561937933131e-11,9906.01127616822,10788.9300178069,3.76148920068508,0.965767747893177,191042.680627228,2354,ACTIVE_OTHER,BPF
PASSIVE_RC,25650.314674331,NaN,NaN,4.45711865295307e-11,NaN,NaN,NaN,NaN,1,NaN,139210.899201443,700,PASSIVE,LPF
VCVS_BPF,10892.0587688789,10892.0587688789,NaN,1.89105540995674e-10,1.89105540995674e-10,NaN,9818.02306360155,9447.86780519615,1.96229839184452,0.963668160616521,77269.108467226,1141,VCVS,BPF
VCVS_LPF,1336.23488251991,1336.23488251991,NaN,1.3220636464456e-10,1.3220636464456e-10,NaN,10147.4293652879,3836.27521476481,1.37805389687046,0.616543298245546,900917.376410653,936,VCVS,LPF
PASSIVE_RC,368779.434352198,NaN,NaN,3.27592425875747e-10,NaN,NaN,NaN,NaN,1,NaN,1317.40584428358,415,PASSIVE,LPF
ACTIVE_OTHER_CASCADED_VCVS,22325.0574730812,22325.0574730812,5571.91336464708,7.23483938019756e-12,7.23483938019756e-12,1.26798931570987e-11,10028.7071297978,1400.88152062676,1.48831695692319,0.563913885156087,1619025.98570322,2273,ACTIVE_OTHER,HPF
PASSIVE_RLC_BPF,29.8133102081395,NaN,NaN,3.33604526967944e-10,NaN,NaN,NaN,NaN,1,10,132306.556274685,145,PASSIVE,BPF
VCVS_BSF,17130.9466602168,17130.9466602168,NaN,6.60587151621166e-10,6.60587151621166e-10,NaN,10053.396717595,1624.73707894363,1.1616107594859,0.596381699380354,14063.9931550709,788,VCVS,BSF
VCVS_BSF,826962.242043184,826962.242043184,NaN,1.34724579771395e-10,1.34724579771395e-10,NaN,9750.97436429089,6412.86362443469,1.65766387899852,1.46055285821808,1428.52423723132,1206,VCVS,BSF
ACTIVE_OTHER_CASCADED_VCVS,1824.85848181831,1824.85848181831,891782.379753656,1.80623199404344e-11,1.80623199404344e-11,1.87069532222422e-10,10171.2940984075,12088.2311683979,2.91346770868252,0.915748148924862,2414755.77722225,2550,ACTIVE_OTHER,HPF
ACTIVE_OTHER_CASCADED_VCVS,238962.569571662,238962.569571662,523400.120370345,1.41201831413767e-12,1.41201831413767e-12,3.09218212186151e-12,9676.22826916639,11355.0811562026,2.99900996820994,0.913567561897644,285010.322294097,2748,ACTIVE_OTHER,HPF
VCVS_BPF,421164.132523876,421164.132523876,NaN,3.72519247317998e-11,3.72519247317998e-11,NaN,10051.121283055,12064.9794256758,2.20036154036027,1.25056516222411,10144.2521681085,1122,VCVS,BPF
PASSIVE_RLC_BPF,276.952274558637,NaN,NaN,3.55716247052332e-12,NaN,NaN,NaN,NaN,1,10,606.144702136779,619,PASSIVE,BPF
ACTIVE_OTHER_CASCADED_VCVS,392155.718173878,392155.718173878,4423.59820309432,1.60373045363262e-12,1.60373045363262e-12,1.24398502409986e-12,10226.6816764822,3606.59406835084,2.09372270382409,0.93911271375307,14587564.7441954,2157,ACTIVE_OTHER,BSF
PASSIVE_RLC_BSF,419.14182944902,NaN,NaN,3.22758746159519e-12,NaN,NaN,NaN,NaN,1,10,529053.979334725,261,PASSIVE,BSF
ACTIVE_OTHER_CASCADED_VCVS,22965.0356478585,22965.0356478585,108082.525956671,6.96521174363158e-12,6.96521174363158e-12,2.62197497377042e-11,10252.1393344041,6132.41171353808,1.85714226032451,0.628716232626993,525575.545785377,2607,ACTIVE_OTHER,BPF
PASSIVE_RC,61015.538543297,NaN,NaN,5.15204497301763e-12,NaN,NaN,NaN,NaN,1,NaN,506290.801942736,427,PASSIVE,LPF
VCVS_LPF,1417.74751854172,1417.74751854172,NaN,1.14130964756445e-11,1.14130964756445e-11,NaN,9769.97530826369,4639.23035180343,1.47484565778579,0.655671345726366,9835982.50094057,883,VCVS,LPF
ACTIVE_OTHER_CASCADED_VCVS,137118.814231213,137118.814231213,17304.0222597344,2.89268457416568e-10,2.89268457416568e-10,5.10980539615951e-12,9959.69632197044,5988.68744165422,2.46223365175648,0.699389192187666,901998.409049188,2668,ACTIVE_OTHER,LPF
MFB_HPF,8158.8531099238,148.427949051509,NaN,1.48402368934175e-10,1.09858031872842e-10,1.94882645585545e-10,NaN,NaN,-1.31320441166264,1.82302049553771,988428.458084268,1591,MFB,HPF
MFB_HPF,3847.69074887999,15860424.8222097,NaN,3.64221323534499e-10,1.73334397154615e-10,8.20227895164663e-10,NaN,NaN,-2.25200404854103,0.00192066926039576,1708.64956147228,2088,MFB,HPF
ACTIVE_OTHER_CASCADED_VCVS,106093.015240316,106093.015240316,9185.14142256447,8.07734034094784e-11,8.07734034094784e-11,2.94208462387537e-11,9811.73206675986,11893.6361225738,2.55648500366719,0.905763345561463,303761.607435891,2394,ACTIVE_OTHER,LPF
MFB_BPF,93915.6337542268,323330.368017135,NaN,1.18613591854901e-11,1.94469358206925e-10,NaN,NaN,NaN,-54753.3789436689,0.431900028309653,19016.6983420703,1491,MFB,BPF
VCVS_HPF,6508.34571147744,6508.34571147744,NaN,1.85179960219693e-10,1.85179960219693e-10,NaN,9971.86781051147,13734.7718183095,2.37735197450487,1.60604379850846,132055.20731803,1306,VCVS,HPF
ACTIVE_OTHER_CASCADED_VCVS,11923.7626840592,11923.7626840592,5802.5111471032,1.68205281710661e-10,1.68205281710661e-10,3.35404810680399e-12,9887.17509066062,2111.78265880487,2.71874089206637,0.938002026711193,4128561.55785572,2593,ACTIVE_OTHER,LPF
ACTIVE_OTHER_CASCADED_VCVS,14754.629519128,14754.629519128,11379.1834759659,2.73216848386207e-11,2.73216848386207e-11,5.77303616003541e-10,10072.1220967809,5015.92635327341,2.26217720950388,1.00834910821666,209516.91586082,2653,ACTIVE_OTHER,BSF
MFB_BPF,1794.75722122379,418299141745.247,NaN,1.09357551932081e-11,1.87148574890534e-11,NaN,NaN,NaN,-29771983.2670254,7365.87954049233,406.028144274482,1600,MFB,BPF
MFB_BPF,75032.8727510592,32160.6111773766,NaN,8.91373515552194e-10,6.00959526022337e-10,NaN,NaN,NaN,-22177.0207009704,0.321087264152226,4426.69625064586,1777,MFB,BPF
ACTIVE_OTHER_CASCADED_VCVS,5579.46699935642,5579.46699935642,2648.10890175269,5.72475857136901e-10,5.72475857136901e-10,1.21340007295586e-12,9771.88762070028,2246.08845022226,1.60940150242532,0.686205417239359,24790595.012426,2435,ACTIVE_OTHER,BSF
MFB_BPF,67117.6904391282,514393458.789554,NaN,1.41663151151608e-11,1.16623621696424e-10,NaN,NaN,NaN,-127754.578117778,27.2067457365509,666.395721459352,1588,MFB,BPF
VCVS_BSF,417368.753279376,417368.753279376,NaN,7.0352682892205e-11,7.0352682892205e-11,NaN,10007.2550067826,2384.04921075992,1.2382320835378,0.656367890002639,5420.25271585598,1327,VCVS,BSF
MFB_BPF,23020.5969484079,7479581.67378996,NaN,3.35350641908911e-11,5.5848221398492e-10,NaN,NaN,NaN,-77781.0984628721,4.16677669311289,2802.65049464593,1545,MFB,BPF
MFB_BPF,15289.1831425177,2277870.728474,NaN,1.84636120197574e-11,1.16530825100334e-10,NaN,NaN,NaN,-561273.962264576,4.1940660596123,18385.8922121614,1849,MFB,BPF
VCVS_LPF,102120.497915884,102120.497915884,NaN,6.44483211045987e-11,6.44483211045987e-11,NaN,9992.15158599617,13218.6686279921,2.32290513351677,1.47689792007124,24182.1883587585,1326,VCVS,LPF
PASSIVE_RLC_BPF,44.0427312053934,NaN,NaN,2.11949446595479e-11,NaN,NaN,NaN,NaN,1,10,104376.922166439,48,PASSIVE,BPF
PASSIVE_RLC_BPF,52.7908093277745,NaN,NaN,1.48058061508135e-11,NaN,NaN,NaN,NaN,1,10,7615.4811210293,70,PASSIVE,BPF
VCVS_BSF,9860.98181166111,9860.98181166111,NaN,7.30148164707234e-10,7.30148164707234e-10,NaN,10033.0764395002,4878.61156455515,1.48625280530586,0.973241324067335,22104.9214500254,957,VCVS,BSF
MFB_LPF,11468.2811440185,6835.89198034348,28713.5017514178,1.80666852905406e-10,6.1667883439622e-11,NaN,NaN,NaN,-2.50373193600977,0.455335296610779,107624.387957225,1932,MFB,LPF
ACTIVE_OTHER_CASCADED_VCVS,4439.6076785969,4439.6076785969,34020.6870229794,3.74704220613995e-10,3.74704220613995e-10,4.67233135247448e-10,9822.6994911184,1942.85763349301,1.35665983773959,0.599868851583203,52842.4915434432,2634,ACTIVE_OTHER,BSF
MFB_LPF,1394564.43985996,2341.90329937464,3177628.86116325,9.15024303459843e-11,1.24810021677732e-11,NaN,NaN,NaN,-2.27858159174224,0.0733291003225855,54593.7620835126,1673,MFB,LPF
PASSIVE_RLC_BPF,708.00018294627,NaN,NaN,1.67984440393293e-10,NaN,NaN,NaN,NaN,1,10,2030.48563312079,98,PASSIVE,BPF
ACTIVE_OTHER_CASCADED_VCVS,96263.2686862182,96263.2686862182,21682.9629629254,4.91895678842533e-10,4.91895678842533e-10,5.24462485344016e-10,10043.1622820238,11405.1175691353,2.75912347704156,0.871175970546544,8678.29803160236,2426,ACTIVE_OTHER,HPF
PASSIVE_RC,8988.64488712373,NaN,NaN,5.79900741782123e-11,NaN,NaN,NaN,NaN,1,NaN,305331.94497535,320,PASSIVE,HPF
ACTIVE_OTHER_CASCADED_VCVS,32605.4178966892,32605.4178966892,3341.25504361036,2.63162358390962e-10,2.63162358390962e-10,2.1641140266087e-11,9692.39723567987,1546.24685501038,1.88067409582112,0.958698164752048,1109800.35879029,2351,ACTIVE_OTHER,BSF
ACTIVE_OTHER_CASCADED_VCVS,96682.9815515608,96682.9815515608,50351.6893900334,1.90318492727449e-10,1.90318492727449e-10,9.7504483550636e-13,10273.6198069496,4691.59195484964,1.72007758699281,0.598824660234542,1625207.11827746,2263,ACTIVE_OTHER,BPF
PASSIVE_RLC_BSF,10.9383827728352,NaN,NaN,1.70203799331841e-11,NaN,NaN,NaN,NaN,1,10,2094.12900297871,480,PASSIVE,BSF
VCVS_BSF,117424.934645093,117424.934645093,NaN,8.16514180736418e-10,8.16514180736418e-10,NaN,9909.94257306903,715.626271526942,1.07221295847583,0.538916774671267,1659.95407485888,1118,VCVS,BSF
PASSIVE_RC,218001.191762444,NaN,NaN,2.14970410066014e-12,NaN,NaN,NaN,NaN,1,NaN,339611.64932041,326,PASSIVE,LPF
VCVS_BPF,8601.379166873,8601.379166873,NaN,1.23415134436574e-10,1.23415134436574e-10,NaN,10016.28013562,3669.40763055406,1.36634434948608,0.612124103194831,149928.300568247,1020,VCVS,BPF
ACTIVE_OTHER_CASCADED_VCVS,4705.19818315416,4705.19818315416,11411.415259828,1.56715079348761e-12,1.56715079348761e-12,3.69680257428035e-11,9796.28645262309,4190.71335290722,2.19758767666998,0.97938433423573,10980623.2788986,2243,ACTIVE_OTHER,BSF
PASSIVE_RC,2905.78641557253,NaN,NaN,1.27321229378611e-10,NaN,NaN,NaN,NaN,1,NaN,430185.35272593,507,PASSIVE,LPF
PASSIVE_RLC_BSF,5257.96514134282,NaN,NaN,2.35849939748187e-10,NaN,NaN,NaN,NaN,1,9.80924357746154,13083.7169655178,414,PASSIVE,BSF
PASSIVE_RC,65507.5229317246,NaN,NaN,1.5625963501381e-12,NaN,NaN,NaN,NaN,1,NaN,1554827.26800394,442,PASSIVE,LPF
PASSIVE_RLC_BPF,819.495772709882,NaN,NaN,8.48208942911099e-11,NaN,NaN,NaN,NaN,1,10,1333.94711121226,520,PASSIVE,BPF
ACTIVE_OTHER_CASCADED_VCVS,5022.14258802763,5022.14258802763,28108.2804142769,3.19528027132101e-12,3.19528027132101e-12,1.38493388789781e-10,10006.3376780007,6469.60526025512,1.95912456823499,0.645644481031648,4979419.67582234,2651,ACTIVE_OTHER,HPF
PASSIVE_RLC_BPF,1699.84360419634,NaN,NaN,8.74973624027714e-11,NaN,NaN,NaN,NaN,1,10,322.002746019424,77,PASSIVE,BPF
ACTIVE_OTHER_CASCADED_VCVS,311276.076878191,311276.076878191,52071.2525311194,3.61296824708263e-11,3.61296824708263e-11,6.14191619758402e-12,9803.59665388017,6157.03053494159,2.66899258902865,1.36538539606822,255897.560588179,2310,ACTIVE_OTHER,BSF
PASSIVE_RLC_BPF,12.8741717580634,NaN,NaN,1.56211431430779e-10,NaN,NaN,NaN,NaN,1,10,9813.06701632451,207,PASSIVE,BPF
VCVS_LPF,19547.9483031794,19547.9483031794,NaN,2.26069805022733e-12,2.26069805022733e-12,NaN,10187.2364247372,12811.6814469439,2.25762090058437,1.3470206809259,3601441.71039289,1119,VCVS,LPF
MFB_BPF,19102.535030576,227107443.111812,NaN,6.67041384706341e-11,1.12768183677667e-11,NaN,NaN,NaN,-4642184.63496037,38.3487580999265,2786.05228835623,1918,MFB,BPF
ACTIVE_OTHER_CASCADED_VCVS,199451.304873585,199451.304873585,196822.501143636,3.80354182279548e-10,3.80354182279548e-10,7.86096664044411e-12,9663.10247078697,4481.69862206945,1.6546022391892,0.592907279457395,52481.6881672151,2414,ACTIVE_OTHER,LPF
VCVS_BPF,2928.93761508663,2928.93761508663,NaN,9.87548721075456e-10,9.87548721075456e-10,NaN,10031.3152660439,726.156860620299,1.07238899798896,0.51877686885825,55023.9139391594,1014,VCVS,BPF
VCVS_LPF,13512.6357835792,13512.6357835792,NaN,2.15512561854499e-12,2.15512561854499e-12,NaN,9974.95492523516,3692.55890810111,1.37018301694371,0.613565823890709,5465217.76144908,1280,VCVS,LPF
VCVS_BPF,64948.9695403416,64948.9695403416,NaN,4.67388618274352e-12,4.67388618274352e-12,NaN,10009.4850729472,11499.8732197184,2.14889758423231,1.17494672964593,524287.778573767,1361,VCVS,BPF
MFB_BPF,67577.9625510769,32411539.000856,NaN,2.18737172992457e-11,1.07650349427146e-10,NaN,NaN,NaN,-137460.988392489,8.20475896958924,2216.14789001555,1781,MFB,BPF
PASSIVE_RLC_BSF,5963.400790242,NaN,NaN,3.909695320025e-12,NaN,NaN,NaN,NaN,1,10,6223.66572985642,52,PASSIVE,BSF
MFB_BPF,47676.9700663218,20.3870369064814,NaN,2.84075519994822e-11,9.21413603149715e-10,NaN,NaN,NaN,-22763.3791839549,0.00352228998075801,997802.386444747,1830,MFB,BPF
MFB_BPF,2136.9481336768,80963853093.6804,NaN,1.33681225879562e-11,1.25038253508541e-11,NaN,NaN,NaN,-37425112.937529,3075.92770589942,935.881575741942,1519,MFB,BPF
MFB_BPF,2752.28489249389,154018132.694107,NaN,4.15422267958933e-11,1.0344254697553e-10,NaN,NaN,NaN,-3512427.82144363,106.95752069862,3729.00549062369,2051,MFB,BPF
VCVS_BSF,6737.46316614747,6737.46316614747,NaN,1.80050780819949e-12,1.80050780819949e-12,NaN,9778.13504873477,3206.33579570227,1.3279087248971,0.74394657172636,13119845.4347994,979,VCVS,BSF
VCVS_BSF,23304.100323316,23304.100323316,NaN,2.74203929893129e-12,2.74203929893129e-12,NaN,9993.80751455877,4357.77533566151,1.43604755537999,0.886599579042339,2490658.10484591,1338,VCVS,BSF
MFB_BPF,2662.47300146052,18704564734.3186,NaN,3.04053827015751e-10,1.29665315392974e-10,NaN,NaN,NaN,-2896616.27646908,1213.4161026524,113.58384724496,1983,MFB,BPF
PASSIVE_RC,889746.249417703,NaN,NaN,6.81549554672212e-11,NaN,NaN,NaN,NaN,1,NaN,2624.56013104563,288,PASSIVE,HPF
VCVS_BPF,242001.169032437,242001.169032437,NaN,7.46425335843853e-10,7.46425335843853e-10,NaN,10073.9630431716,8346.10659361932,1.82848294736166,0.853594062286957,881.081932166404,946,VCVS,BPF
PASSIVE_RC,84585.6963165983,NaN,NaN,1.85162216921951e-11,NaN,NaN,NaN,NaN,1,NaN,101618.043959784,116,PASSIVE,HPF
PASSIVE_RLC_BPF,14.1631613407293,NaN,NaN,1.39457505760495e-12,NaN,NaN,NaN,NaN,1,10,9957.38864309302,575,PASSIVE,BPF
MFB_BPF,22210.8170733517,11731377706.1883,NaN,2.66869833904212e-11,1.73861220990493e-10,NaN,NaN,NaN,-258960.031623823,246.845132930065,144.747892718347,2037,MFB,BPF
VCVS_HPF,159552.714873987,159552.714873987,NaN,3.79217627402115e-12,3.79217627402115e-12,NaN,9743.9200276579,12938.8969056735,2.32789440686569,1.48786144649768,263043.404341159,765,VCVS,HPF
ACTIVE_OTHER_CASCADED_VCVS,737378.914083726,737378.914083726,1330.80554416126,1.08670978676737e-12,1.08670978676737e-12,8.25058939282721e-12,10020.1332553962,12804.8663138843,3.58805314670806,1.04335191652621,7346847.3568077,2452,ACTIVE_OTHER,HPF
ACTIVE_OTHER_CASCADED_VCVS,60941.279252026,60941.279252026,613202.177767529,5.82702883122577e-12,5.82702883122577e-12,6.92912737181876e-11,9820.61601131635,12783.8570114532,5.4531466702091,1.50863667810203,225967.476881319,2622,ACTIVE_OTHER,BPF
VCVS_LPF,178555.977777256,178555.977777256,NaN,1.49383118786206e-12,1.49383118786206e-12,NaN,10045.853642921,12153.4609006023,2.20979872219883,1.26550035806399,596683.756286348,1332,VCVS,LPF
ACTIVE_OTHER_CASCADED_VCVS,32440.0241679715,32440.0241679715,42670.5961090271,3.76382468057526e-12,3.76382468057526e-12,2.73896619217021e-12,10144.2464268505,3398.93807628398,2.32118681923414,0.696708059464474,1332634.35928601,2116,ACTIVE_OTHER,LPF
ACTIVE_OTHER_CASCADED_VCVS,4437.64048464224,4437.64048464224,11917.477584471,4.98420798001263e-11,4.98420798001263e-11,1.53799447812737e-11,9840.50291655904,7919.33384422766,4.2379156118963,1.18540738297108,793945.222787453,2447,ACTIVE_OTHER,LPF
VCVS_BSF,3987.62283969043,3987.62283969043,NaN,4.13493475665936e-12,4.13493475665936e-12,NaN,10214.8407436978,5327.99928834449,1.52159396529326,1.0451373179406,9652446.32794327,1400,VCVS,BSF
ACTIVE_OTHER_CASCADED_VCVS,65065.9282371529,65065.9282371529,6209.19172779075,3.86997980924397e-12,3.86997980924397e-12,1.40280894302988e-10,9838.75011041252,12281.4562787551,2.69098935429212,0.942438264758596,407389.727534684,2311,ACTIVE_OTHER,HPF
VCVS_LPF,13658.7454228147,13658.7454228147,NaN,1.92489433726166e-10,1.92489433726166e-10,NaN,10144.2247756847,13335.4794736039,2.31458832670669,1.4589771942388,60534.4256536329,842,VCVS,LPF
PASSIVE_RLC_BPF,8526.78651198313,NaN,NaN,3.37943508284922e-12,NaN,NaN,NaN,NaN,1,10,211718.182301654,599,PASSIVE,BPF
ACTIVE_OTHER_CASCADED_VCVS,43478.2818487186,43478.2818487186,39801.409813316,1.93065894644383e-11,1.93065894644383e-11,1.07932246103781e-12,9960.36289978017,5592.25747164387,2.02589036842347,0.641248026340896,1947225.12638563,2333,ACTIVE_OTHER,LPF
PASSIVE_RC,158884.569760359,NaN,NaN,1.34032027059642e-12,NaN,NaN,NaN,NaN,1,NaN,747359.954610233,229,PASSIVE,LPF
ACTIVE_OTHER_CASCADED_VCVS,6888.58235175531,6888.58235175531,641114.268461439,3.14411878463799e-10,3.14411878463799e-10,2.1285788871335e-10,10257.906964301,8004.58309779238,2.10394348583113,0.684940614230612,37325.006156176,2137,ACTIVE_OTHER,BPF
ACTIVE_OTHER_CASCADED_VCVS,660479.522143614,660479.522143614,913137.597332922,1.02506204956522e-11,1.02506204956522e-11,4.00107711160206e-11,10042.2982918559,1249.43766825246,1.52862260994453,0.67583181503281,13931.9588454008,2576,ACTIVE_OTHER,BSF
PASSIVE_RC,417861.636162576,NaN,NaN,4.26389351663811e-11,NaN,NaN,NaN,NaN,1,NaN,8932.66980823509,505,PASSIVE,HPF
VCVS_BPF,2992.83141423158,2992.83141423158,NaN,5.59682455926701e-11,5.59682455926701e-11,NaN,10182.8545892249,9024.51481048995,1.88624606503164,0.897864392307095,950158.7767386,775,VCVS,BPF
ACTIVE_OTHER_CASCADED_VCVS,746856.975314967,746856.975314967,109723.297380434,2.47969949706959e-10,2.47969949706959e-10,2.36661938574287e-10,10119.8772911263,5497.71216631555,3.35380575239908,0.947971029770245,3494.21128887241,2370,ACTIVE_OTHER,LPF
MFB_BPF,89644.6364221975,940.688812557547,NaN,1.13020000480592e-11,8.9121096907098e-11,NaN,NaN,NaN,-125168.534271571,0.0323739087274159,546093.582677916,1977,MFB,BPF
VCVS_LPF,1062.32174006972,1062.32174006972,NaN,1.23518599264499e-10,1.23518599264499e-10,NaN,10188.7009797208,7583.51385672849,1.74430625374348,0.796372525531169,1212918.73519309,1385,VCVS,LPF
MFB_LPF,6776031.26701336,70994.6047072983,23829231.8037297,1.61030681180044e-10,2.0564034342998e-10,NaN,NaN,NaN,-3.51669448748468,0.0476598468235015,672.425171910106,1771,MFB,LPF
MFB_BPF,33914.7238893129,60831.4145933122,NaN,5.76913161381016e-11,1.17899417560496e-11,NaN,NaN,NaN,-2500921.46871981,0.502704989713509,134354.116583906,1761,MFB,BPF
PASSIVE_RLC_BPF,854.620976598976,NaN,NaN,2.15682859010571e-10,NaN,NaN,NaN,NaN,1,10,11506.0749078458,132,PASSIVE,BPF
ACTIVE_OTHER_CASCADED_VCVS,1249.45226961662,1249.45226961662,336400.404364864,1.58359052628906e-10,1.58359052628906e-10,1.12672693534694e-10,9835.89436266823,12590.7471173256,5.39346529312264,1.4825083391321,404286.071443762,2597,ACTIVE_OTHER,LPF
VCVS_BPF,171321.566297153,171321.566297153,NaN,1.82284919828796e-11,1.82284919828796e-11,NaN,9678.93015429184,3384.89571670497,1.34971796084343,0.605957028115682,50963.2779301851,839,VCVS,BPF
MFB_HPF,3264.50392737038,2483232.05297428,NaN,3.00307572038837e-10,8.82096309305035e-10,1.90183170735693e-11,NaN,NaN,-0.0633294623390641,0.0617223618619227,13647.680187035,1731,MFB,HPF
VCVS_LPF,5722.94458816481,5722.94458816481,NaN,2.44492254480543e-11,2.44492254480543e-11,NaN,9807.39769125589,11559.5540982826,2.17865660822431,1.21751755722788,1137458.30371391,1074,VCVS,LPF
VCVS_BPF,215299.560897082,215299.560897082,NaN,1.2865560432729e-12,1.2865560432729e-12,NaN,9714.03181684196,6470.76503622205,1.6661255756856,0.749695759789374,574577.054240031,787,VCVS,BPF
PASSIVE_RC,2070.09988978839,NaN,NaN,2.2182431351791e-11,NaN,NaN,NaN,NaN,1,NaN,3465929.17027065,686,PASSIVE,LPF
PASSIVE_RLC_BPF,11.4154381645749,NaN,NaN,2.38297932118408e-10,NaN,NaN,NaN,NaN,1,10,1814.39172056698,238,PASSIVE,BPF
PASSIVE_RLC_BPF,178.511447265041,NaN,NaN,6.87379429728485e-12,NaN,NaN,NaN,NaN,1,10,70136.035421278,317,PASSIVE,BPF
ACTIVE_OTHER_CASCADED_VCVS,46968.7291703862,46968.7291703862,771267.916072451,6.38751852426264e-10,6.38751852426264e-10,6.19951876346654e-11,9690.86307169831,13530.6164650634,4.36538047312077,1.25248887198439,4316.74380187105,2689,ACTIVE_OTHER,LPF
VCVS_BPF,42545.9477717401,42545.9477717401,NaN,1.76287595149971e-10,1.76287595149971e-10,NaN,10155.1810737416,680.96112472172,1.06705553744211,0.517345438200893,21219.7457356348,724,VCVS,BPF
MFB_LPF,2776065.22689097,11606.250669602,5792742.42361551,1.05663994528357e-10,8.94383419791975e-11,NaN,NaN,NaN,-2.08667374509173,0.0483535006941406,6314.03038415455,1834,MFB,LPF
MFB_LPF,192712936766.978,1016.80426951515,476629719804.133,2.06825314633506e-11,1.08093662567959e-11,NaN,NaN,NaN,-2.47326270773642,6.38895528398793e-05,483.513860973644,1989,MFB,LPF
VCVS_BPF,21155.5606736952,21155.5606736952,NaN,8.0950262102978e-11,8.0950262102978e-11,NaN,10135.6553404276,9589.55416147268,1.94612078246419,0.948875339185651,92934.5783166117,1223,VCVS,BPF
VCVS_BSF,191016.31357921,191016.31357921,NaN,8.11777866961582e-10,8.11777866961582e-10,NaN,9941.42018667219,4156.69049829446,1.4181183794914,0.859281308048481,1026.39012766582,745,VCVS,BSF
MFB_BPF,7027.83263114963,761092.878893917,NaN,1.09654864556697e-11,1.45100072576654e-11,NaN,NaN,NaN,-9806430.62238834,5.15268129332721,172521.343317021,1807,MFB,BPF
MFB_BPF,7508.548842196,523.555239057296,NaN,2.72745226212501e-10,1.64989284634571e-10,NaN,NaN,NaN,-807213.191131377,0.127967271764712,378402.87110326,2081,MFB,BPF
VCVS_BPF,14533.8998342577,14533.8998342577,NaN,5.53570230844681e-12,5.53570230844681e-12,NaN,9986.22169576945,1235.71049046359,1.12374154391015,0.532975612583789,1978177.42648168,998,VCVS,BPF
VCVS_BPF,4899.20145117314,4899.20145117314,NaN,2.4857340588785e-11,2.4857340588785e-11,NaN,10020.8924244954,1292.7506266277,1.12900553881485,0.534475125793033,1306893.41901158,1319,VCVS,BPF
MFB_HPF,4832.76500920521,250569.51308181,NaN,5.44860927813786e-10,1.10423153616439e-10,2.06076967923808e-10,NaN,NaN,-0.378219390314289,0.0643057053550578,30318.8955581949,1948,MFB,HPF
VCVS_HPF,1672.86704723184,1672.86704723184,NaN,1.6961936620362e-10,1.6961936620362e-10,NaN,10268.2081301926,2625.54863155872,1.25569686534095,0.573294847741855,560897.196353804,849,VCVS,HPF
MFB_BPF,9537.52370288885,26996142.4427483,NaN,1.52062421014293e-10,7.23359467736669e-11,NaN,NaN,NaN,-1449473.23237861,24.8657396460676,2990.63509609672,1895,MFB,BPF
VCVS_BPF,4985.13874741853,4985.13874741853,NaN,6.76415131710087e-10,6.76415131710087e-10,NaN,9865.93107689639,3346.69788495489,1.33921764290367,0.602125856965615,47198.648930232,867,VCVS,BPF
MFB_HPF,1371.47076539084,3890.98728154678,NaN,3.37136163117308e-10,2.96579690227461e-11,4.44987036082924e-10,NaN,NaN,-1.31990300882699,0.0636541559015841,599725.569851678,2035,MFB,HPF
MFB_BPF,18626.5162418561,71055334215.7845,NaN,5.0410434326954e-11,1.6790559262e-11,NaN,NaN,NaN,-3197445.88223993,845.570127749366,150.370682212516,1786,MFB,BPF
MFB_LPF,2717.8218408281,3184.19217790512,2002.86821126002,2.71345520173317e-11,3.15956890534368e-10,NaN,NaN,NaN,-0.736938743067044,0.0982358063649938,680642.503672211,2057,MFB,LPF
MFB_HPF,1331.78620841685,5346763.63593792,NaN,1.81413239674926e-10,2.79749670245506e-10,3.94803936712125e-10,NaN,NaN,-2.17626859770309,0.0028156447129232,5675.2089147336,1657,MFB,HPF
ACTIVE_OTHER_CASCADED_VCVS,168402.168466599,168402.168466599,103843.791647078,1.0810287772426e-10,1.0810287772426e-10,3.00972004350762e-11,10297.7842507429,1008.31580011741,1.94682315275893,0.670433589102041,29832.7169743501,2530,ACTIVE_OTHER,LPF
ACTIVE_OTHER_CASCADED_VCVS,112991.55485535,112991.55485535,151065.408872452,4.14845247213008e-12,4.14845247213008e-12,3.01255983610179e-10,9908.69284560842,3789.45383582108,2.11907857257076,0.939985121820801,171517.455706656,2381,ACTIVE_OTHER,BSF
MFB_LPF,3333932.41781038,21653.4841923736,7877502.61380932,1.95859725275107e-10,4.44098127680804e-11,NaN,NaN,NaN,-2.36282612440687,0.109095462577419,4131.90110598158,1669,MFB,LPF
PASSIVE_RLC_BPF,1058.89198869887,NaN,NaN,8.52617183134255e-10,NaN,NaN,NaN,NaN,1,0.341056857366654,516877.469920326,111,PASSIVE,BPF
MFB_LPF,166727011.930397,37460.0119013716,317819592.82606,3.91120887902502e-10,2.87816972741342e-11,NaN,NaN,NaN,-1.90622736619751,0.0400075712170865,434.742538674878,1415,MFB,LPF
MFB_BPF,12402.8984846252,1659.65323112187,NaN,2.16262130548516e-10,3.59494903120355e-11,NaN,NaN,NaN,-2242766.56746285,0.127884702486172,397844.402317269,1926,MFB,BPF
VCVS_LPF,6651.51597200545,6651.51597200545,NaN,7.53735627433983e-10,7.53735627433983e-10,NaN,9792.46913940504,5984.11468603204,1.61109354554429,0.719990894125322,31745.3741091324,904,VCVS,LPF
ACTIVE_OTHER_CASCADED_VCVS,4488.98406649616,4488.98406649616,190628.825157579,1.38680693788259e-12,1.38680693788259e-12,2.23537576762561e-12,9709.79860536779,9242.87969858518,3.13457568769814,0.83571368214234,12969548.0104682,2582,ACTIVE_OTHER,BPF
PASSIVE_RLC_BSF,36.8467429958674,NaN,NaN,7.06476404728261e-11,NaN,NaN,NaN,NaN,1,10,750.103543834942,621,PASSIVE,BSF
PASSIVE_RLC_BSF,160.949430177632,NaN,NaN,2.1514634897415e-12,NaN,NaN,NaN,NaN,1,10,156172.902281165,506,PASSIVE,BSF
MFB_BPF,58277.9734567197,484251338.144929,NaN,1.60042089603646e-11,4.42506588774215e-11,NaN,NaN,NaN,-387771.43792944,40.2594681426383,1125.78515829863,2072,MFB,BPF
PASSIVE_RC,101986.563498992,NaN,NaN,1.29485897550875e-10,NaN,NaN,NaN,NaN,1,NaN,12051.8773123884,79,PASSIVE,LPF
PASSIVE_RLC_BPF,488.07031831957,NaN,NaN,9.60017769745607e-11,NaN,NaN,NaN,NaN,1,10,386.782430981214,454,PASSIVE,BPF
VCVS_LPF,334980.460123243,334980.460123243,NaN,2.55881290379286e-10,2.55881290379286e-10,NaN,9761.27338980342,6782.86071952997,1.69487457718532,0.766209884903908,1856.78716206617,1300,VCVS,LPF
PASSIVE_RLC_BPF,122.588057859886,NaN,NaN,9.44615340279055e-10,NaN,NaN,NaN,NaN,1,10,16246.9033468952,594,PASSIVE,BPF
VCVS_BSF,36090.2034103218,36090.2034103218,NaN,7.319594515556e-12,7.319594515556e-12,NaN,9877.56914302026,3282.1580887797,1.33228399024662,0.748821344248849,602481.587258308,922,VCVS,BSF
PASSIVE_RC,6528.6371578886,NaN,NaN,1.64152309870672e-12,NaN,NaN,NaN,NaN,1,NaN,14850825.6980227,45,PASSIVE,HPF
MFB_BPF,40614.1728364719,7783.98601222431,NaN,2.95882724589159e-10,2.21215402906087e-11,NaN,NaN,NaN,-1113030.39503587,0.11137731874808,110640.165265699,2043,MFB,BPF
VCVS_BPF,902828.346137292,902828.346137292,NaN,2.89530076005144e-11,2.89530076005144e-11,NaN,10112.552344428,10564.8980747385,2.0447311138577,1.04682567861949,6088.65352351751,754,VCVS,BPF
VCVS_HPF,1089.18540383336,1089.18540383336,NaN,2.58285091942974e-11,2.58285091942974e-11,NaN,10095.6440290979,961.492427530404,1.09523834485043,0.525000068799408,5657427.26621365,1071,VCVS,HPF
MFB_BPF,22516.2378042457,1444576.66860579,NaN,3.12900588047091e-11,1.2950318467346e-10,NaN,NaN,NaN,-342944.407215474,3.17101285692139,13863.040952942,1903,MFB,BPF
MFB_LPF,29915590817.2919,3547.27501725858,50532036720.1665,9.15874807689996e-11,2.8370668881041e-11,NaN,NaN,NaN,-1.68915389399423,0.000476044131574013,233.20424724613,1709,MFB,LPF
MFB_LPF,187.409060939132,40739.369403912,512.860924563535,3.81563648649865e-11,1.39160046853867e-10,NaN,NaN,NaN,-2.7365855311025,0.0156705135552804,477828.88037403,1741,MFB,LPF
VCVS_LPF,956961.682891234,956961.682891234,NaN,4.24681699315286e-10,4.24681699315286e-10,NaN,10140.0146194828,10576.4613662376,2.04304202342236,1.0449779660924,391.61745105066,1024,VCVS,LPF
ACTIVE_OTHER_CASCADED_VCVS,1834.62588722883,1834.62588722883,131294.480523408,2.23002566551892e-10,2.23002566551892e-10,5.23213625304059e-12,9882.42353426068,1875.39888198961,2.48807227874714,0.826395854058998,310347.509894979,2695,ACTIVE_OTHER,HPF
MFB_HPF,86094.6815410193,1577.33876200701,NaN,1.34596636711129e-10,6.74273653642108e-10,6.21139557604818e-10,NaN,NaN,-4.61482227775057,0.724509950790032,21103.611935716,2032,MFB,HPF
MFB_BPF,3410.08972803924,30923.1432405292,NaN,4.3006575176039e-10,5.16171297385612e-11,NaN,NaN,NaN,-5681203.4526107,0.931455380341475,104023.403037205,1520,MFB,BPF
MFB_HPF,16690.9641895036,21130817.631146,NaN,4.58799465626157e-11,5.86263925002603e-10,1.05198781324598e-11,NaN,NaN,-0.229291420775796,0.0149783126895574,3412.4738184308,1816,MFB,HPF
MFB_HPF,18348.7244067197,95.4327571696446,NaN,1.1673785300491e-11,1.42507973515121e-10,4.11496348436461e-10,NaN,NaN,-35.2496073762085,0.168396524187189,496667.659773475,2074,MFB,HPF
ACTIVE_OTHER_CASCADED_VCVS,97979.0838507772,97979.0838507772,162302.68917695,6.00151880223484e-10,6.00151880223484e-10,6.17692610914507e-10,9999.73651549089,12398.4629775221,3.21017644164795,0.976910112490112,2147.06982737063,2723,ACTIVE_OTHER,LPF
ACTIVE_OTHER_CASCADED_VCVS,175635.58931196,175635.58931196,103678.955529149,1.23157383927885e-10,1.23157383927885e-10,1.01703721136433e-11,10020.5786171388,5789.70399872941,2.09443795928957,0.650509484972607,79146.8649679471,2112,ACTIVE_OTHER,LPF
ACTIVE_OTHER_CASCADED_VCVS,96300.1995826337,96300.1995826337,8391.05067844781,1.76681336123664e-12,1.76681336123664e-12,3.02903445863809e-12,10249.3270791027,7907.39068739914,4.2992951673255,1.27947846866139,3598608.03061003,2188,ACTIVE_OTHER,BPF
PASSIVE_RLC_BPF,102.156282464074,NaN,NaN,4.11141582305076e-12,NaN,NaN,NaN,NaN,1,10,462316.707444277,215,PASSIVE,BPF
VCVS_LPF,60791.2038549448,60791.2038549448,NaN,3.31423494356246e-12,3.31423494356246e-12,NaN,9816.94023860831,9023.71269214192,1.9191980874706,0.925238925289927,789943.619932703,1148,VCVS,LPF
VCVS_LPF,910101.048132885,910101.048132885,NaN,2.05698004984669e-12,2.05698004984669e-12,NaN,9883.52040241766,9737.31489901483,1.98520714305734,0.985422781761365,85015.9549649102,1310,VCVS,LPF
MFB_LPF,142.160834542188,29785.093217847,243.218385259818,8.01188371219853e-11,1.88335584530801e-10,NaN,NaN,NaN,-1.71086773683536,0.0216763065711922,481380.993247223,1420,MFB,LPF
MFB_BPF,1467.62278059842,1276829.43980314,NaN,2.00279177923791e-10,5.28620218213306e-10,NaN,NaN,NaN,-1288966.96239073,13.1668356929829,11299.4337664578,1801,MFB,BPF
PASSIVE_RC,11159.682481794,NaN,NaN,4.38220902550938e-10,NaN,NaN,NaN,NaN,1,NaN,32544.3202225273,240,PASSIVE,HPF
PASSIVE_RC,179976.87626194,NaN,NaN,2.29216065071383e-12,NaN,NaN,NaN,NaN,1,NaN,385796.576166059,468,PASSIVE,LPF
MFB_BPF,3810.51661058393,419180.693963224,NaN,1.21628174014962e-10,6.43945922148418e-10,NaN,NaN,NaN,-407536.717912814,3.83409852134958,14229.3733281918,1401,MFB,BPF
MFB_HPF,3215.55984465632,213.86458836837,NaN,8.1284575964862e-10,2.29337337342654e-10,2.34758618742364e-10,NaN,NaN,-0.288810781080837,2.4396219825693,827130.884670264,1511,MFB,HPF
ACTIVE_OTHER_CASCADED_VCVS,78250.9984806385,78250.9984806385,16669.0648048149,1.19964529008876e-10,1.19964529008876e-10,1.50641860946169e-10,10016.4232409901,11988.196845647,2.36901335568756,0.882747131663388,40167.9036448049,2312,ACTIVE_OTHER,LPF
PASSIVE_RLC_BSF,7407.13559850647,NaN,NaN,2.90539946689593e-10,NaN,NaN,NaN,NaN,1,0.2,696210.400433665,191,PASSIVE,BSF
MFB_LPF,33053504095.3048,8969.22511886874,114306744347.346,1.02772651923641e-10,1.10700714405675e-11,NaN,NaN,NaN,-3.458233778112,0.000853502804239003,147.364457037166,1476,MFB,LPF
PASSIVE_RC,659007.476843599,NaN,NaN,3.73732847373754e-10,NaN,NaN,NaN,NaN,1,NaN,646.202330608317,151,PASSIVE,HPF
VCVS_BPF,1029.08482131594,1029.08482131594,NaN,6.19881275945502e-11,6.19881275945502e-11,NaN,10079.8378026112,1404.38368369906,1.13932602004124,0.53743966475103,2494941.92404832,1224,VCVS,BPF
MFB_BPF,7032.52440680745,45595319558.2211,NaN,1.8892610296189e-11,1.88098733432808e-11,NaN,NaN,NaN,-7559670.74670978,1273.13209464251,471.48236887626,1921,MFB,BPF
VCVS_HPF,12251.2273603551,12251.2273603551,NaN,5.12494952369117e-12,5.12494952369117e-12,NaN,9968.07816798865,6160.59947228252,1.61803282121789,0.723606186422803,2534842.26436963,1169,VCVS,HPF
PASSIVE_RC,52719.672200641,NaN,NaN,5.34772902794797e-10,NaN,NaN,NaN,NaN,1,NaN,5645.1831578145,677,PASSIVE,LPF
MFB_LPF,13211467983.1784,5865.91292246511,26446555608.7349,4.60933753788156e-11,1.53642607988917e-11,NaN,NaN,NaN,-2.0017878136183,0.000815729895218774,480.167404858169,2061,MFB,LPF
VCVS_BSF,543917.435653265,543917.435653265,NaN,2.45768533175901e-10,2.45768533175901e-10,NaN,9957.92347288257,6639.73668315553,1.6667792438089,1.50050676829162,1190.58627988864,778,VCVS,BSF
ACTIVE_OTHER_CASCADED_VCVS,43533.2521838588,43533.2521838588,7252.59708587951,8.37790071182087e-11,8.37790071182087e-11,3.35909149446637e-10,9939.90373465008,12386.049592838,3.16626394629764,0.977613555879996,54483.3533397631,2754,ACTIVE_OTHER,HPF
MFB_HPF,1072.90213406707,58955.766637792,NaN,1.12513321978985e-11,2.49673593095372e-10,3.40418675241894e-10,NaN,NaN,-30.2558549738205,0.00216161218559625,68641.052990396,1501,MFB,HPF
MFB_BPF,37332.5622315569,764774104.931374,NaN,1.4930700140952e-11,6.74917173254766e-10,NaN,NaN,NaN,-39688.2293183018,20.8273821002291,296.718291322947,1837,MFB,BPF
PASSIVE_RC,46406.2156938658,NaN,NaN,2.66466813985755e-10,NaN,NaN,NaN,NaN,1,NaN,12870.6608952865,56,PASSIVE,HPF
ACTIVE_OTHER_CASCADED_VCVS,16575.2947723404,16575.2947723404,442253.30184021,1.40138571060316e-11,1.40138571060316e-11,2.20800660940036e-12,9936.77692475429,12089.1285303201,2.64981198603409,0.915322751842532,424079.941284103,2408,ACTIVE_OTHER,LPF
VCVS_BPF,1323.40150548528,1323.40150548528,NaN,5.45904162420963e-12,5.45904162420963e-12,NaN,9826.58111184834,1050.14045024993,1.10686732631594,0.528224996536554,22029878.4812184,841,VCVS,BPF
MFB_HPF,7498.71610862126,6630.17415462454,NaN,8.80550466950803e-10,4.26613921328646e-10,6.09460111831927e-11,NaN,NaN,-0.0692135357036814,1.81096044145447,139982.598912119,1840,MFB,HPF
VCVS_LPF,390813.367535711,390813.367535711,NaN,7.40016837511169e-11,7.40016837511169e-11,NaN,9938.21994046405,8000.91671312768,1.80506536996142,0.836865862668752,5503.12173864411,1156,VCVS,LPF
ACTIVE_OTHER_CASCADED_VCVS,789768.016990723,789768.016990723,8209.90255981884,4.28760293919588e-12,4.28760293919588e-12,2.0621934926304e-10,9991.90022212631,3856.68071738529,2.33169100985447,1.19415870909129,70503.1329883276,2737,ACTIVE_OTHER,BSF
PASSIVE_RC,4622.36066848378,NaN,NaN,2.42433374918358e-12,NaN,NaN,NaN,NaN,1,NaN,14202470.4771368,44,PASSIVE,LPF
PASSIVE_RC,7198.07358051621,NaN,NaN,1.22474146389304e-12,NaN,NaN,NaN,NaN,1,NaN,18053417.6216063,663,PASSIVE,LPF
PASSIVE_RC,634234.133711951,NaN,NaN,1.21726708700573e-10,NaN,NaN,NaN,NaN,1,NaN,2061.50617769802,302,PASSIVE,LPF
VCVS_LPF,92035.8608631211,92035.8608631211,NaN,2.60333294485376e-12,2.60333294485376e-12,NaN,10123.7060155348,11761.7167969851,2.16179952074238,1.19303200695576,664252.715369952,1242,VCVS,LPF
PASSIVE_RC,37196.9286108639,NaN,NaN,1.93650551909301e-11,NaN,NaN,NaN,NaN,1,NaN,220950.155401703,665,PASSIVE,LPF
VCVS_BPF,7313.11515813338,7313.11515813338,NaN,1.19574383798023e-10,1.19574383798023e-10,NaN,10211.9771889629,7221.81678398319,1.70719084564628,0.773509374243178,182003.427999329,932,VCVS,BPF
ACTIVE_OTHER_CASCADED_VCVS,790774.187921504,790774.187921504,1048.08285207954,1.43907675098924e-11,1.43907675098924e-11,2.34019811616774e-12,9965.76434367238,11788.3956011595,2.59685066199618,0.88810020347748,32451553.3129698,2613,ACTIVE_OTHER,BPF
ACTIVE_OTHER_CASCADED_VCVS,10837.8036018206,10837.8036018206,127749.405100822,3.31256518024567e-10,3.31256518024567e-10,1.80422098469209e-12,9992.01237420399,7725.7047462798,3.06712847221891,0.801176116433121,367422.078584498,2743,ACTIVE_OTHER,LPF
MFB_LPF,1310341776.90508,58984.9451192519,1821367472.86879,4.50754677662745e-11,7.4567710118085e-11,NaN,NaN,NaN,-1.38999420225364,0.0044241812045711,264.853202818897,1868,MFB,LPF
ACTIVE_OTHER_CASCADED_VCVS,223413.41394451,223413.41394451,16203.8997495676,1.48335443691251e-12,1.48335443691251e-12,1.78108245918992e-11,10012.4054895148,6128.64646067643,2.14146189419166,0.659365974044572,515855.827082222,2500,ACTIVE_OTHER,HPF
ACTIVE_OTHER_CASCADED_VCVS,20755.2490423644,20755.2490423644,43961.4085974223,1.42210425054502e-10,1.42210425054502e-10,4.54905971906805e-12,10174.8870389906,3409.34816519666,1.85958710477198,0.787756313183981,424881.710157539,2353,ACTIVE_OTHER,BSF
ACTIVE_OTHER_CASCADED_VCVS,726179.259543332,726179.259543332,1198.26113569135,3.32396376329502e-10,3.32396376329502e-10,3.11501632669814e-12,9960.9667617813,5365.60400721524,2.08264965336421,0.64583519049627,21319894.474418,2724,ACTIVE_OTHER,LPF
ACTIVE_OTHER_CASCADED_VCVS,36604.9425131528,36604.9425131528,1036.4029021071,2.59184395841024e-10,2.59184395841024e-10,1.48207215898139e-10,10269.1343717737,7071.47638612161,2.40331114906206,1.23632279807573,526462.114594396,2676,ACTIVE_OTHER,BSF
PASSIVE_RC,29801.6805317627,NaN,NaN,4.51810134611814e-12,NaN,NaN,NaN,NaN,1,NaN,1182016.14452463,433,PASSIVE,HPF
PASSIVE_RLC_BSF,464.42575072455,NaN,NaN,1.12763217889337e-10,NaN,NaN,NaN,NaN,1,10,244.413286030376,459,PASSIVE,BSF
ACTIVE_OTHER_CASCADED_VCVS,62919.0316649653,62919.0316649653,178308.722049557,5.9624466121735e-10,5.9624466121735e-10,8.5509352835381e-10,10177.2295593443,7974.29132258156,2.17921227945388,0.692219871188471,2643.1296779903,2377,ACTIVE_OTHER,LPF
MFB_HPF,5571.88042701303,177296791.871532,NaN,1.20917952788855e-10,4.42202516717565e-10,8.64572190205956e-11,NaN,NaN,-0.715007300624461,0.00236004408493929,818.950331690998,1521,MFB,HPF
VCVS_BSF,23133.4783913263,23133.4783913263,NaN,5.7856815243368e-12,5.7856815243368e-12,NaN,9726.75638473581,4320.29299870707,1.44416584808137,0.899548900106443,1189117.22089342,795,VCVS,BSF
VCVS_HPF,2316.98072177596,2316.98072177596,NaN,5.05888300206811e-12,5.05888300206811e-12,NaN,9680.48555826218,7623.53287456569,1.78751554647578,0.824752842886674,13578227.3419573,1352,VCVS,HPF
ACTIVE_OTHER_CASCADED_VCVS,656624.671654136,656624.671654136,92889.4618028332,2.52131139505493e-11,2.52131139505493e-11,7.60920225483794e-11,9987.36132749992,12438.5360233281,4.83117290880192,1.25194403264598,16065.2982045454,2534,ACTIVE_OTHER,HPF
ACTIVE_OTHER_CASCADED_VCVS,18533.0782428668,18533.0782428668,44131.8350734676,5.80014529268694e-10,5.80014529268694e-10,7.47060205617802e-10,9891.59325964167,2636.32431504512,1.57380746557612,0.572952153063768,9816.62690814159,2215,ACTIVE_OTHER,LPF
VCVS_BSF,260904.464928263,260904.464928263,NaN,4.96901886854503e-10,4.96901886854503e-10,NaN,10288.4595018944,599.716672107396,1.05829023013571,0.53094914802897,1227.63136113721,969,VCVS,BSF
VCVS_BPF,707637.693480566,707637.693480566,NaN,1.84125194368396e-12,1.84125194368396e-12,NaN,10249.3378372002,1149.81705252555,1.11218452067725,0.529712787585972,122150.698587895,809,VCVS,BPF
MFB_BPF,40951.9733411392,802.956158645281,NaN,5.26761196770206e-10,2.70227939298363e-11,NaN,NaN,NaN,-903638.896948538,0.0301675551790738,232629.499037595,1723,MFB,BPF
PASSIVE_RLC_BPF,84.2596294672515,NaN,NaN,2.09861259001093e-12,NaN,NaN,NaN,NaN,1,10,6265.61296672225,577,PASSIVE,BPF
MFB_LPF,604569720.898031,10493.2689479235,717770058.505208,4.8927959742127e-11,1.02551552036308e-09,NaN,NaN,NaN,-1.18724116292002,0.000835134222725307,258.894240289265,1783,MFB,LPF
PASSIVE_RC,689640.578191674,NaN,NaN,2.8093440146355e-12,NaN,NaN,NaN,NaN,1,NaN,82147.1311276326,282,PASSIVE,HPF
ACTIVE_OTHER_CASCADED_VCVS,636194.96519201,636194.96519201,14029.4365438666,7.04086600666441e-12,7.04086600666441e-12,3.88269513016376e-10,9761.37389449309,7003.83128291892,3.88357661142759,1.06661414697863,32374.2221952892,2288,ACTIVE_OTHER,BPF
PASSIVE_RC,89760.1146644891,NaN,NaN,5.2493431144293e-11,NaN,NaN,NaN,NaN,1,NaN,33777.8320771775,523,PASSIVE,HPF
MFB_LPF,91613.6902748182,81077.8953427573,177562.658075053,3.58409825618959e-11,1.61960088465374e-11,NaN,NaN,NaN,-1.93816729292761,0.429285473469561,55055.2987100666,1624,MFB,LPF
VCVS_BPF,7273.98274314,7273.98274314,NaN,3.42511803743109e-10,3.42511803743109e-10,NaN,9932.00149618128,13950.6821600867,2.40461941789382,1.6795979413075,63881.0906617601,919,VCVS,BPF
MFB_BPF,4007.87854111988,21405.9643967093,NaN,8.37582539809486e-11,1.39096095579441e-10,NaN,NaN,NaN,-1793785.49843453,1.11933552173409,159193.077620118,2016,MFB,BPF
MFB_BPF,4765.97107133782,21116074.1133354,NaN,6.37049658197099e-10,2.73580937131304e-11,NaN,NaN,NaN,-7669424.30101053,13.2259159025249,3800.21599822118,1459,MFB,BPF
VCVS_LPF,13908.4948226383,13908.4948226383,NaN,1.95107864120366e-10,1.95107864120366e-10,NaN,10013.588923473,4061.73163963678,1.40562196737631,0.627203824650302,58649.6228641299,1371,VCVS,LPF
PASSIVE_RLC_BSF,281.956479672948,NaN,NaN,1.41329516967594e-12,NaN,NaN,NaN,NaN,1,10,272991.936729267,578,PASSIVE,BSF
VCVS_BPF,69190.8712573058,69190.8712573058,NaN,1.4308275941316e-12,1.4308275941316e-12,NaN,10105.3205985369,750.953729481478,1.0743127070694,0.519295112800041,1607622.31248897,876,VCVS,BPF
ACTIVE_OTHER_CASCADED_VCVS,305816.486926588,305816.486926588,37830.4683060173,2.09885394640858e-11,2.09885394640858e-11,7.7543934895303e-11,10103.6382353269,3755.09732154334,1.44944477094556,0.662902320793033,39524.7944610316,2516,ACTIVE_OTHER,BSF
MFB_BPF,6429.46290801099,262684.391385565,NaN,9.9452281998014e-12,9.93909266402623e-11,NaN,NaN,NaN,-1564871.08232991,1.83800520155114,123178.497931712,1712,MFB,BPF
PASSIVE_RLC_BSF,780.627781680288,NaN,NaN,5.20142270293739e-10,NaN,NaN,NaN,NaN,1,10,3942.67776362416,16,PASSIVE,BSF
ACTIVE_OTHER_CASCADED_VCVS,4781.75434031406,4781.75434031406,4875.31149783567,2.05464567676416e-10,2.05464567676416e-10,5.5020967577897e-11,10129.7197864511,2430.92627612933,2.64882185436118,0.862913097723193,377656.817339035,2138,ACTIVE_OTHER,LPF
MFB_HPF,88534.8298019869,1618430.87683747,NaN,4.52980689056734e-11,3.66261708571239e-10,5.70158562796603e-10,NaN,NaN,-12.5868183030909,0.00864969347260949,920.073222915991,1901,MFB,HPF
ACTIVE_OTHER_CASCADED_VCVS,10334.5837934606,10334.5837934606,15373.1797826923,3.02459957641059e-11,3.02459957641059e-11,3.20745411633219e-10,9766.07541947002,7718.32500421906,2.9922167112724,0.789648807125662,270721.521324347,2747,ACTIVE_OTHER,HPF
MFB_BPF,10243.3073877732,31581082.3842752,NaN,8.99818581390299e-11,1.22107915059937e-10,NaN,NaN,NaN,-799495.417054809,27.4424613613187,2669.54432990208,1656,MFB,BPF
ACTIVE_OTHER_CASCADED_VCVS,3574.53323328077,3574.53323328077,58215.7900822764,3.42568350043273e-11,3.42568350043273e-11,5.18421346039817e-10,9894.07072173331,11900.796425239,5.25054431288105,1.43831363408429,652502.353236693,2289,ACTIVE_OTHER,LPF
ACTIVE_OTHER_CASCADED_VCVS,1527.48187672074,1527.48187672074,1238.34795856031,1.88029125061919e-12,1.88029125061919e-12,1.85198154539633e-12,10212.6000384444,8369.14423716978,2.03848457077563,0.689554747680698,62405471.2910996,2730,ACTIVE_OTHER,HPF
MFB_HPF,2517.1718811663,3324.42893890563,NaN,4.62731851221709e-11,1.17763275628758e-11,5.03366168986304e-10,NaN,NaN,-10.8781396322149,0.0109699763332828,714592.112714615,1477,MFB,HPF
MFB_LPF,190696.993290479,4403.6135435335,584067.762935312,8.18626641155638e-11,2.95488282565359e-10,NaN,NaN,NaN,-3.06280530624639,0.0443447554323032,20177.6621059176,1599,MFB,LPF
MFB_HPF,95811.4871677082,293.92915647615,NaN,7.91355882751205e-11,7.45352589604357e-11,5.18215236133841e-10,NaN,NaN,-6.54844738541943,0.806472270684727,152599.825049551,1643,MFB,HPF
VCVS_LPF,89018.0373257251,89018.0373257251,NaN,2.31003618054047e-10,2.31003618054047e-10,NaN,10181.7747154549,6244.0359921266,1.61325615294245,0.72111370973222,7739.68588004785,1254,VCVS,LPF
MFB_BPF,4588.80311414173,47391949.0881414,NaN,1.08719203702782e-10,1.33068417197074e-10,NaN,NaN,NaN,-1637666.94976993,50.554420670153,2837.44536103427,1821,MFB,BPF
VCVS_BSF,44428.7226262357,44428.7226262357,NaN,1.4065213804824e-12,1.4065213804824e-12,NaN,10248.7346086254,2974.68644852014,1.29024914412523,0.704472556618122,2546888.69920964,1023,VCVS,BSF
MFB_BPF,31701.4280705841,262658.92550809,NaN,2.70543793425211e-11,1.43626551314578e-10,NaN,NaN,NaN,-219627.35983647,1.05125438420774,27980.0497817387,1739,MFB,BPF
MFB_HPF,23529.4170163854,11524286538.5632,NaN,1.50702961930918e-11,1.18924136703815e-11,1.89962888387541e-11,NaN,NaN,-1.2605119763646,0.000370723751092917,643.040221236667,1746,MFB,HPF
MFB_LPF,661.378749704443,4045.02366196015,2319.80478769854,2.65788972467235e-10,5.46709679998214e-11,NaN,NaN,NaN,-3.50752846040974,0.328627574050157,431009.673365802,1933,MFB,LPF
VCVS_BSF,2342.12382326125,2342.12382326125,NaN,2.49942102224964e-12,2.49942102224964e-12,NaN,10082.5265673621,7270.00150141479,1.72104957550505,1.79243319276269,27187599.3775186,1302,VCVS,BSF
MFB_BPF,16107.3014506012,1610.13671990739,NaN,1.3717866613265e-11,1.07645567706383e-10,NaN,NaN,NaN,-576741.311729814,0.100109084651942,813272.330954561,1824,MFB,BPF
VCVS_BPF,41447.7839507236,41447.7839507236,NaN,1.15181360796959e-12,1.15181360796959e-12,NaN,10068.8061461251,2439.10629336873,1.24224384281223,0.568907123955064,3333777.49872516,881,VCVS,BPF
MFB_HPF,20259.4422419311,854755.044631267,NaN,2.58906662889763e-11,5.52558333099547e-11,3.71315956148657e-11,NaN,NaN,-1.43416917897843,0.0411101509620471,26700.8250078977,1452,MFB,HPF
VCVS_BPF,186764.47250094,186764.47250094,NaN,1.42132799923653e-10,1.42132799923653e-10,NaN,10219.2339034889,7342.88451092759,1.7185357121947,0.780357290886857,5995.5848654338,915,VCVS,BPF
VCVS_LPF,310840.923051977,310840.923051977,NaN,4.65429298303895e-10,4.65429298303895e-10,NaN,10155.4920510997,1716.71723762675,1.16904323581651,0.546162541662172,1100.09001672109,828,VCVS,LPF
ACTIVE_OTHER_CASCADED_VCVS,18126.085171755,18126.085171755,75296.2952725571,4.93934543311667e-11,4.93934543311667e-11,2.14118901318771e-10,10029.4557761379,6611.17290625984,2.37118725949678,0.691201046391305,93818.4389292802,2195,ACTIVE_OTHER,BPF
VCVS_BSF,76673.1853322138,76673.1853322138,NaN,9.30810965935197e-10,9.30810965935197e-10,NaN,10356.2815451845,7093.30349373807,1.68492764152751,1.58693705288543,2230.05274194655,1261,VCVS,BSF
PASSIVE_RLC_BPF,1541.61205796804,NaN,NaN,2.39670583500617e-11,NaN,NaN,NaN,NaN,1,10,402811.904947493,160,PASSIVE,BPF
ACTIVE_OTHER_CASCADED_VCVS,424967.253263216,424967.253263216,1277.78466064007,1.60091920088346e-10,1.60091920088346e-10,2.45554695647182e-10,10117.02747182,8632.17768009487,3.46130455328294,0.877591930730684,254790.097993493,2642,ACTIVE_OTHER,BPF
VCVS_HPF,1367.31296221865,1367.31296221865,NaN,2.56830085080836e-12,2.56830085080836e-12,NaN,10175.3913041127,8826.21382373448,1.86740780378315,0.882930328621594,45321711.8258642,1187,VCVS,HPF
ACTIVE_OTHER_CASCADED_VCVS,119108.753415284,119108.753415284,1440.12592308541,1.74922103912404e-11,1.74922103912404e-11,8.30434661861979e-11,10061.5912321632,1109.73956307665,1.55358754215303,0.576946462338204,703596.732393683,2196,ACTIVE_OTHER,LPF
PASSIVE_RC,234840.57207373,NaN,NaN,7.07350464265714e-12,NaN,NaN,NaN,NaN,1,NaN,95810.3350886376,72,PASSIVE,HPF
ACTIVE_OTHER_CASCADED_VCVS,14661.4859687053,14661.4859687053,841351.59811254,3.16342083054844e-12,3.16342083054844e-12,1.00736779823349e-09,10285.346136613,14009.4668895977,3.00866569764504,1.07344042236534,1715848.51057723,2383,ACTIVE_OTHER,HPF
MFB_HPF,5421.97984745129,147450289.813309,NaN,7.21482230876295e-11,1.00462946338601e-10,1.44755529103989e-11,NaN,NaN,-0.200636305246454,0.00616061660639106,4667.64513708139,1914,MFB,HPF
VCVS_HPF,1091.80139739804,1091.80139739804,NaN,4.44789638897598e-12,4.44789638897598e-12,NaN,9967.88184989863,5956.16670147472,1.59753584474271,0.713030701177918,32773424.5378394,1101,VCVS,HPF
ACTIVE_OTHER_CASCADED_VCVS,35904.3317443972,35904.3317443972,15792.6950185647,2.05103853805283e-11,2.05103853805283e-11,7.95872673523399e-12,10035.8025828817,12680.0948198629,4.53727822645329,1.18116070297938,741187.332701602,2693,ACTIVE_OTHER,BPF
VCVS_BPF,23102.1871885221,23102.1871885221,NaN,9.94852080278774e-12,9.94852080278774e-12,NaN,9612.4246847599,12479.9563525901,2.29831512462996,1.42514116393436,692482.050549134,1039,VCVS,BPF
ACTIVE_OTHER_CASCADED_VCVS,292464.086236545,292464.086236545,1527.18040852275,6.30854712382565e-12,6.30854712382565e-12,5.93870984807071e-11,9759.5277565789,4168.76631415696,1.9534625182476,0.624414351582714,920551.185850012,2680,ACTIVE_OTHER,LPF
VCVS_BSF,3556.4771253297,3556.4771253297,NaN,2.83972342791478e-12,2.83972342791478e-12,NaN,10110.5000240709,5788.74842439019,1.57254818363171,1.1697224829879,15758833.517458,1029,VCVS,BSF
PASSIVE_RLC_BSF,34.9404915873502,NaN,NaN,5.89859476627484e-11,NaN,NaN,NaN,NaN,1,10,480194.839549727,33,PASSIVE,BSF
MFB_HPF,2270.09439830136,2171488201.72029,NaN,1.68214811448486e-11,1.86541976054291e-11,6.20434054705383e-10,NaN,NaN,-36.883437871069,4.54677906392398e-06,666.320746800449,1869,MFB,HPF
VCVS_LPF,3063.12644124432,3063.12644124432,NaN,7.52800221569778e-10,7.52800221569778e-10,NaN,9939.58853917728,8638.72570472903,1.86912306990165,0.884269519861045,69020.0817259723,1247,VCVS,LPF
ACTIVE_OTHER_CASCADED_VCVS,135321.501370988,135321.501370988,41629.197821184,1.46442208821082e-12,1.46442208821082e-12,1.29944800147635e-10,10036.0382694022,8352.85959606858,3.36788814407661,0.858509240017967,416276.808592453,2395,ACTIVE_OTHER,BPF
ACTIVE_OTHER_CASCADED_VCVS,21926.1579294064,21926.1579294064,221447.812321843,8.57510606293548e-10,8.57510606293548e-10,1.81261603016123e-11,10177.0337941386,3691.4068527078,2.09920042130328,0.64795565765444,24057.4012082586,2654,ACTIVE_OTHER,HPF
VCVS_HPF,63370.880344893,63370.880344893,NaN,1.76812401498872e-10,1.76812401498872e-10,NaN,10088.9389916453,6988.82733608366,1.69272173633631,0.764948081671203,14204.2290999748,909,VCVS,HPF
PASSIVE_RLC_BPF,175.073082143213,NaN,NaN,1.0758254598448e-12,NaN,NaN,NaN,NaN,1,10,13106.8244734468,330,PASSIVE,BPF
MFB_LPF,10587.293128352,69995.4870699126,10927.0317881829,7.42640807376039e-10,4.10133562759076e-11,NaN,NaN,NaN,-1.03208928436307,0.768344272305355,32974.783155352,1961,MFB,LPF
PASSIVE_RLC_BPF,149.69371450356,NaN,NaN,3.26800698466119e-10,NaN,NaN,NaN,NaN,1,10,9940.0292137565,212,PASSIVE,BPF
PASSIVE_RLC_BPF,8231.80383426029,NaN,NaN,2.30358655181044e-10,NaN,NaN,NaN,NaN,1,10,1810.05060137291,252,PASSIVE,BPF
VCVS_HPF,790595.347974081,790595.347974081,NaN,2.3029054487599e-12,2.3029054487599e-12,NaN,9755.88926038093,3790.37873002938,1.38852211509024,0.62054838565532,87415.7664510562,1174,VCVS,HPF
PASSIVE_RLC_BPF,2683.36914831753,NaN,NaN,3.74830634986076e-10,NaN,NaN,NaN,NaN,1,3.46372383879509,45683.7106508157,359,PASSIVE,BPF
PASSIVE_RLC_BSF,15.7154575368711,NaN,NaN,2.43048511453853e-11,NaN,NaN,NaN,NaN,1,10,3923.15004897575,272,PASSIVE,BSF
ACTIVE_OTHER_CASCADED_VCVS,1582.29803462624,1582.29803462624,261747.308115713,4.2555399985932e-12,4.2555399985932e-12,8.0854913245006e-12,9946.18259413191,2654.98980730486,2.53557342008379,0.789179017338995,11855687.8470296,2166,ACTIVE_OTHER,BPF
VCVS_BSF,509702.247078562,509702.247078562,NaN,1.25232770234178e-10,1.25232770234178e-10,NaN,9826.24551441022,4887.18450949396,1.49736030942102,0.994748344334007,2493.36348980622,1050,VCVS,BSF
ACTIVE_OTHER_CASCADED_VCVS,7518.44972750955,7518.44972750955,747193.976911393,1.89281101858812e-12,1.89281101858812e-12,1.4253861701879e-12,9994.96752755902,7007.71438520715,2.28144077747013,0.686359574018812,5666555.81839283,2795,ACTIVE_OTHER,BPF
MFB_BPF,37840.8976990679,416909560.895531,NaN,4.20560816981584e-11,3.91125309841194e-10,NaN,NaN,NaN,-67565.1350528029,31.0772644895526,312.425249265221,1836,MFB,BPF
ACTIVE_OTHER_CASCADED_VCVS,226791.410876829,226791.410876829,33001.8678576599,6.60578915553518e-11,6.60578915553518e-11,1.41971747394646e-12,9861.78370278034,10859.4329639169,4.08776998582741,1.03042366532768,1703749.7229453,2268,ACTIVE_OTHER,HPF
PASSIVE_RC,44012.7860686429,NaN,NaN,2.58637890413334e-12,NaN,NaN,NaN,NaN,1,NaN,1398135.04444645,325,PASSIVE,HPF
VCVS_LPF,89944.8974618315,89944.8974618315,NaN,3.07210298071909e-10,3.07210298071909e-10,NaN,9861.45799360163,6110.70381009061,1.61965520859648,0.724456676496897,5759.80566872126,1068,VCVS,LPF
ACTIVE_OTHER_CASCADED_VCVS,1015005.19693202,1015005.19693202,33426.5305557903,9.30553554598968e-12,9.30553554598968e-12,4.13967610363314e-10,10273.0813927318,12324.486575695,4.35097218462072,1.11399061063338,14176.0611176099,2318,ACTIVE_OTHER,HPF
PASSIVE_RC,19989.4986403736,NaN,NaN,5.93845932334812e-11,NaN,NaN,NaN,NaN,1,NaN,134073.962190833,109,PASSIVE,LPF
VCVS_BPF,12602.5984348857,12602.5984348857,NaN,1.03718732075921e-10,1.03718732075921e-10,NaN,9696.62317485524,13617.9606014958,2.40440237347876,1.67898587145283,121759.493923713,994,VCVS,BPF
VCVS_LPF,26935.9313057456,26935.9313057456,NaN,2.00588698348506e-12,2.00588698348506e-12,NaN,10033.8548425415,4591.31126364281,1.45758198974302,0.648332678528172,2945653.6127186,1034,VCVS,LPF
PASSIVE_RC,425174.715559704,NaN,NaN,1.9342306890646e-12,NaN,NaN,NaN,NaN,1,NaN,193528.277928151,256,PASSIVE,LPF
VCVS_BSF,1608.95131007278,1608.95131007278,NaN,1.97227976542192e-10,1.97227976542192e-10,NaN,9892.96584207853,5024.80048624137,1.50791649000434,1.0160876961807,501543.620664727,1267,VCVS,BSF
VCVS_LPF,784663.83886816,784663.83886816,NaN,1.68497203730767e-11,1.68497203730767e-11,NaN,9972.4020158509,2375.58228769085,1.23821565595881,0.567606360779772,12037.7077391342,1172,VCVS,LPF
ACTIVE_OTHER_CASCADED_VCVS,5295.09052435157,5295.09052435157,89633.6590335285,5.87869853994962e-12,5.87869853994962e-12,9.76867765102762e-13,9952.94535415653,5698.42237520877,2.94423754908771,0.793646396886839,3465270.92781606,2103,ACTIVE_OTHER,LPF
MFB_LPF,764.458850896551,85032.7177246707,1514.788983189,7.63282177296643e-11,1.06577921086025e-10,NaN,NaN,NaN,-1.98151801292177,0.0376588806525453,155480.113738143,2045,MFB,LPF
PASSIVE_RC,166412.952436455,NaN,NaN,1.95072893718257e-10,NaN,NaN,NaN,NaN,1,NaN,4902.70858274521,570,PASSIVE,HPF
ACTIVE_OTHER_CASCADED_VCVS,44001.57293446,44001.57293446,241261.632347468,7.54871103750317e-11,7.54871103750317e-11,2.07204219527464e-12,10373.4331180152,6912.21291338323,2.24118836725766,1.13092798456911,183143.338075509,2540,ACTIVE_OTHER,BSF
MFB_HPF,7021.72577091599,580856.223991092,NaN,1.04621245950567e-10,3.95991870438138e-11,7.55470424582061e-11,NaN,NaN,-0.722100389570031,0.037894700462275,45562.9680710928,1713,MFB,HPF
ACTIVE_OTHER_CASCADED_VCVS,125776.919256892,125776.919256892,9276.93015255927,1.02619872907183e-11,1.02619872907183e-11,1.0441036857664e-11,10113.0110991806,4532.13387108337,2.67120379662438,0.754933085540326,883219.046949474,2751,ACTIVE_OTHER,BPF
PASSIVE_RC,10657.4164131317,NaN,NaN,1.37549195853829e-10,NaN,NaN,NaN,NaN,1,NaN,108570.075733039,409,PASSIVE,LPF
MFB_BPF,3767.87149989875,233249037.654817,NaN,2.80211510614576e-11,2.46512418376232e-10,NaN,NaN,NaN,-1076626.62215167,75.3232098396132,2042.67734827153,1605,MFB,BPF
MFB_HPF,81491.7229898404,1157.90698221522,NaN,7.29568776705786e-11,1.07063616269562e-10,3.83262838771111e-11,NaN,NaN,-0.525327907399838,4.68502555174557,255774.494451044,1441,MFB,HPF
ACTIVE_OTHER_CASCADED_VCVS,35042.8729348186,35042.8729348186,9768.30585186617,2.47504620481365e-12,2.47504620481365e-12,9.5097755689088e-11,10175.0464436076,13716.3701335969,4.00741431397586,1.1535280068023,1003166.66229584,2317,ACTIVE_OTHER,LPF
MFB_LPF,10091.1778164352,70837.0417230571,10018.9502926397,8.91921255236439e-10,2.23051264746541e-10,NaN,NaN,NaN,-0.992842508068989,0.352363245641324,13394.0899377931,1936,MFB,LPF
VCVS_BPF,8015.63186163379,8015.63186163379,NaN,3.22306094658975e-10,3.22306094658975e-10,NaN,9808.45079554977,6360.59073574642,1.64848066920337,0.739908025888587,61604.7005448753,771,VCVS,BPF
PASSIVE_RC,25445.6001251024,NaN,NaN,7.94102049086093e-10,NaN,NaN,NaN,NaN,1,NaN,7876.46081887987,78,PASSIVE,HPF
PASSIVE_RC,2513.89010725865,NaN,NaN,2.29165695781758e-10,NaN,NaN,NaN,NaN,1,NaN,276263.961349034,144,PASSIVE,HPF
MFB_BPF,22723.9476271467,2336.27178851897,NaN,4.20202965546516e-10,8.46166147826806e-11,NaN,NaN,NaN,-520068.52848961,0.119768050638917,115840.168225686,1607,MFB,BPF
ACTIVE_OTHER_CASCADED_VCVS,1517.03723774624,1517.03723774624,236024.456648876,1.82223988134244e-12,1.82223988134244e-12,2.30584534446551e-11,9940.51581668901,937.900775705474,1.89087478917302,0.655413221840364,28801087.5954453,2102,ACTIVE_OTHER,BPF
PASSIVE_RC,6139.37762187326,NaN,NaN,9.26221185157881e-11,NaN,NaN,NaN,NaN,1,NaN,279885.934968874,370,PASSIVE,LPF
ACTIVE_OTHER_CASCADED_VCVS,514722.20067565,514722.20067565,59997.744977371,9.50319262291488e-12,9.50319262291488e-12,3.31764177138956e-11,10208.1045099166,11398.0493288569,4.54354559003693,1.15190536955126,56246.9356167947,2766,ACTIVE_OTHER,LPF
VCVS_BSF,1572.98102578773,1572.98102578773,NaN,1.69557679082165e-10,1.69557679082165e-10,NaN,9902.52516796336,4487.30007521812,1.45314705078816,0.914322581089911,596731.803140161,912,VCVS,BSF
MFB_BPF,9070.30315704654,4961510.9334475,NaN,2.48674132603707e-10,8.93869304108986e-11,NaN,NaN,NaN,-1233400.65181166,10.3146201699083,5032.10780019104,1891,MFB,BPF
VCVS_HPF,505661.722644995,505661.722644995,NaN,7.11834843051429e-11,7.11834843051429e-11,NaN,9896.35077628971,8310.36768097236,1.83974061437705,0.861876242839525,4421.61382687732,710,VCVS,HPF
PASSIVE_RC,203830.071398976,NaN,NaN,1.09649572397798e-12,NaN,NaN,NaN,NaN,1,NaN,712106.471606358,558,PASSIVE,LPF
PASSIVE_RC,25782.1818197563,NaN,NaN,1.11479311049397e-12,NaN,NaN,NaN,NaN,1,NaN,5537403.72829351,41,PASSIVE,LPF
PASSIVE_RLC_BSF,62.1413452375344,NaN,NaN,4.43060277462458e-12,NaN,NaN,NaN,NaN,1,10,1580.7880637962,187,PASSIVE,BSF
MFB_BPF,37212.7396322921,19253.4504116252,NaN,6.08142248298151e-11,3.83759110553599e-11,NaN,NaN,NaN,-700244.420049723,0.350325632774355,123080.169873677,1727,MFB,BPF
VCVS_LPF,99719.676154838,99719.676154838,NaN,2.50492074342976e-10,2.50492074342976e-10,NaN,10086.8393615268,8339.21814322271,1.82674243579511,0.852327767158014,6371.55275053209,1117,VCVS,LPF
VCVS_HPF,97185.2894580196,97185.2894580196,NaN,3.83255681404022e-11,3.83255681404022e-11,NaN,10008.0467717835,9576.63196064527,1.95689320593959,0.958674610973805,42729.8135260871,1084,VCVS,HPF
VCVS_BPF,50765.7060304697,50765.7060304697,NaN,1.48331616207731e-12,1.48331616207731e-12,NaN,10113.8913007524,7476.13096164292,1.73919431594907,0.793143632401013,2113566.770232,1281,VCVS,BPF
MFB_BPF,17106.0109117786,217285.084596107,NaN,4.60318967300923e-10,9.17350087717487e-11,NaN,NaN,NaN,-637259.250519783,1.3266489930994,12703.8048300453,1478,MFB,BPF
PASSIVE_RLC_BPF,39.3404145545262,NaN,NaN,1.0989915156104e-12,NaN,NaN,NaN,NaN,1,10,289.747098128186,482,PASSIVE,BPF
ACTIVE_OTHER_CASCADED_VCVS,33959.7584567275,33959.7584567275,531028.858391844,4.03619886420345e-10,4.03619886420345e-10,8.45024400086414e-11,9915.08442374087,3414.91822603092,2.1458603878266,1.00034724340395,7579.06247817737,2260,ACTIVE_OTHER,BSF
VCVS_HPF,986561.074576317,986561.074576317,NaN,5.40886838656754e-12,5.40886838656754e-12,NaN,9875.26617194811,2221.72685015848,1.22497893337494,0.563373595278703,29825.6379447576,1288,VCVS,HPF
PASSIVE_RC,221756.553501229,NaN,NaN,7.74252935761245e-12,NaN,NaN,NaN,NaN,1,NaN,92695.960228219,303,PASSIVE,HPF
VCVS_BPF,33252.178354804,33252.178354804,NaN,1.93343193245091e-11,1.93343193245091e-11,NaN,9733.78038546624,6316.92010570848,1.64896883385005,0.740175374969113,247554.681274165,960,VCVS,BPF
PASSIVE_RC,1604.75323468663,NaN,NaN,1.99595152613106e-11,NaN,NaN,NaN,NaN,1,NaN,4968918.59834428,195,PASSIVE,HPF
ACTIVE_OTHER_CASCADED_VCVS,14344.818361887,14344.818361887,4427.23039007679,4.18165100822739e-10,4.18165100822739e-10,2.24280741135979e-11,9991.89803776964,13666.9216499594,3.52285975773806,1.12153777812447,814697.026016137,2735,ACTIVE_OTHER,LPF
VCVS_BPF,6088.39342678418,6088.39342678418,NaN,2.05710680188628e-11,2.05710680188628e-11,NaN,10251.4675835844,6997.79192500325,1.68261367145215,0.759078774638794,1270751.35961212,1189,VCVS,BPF
PASSIVE_RLC_BSF,9487.63813426607,NaN,NaN,5.48059386943481e-12,NaN,NaN,NaN,NaN,1,10,120.578639507241,230,PASSIVE,BSF
PASSIVE_RC,61287.3510223876,NaN,NaN,5.04389967978185e-11,NaN,NaN,NaN,NaN,1,NaN,51485.2517824706,46,PASSIVE,LPF
ACTIVE_OTHER_CASCADED_VCVS,2641.64148265233,2641.64148265233,769753.432034021,1.29973580248605e-11,1.29973580248605e-11,7.24670791626098e-12,9978.90416817461,2470.33615811488,1.93227694301366,0.629870127954567,2331986.97144854,2659,ACTIVE_OTHER,HPF
MFB_BPF,23282.4701886127,969152017.59629,NaN,1.28226116237949e-11,1.05994677533539e-10,NaN,NaN,NaN,-405216.281138931,63.3041319378817,908.823144804933,1730,MFB,BPF
ACTIVE_OTHER_CASCADED_VCVS,1511.36876649824,1511.36876649824,186103.392885305,6.75632770276567e-11,6.75632770276567e-11,8.08700858539787e-11,9878.18678226279,7028.97114609498,2.02600556183183,1.17301184467284,784595.205535537,2203,ACTIVE_OTHER,BSF
ACTIVE_OTHER_CASCADED_VCVS,564898.388530457,564898.388530457,41055.9616198775,7.97467556151405e-12,7.97467556151405e-12,1.05151340113403e-12,10244.7865792277,3958.78613038998,2.09514670177184,0.91889320605379,1860977.76036383,2498,ACTIVE_OTHER,BSF
PASSIVE_RC,275244.265483734,NaN,NaN,1.33434608641403e-12,NaN,NaN,NaN,NaN,1,NaN,433344.576873812,422,PASSIVE,LPF
VCVS_BSF,686952.576831614,686952.576831614,NaN,6.9851329158531e-12,6.9851329158531e-12,NaN,9966.56040574086,5475.95677980851,1.54943295950469,1.10971277315436,33167.9553590921,723,VCVS,BSF
VCVS_HPF,204552.798485237,204552.798485237,NaN,6.87811092100071e-11,6.87811092100071e-11,NaN,10251.0371107096,8255.37548328234,1.80532100256058,0.837044931854766,11312.1597846999,879,VCVS,HPF
ACTIVE_OTHER_CASCADED_VCVS,1199.51957084433,1199.51957084433,182294.927124906,2.22505286199957e-12,2.22505286199957e-12,1.40259429173886e-12,9840.34955559345,5223.1550570244,2.70113178620177,0.745024768198148,30126756.7092913,2403,ACTIVE_OTHER,BPF
PASSIVE_RLC_BSF,358.824786421227,NaN,NaN,5.61183317028733e-11,NaN,NaN,NaN,NaN,1,10,1839.22820144225,567,PASSIVE,BSF
ACTIVE_OTHER_CASCADED_VCVS,9867.14502830742,9867.14502830742,1647.25820335332,1.03656525016383e-11,1.03656525016383e-11,6.33256928188518e-10,9868.64684039433,1501.58987525441,1.78139422233035,0.845693865637072,854326.739879793,2399,ACTIVE_OTHER,BSF
MFB_HPF,7966.78837448468,5086.50496483583,NaN,7.6851136896098e-10,2.98973236968383e-11,3.24208138553973e-11,NaN,NaN,-0.042186511696281,1.1116664253359,803046.403974839,1804,MFB,HPF
VCVS_HPF,68655.2183020757,68655.2183020757,NaN,2.42886458271879e-10,2.42886458271879e-10,NaN,9808.62693944634,4458.64258668914,1.45456337713878,0.647066327539592,9544.2823162551,1018,VCVS,HPF
PASSIVE_RC,980553.270613489,NaN,NaN,1.0738695573763e-10,NaN,NaN,NaN,NaN,1,NaN,1511.46260952854,51,PASSIVE,HPF
VCVS_BPF,121743.42081798,121743.42081798,NaN,1.30906582472687e-12,1.30906582472687e-12,NaN,10062.3887750711,11248.6684350648,2.11789244944825,1.13364861163982,998649.631162841,756,VCVS,BPF
ACTIVE_OTHER_CASCADED_VCVS,338218.821262324,338218.821262324,7405.63902844241,1.16097616568176e-10,1.16097616568176e-10,6.89883404997733e-11,9915.95482829764,5851.36810695138,2.465447099893,1.16607503994677,157785.155739902,2740,ACTIVE_OTHER,BSF
VCVS_BPF,414552.96044909,414552.96044909,NaN,1.37868967615708e-11,1.37868967615708e-11,NaN,10164.65027638,9473.68356986654,1.93202257945666,0.936349384138895,27846.6904532861,1135,VCVS,BPF
ACTIVE_OTHER_CASCADED_VCVS,147673.239594256,147673.239594256,46126.1119685215,3.32932828100897e-11,3.32932828100897e-11,1.91248703688969e-11,9882.5937257025,3244.08894325266,2.41698596272704,0.722696600663612,106393.652960038,2228,ACTIVE_OTHER,LPF
ACTIVE_OTHER_CASCADED_VCVS,10085.5394104053,10085.5394104053,48109.3889094521,5.38884680108522e-11,5.38884680108522e-11,1.35343408021326e-12,10072.3946860068,2831.07667878949,2.73637977591879,0.869587084903221,1368564.50744984,2760,ACTIVE_OTHER,HPF
MFB_LPF,1154332.71092626,3688.62816065749,2820067.23683895,5.7845909872784e-11,2.26977824880798e-10,NaN,NaN,NaN,-2.4430280889953,0.0181758983446257,13618.5201625628,1490,MFB,LPF
ACTIVE_OTHER_CASCADED_VCVS,2136.94837682562,2136.94837682562,242286.311387406,4.65693236386981e-10,4.65693236386981e-10,6.75752164065148e-11,10217.6460435772,1264.22231383569,1.38420336020832,0.610733638135392,84824.7265764477,2291,ACTIVE_OTHER,BSF
PASSIVE_RLC_BPF,6050.68996683078,NaN,NaN,9.87165316478914e-12,NaN,NaN,NaN,NaN,1,10,38496.7509468821,2,PASSIVE,BPF
VCVS_HPF,14597.4928291166,14597.4928291166,NaN,2.48916573852134e-11,2.48916573852134e-11,NaN,10084.0449813677,9146.34471109543,1.90701149469237,0.914922705173867,438014.05506887,866,VCVS,HPF
PASSIVE_RC,600594.246573008,NaN,NaN,4.6715352078955e-11,NaN,NaN,NaN,NaN,1,NaN,5672.56312895485,697,PASSIVE,HPF
ACTIVE_OTHER_CASCADED_VCVS,588927.880441683,588927.880441683,141582.958919907,1.65666551096508e-10,1.65666551096508e-10,1.68789945065584e-11,9979.54366671207,4839.25445557201,2.55447588336183,1.37911460439573,34114.7364494318,2270,ACTIVE_OTHER,BSF
MFB_HPF,17114.3578026557,2622533.48191859,NaN,3.4446101426714e-10,9.43121396626418e-10,6.1694389069014e-11,NaN,NaN,-0.179104126486628,0.0806342908593198,3114.38769132666,1514,MFB,HPF
MFB_LPF,0.530909732505898,73779.2720356836,1.81539955987719,9.56846839179581e-10,6.73915457977426e-10,NaN,NaN,NaN,-3.41941284690429,0.00133742809603301,541555.428431968,1915,MFB,LPF
ACTIVE_OTHER_CASCADED_VCVS,105752.043267091,105752.043267091,5235.8979337016,5.01153251845668e-12,5.01153251845668e-12,1.31779231038317e-11,10253.8814107564,1876.04679572767,1.9929340394449,1.09888209487439,1303477.66153434,2306,ACTIVE_OTHER,BSF
MFB_LPF,2508648.99568213,6387.81780424751,3791475.5108723,4.79101675653025e-10,3.92675296016209e-10,NaN,NaN,NaN,-1.5113615007114,0.0451476884944035,2357.81164856571,1814,MFB,LPF
ACTIVE_OTHER_CASCADED_VCVS,84195.0170477081,84195.0170477081,39888.1769873179,5.76745736060658e-12,5.76745736060658e-12,1.23006288580478e-10,9959.31862001019,9566.51793929938,4.02217881028473,1.00820194169461,180096.305978841,2249,ACTIVE_OTHER,BPF
PASSIVE_RLC_BSF,53.3959306114309,NaN,NaN,1.7521949672883e-10,NaN,NaN,NaN,NaN,1,10,1737.51666754878,376,PASSIVE,BSF
VCVS_HPF,1648.75915971457,1648.75915971457,NaN,9.33369422496043e-11,9.33369422496043e-11,NaN,10154.7735297002,2726.20355967802,1.26846522492151,0.577522331282473,1034211.44896174,711,VCVS,HPF
VCVS_HPF,72202.0969799711,72202.0969799711,NaN,5.44390462468352e-10,5.44390462468352e-10,NaN,10108.6691373354,2096.01547363736,1.20734831115364,0.557832849639372,4049.11221434871,1022,VCVS,HPF
PASSIVE_RLC_BPF,12.8918002920903,NaN,NaN,7.84327811923232e-10,NaN,NaN,NaN,NaN,1,10,206.555809335245,297,PASSIVE,BPF
VCVS_LPF,19282.5386669537,19282.5386669537,NaN,1.14209599358367e-10,1.14209599358367e-10,NaN,9875.17656058635,4969.65375094143,1.50324707821187,0.668112943320884,72269.2108903896,906,VCVS,LPF
PASSIVE_RLC_BPF,181.829520039751,NaN,NaN,1.0670615274921e-10,NaN,NaN,NaN,NaN,1,10,677058.406828005,100,PASSIVE,BPF
VCVS_HPF,2356.14351054883,2356.14351054883,NaN,2.40092771080114e-12,2.40092771080114e-12,NaN,9942.88522650874,7830.26394128326,1.78752432145219,0.824758811820211,28134506.9138385,1270,VCVS,HPF
PASSIVE_RC,9034.62366346192,NaN,NaN,6.10857230553983e-10,NaN,NaN,NaN,NaN,1,NaN,28838.3458569833,614,PASSIVE,HPF
VCVS_BPF,353260.992038569,353260.992038569,NaN,4.94757993422273e-12,4.94757993422273e-12,NaN,10025.2483345572,5015.68478307945,1.50030529077173,0.666802379075267,91060.8349178546,1059,VCVS,BPF
ACTIVE_OTHER_CASCADED_VCVS,1200.58992046563,1200.58992046563,34455.1657640457,7.4454995244259e-10,7.4454995244259e-10,2.81552204315366e-12,9835.77625973011,6342.4194783703,2.78252905155542,0.751127393910022,909330.708931361,2717,ACTIVE_OTHER,BPF
VCVS_LPF,4796.03209331125,4796.03209331125,NaN,2.77037438634181e-10,2.77037438634181e-10,NaN,9740.83387059867,3031.52526167992,1.31121824906902,0.592142826892064,119784.214091957,701,VCVS,LPF
ACTIVE_OTHER_CASCADED_VCVS,4534.10507036374,4534.10507036374,699905.738614693,1.42170044516328e-12,1.42170044516328e-12,1.46357782862963e-10,9888.19733847744,10847.498557096,3.08451296590751,0.880710068447925,12345758.7200422,2190,ACTIVE_OTHER,HPF
ACTIVE_OTHER_CASCADED_VCVS,1360.33837210158,1360.33837210158,2378.64886120914,4.19507107168636e-12,4.19507107168636e-12,1.84267999337127e-12,9805.14253177081,10300.5846321904,4.21071051976373,1.0548572247372,32100099.1064032,2427,ACTIVE_OTHER,BPF
MFB_HPF,34336.8084160439,37658980.1206646,NaN,1.25941661594114e-10,8.90419097468213e-11,1.20649575512145e-10,NaN,NaN,-0.957979861350215,0.0097338487440957,1350.34816838245,1556,MFB,HPF
PASSIVE_RLC_BSF,14.9015484024461,NaN,NaN,7.48478156829592e-12,NaN,NaN,NaN,NaN,1,10,369.675231727885,455,PASSIVE,BSF
ACTIVE_OTHER_CASCADED_VCVS,39169.8496668764,39169.8496668764,830797.746338119,2.03666251943337e-12,2.03666251943337e-12,6.36693617645595e-11,10024.9191578502,8045.21335798299,3.06906577390379,0.802945461085178,999018.771872076,2585,ACTIVE_OTHER,LPF
VCVS_LPF,2400.21005346378,2400.21005346378,NaN,1.95689344111622e-11,1.95689344111622e-11,NaN,9776.91000253504,2241.22968318111,1.22923701686934,0.564728317412659,3388470.45705805,1202,VCVS,LPF
MFB_HPF,2407.05931588293,25296.1352739376,NaN,2.04603152862603e-10,1.06096052744295e-11,6.2924974774923e-10,NaN,NaN,-3.07546457102638,0.00970479457586454,249625.248134975,2024,MFB,HPF
VCVS_BSF,19637.6814426333,19637.6814426333,NaN,2.58676633446611e-11,2.58676633446611e-11,NaN,9854.86028717917,4495.43191817818,1.45616394217446,0.919394719796969,313308.8919918,1272,VCVS,BSF
MFB_BPF,2612.83240506376,1358192.98655795,NaN,1.01888117817509e-09,3.80147861670393e-11,NaN,NaN,NaN,-10067830.4806936,4.24551882666208,13575.1790769823,1662,MFB,BPF
MFB_HPF,43744.0918626952,17812.3962995927,NaN,1.20809312345983e-11,7.23481549752017e-11,8.83768339179749e-11,NaN,NaN,-7.31539913619198,0.0991253728896744,71304.3959433269,1577,MFB,HPF
PASSIVE_RLC_BSF,14.3257206168664,NaN,NaN,2.91554193908471e-11,NaN,NaN,NaN,NaN,1,10,301.342011259154,526,PASSIVE,BSF
VCVS_HPF,6480.8451868156,6480.8451868156,NaN,8.31390572265368e-10,8.31390572265368e-10,NaN,10023.9846545887,8973.51337528127,1.89520422112513,0.905144660326636,29538.1566245648,1279,VCVS,HPF
VCVS_BSF,18238.0142303957,18238.0142303957,NaN,1.20251402758927e-11,1.20251402758927e-11,NaN,10022.3654816744,3707.47174575529,1.36991983105528,0.793549812617366,725692.158287985,1374,VCVS,BSF
VCVS_HPF,9586.05617848061,9586.05617848061,NaN,1.24677894324081e-11,1.24677894324081e-11,NaN,10072.1209341934,13488.4115069889,2.33918283895874,1.513277891307,1331651.86888352,1340,VCVS,HPF
VCVS_BPF,150188.618962089,150188.618962089,NaN,1.26382553936587e-10,1.26382553936587e-10,NaN,10046.6489178383,8162.01061542477,1.81241125097272,0.842042332262807,8384.86318175844,1032,VCVS,BPF
VCVS_BSF,520141.824155022,520141.824155022,NaN,2.53537141285883e-10,2.53537141285883e-10,NaN,9964.8231162867,6360.40028936735,1.63828531777667,1.38230496181874,1206.85964618351,749,VCVS,BSF
VCVS_BPF,143655.315539234,143655.315539234,NaN,4.53115921434662e-11,4.53115921434662e-11,NaN,10135.7128531907,677.900264348497,1.06688234702062,0.517299088577858,24450.5767952125,713,VCVS,BPF
MFB_BPF,3430.7203693674,2214024.27493384,NaN,2.433623416602e-11,8.24684444754287e-11,NaN,NaN,NaN,-3534490.96596228,10.6556228431548,40762.9581198681,1547,MFB,BPF
PASSIVE_RC,346813.488029373,NaN,NaN,3.07794319647512e-12,NaN,NaN,NaN,NaN,1,NaN,149095.162119851,374,PASSIVE,HPF
PASSIVE_RC,19279.3241756355,NaN,NaN,1.40162543473156e-11,NaN,NaN,NaN,NaN,1,NaN,588974.315159915,291,PASSIVE,HPF
PASSIVE_RLC_BSF,59.4094088612956,NaN,NaN,6.67949206021942e-11,NaN,NaN,NaN,NaN,1,10,21732.5082593997,674,PASSIVE,BSF
VCVS_BSF,39584.5061066854,39584.5061066854,NaN,1.58608418238908e-11,1.58608418238908e-11,NaN,10313.0603607544,7495.40588915394,1.7267877455345,1.83007896544823,253494.57351795,1299,VCVS,BSF
VCVS_LPF,22586.566547102,22586.566547102,NaN,3.79773171440583e-10,3.79773171440583e-10,NaN,10156.9943238622,11335.3580803897,2.11601500591165,1.13124092228658,18554.3452209691,993,VCVS,LPF
PASSIVE_RC,968752.631272875,NaN,NaN,1.91562754236204e-11,NaN,NaN,NaN,NaN,1,NaN,8576.22495231631,511,PASSIVE,HPF
VCVS_LPF,25151.3249051364,25151.3249051364,NaN,7.11107992232619e-10,7.11107992232619e-10,NaN,10160.6448927959,8125.66268762259,1.799719188433,0.833138370923775,8898.64137145965,1219,VCVS,LPF
MFB_BPF,6767.80384705424,11.3963219811171,NaN,8.10777426995201e-10,4.36900384053602e-10,NaN,NaN,NaN,-338197.046521009,0.0195748327508344,962879.314837443,1664,MFB,BPF
ACTIVE_OTHER_CASCADED_VCVS,9321.91062514506,9321.91062514506,119957.138139331,1.94552265071879e-10,1.94552265071879e-10,2.20837110649516e-10,10057.2924688496,9050.77474697524,4.01366507251407,1.01792030333357,46882.1557979034,2739,ACTIVE_OTHER,LPF
PASSIVE_RC,127223.101711197,NaN,NaN,1.82591572037301e-10,NaN,NaN,NaN,NaN,1,NaN,6851.30693937216,13,PASSIVE,LPF
VCVS_HPF,1013.28377413324,1013.28377413324,NaN,9.2854443307374e-12,9.2854443307374e-12,NaN,9925.72075377592,12747.0740414893,2.28424669177199,1.39712941386983,16915558.9408517,967,VCVS,HPF
VCVS_LPF,246017.431273685,246017.431273685,NaN,1.13629758949534e-10,1.13629758949534e-10,NaN,10212.3009558435,1989.74112777501,1.19483768999546,0.553966806451596,5693.27506259109,995,VCVS,LPF
ACTIVE_OTHER_CASCADED_VCVS,14036.8071698525,14036.8071698525,2558.35215791769,2.30134052407334e-12,2.30134052407334e-12,9.04624345456663e-12,9994.75233835959,13416.7048790591,5.29516908256921,1.43653417129805,5901874.6261415,2515,ACTIVE_OTHER,BPF
ACTIVE_OTHER_CASCADED_VCVS,633815.877496498,633815.877496498,5405.90525636904,4.71082191746673e-10,4.71082191746673e-10,2.1321237815894e-12,10173.0578679119,9041.06120172895,3.58947951848812,0.904676510955136,6904401.78930502,2536,ACTIVE_OTHER,LPF
MFB_HPF,48195.7916672144,196382783.461468,NaN,3.14264207543499e-11,3.90471887000871e-11,9.03329833063169e-10,NaN,NaN,-28.7442798568824,0.000105111002401996,275.451920386886,1800,MFB,HPF
VCVS_LPF,41626.6484328331,41626.6484328331,NaN,7.76730011009308e-10,7.76730011009308e-10,NaN,10171.6783326178,12265.2993398064,2.20582847183388,1.25917382395863,4922.41925547714,992,VCVS,LPF
ACTIVE_OTHER_CASCADED_VCVS,614633.44367962,614633.44367962,588528.497163658,1.62730208383731e-11,1.62730208383731e-11,2.40866328363105e-12,10319.4105776378,5664.5869684044,3.18698335040202,0.87510138091762,64092.8584476119,2636,ACTIVE_OTHER,BPF
ACTIVE_OTHER_CASCADED_VCVS,65255.8388812988,65255.8388812988,22329.8413403293,6.7978232581101e-11,6.7978232581101e-11,1.37326769316808e-11,10183.9386489096,9514.79701545797,3.45485829004028,0.881070912225264,277446.240389018,2572,ACTIVE_OTHER,LPF
MFB_LPF,552989277356.263,1937.19825115431,994643988866.038,2.07594109714295e-11,1.58945868646912e-11,NaN,NaN,NaN,-1.79866776734125,5.04354722750165e-05,199.603030592867,1865,MFB,LPF
ACTIVE_OTHER_CASCADED_VCVS,1369.57858549117,1369.57858549117,36542.4507362795,4.18186337260226e-10,4.18186337260226e-10,2.67906326572607e-10,9846.67500792578,2999.18084947954,2.65844585991665,0.814537895687821,147070.41680658,2792,ACTIVE_OTHER,HPF
VCVS_BSF,1570.14438525508,1570.14438525508,NaN,1.63307891422582e-10,1.63307891422582e-10,NaN,9742.11125812818,6971.48080768612,1.71560266794013,1.75810369379536,620688.029524811,877,VCVS,BSF
MFB_HPF,3729.06882487155,636315942335.014,NaN,7.70961888315247e-10,1.39529892501303e-11,2.19227394406907e-11,NaN,NaN,-0.0284355683114215,5.83575146521779e-05,186.811018903787,1499,MFB,HPF
ACTIVE_OTHER_CASCADED_VCVS,9897.0346081579,9897.0346081579,64953.2265393619,3.22618615763157e-12,3.22618615763157e-12,1.26333193850822e-12,10258.4336117461,8000.10897573325,3.47496627241477,0.887062682685217,3462050.17694488,2590,ACTIVE_OTHER,BPF
VCVS_LPF,1144.70139793065,1144.70139793065,NaN,1.77230930731246e-10,1.77230930731246e-10,NaN,10081.7569033465,8458.2485135748,1.83896572736913,0.861301017181884,784491.785247244,1387,VCVS,LPF
MFB_LPF,969063.633270489,6432.74878215231,2775218.37865549,7.9636983444117e-11,2.95040406080578e-10,NaN,NaN,NaN,-2.86381439089755,0.0247910045263097,7770.96772911301,1701,MFB,LPF
ACTIVE_OTHER_CASCADED_VCVS,62712.4512792562,62712.4512792562,29836.6778650995,7.01174534849463e-10,7.01174534849463e-10,8.24528922270228e-12,9984.39202980788,2929.86568244257,2.60908024427188,0.801715883500474,325279.542285433,2648,ACTIVE_OTHER,HPF
ACTIVE_OTHER_CASCADED_VCVS,180610.093126357,180610.093126357,1591.82240706373,1.5091520780977e-11,1.5091520780977e-11,2.32910226356427e-12,10293.3260892586,3028.32954745206,1.49840964247974,0.564530619174693,21493012.8378162,2372,ACTIVE_OTHER,LPF
VCVS_BSF,45114.7997713777,45114.7997713777,NaN,6.03971768476283e-10,6.03971768476283e-10,NaN,9950.37384050496,1036.35882380294,1.10415275249099,0.558130865937579,5840.96304606044,1167,VCVS,BSF
VCVS_HPF,7048.84769419749,7048.84769419749,NaN,1.99468299895667e-10,1.99468299895667e-10,NaN,9803.93666234439,12414.2158800381,2.26624807030011,1.36285842602009,113195.228042969,1037,VCVS,HPF
ACTIVE_OTHER_CASCADED_VCVS,48524.804793716,48524.804793716,2941.63395792209,1.23449751442249e-11,1.23449751442249e-11,1.7445410719977e-11,9977.11901425813,3052.86408609205,1.83969009535352,0.78299169436517,1683515.51095434,2255,ACTIVE_OTHER,BSF
VCVS_HPF,62737.0729253704,62737.0729253704,NaN,9.22537100033097e-11,9.22537100033097e-11,NaN,9683.72748796498,673.72000532641,1.06957238379165,0.518019941076137,27498.6921393715,734,VCVS,HPF
VCVS_HPF,580424.350991325,580424.350991325,NaN,3.25983582839835e-11,3.25983582839835e-11,NaN,9730.56731001546,13865.2518647291,2.42491711150879,1.73887976848626,8411.60321812791,1260,VCVS,HPF
ACTIVE_OTHER_CASCADED_VCVS,10899.7914083362,10899.7914083362,114406.808849848,3.89913246350558e-10,3.89913246350558e-10,2.09089096640357e-12,9674.4821966882,3691.56644551616,2.26323784068267,1.09515730733364,351389.051179616,2262,ACTIVE_OTHER,BSF
PASSIVE_RLC_BSF,27.4423474101988,NaN,NaN,4.32651033636882e-12,NaN,NaN,NaN,NaN,1,10,129.770841960909,168,PASSIVE,BSF
VCVS_HPF,1274.56118122222,1274.56118122222,NaN,1.98335484312823e-11,1.98335484312823e-11,NaN,9999.74293598884,5658.77230940051,1.56589177798108,0.697297445650381,6295917.42585053,1381,VCVS,HPF
ACTIVE_OTHER_CASCADED_VCVS,44052.6973253872,44052.6973253872,32419.5389321919,3.14736003297065e-10,3.14736003297065e-10,2.88630365636739e-10,10173.461924773,5617.54538111825,2.2857247073748,1.03227309063157,14243.8153419793,2441,ACTIVE_OTHER,BSF
ACTIVE_OTHER_CASCADED_VCVS,5714.77323273546,5714.77323273546,6351.44043990988,3.88393578302524e-12,3.88393578302524e-12,2.78071002184858e-12,9952.82100796722,8369.9748646681,3.89616010785346,0.997239986799866,8090946.39619341,2210,ACTIVE_OTHER,BPF
MFB_BPF,96493.7853267376,9463751.96821047,NaN,1.81003601534547e-10,2.3741391747568e-11,NaN,NaN,NaN,-436510.286299522,3.1707748712113,2540.63390694527,1952,MFB,BPF
ACTIVE_OTHER_CASCADED_VCVS,3811.52623601706,3811.52623601706,87714.265941229,4.40334909663755e-10,4.40334909663755e-10,1.84562754499402e-12,10226.801355528,2249.8036458624,1.99158312390285,0.646516744933023,538973.377057178,2206,ACTIVE_OTHER,LPF
VCVS_BPF,572372.948388278,572372.948388278,NaN,6.40665157038899e-12,6.40665157038899e-12,NaN,10005.5164972991,3299.66628581516,1.32978470293921,0.598725207318949,43402.0183782203,1170,VCVS,BPF
ACTIVE_OTHER_CASCADED_VCVS,45156.0202337933,45156.0202337933,54968.6540682612,3.88349675454068e-10,3.88349675454068e-10,4.49789164435066e-11,10046.4975144266,7445.29325543729,2.0929617950464,0.675269625931157,36723.7931932238,2397,ACTIVE_OTHER,HPF
ACTIVE_OTHER_CASCADED_VCVS,43079.7638705717,43079.7638705717,45442.6153989709,6.44372764401333e-10,6.44372764401333e-10,6.47481946518032e-11,9961.75216380986,1925.07711978898,2.20594039443804,0.711026435238232,29912.4405745368,2162,ACTIVE_OTHER,BPF
ACTIVE_OTHER_CASCADED_VCVS,125288.271449357,125288.271449357,3762.94431778186,1.20289142798445e-11,1.20289142798445e-11,1.18536038865919e-11,9810.84669624552,710.427160561044,1.99449438887059,0.697918951285816,1836872.53281668,2556,ACTIVE_OTHER,HPF
PASSIVE_RLC_BSF,1213.10284168881,NaN,NaN,1.28306259682463e-10,NaN,NaN,NaN,NaN,1,10,252.376770848388,167,PASSIVE,BSF
MFB_BPF,9479.96501845684,11848673138.3599,NaN,1.84180211337923e-10,4.6445026224637e-11,NaN,NaN,NaN,-2271193.06173018,448.34853082259,162.36440114044,1958,MFB,BPF
ACTIVE_OTHER_CASCADED_VCVS,47848.8245269799,47848.8245269799,461362.730181932,1.13597712790922e-11,1.13597712790922e-11,1.27791955934342e-11,10179.2276544162,12448.6106438276,2.57664734217365,0.915061647297559,159899.977101153,2105,ACTIVE_OTHER,HPF
PASSIVE_RLC_BSF,27.2864481469105,NaN,NaN,3.28376464251976e-12,NaN,NaN,NaN,NaN,1,10,348.855908775907,65,PASSIVE,BSF
MFB_HPF,2148.21063885914,2406.52594376743,NaN,9.09109604900881e-11,3.44827540624743e-10,2.06245645692481e-10,NaN,NaN,-2.26865544683106,0.172999034025699,262478.091485221,1507,MFB,HPF
MFB_BPF,4011.51633977429,118143158.947365,NaN,2.08620583218443e-10,1.23530948986361e-11,NaN,NaN,NaN,-20179744.1971411,39.4253836904361,4554.0216708657,1788,MFB,BPF
VCVS_LPF,3603.84160541658,3603.84160541658,NaN,1.2059878190835e-12,1.2059878190835e-12,NaN,9829.27460300763,11497.5381653173,2.1697239755413,1.20441873610882,36619424.5657892,1001,VCVS,LPF
PASSIVE_RLC_BSF,352.063837979812,NaN,NaN,4.81934625596809e-11,NaN,NaN,NaN,NaN,1,10,9865.27621890355,562,PASSIVE,BSF
PASSIVE_RLC_BSF,2522.17532513898,NaN,NaN,9.02069836218755e-12,NaN,NaN,NaN,NaN,1,10,170.896933159402,363,PASSIVE,BSF
MFB_LPF,3012445.4147445,28904.030339854,4625158.05830091,1.01687394568751e-11,3.31351815685387e-11,NaN,NaN,NaN,-1.53534999693702,0.0431099678579456,23713.7044427887,1738,MFB,LPF
MFB_BPF,11469.7325693794,114.095103914927,NaN,5.0662247560321e-11,8.01108822435923e-10,NaN,NaN,NaN,-108831.644976171,0.0235896749387301,690592.723277497,2008,MFB,BPF
ACTIVE_OTHER_CASCADED_VCVS,1655.97428217848,1655.97428217848,1235.58729719664,1.1092272513276e-12,1.1092272513276e-12,1.96827256230021e-12,10027.2568853852,6368.47599952296,2.59134456884694,0.719640407231757,76044118.8913033,2527,ACTIVE_OTHER,HPF
VCVS_HPF,8958.38947227156,8958.38947227156,NaN,1.34158619567013e-12,1.34158619567013e-12,NaN,9772.84905686676,6740.42246590421,1.68970905277291,0.763189276485697,13242549.6817534,1041,VCVS,HPF
PASSIVE_RLC_BSF,3393.13053116387,NaN,NaN,8.14962755378559e-10,NaN,NaN,NaN,NaN,1,0.2,372127.305665247,243,PASSIVE,BSF
ACTIVE_OTHER_CASCADED_VCVS,4786.23088939878,4786.23088939878,145193.734159554,7.97946418230101e-11,7.97946418230101e-11,4.45680628581473e-10,9808.47450793602,2453.00271409353,1.92180213513499,0.87371632416117,209593.790707402,2531,ACTIVE_OTHER,BSF
PASSIVE_RLC_BSF,15.0451401409975,NaN,NaN,1.3669260825681e-10,NaN,NaN,NaN,NaN,1,10,404787.238597149,322,PASSIVE,BSF
ACTIVE_OTHER_CASCADED_VCVS,1171.42410920559,1171.42410920559,91570.4477573998,1.36224935379226e-12,1.36224935379226e-12,1.86925931478575e-11,9991.78512907007,4458.14851087372,2.33068080135077,1.09509471286339,49914193.9673208,2303,ACTIVE_OTHER,BSF
MFB_LPF,3087491456.62331,53674.4073263092,4267459824.85459,2.97868377384919e-11,4.19363685955373e-11,NaN,NaN,NaN,-1.38217704722713,0.00298884012837196,297.539186984926,1544,MFB,LPF
ACTIVE_OTHER_CASCADED_VCVS,5055.00936888709,5055.00936888709,1361.86006070159,1.95665978084442e-10,1.95665978084442e-10,2.91915164684732e-12,10085.3180285416,4469.57163192355,1.74374941035859,0.764740016308031,20097547.4509889,2673,ACTIVE_OTHER,BSF
ACTIVE_OTHER_CASCADED_VCVS,45699.138874982,45699.138874982,29195.1650220156,1.49756150180626e-11,1.49756150180626e-11,1.20414822881856e-10,10120.6517375587,806.868258517597,1.67852369072763,0.60630066816374,138913.950331307,2566,ACTIVE_OTHER,HPF
PASSIVE_RLC_BSF,193.335530122048,NaN,NaN,7.41360092493056e-10,NaN,NaN,NaN,NaN,1,10,6452.48693186521,493,PASSIVE,BSF
PASSIVE_RC,15202.1161174162,NaN,NaN,1.3067258449197e-12,NaN,NaN,NaN,NaN,1,NaN,8011827.78205049,149,PASSIVE,LPF
PASSIVE_RC,27238.8528316897,NaN,NaN,1.67363035128229e-10,NaN,NaN,NaN,NaN,1,NaN,34911.7625588949,324,PASSIVE,LPF
PASSIVE_RC,9084.46376017292,NaN,NaN,1.05911865737072e-11,NaN,NaN,NaN,NaN,1,NaN,1654155.05431163,668,PASSIVE,LPF
ACTIVE_OTHER_CASCADED_VCVS,181154.467976694,181154.467976694,3455.9595331763,9.94867278407194e-10,9.94867278407194e-10,4.51611465766724e-12,10133.9464843261,4454.72410731429,2.37414956432629,1.15873600558102,5099107.12905692,2713,ACTIVE_OTHER,BSF
MFB_BPF,22468.324521746,22921466.3004459,NaN,3.11483663386252e-11,9.64981311047054e-10,NaN,NaN,NaN,-46122.2419433456,5.55900498062202,1279.19425833033,1467,MFB,BPF
PASSIVE_RC,742974.284036889,NaN,NaN,9.50673479896131e-13,NaN,NaN,NaN,NaN,1,NaN,225327.900701965,87,PASSIVE,LPF
MFB_HPF,5277.0968790392,5344332.71658158,NaN,1.52737578288821e-10,1.46560995579061e-10,2.34458244473111e-11,NaN,NaN,-0.153503968767764,0.0371804315050093,16167.1659615168,1592,MFB,HPF
ACTIVE_OTHER_CASCADED_VCVS,323136.878566597,323136.878566597,10964.8877626527,6.0077965688749e-12,6.0077965688749e-12,2.95660587960731e-11,10238.0115632586,5657.53387800354,2.77984372521065,0.75882178328178,286457.646215034,2506,ACTIVE_OTHER,BPF
ACTIVE_OTHER_CASCADED_VCVS,224718.747915064,224718.747915064,12941.7509446782,1.4722274328671e-12,1.4722274328671e-12,2.98143054383193e-12,10332.6917038465,3396.84906594735,2.2137708389581,0.674005756001004,2302931.32931187,2209,ACTIVE_OTHER,BPF
PASSIVE_RLC_BPF,939.006775511552,NaN,NaN,4.65609040276421e-12,NaN,NaN,NaN,NaN,1,10,15880.9611362263,476,PASSIVE,BPF
PASSIVE_RC,2647.48719339507,NaN,NaN,4.18447326143225e-11,NaN,NaN,NaN,NaN,1,NaN,1436631.77093281,630,PASSIVE,HPF
PASSIVE_RLC_BPF,2742.62077841145,NaN,NaN,5.35395527028674e-11,NaN,NaN,NaN,NaN,1,10,50100.7499766065,503,PASSIVE,BPF
VCVS_BSF,86832.5946573216,86832.5946573216,NaN,4.90439877773082e-10,4.90439877773082e-10,NaN,9991.47121280931,6452.80913487865,1.64583172962616,1.41175831327926,3737.24507019128,891,VCVS,BSF
PASSIVE_RLC_BSF,5447.24132811507,NaN,NaN,1.80252663320438e-11,NaN,NaN,NaN,NaN,1,10,2324.62244429884,486,PASSIVE,BSF
VCVS_BPF,181909.368351458,181909.368351458,NaN,3.89459712134682e-11,3.89459712134682e-11,NaN,9765.19748712779,1760.554202382,1.18028864287719,0.549537703375729,22464.7984884764,940,VCVS,BPF
ACTIVE_OTHER_CASCADED_VCVS,2429.89228188581,2429.89228188581,1952.62056738328,1.41494390883514e-11,1.41494390883514e-11,6.0304530367937e-10,9987.73633928276,7054.20534536858,2.11568054658227,0.670564427637079,2382116.38112021,2462,ACTIVE_OTHER,BPF
PASSIVE_RLC_BSF,5168.23873835255,NaN,NaN,3.85555400171154e-12,NaN,NaN,NaN,NaN,1,10,7065.51725382182,690,PASSIVE,BSF
ACTIVE_OTHER_CASCADED_VCVS,139549.719428375,139549.719428375,133680.426878481,2.27917994346925e-10,2.27917994346925e-10,1.31517694691777e-10,9864.30991157246,3999.29904597661,2.24189661889636,0.669478430861644,7028.21831889552,2524,ACTIVE_OTHER,BPF
PASSIVE_RLC_BSF,6661.67946489311,NaN,NaN,1.00294904505003e-10,NaN,NaN,NaN,NaN,1,1.37442575441973,173315.037597718,350,PASSIVE,BSF
PASSIVE_RLC_BSF,1257.15913826156,NaN,NaN,4.08420589169999e-12,NaN,NaN,NaN,NaN,1,10,479013.36480121,405,PASSIVE,BSF
PASSIVE_RLC_BPF,23.181414146627,NaN,NaN,2.17548270634325e-12,NaN,NaN,NaN,NaN,1,10,383271.079016658,662,PASSIVE,BPF
ACTIVE_OTHER_CASCADED_VCVS,19127.4634562481,19127.4634562481,226172.662346325,1.35675591371774e-12,1.35675591371774e-12,4.63319027945387e-12,9990.31043585469,9697.11364319086,3.91070222423338,0.978098725032381,3142355.59123926,2553,ACTIVE_OTHER,BPF
VCVS_BPF,21581.56051078,21581.56051078,NaN,1.34935031711786e-11,1.34935031711786e-11,NaN,9689.26204058926,2983.74076725705,1.30794303578104,0.590996651499609,546528.19513683,829,VCVS,BPF
MFB_BPF,50342.5946232622,111208.305589769,NaN,1.02316452845725e-11,1.76000261101206e-10,NaN,NaN,NaN,-112862.870799669,0.338669525362451,50124.9934069323,1524,MFB,BPF
PASSIVE_RC,130618.124509444,NaN,NaN,6.27225946435736e-12,NaN,NaN,NaN,NaN,1,NaN,194264.154626611,90,PASSIVE,LPF
PASSIVE_RC,7443.84019718662,NaN,NaN,2.58967211729634e-12,NaN,NaN,NaN,NaN,1,NaN,8256163.97037972,182,PASSIVE,LPF
VCVS_HPF,894572.38998152,894572.38998152,NaN,5.57621761879699e-11,5.57621761879699e-11,NaN,10069.1601601574,11250.755195425,2.11734792340905,1.1329492407272,3190.5453891108,789,VCVS,HPF
VCVS_HPF,119590.227999495,119590.227999495,NaN,3.41670078483283e-11,3.41670078483283e-11,NaN,10023.1363697021,5134.73133679406,1.51228788548815,0.67217305703538,38950.8994081193,1204,VCVS,HPF
ACTIVE_OTHER_CASCADED_VCVS,956051.287728789,956051.287728789,289245.392141165,3.01162739843711e-12,3.01162739843711e-12,2.18304677646872e-10,10007.0343693801,1866.12913629446,1.2752237201931,0.535419674174866,28898.3310005649,2614,ACTIVE_OTHER,HPF
VCVS_LPF,1938.44266519355,1938.44266519355,NaN,8.78048438885811e-12,8.78048438885811e-12,NaN,10091.771578881,8926.86492380531,1.88456866606915,0.896514173110001,9350798.45653112,1232,VCVS,LPF
PASSIVE_RC,2217.83016591878,NaN,NaN,1.0026245093021e-10,NaN,NaN,NaN,NaN,1,NaN,715737.098809558,257,PASSIVE,LPF
ACTIVE_OTHER_CASCADED_VCVS,125026.159557218,125026.159557218,846011.853740433,8.69117552160047e-11,8.69117552160047e-11,1.98447125934781e-10,10265.1444933333,3282.74496822315,1.76239177630787,0.597946655220663,7797.35540909223,2437,ACTIVE_OTHER,BPF
MFB_BPF,1017.7265153666,7490.72589714323,NaN,2.66010952959314e-11,2.39295836445895e-10,NaN,NaN,NaN,-4106140.14603429,0.81404874804892,722479.125239421,1553,MFB,BPF
PASSIVE_RLC_BSF,665.406786669123,NaN,NaN,1.14729311508781e-10,NaN,NaN,NaN,NaN,1,10,490.373302474313,566,PASSIVE,BSF
MFB_LPF,115983.440587341,60197.2031605358,346065.41014834,1.21110557248034e-11,1.0893152644894e-10,NaN,NaN,NaN,-2.98374844198329,0.0821439926425788,30358.8336408345,1444,MFB,LPF
MFB_HPF,1135.19787520893,2737046.39024513,NaN,3.27747279171744e-11,2.3398381790088e-10,1.53959750227792e-11,NaN,NaN,-0.469751421329464,0.0092222332035789,47571.4903223071,2056,MFB,HPF
PASSIVE_RLC_BSF,8756.58651231921,NaN,NaN,1.15107787898131e-11,NaN,NaN,NaN,NaN,1,10,7852.54078564168,179,PASSIVE,BSF
MFB_HPF,42241.0148116082,8154.3768322372,NaN,5.93788977147206e-10,1.26274354545615e-11,2.42403190786779e-10,NaN,NaN,-0.408231206903466,0.363393308355457,154999.688935834,1822,MFB,HPF
MFB_LPF,12778.2188918271,50923.4475109359,24395.7712248653,3.76473573977802e-10,3.46069838112992e-10,NaN,NaN,NaN,-1.90916836152093,0.213064016449388,12509.9286706201,1503,MFB,LPF
MFB_HPF,1066.89980915324,16344435.8015539,NaN,2.20006312963413e-11,9.27655432189709e-10,3.00693612018287e-11,NaN,NaN,-1.36674992625458,0.00100771764090839,7216.35515648034,1471,MFB,HPF
VCVS_BSF,9051.87803198895,9051.87803198895,NaN,4.88027703171279e-10,4.88027703171279e-10,NaN,10046.4156025455,6746.00288025233,1.67148355663716,1.52199383045118,36027.7352336519,996,VCVS,BSF
MFB_BPF,7020.24576151252,112177091.377887,NaN,2.9597428064303e-11,6.77058598423711e-11,NaN,NaN,NaN,-2103882.23343086,58.1551968171737,4006.37659743187,1561,MFB,BPF
VCVS_HPF,12211.6239015212,12211.6239015212,NaN,3.91036755300095e-10,3.91036755300095e-10,NaN,10031.2248782938,2989.0090385566,1.29797049461272,0.587533880484909,33329.5254973701,1057,VCVS,HPF
MFB_BPF,2685.01908800461,151839854.977575,NaN,1.20219869286131e-11,1.09474993083212e-11,NaN,NaN,NaN,-34020265.3039769,118.771846676655,21727.410209188,1845,MFB,BPF
MFB_BPF,12472.8973517806,260868827.687601,NaN,1.16417236576763e-10,3.05502441342762e-11,NaN,NaN,NaN,-2624327.10864274,58.6843306119967,1479.48095383649,1811,MFB,BPF
ACTIVE_OTHER_CASCADED_VCVS,2374.73138112367,2374.73138112367,4286.22001751102,5.0232044583197e-10,5.0232044583197e-10,2.86537199790578e-10,9788.77967936128,13207.7843890761,4.35373447214124,1.20438152615489,131504.572031031,2789,ACTIVE_OTHER,LPF
MFB_BPF,40992.5732815911,3925148.13760534,NaN,3.13570182802803e-10,4.05016432840761e-11,NaN,NaN,NaN,-602312.912779817,3.11449591833857,3520.75506761776,2012,MFB,BPF
ACTIVE_OTHER_CASCADED_VCVS,242495.411260002,242495.411260002,66718.8971056306,1.54078744812882e-11,1.54078744812882e-11,2.30468955753474e-11,10061.248475773,651.383603387127,1.68830188313129,0.870652324704563,73050.4511745128,2443,ACTIVE_OTHER,BSF
VCVS_BSF,466656.409256982,466656.409256982,NaN,1.45244113606735e-11,1.45244113606735e-11,NaN,9921.08830629278,1686.74582716676,1.17001620942099,0.602421403496554,23481.4199746038,721,VCVS,BSF
ACTIVE_OTHER_CASCADED_VCVS,51091.5828561715,51091.5828561715,595516.45584693,2.63761810725006e-12,2.63761810725006e-12,5.26068110580924e-10,9668.25913829507,6405.98904097836,2.15544419186319,1.09625367675791,590766.195989319,2628,ACTIVE_OTHER,BSF
VCVS_LPF,7951.83588974668,7951.83588974668,NaN,1.65028466854543e-12,1.65028466854543e-12,NaN,9707.18858672702,3847.43070976114,1.39634861065972,0.623576923667547,12128130.4096417,1244,VCVS,LPF
ACTIVE_OTHER_CASCADED_VCVS,1714.98489494347,1714.98489494347,27043.8293724002,6.18747792615453e-12,6.18747792615453e-12,1.66770331561844e-11,9974.48485669544,4950.88081165853,1.7658411081818,0.801294446773563,7675663.85751627,2265,ACTIVE_OTHER,BSF
VCVS_BSF,281942.273674932,281942.273674932,NaN,3.23017914504534e-12,3.23017914504534e-12,NaN,10067.1065067101,1432.5457412426,1.14229965087662,0.582954175675723,174756.494735712,1312,VCVS,BSF
ACTIVE_OTHER_CASCADED_VCVS,1690.52204204187,1690.52204204187,22692.4233107073,1.95843855479012e-10,1.95843855479012e-10,1.23988543998997e-11,9657.10058572744,6021.10472775829,3.19928192225055,0.848966783091091,523189.873748138,2305,ACTIVE_OTHER,BPF
VCVS_LPF,19378.1394191861,19378.1394191861,NaN,8.42350371556203e-12,8.42350371556203e-12,NaN,10176.131855146,10647.2930907297,2.04630062211168,1.04854844533316,975023.950161382,1365,VCVS,LPF
ACTIVE_OTHER_CASCADED_VCVS,37913.6814336948,37913.6814336948,3269.7752453491,2.15477836342002e-11,2.15477836342002e-11,5.36842234247822e-11,10251.422289938,5823.22737286806,3.70873723750653,1.13682706173496,550748.900792777,2632,ACTIVE_OTHER,LPF
ACTIVE_OTHER_CASCADED_VCVS,16938.2520982922,16938.2520982922,13138.064388852,4.84398411370559e-11,4.84398411370559e-11,2.36839033533196e-10,10040.0391827652,2555.86561093019,1.58919283995569,0.574933308090654,122562.586244122,2126,ACTIVE_OTHER,HPF
PASSIVE_RC,5284.16330168941,NaN,NaN,2.74395517173942e-12,NaN,NaN,NaN,NaN,1,NaN,10976576.0089083,522,PASSIVE,LPF
PASSIVE_RLC_BSF,1401.02294875107,NaN,NaN,3.69256582301902e-10,NaN,NaN,NaN,NaN,1,10,1598.86750540057,181,PASSIVE,BSF
MFB_LPF,10277450805.6058,5780.89582626272,18592760639.6141,1.8258055837476e-11,3.90422219635532e-11,NaN,NaN,NaN,-1.80908291280488,0.000381316199249824,574.984440194363,2097,MFB,LPF
MFB_LPF,35173.0146000777,5284.57325647706,51076.0839648257,1.09583924046091e-10,4.41052912753628e-10,NaN,NaN,NaN,-1.45213836645986,0.12788723832921,44064.3738292349,1860,MFB,LPF
PASSIVE_RC,808584.020642838,NaN,NaN,7.61979256455538e-12,NaN,NaN,NaN,NaN,1,NaN,25831.6310187706,30,PASSIVE,HPF
ACTIVE_OTHER_CASCADED_VCVS,149224.818775029,149224.818775029,14622.885622577,7.27398611980902e-10,7.27398611980902e-10,6.36550379819315e-12,10057.4435006648,9624.92079778255,3.45034380326427,0.883614754834622,855650.749031631,2406,ACTIVE_OTHER,BPF
MFB_HPF,4628.38826984976,244234.98937344,NaN,1.97214522104714e-10,2.45474502418581e-11,4.54898409362938e-11,NaN,NaN,-0.230661720297354,0.0746234231715534,141657.931342868,2038,MFB,HPF
ACTIVE_OTHER_CASCADED_VCVS,2849.09151895292,2849.09151895292,70610.5260247026,4.3351228260628e-12,4.3351228260628e-12,5.19120652758396e-12,9917.46937348369,7256.02642081758,3.62418743677092,0.945429962910674,6660010.20383741,2182,ACTIVE_OTHER,LPF
ACTIVE_OTHER_CASCADED_VCVS,1183.40694165217,1183.40694165217,3220.48702583854,1.17308818260538e-12,1.17308818260538e-12,7.2235802185518e-11,9963.03012606306,4325.97806935526,1.92152104440595,0.820518077132385,57664602.6347254,2181,ACTIVE_OTHER,BSF
PASSIVE_RLC_BPF,25.3260874763042,NaN,NaN,4.38435594292401e-10,NaN,NaN,NaN,NaN,1,10,872.41495837513,104,PASSIVE,BPF
PASSIVE_RLC_BSF,48.2907560934814,NaN,NaN,3.03877491552081e-10,NaN,NaN,NaN,NaN,1,10,15394.0711217374,580,PASSIVE,BSF
ACTIVE_OTHER_CASCADED_VCVS,12217.3484703543,12217.3484703543,43984.1889895945,7.73423203652059e-10,7.73423203652059e-10,1.3112466284589e-12,10111.6217610965,3705.29586992182,1.80979314519212,0.604490963404153,1388199.45773309,2174,ACTIVE_OTHER,HPF
ACTIVE_OTHER_CASCADED_VCVS,152202.583000728,152202.583000728,22655.8302398839,3.75027128363701e-12,3.75027128363701e-12,1.19752502212919e-11,9917.90516892836,12363.6664971748,3.17543496722189,0.978805829500552,432722.80565383,2433,ACTIVE_OTHER,HPF
PASSIVE_RC,982052.787459852,NaN,NaN,1.65584658426162e-11,NaN,NaN,NaN,NaN,1,NaN,9787.35187676383,695,PASSIVE,HPF
PASSIVE_RLC_BPF,17.6265306293213,NaN,NaN,4.78327717530806e-12,NaN,NaN,NaN,NaN,1,10,7833.49715814872,124,PASSIVE,BPF
ACTIVE_OTHER_CASCADED_VCVS,2879.85045790986,2879.85045790986,3213.0065558479,6.55635078322803e-10,6.55635078322803e-10,2.05042321882267e-11,10102.4285361797,5627.56664493874,1.86485206798142,0.875996114023711,1250057.37455252,2787,ACTIVE_OTHER,BSF
VCVS_BSF,9753.39190636556,9753.39190636556,NaN,2.64299354923747e-10,2.64299354923747e-10,NaN,9827.53980720866,7280.96777223204,1.7408739028349,1.92956250053592,61740.2456780012,1330,VCVS,BSF
ACTIVE_OTHER_CASCADED_VCVS,5593.03591473833,5593.03591473833,4193.09211566419,1.45365081481453e-12,1.45365081481453e-12,1.44321484766313e-11,10011.9293843459,3173.35250280306,2.79212697981166,0.86534998905045,11102737.1165629,2178,ACTIVE_OTHER,LPF
MFB_LPF,8477004.60952707,1080.62231352898,14453322.1681161,2.80212103411462e-11,5.04969821514272e-10,NaN,NaN,NaN,-1.70500345745623,0.0020364606959983,10705.8996269149,1754,MFB,LPF
MFB_BPF,64381.2970261117,95054.3370183185,NaN,8.66959299053015e-10,1.01802842861527e-09,NaN,NaN,NaN,-15257.3943845576,0.605587480388235,2165.58380344938,1904,MFB,BPF
VCVS_BPF,55063.3419651397,55063.3419651397,NaN,9.86871525629998e-12,9.86871525629998e-12,NaN,10018.8359016102,7900.94322801392,1.78860890682361,0.825497236716423,292884.876388495,1055,VCVS,BPF
MFB_HPF,41456.9108627861,2763472735.73886,NaN,1.34739604335633e-11,5.49076415497438e-11,2.8887980678836e-11,NaN,NaN,-2.14398586230644,0.000739685140729028,373.352516771673,1523,MFB,HPF
VCVS_BSF,6828.16135618271,6828.16135618271,NaN,1.66997311270852e-11,1.66997311270852e-11,NaN,10094.9102035208,1627.38763685488,1.16120872836366,0.596095854722691,1395747.56029936,1112,VCVS,BSF
PASSIVE_RC,1668.24755230771,NaN,NaN,1.01345123314144e-11,NaN,NaN,NaN,NaN,1,NaN,9413622.53011613,640,PASSIVE,HPF
MFB_LPF,3380805.83288851,70291.5318792468,4166327.61720323,1.42426942124908e-10,2.30306332233456e-10,NaN,NaN,NaN,-1.23234750031284,0.0984377610718793,1623.838762756,2099,MFB,LPF
PASSIVE_RLC_BSF,3735.49354324543,NaN,NaN,6.44563675898251e-10,NaN,NaN,NaN,NaN,1,2.03915002226235,32415.8292282211,610,PASSIVE,BSF
PASSIVE_RC,427468.968306722,NaN,NaN,8.09076946936618e-12,NaN,NaN,NaN,NaN,1,NaN,46017.7851002147,126,PASSIVE,LPF
MFB_BPF,12878.2203730837,307856870.601906,NaN,1.69093400588211e-10,1.68573144267978e-10,NaN,NaN,NaN,-460633.755398588,77.3064958143883,473.434886792355,1489,MFB,BPF
ACTIVE_OTHER_CASCADED_VCVS,18058.7744509629,18058.7744509629,36669.3464256917,1.01415406865122e-11,1.01415406865122e-11,6.83441131177494e-12,10234.2541339936,12030.014955895,4.57286588183471,1.16320632789576,752038.945671005,2706,ACTIVE_OTHER,HPF
VCVS_LPF,16261.3132665378,16261.3132665378,NaN,7.73577024741937e-12,7.73577024741937e-12,NaN,10218.4434716336,5280.4837881265,1.51676009196363,0.674199766728146,1265205.15443513,806,VCVS,LPF
MFB_BPF,13057.8237802281,24981.6600339494,NaN,1.23116409851112e-10,1.30987223344642e-11,NaN,NaN,NaN,-5846557.97498905,0.407776626349694,219432.849910159,1446,MFB,BPF
ACTIVE_OTHER_CASCADED_VCVS,4719.27760229217,4719.27760229217,194310.169619139,2.03300178241615e-11,2.03300178241615e-11,9.59528578528433e-11,10324.6349255577,12670.4932823993,4.29756939400198,1.11411053191683,833692.605993437,2460,ACTIVE_OTHER,LPF
PASSIVE_RC,1093.93978254746,NaN,NaN,6.42892122150888e-12,NaN,NaN,NaN,NaN,1,NaN,22630211.4183305,450,PASSIVE,HPF
PASSIVE_RLC_BSF,80.2680269609419,NaN,NaN,3.71861696229393e-12,NaN,NaN,NaN,NaN,1,10,11714.1432266179,582,PASSIVE,BSF
ACTIVE_OTHER_CASCADED_VCVS,855942.359755543,855942.359755543,1347.01331771984,2.44210640374938e-12,2.44210640374938e-12,1.86277593337873e-10,9789.62806592817,7209.08844129131,2.60781069281132,1.45026435550924,355214.662646469,2410,ACTIVE_OTHER,BSF
PASSIVE_RLC_BSF,11.5857270444976,NaN,NaN,1.98594317524785e-12,NaN,NaN,NaN,NaN,1,10,274.842941618681,311,PASSIVE,BSF
MFB_LPF,12088143.1864734,5704.5939955147,39443670.9224275,1.87757673993548e-10,3.23605809341576e-10,NaN,NaN,NaN,-3.26300493913447,0.00915475490511371,1361.16914223713,1416,MFB,LPF
MFB_LPF,6060.71829471362,1272.37728490796,16872.5782022488,5.43393388576672e-10,2.58652841639611e-11,NaN,NaN,NaN,-2.78392384892161,0.979252308268903,289738.128839493,1956,MFB,LPF
ACTIVE_OTHER_CASCADED_VCVS,120580.90152306,120580.90152306,4422.49884100166,3.90969340805666e-10,3.90969340805666e-10,2.320387121771e-12,10116.602361182,6035.3200156707,2.73808221072979,1.49680081156752,7756333.71346487,2625,ACTIVE_OTHER,BSF
ACTIVE_OTHER_CASCADED_VCVS,5576.32735719992,5576.32735719992,23923.4883292912,3.4220847167503e-11,3.4220847167503e-11,3.45390659940689e-10,10167.4481973063,1189.72158576459,1.98551245439878,0.674540132676779,426645.101327617,2679,ACTIVE_OTHER,HPF
ACTIVE_OTHER_CASCADED_VCVS,256819.226486152,256819.226486152,1649.15222901141,1.94051879447289e-12,1.94051879447289e-12,2.05646146021349e-10,9757.54605670224,3483.47632086021,2.04979756853381,0.899563600469745,394321.531734232,2690,ACTIVE_OTHER,BSF
VCVS_BPF,53755.8488857178,53755.8488857178,NaN,4.46238941292729e-12,4.46238941292729e-12,NaN,10080.9315027027,10847.3964514124,2.07603116324164,1.08228758397132,663478.632216881,856,VCVS,BPF
PASSIVE_RC,31090.1703188942,NaN,NaN,7.90511358668348e-12,NaN,NaN,NaN,NaN,1,NaN,647573.272750856,278,PASSIVE,HPF
PASSIVE_RLC_BPF,308.412193711891,NaN,NaN,2.33215165103414e-11,NaN,NaN,NaN,NaN,1,10,578.877551236901,141,PASSIVE,BPF
MFB_BPF,86516.6504556388,262.564204659371,NaN,4.07268018705169e-10,8.0720667074e-10,NaN,NaN,NaN,-14319.0946773707,0.026008300089856,58239.8166141421,1919,MFB,BPF
PASSIVE_RLC_BSF,570.718896592967,NaN,NaN,2.30700565200968e-12,NaN,NaN,NaN,NaN,1,10,12612.4438531638,385,PASSIVE,BSF
MFB_LPF,867142199.503696,30706.3582262259,1702758095.73639,1.28929269775e-10,1.27078802024509e-11,NaN,NaN,NaN,-1.96364344476714,0.0135255107739873,543.772425820708,1595,MFB,LPF
MFB_BPF,3393.67404453465,81926.7437084987,NaN,6.33184010926697e-11,6.1876100312069e-10,NaN,NaN,NaN,-476219.240725888,1.42583504420718,48222.0627885795,1684,MFB,BPF
ACTIVE_OTHER_CASCADED_VCVS,235633.09922377,235633.09922377,4294.76390086636,7.14323412215623e-12,7.14323412215623e-12,4.70761837832203e-10,10066.8410765932,1404.7688924848,2.05759460920517,0.68738192451896,86637.486494314,2656,ACTIVE_OTHER,LPF
VCVS_HPF,19962.8307398718,19962.8307398718,NaN,2.58562657341846e-11,2.58562657341846e-11,NaN,9753.31561464208,6296.1771154911,1.64554223038154,0.738302826733157,308341.658906768,925,VCVS,HPF
ACTIVE_OTHER_CASCADED_VCVS,24468.6818641879,24468.6818641879,63197.3727709369,3.6520893680047e-12,3.6520893680047e-12,3.74311472141087e-12,9818.85577461387,520.367613299483,1.57570295575082,0.589339868450862,1226910.23582396,2624,ACTIVE_OTHER,BPF
MFB_BPF,25414.5452601714,307173.264053679,NaN,2.1732855671864e-10,7.33622218070243e-11,NaN,NaN,NaN,-536346.166673876,1.51012853990263,14265.6845982865,2007,MFB,BPF
MFB_LPF,2229511189.26073,15410.5115600036,4181205537.80142,5.03672934415417e-11,3.06075923144239e-10,NaN,NaN,NaN,-1.87539114310875,0.000778776592997214,159.687879655763,1794,MFB,LPF
ACTIVE_OTHER_CASCADED_VCVS,34845.5936887592,34845.5936887592,29528.0186539326,4.03007268780922e-11,4.03007268780922e-11,3.11099055414068e-12,10088.3271269792,5385.46469181289,2.56126973667996,0.716922616276643,922944.595641645,2419,ACTIVE_OTHER,LPF
ACTIVE_OTHER_CASCADED_VCVS,173482.216778911,173482.216778911,311298.611662358,3.0083574391871e-10,3.0083574391871e-10,6.48076528643309e-10,9739.81703377888,894.201667801579,1.48446329081454,0.665675768532419,1919.22009541577,2148,ACTIVE_OTHER,BSF
VCVS_HPF,54051.0368119639,54051.0368119639,NaN,1.78949505476023e-11,1.78949505476023e-11,NaN,9855.77713841929,9759.4526356874,1.99022659488145,0.990321189814462,164545.344792638,1145,VCVS,HPF
MFB_HPF,4229.42311803035,27062310113.211,NaN,5.80942460504781e-11,1.94262266611879e-11,1.95270619567675e-10,NaN,NaN,-3.36127298042572,2.65544214019413e-05,241.537436703245,1557,MFB,HPF
MFB_BPF,6099.665256669,598096006.408707,NaN,2.23917051458329e-11,1.42813922706477e-11,NaN,NaN,NaN,-11479512.6185629,152.691097119947,4659.64490485171,1677,MFB,BPF
MFB_BPF,87068.1401918516,75921.8463568657,NaN,1.35742228845505e-11,1.33969608075285e-11,NaN,NaN,NaN,-857303.200960026,0.466889783924406,145159.841631954,2065,MFB,BPF
PASSIVE_RLC_BPF,56.5802371697504,NaN,NaN,1.57679472740149e-11,NaN,NaN,NaN,NaN,1,10,3904.73001515704,354,PASSIVE,BPF
ACTIVE_OTHER_CASCADED_VCVS,742226.477182652,742226.477182652,766846.236149287,3.14788746674311e-11,3.14788746674311e-11,3.5155519019776e-12,9912.68971199055,6354.90996552222,1.75536379746645,0.9652617003488,32924.0157818825,2765,ACTIVE_OTHER,BSF
MFB_BPF,965.152604677311,2087851852.07684,NaN,7.78584783756192e-10,1.19476480865877e-11,NaN,NaN,NaN,-86720463.580797,179.442917360632,1162.46030436326,1439,MFB,BPF
MFB_BPF,1535.71471943724,1107855.68599945,NaN,1.28597333382569e-10,5.76887165085835e-10,NaN,NaN,NaN,-1128752.11341663,10.3695585097188,14166.4764119612,1427,MFB,BPF
PASSIVE_RC,14706.4855894322,NaN,NaN,3.92942837226916e-10,NaN,NaN,NaN,NaN,1,NaN,27541.1362210332,651,PASSIVE,LPF
MFB_BPF,1452.9359576502,211380751.198013,NaN,3.45007847450503e-10,1.13994193144879e-11,NaN,NaN,NaN,-60376898.3744852,67.1148746658565,4579.39732325871,1994,MFB,BPF
MFB_HPF,5416.04200471383,381678.484767353,NaN,1.25000492053501e-11,5.95335185853345e-10,2.5811628748653e-10,NaN,NaN,-20.6492217147476,0.00261146004330921,8929.80138212821,1937,MFB,HPF
ACTIVE_OTHER_CASCADED_VCVS,54148.6711277541,54148.6711277541,93491.6964468613,3.016332203146e-11,3.016332203146e-11,1.10292570955856e-11,9805.06011832839,8170.49595938206,4.35247175188832,1.22744061681886,125895.750597128,2349,ACTIVE_OTHER,LPF
ACTIVE_OTHER_CASCADED_VCVS,1440.55251456203,1440.55251456203,164403.003052269,7.72028199304995e-12,7.72028199304995e-12,6.798078519496e-12,10059.2735455629,9015.53410145805,2.2460939332545,0.728403403021836,7226502.82876162,2319,ACTIVE_OTHER,BPF
MFB_LPF,8058.4234431004,28705.8770401116,22080.1939910339,8.84323743257639e-10,1.548862558965e-10,NaN,NaN,NaN,-2.74001411652535,0.464745942019662,17081.3108281657,1535,MFB,LPF
VCVS_LPF,164843.220939848,164843.220939848,NaN,3.30204547595724e-11,3.30204547595724e-11,NaN,9921.45825327687,9814.06846611646,1.98917600775824,0.989291912019466,29239.2339207186,1364,VCVS,LPF
ACTIVE_OTHER_CASCADED_VCVS,75593.3338648719,75593.3338648719,2356.42778419311,2.41329964212862e-12,2.41329964212862e-12,4.27194398821428e-11,10167.8694955705,6560.76684050318,2.82689575052266,0.759153498246942,1226725.38195719,2218,ACTIVE_OTHER,BPF
MFB_BPF,1796.80070981509,111168075968.397,NaN,1.14306040130546e-11,1.80962117262458e-10,NaN,NaN,NaN,-3075476.5549445,1859.43018263796,247.600608359396,1432,MFB,BPF
PASSIVE_RLC_BPF,1447.3217882643,NaN,NaN,4.30772261707681e-10,NaN,NaN,NaN,NaN,1,10,3998.15276336777,626,PASSIVE,BPF
MFB_BPF,7837.89056022801,640.165531291933,NaN,2.444919993953e-10,6.07405056554273e-11,NaN,NaN,NaN,-2100498.62604649,0.114100432938022,583046.05774156,1474,MFB,BPF
ACTIVE_OTHER_CASCADED_VCVS,657409.213172036,657409.213172036,483712.712069502,1.30435253666708e-11,1.30435253666708e-11,8.01965158322551e-10,10020.9630230285,4581.8893857808,2.62684494420939,0.741673771742736,9485.38178996932,2772,ACTIVE_OTHER,HPF
ACTIVE_OTHER_CASCADED_VCVS,5355.4712274978,5355.4712274978,990415.150376063,6.07210547212486e-10,6.07210547212486e-10,1.67416910759011e-12,10013.526355667,2224.26857606855,1.42864281022745,0.622224536394844,72463.5981774322,2337,ACTIVE_OTHER,BSF
MFB_LPF,103091.14385531,2927.80664353049,162570.991435242,5.87332874082037e-10,2.11174226410381e-10,NaN,NaN,NaN,-1.57696369790419,0.213879746521642,20714.0393868589,1706,MFB,LPF
VCVS_BPF,7404.84875958063,7404.84875958063,NaN,2.18930976543928e-10,2.18930976543928e-10,NaN,10119.5024337377,11525.0732654174,2.13889722749545,1.16130156809444,98174.0539052765,921,VCVS,BPF
MFB_LPF,3353336.68318835,36614.5261439301,3582541.89288872,3.38015738316386e-10,3.0721141944438e-10,NaN,NaN,NaN,-1.06835138590452,0.103847476693134,1363.6742674897,1843,MFB,LPF
PASSIVE_RLC_BSF,33.1201152074351,NaN,NaN,4.47453561386125e-10,NaN,NaN,NaN,NaN,1,10,176.856047758189,120,PASSIVE,BSF
ACTIVE_OTHER_CASCADED_VCVS,7284.87963229628,7284.87963229628,22462.1013242556,1.65333242064985e-10,1.65333242064985e-10,1.35382512706226e-10,10021.2764579305,6715.57874708452,2.62831724542037,0.726539045547391,92238.8978309851,2564,ACTIVE_OTHER,LPF
VCVS_BSF,1324.41367359674,1324.41367359674,NaN,3.3215253191124e-11,3.3215253191124e-11,NaN,9806.44288534102,5851.16480683314,1.59666536329699,1.23966541551492,3617919.57531687,893,VCVS,BSF
PASSIVE_RLC_BSF,2499.88000913962,NaN,NaN,7.524987318921e-10,NaN,NaN,NaN,NaN,1,1.03735644233218,81558.1164204437,518,PASSIVE,BSF
ACTIVE_OTHER_CASCADED_VCVS,12585.3031640291,12585.3031640291,649318.859434373,2.89638780456475e-10,2.89638780456475e-10,2.89123922626111e-10,9957.58297287028,1570.77680521126,1.35548262945432,0.544749367991348,22254.6897292727,2294,ACTIVE_OTHER,BPF
ACTIVE_OTHER_CASCADED_VCVS,1490.41289525836,1490.41289525836,1488.84060487859,2.6435089639667e-10,2.6435089639667e-10,5.16331845043789e-10,10055.2252592087,7725.20829858179,2.54140274200077,0.725878216030591,305494.706903943,2466,ACTIVE_OTHER,HPF
MFB_HPF,12496.4155855568,9047845801.3906,NaN,9.11566774730167e-11,2.98900251819025e-11,4.56255665767651e-11,NaN,NaN,-0.500518095235215,0.000520240644366995,405.310197618207,1681,MFB,HPF
VCVS_BPF,179934.605853265,179934.605853265,NaN,9.24640069727854e-11,9.24640069727854e-11,NaN,10309.6814294792,1798.09556110976,1.17440845029104,0.547767653810307,9566.05172584843,1205,VCVS,BPF
VCVS_LPF,5523.06539851139,5523.06539851139,NaN,2.74518057866738e-10,2.74518057866738e-10,NaN,10224.2059057312,8684.98667549718,1.84945342020438,0.869152120879483,104970.925962624,981,VCVS,LPF
ACTIVE_OTHER_CASCADED_VCVS,53923.5522591899,53923.5522591899,88298.4096483969,6.70865467991086e-10,6.70865467991086e-10,3.57794665732347e-10,10177.9208740457,1813.82921807638,1.89920683910298,0.948444391286718,4718.62088378283,2386,ACTIVE_OTHER,BSF
PASSIVE_RC,8887.11482094627,NaN,NaN,7.00137850428648e-11,NaN,NaN,NaN,NaN,1,NaN,255785.418738733,530,PASSIVE,LPF
VCVS_BPF,41578.4953616557,41578.4953616557,NaN,1.50041386212037e-11,1.50041386212037e-11,NaN,10083.3866586732,2550.17230049328,1.25290831213933,0.572379805220475,255117.525995888,766,VCVS,BPF
MFB_BPF,1722.08208328529,116270744.354319,NaN,2.60385420453708e-10,1.00252270540895e-10,NaN,NaN,NaN,-5792311.83171295,116.410627137882,2201.41813914982,2017,MFB,BPF
VCVS_BPF,47889.7782906307,47889.7782906307,NaN,2.81625855162212e-12,2.81625855162212e-12,NaN,9721.72257984059,5638.88444021992,1.58002935116797,0.704239908636513,1180061.88084404,1226,VCVS,BPF
MFB_BPF,8101.20655572734,956659523.663207,NaN,1.3266661486701e-10,2.48454840923062e-11,NaN,NaN,NaN,-4968243.02514213,125.254830471569,995.776846207697,1759,MFB,BPF
MFB_HPF,4032.05038345389,1099746.3641517,NaN,8.73558476851668e-11,1.00108349634949e-11,8.1038979395433e-11,NaN,NaN,-0.92768808892451,0.0104204920386652,83912.9050897689,1813,MFB,HPF
PASSIVE_RC,2394.89860454249,NaN,NaN,4.31312709368383e-11,NaN,NaN,NaN,NaN,1,NaN,1540780.39967586,362,PASSIVE,LPF
ACTIVE_OTHER_CASCADED_VCVS,206834.274786215,206834.274786215,22818.3925114016,3.81758288532475e-11,3.81758288532475e-11,5.19978886383029e-12,9759.39500886034,3714.74629464044,1.613380144039,0.704328248157413,680764.326191831,2492,ACTIVE_OTHER,BSF
PASSIVE_RC,313103.034216165,NaN,NaN,7.35703050745713e-10,NaN,NaN,NaN,NaN,1,NaN,690.924031451578,534,PASSIVE,HPF
PASSIVE_RLC_BPF,618.094686441979,NaN,NaN,2.98056114542726e-11,NaN,NaN,NaN,NaN,1,10,22348.9526300455,115,PASSIVE,BPF
VCVS_LPF,219815.595369559,219815.595369559,NaN,3.38215313650771e-12,3.38215313650771e-12,NaN,9946.27391427101,3861.51531859482,1.388237379332,0.620438758894624,214076.187975441,1358,VCVS,LPF
PASSIVE_RLC_BPF,6769.54788699058,NaN,NaN,2.64071021353324e-11,NaN,NaN,NaN,NaN,1,10,32207.084483352,694,PASSIVE,BPF
VCVS_HPF,6048.95676748224,6048.95676748224,NaN,1.82267550573382e-12,1.82267550573382e-12,NaN,10341.7769747645,8355.3645674769,1.80792349205221,0.838872331878718,14435448.9023383,939,VCVS,HPF
VCVS_BSF,1628.28347443754,1628.28347443754,NaN,1.80428531666351e-10,1.80428531666351e-10,NaN,9947.18121239743,2094.45370096062,1.21055750933242,0.633358358475461,541732.513377747,736,VCVS,BSF
PASSIVE_RLC_BSF,588.768246156449,NaN,NaN,4.45824943662435e-11,NaN,NaN,NaN,NaN,1,10,1565.17133302946,487,PASSIVE,BSF
PASSIVE_RC,607084.848751142,NaN,NaN,3.33135949122045e-11,NaN,NaN,NaN,NaN,1,NaN,7869.53800336876,162,PASSIVE,HPF
ACTIVE_OTHER_CASCADED_VCVS,3914.45577850011,3914.45577850011,3888.59076843668,3.07289385514015e-11,3.07289385514015e-11,1.31384903667732e-11,10211.2542933479,5127.15028811358,2.05878414066239,0.89931838253111,2219150.37651486,2155,ACTIVE_OTHER,BSF
VCVS_BSF,164559.826373762,164559.826373762,NaN,4.42588331347563e-12,4.42588331347563e-12,NaN,10322.2529112149,5107.55851280902,1.49481044077691,0.989727501037294,218522.596114711,1190,VCVS,BSF
PASSIVE_RC,46568.3375939791,NaN,NaN,8.39053712307953e-11,NaN,NaN,NaN,NaN,1,NaN,40732.3656510458,59,PASSIVE,LPF
ACTIVE_OTHER_CASCADED_VCVS,20816.1086208546,20816.1086208546,77038.9067951326,2.88824177392358e-10,2.88824177392358e-10,1.26202073029606e-10,9941.13692042027,11576.2344939825,3.18982744232349,0.926021431981191,21420.9117247659,2638,ACTIVE_OTHER,HPF
ACTIVE_OTHER_CASCADED_VCVS,1779.56831061778,1779.56831061778,60730.1280664942,8.28596781659912e-11,8.28596781659912e-11,4.89690289367056e-11,9940.17738742485,1034.45091721362,1.77459169963646,0.622742901768309,566433.578464609,2371,ACTIVE_OTHER,HPF
PASSIVE_RLC_BSF,2827.62382067867,NaN,NaN,5.69471432536852e-11,NaN,NaN,NaN,NaN,1,3.87668451160044,254956.505676969,103,PASSIVE,BSF
VCVS_HPF,57606.1151030097,57606.1151030097,NaN,7.26038225246207e-10,7.26038225246207e-10,NaN,9929.69794822719,2216.41360364173,1.22321057651481,0.562812895429381,3805.32765466123,1235,VCVS,HPF
VCVS_BPF,162970.727740722,162970.727740722,NaN,3.00225955832502e-12,3.00225955832502e-12,NaN,10178.9222101111,13179.6558486251,2.29479875929626,1.4180349413482,325283.691992524,1005,VCVS,BPF
PASSIVE_RLC_BSF,25.9957189253205,NaN,NaN,4.36642897289312e-12,NaN,NaN,NaN,NaN,1,10,3692.68237342252,349,PASSIVE,BSF
ACTIVE_OTHER_CASCADED_VCVS,10211.9647574764,10211.9647574764,1851.62073984241,2.69558423385979e-11,2.69558423385979e-11,4.31028153546396e-11,9757.04615154736,6706.27157488417,2.52080925993404,0.712899908805018,1286172.21264704,2586,ACTIVE_OTHER,LPF
PASSIVE_RC,129466.333946776,NaN,NaN,9.06416966090708e-10,NaN,NaN,NaN,NaN,1,NaN,1356.23595988192,138,PASSIVE,LPF
PASSIVE_RC,217306.767870517,NaN,NaN,7.40040790876999e-12,NaN,NaN,NaN,NaN,1,NaN,98967.1857375924,1,PASSIVE,LPF
MFB_BPF,4457.67735863327,3763711.44297504,NaN,4.72907617084937e-11,2.95781871037157e-11,NaN,NaN,NaN,-7584375.32442332,14.1376371923311,32853.65752282,1440,MFB,BPF
MFB_HPF,28513.4479201552,12285447342.7575,NaN,9.69548379304047e-10,9.64252148713049e-11,1.53035272699613e-11,NaN,NaN,-0.0157841811678818,0.00342895186353727,221.364868363697,1472,MFB,HPF
MFB_BPF,7748.29409074586,110289461.411362,NaN,1.03924882744006e-10,2.95968747091001e-10,NaN,NaN,NaN,-436061.806597692,52.3241488420042,981.674199545823,2071,MFB,BPF
PASSIVE_RC,689516.058488782,NaN,NaN,6.44613393920439e-10,NaN,NaN,NaN,NaN,1,NaN,358.076995930086,618,PASSIVE,HPF
VCVS_HPF,16138.2840853134,16138.2840853134,NaN,1.4800531135132e-12,1.4800531135132e-12,NaN,10010.3779452559,5863.10602748877,1.58570276362716,0.707064946661877,6663240.28262757,950,VCVS,HPF
ACTIVE_OTHER_CASCADED_VCVS,11250.1947874115,11250.1947874115,59296.7982818624,8.04002787615695e-10,8.04002787615695e-10,8.24886426365463e-12,10030.9450162322,2329.09481142015,1.66452160194619,0.586024921903166,171489.220373022,2220,ACTIVE_OTHER,BPF
VCVS_BPF,38410.1146614799,38410.1146614799,NaN,4.39302007022814e-10,4.39302007022814e-10,NaN,10056.8072246109,12336.21513784,2.22665323718754,1.2930809930118,9432.16394007982,1154,VCVS,BPF
ACTIVE_OTHER_CASCADED_VCVS,1875.29641179169,1875.29641179169,100811.679392817,1.19618052621535e-10,1.19618052621535e-10,3.90812248045653e-12,9903.67200062152,11197.8039551856,3.27419039363162,0.916848847764255,556732.163434187,2468,ACTIVE_OTHER,BPF
PASSIVE_RLC_BPF,453.679565734997,NaN,NaN,3.80749723031507e-12,NaN,NaN,NaN,NaN,1,10,423.020717073517,596,PASSIVE,BPF
PASSIVE_RC,1206.27251375622,NaN,NaN,1.24399557372047e-10,NaN,NaN,NaN,NaN,1,NaN,1060610.35882995,154,PASSIVE,LPF
MFB_BPF,7387.78301656464,181042.672051854,NaN,1.70995028838305e-11,2.03581387799422e-11,NaN,NaN,NaN,-6648869.33106908,2.46577676942495,233244.715413096,1812,MFB,BPF
PASSIVE_RC,741419.423763171,NaN,NaN,1.30625705832198e-10,NaN,NaN,NaN,NaN,1,NaN,1643.34036160082,202,PASSIVE,HPF
ACTIVE_OTHER_CASCADED_VCVS,67617.6909716874,67617.6909716874,18031.0221367178,9.82952027480931e-11,9.82952027480931e-11,1.42276622257033e-10,10019.2612937923,9299.86532213026,2.40356205019071,0.75165363742318,42992.4517866415,2281,ACTIVE_OTHER,HPF
ACTIVE_OTHER_CASCADED_VCVS,27447.7697910729,27447.7697910729,286906.940756132,1.54073766290518e-11,1.54073766290518e-11,9.58105554639407e-12,9762.57437852295,7375.58976742791,3.38560114957723,0.868433518771474,217120.872393137,2389,ACTIVE_OTHER,HPF
VCVS_BPF,157149.433501567,157149.433501567,NaN,7.098781753933e-11,7.098781753933e-11,NaN,10240.8555460235,2114.81459684576,1.20650760938298,0.55757136480293,14266.6986362819,1080,VCVS,BPF
PASSIVE_RLC_BPF,67.9820643595819,NaN,NaN,3.89612489883173e-11,NaN,NaN,NaN,NaN,1,10,697.835523618871,7,PASSIVE,BPF
MFB_HPF,39904.6075488664,165371.838458509,NaN,1.83628948869512e-10,2.72022940654017e-10,1.14268826838143e-10,NaN,NaN,-0.622281113852825,0.244200377269284,11112.4848649796,1402,MFB,HPF
ACTIVE_OTHER_CASCADED_VCVS,1876.14215483475,1876.14215483475,20123.917727761,1.32800263996921e-11,1.32800263996921e-11,5.6521140937255e-10,10032.0344990871,4667.42631146189,2.19750487550991,0.659063134207283,3200926.72985931,2784,ACTIVE_OTHER,LPF
VCVS_BPF,8655.69502535656,8655.69502535656,NaN,2.73041657099094e-10,2.73041657099094e-10,NaN,9996.1919123199,10014.6707054134,2.00184858326606,1.00185200685495,67342.5061338935,908,VCVS,BPF
PASSIVE_RC,35586.0097679092,NaN,NaN,2.32896131768164e-10,NaN,NaN,NaN,NaN,1,NaN,19203.4192134447,601,PASSIVE,HPF
VCVS_BPF,6505.01152304459,6505.01152304459,NaN,2.7097014051576e-11,2.7097014051576e-11,NaN,9736.70792885278,2224.79047824867,1.22849514379043,0.564491819762588,902922.810836548,924,VCVS,BPF
PASSIVE_RLC_BSF,1552.69831618361,NaN,NaN,8.02507161219694e-11,NaN,NaN,NaN,NaN,1,4.04752593506738,315569.115692676,284,PASSIVE,BSF
MFB_LPF,23.3224937402435,16002.7765052784,71.916745288159,6.24670258256609e-11,5.99628393706671e-10,NaN,NaN,NaN,-3.08357871542978,0.00529277031912979,766550.798376639,1482,MFB,LPF
MFB_LPF,2847.10253526895,15163.4722575207,5566.13554382057,9.2671915325682e-12,1.07512104626218e-10,NaN,NaN,NaN,-1.9550175924011,0.0535440452658442,548834.193395865,1769,MFB,LPF
ACTIVE_OTHER_CASCADED_VCVS,79578.7104944511,79578.7104944511,2356.34052201193,4.12507759251667e-11,4.12507759251667e-11,1.38544810948868e-10,10100.8843435575,1044.4644579433,1.84512015802284,1.04151173985402,268001.241993121,2392,ACTIVE_OTHER,BSF
MFB_LPF,420117532.687269,4008.5813044676,362038063.983825,1.29783501890374e-10,8.98281840040864e-10,NaN,NaN,NaN,-0.861754237363195,0.0012647733710506,386.92929518831,2036,MFB,LPF
PASSIVE_RLC_BSF,25.4402787430573,NaN,NaN,1.28795337354075e-11,NaN,NaN,NaN,NaN,1,10,116099.344743445,492,PASSIVE,BSF
MFB_HPF,7118.16032410073,1955846.25812037,NaN,4.25338514577484e-11,4.77023837406755e-11,1.72060735873286e-11,NaN,NaN,-0.404526582889408,0.0397653726600874,47082.3317676231,1534,MFB,HPF
MFB_LPF,5900.03754395182,1472.30593335965,8565.4067708601,4.15923616051608e-11,8.27526626275503e-11,NaN,NaN,NaN,-1.45175462139907,0.206783022034293,763922.542875635,1815,MFB,LPF
MFB_HPF,3920.78617433258,89963601661.9726,NaN,3.58891485987318e-11,3.99376518460413e-10,1.53429876418709e-11,NaN,NaN,-0.42751049386591,8.48307066294173e-05,108.256480726488,2055,MFB,HPF
VCVS_BSF,32215.1064224024,32215.1064224024,NaN,7.19303195533894e-11,7.19303195533894e-11,NaN,9695.36858470178,3254.19972532076,1.33564476655952,0.752609409593516,68682.891695311,705,VCVS,BSF
PASSIVE_RC,1508.60018157383,NaN,NaN,1.16546985260774e-12,NaN,NaN,NaN,NaN,1,NaN,90520080.593631,638,PASSIVE,LPF
VCVS_BPF,14550.3817108346,14550.3817108346,NaN,1.09278566941385e-11,1.09278566941385e-11,NaN,9883.98618850914,10715.3759792592,2.08411482724617,1.09183992682539,1000946.24318153,1222,VCVS,BPF
MFB_BPF,13702.5349823463,28406.6627277875,NaN,2.63714132110136e-10,1.81880383991338e-10,NaN,NaN,NaN,-401248.311706457,0.707667813766223,36834.0888503944,1760,MFB,BPF
VCVS_BPF,16770.8316932283,16770.8316932283,NaN,3.2942602626847e-10,3.2942602626847e-10,NaN,10040.6098599773,4448.31165924923,1.44303201909882,0.64227396598175,28807.6361783916,772,VCVS,BPF
ACTIVE_OTHER_CASCADED_VCVS,4047.60828176498,4047.60828176498,292896.339139017,4.96713677506835e-12,4.96713677506835e-12,3.42566188982466e-12,10178.0596827833,4430.02424219554,2.06131351077708,0.639274905861429,4037399.55557276,2757,ACTIVE_OTHER,BPF
VCVS_LPF,20468.1006142741,20468.1006142741,NaN,1.97982578958725e-12,1.97982578958725e-12,NaN,9730.44950029093,11049.1395096743,2.1355220033097,1.1567674409627,3927494.73334059,759,VCVS,LPF
VCVS_BSF,7621.26238649871,7621.26238649871,NaN,2.12951685465445e-11,2.12951685465445e-11,NaN,10110.8920331328,7461.47027025043,1.73796359864191,1.90813183744159,980645.717280914,1102,VCVS,BSF
PASSIVE_RLC_BSF,34.6523957845819,NaN,NaN,2.53486876547161e-10,NaN,NaN,NaN,NaN,1,10,496982.149219886,424,PASSIVE,BSF
VCVS_HPF,69657.020336289,69657.020336289,NaN,6.41934972491626e-12,6.41934972491626e-12,NaN,10028.5485157756,2214.34260135635,1.22080389777973,0.562051591025909,355929.67823773,928,VCVS,HPF
PASSIVE_RLC_BPF,954.12340683918,NaN,NaN,1.80748020019882e-11,NaN,NaN,NaN,NaN,1,10,183.344302308724,583,PASSIVE,BPF
ACTIVE_OTHER_CASCADED_VCVS,71650.649889455,71650.649889455,115478.416468796,7.48322565537164e-11,7.48322565537164e-11,1.315193543041e-12,9850.42156822874,11631.2012357106,3.35830966005608,0.952793772566505,538803.442304672,2405,ACTIVE_OTHER,HPF
PASSIVE_RLC_BSF,161.699352169718,NaN,NaN,3.42026976921939e-12,NaN,NaN,NaN,NaN,1,10,3281.85569210086,628,PASSIVE,BSF
ACTIVE_OTHER_CASCADED_VCVS,3211.99537561946,3211.99537561946,91663.5727327184,1.44534776271583e-12,1.44534776271583e-12,9.90370570800641e-12,10101.3894127554,674.65009564338,1.29907407496789,0.587480233650642,17228923.8626543,2798,ACTIVE_OTHER,BSF
MFB_HPF,41938.0515810538,3845289.84839895,NaN,9.52920704524422e-10,4.40933345650582e-11,1.8217301042647e-11,NaN,NaN,-0.0191173315430676,0.15250208645738,13983.7282881036,1828,MFB,HPF
VCVS_HPF,173614.75571784,173614.75571784,NaN,8.84169035671776e-10,8.84169035671776e-10,NaN,9772.05888301046,9142.45870196493,1.9355713889383,0.93947117693742,1036.80765863038,1292,VCVS,HPF
PASSIVE_RLC_BPF,1612.73271027402,NaN,NaN,1.03607120660195e-12,NaN,NaN,NaN,NaN,1,10,738994.310516889,416,PASSIVE,BPF
PASSIVE_RC,4623.6263392821,NaN,NaN,1.06975679784925e-09,NaN,NaN,NaN,NaN,1,NaN,32177.5036037471,86,PASSIVE,HPF
PASSIVE_RLC_BSF,1912.01026842531,NaN,NaN,8.80521162399746e-10,NaN,NaN,NaN,NaN,1,10,4059.20652505213,198,PASSIVE,BSF
VCVS_BSF,11847.2952013884,11847.2952013884,NaN,1.3060137016554e-12,1.3060137016554e-12,NaN,10108.5791087508,3566.22880891752,1.35279229361031,0.772549515501209,10286157.9389092,1208,VCVS,BSF
PASSIVE_RC,98238.8585538423,NaN,NaN,1.94393166744303e-11,NaN,NaN,NaN,NaN,1,NaN,83340.4477255385,64,PASSIVE,HPF
ACTIVE_OTHER_CASCADED_VCVS,2039.03676399594,2039.03676399594,684363.014665514,7.8171075189371e-11,7.8171075189371e-11,8.08150969641527e-10,10191.1866048288,972.14357964972,1.8680713769344,0.648738583560523,499394.942061098,2767,ACTIVE_OTHER,LPF
MFB_BPF,1316.12390415023,3616289.31640661,NaN,2.52512525315142e-11,4.12502313619793e-10,NaN,NaN,NaN,-1841945.74663014,12.2210398391782,22604.0105831985,1803,MFB,BPF
VCVS_LPF,78654.1538375813,78654.1538375813,NaN,7.39116582828208e-11,7.39116582828208e-11,NaN,9955.94439416763,5113.2812751392,1.51359078282264,0.672762243696903,27376.9789565938,911,VCVS,LPF
ACTIVE_OTHER_CASCADED_VCVS,23079.7646222899,23079.7646222899,199460.889794267,2.67539480383781e-10,2.67539480383781e-10,8.15667331407909e-10,10028.6041613981,8242.70555464154,3.91895819591384,1.01335091453364,13376.6897606221,2458,ACTIVE_OTHER,LPF
ACTIVE_OTHER_CASCADED_VCVS,2785.92332412402,2785.92332412402,11394.4488626151,7.32684912370394e-11,7.32684912370394e-11,1.48470157718004e-10,10284.8296919024,2418.98582668892,1.67527360706446,0.715248913645299,436894.508723288,2603,ACTIVE_OTHER,BSF
ACTIVE_OTHER_CASCADED_VCVS,6212.39887433267,6212.39887433267,3575.82661418821,1.10120282202151e-11,1.10120282202151e-11,1.28148112355666e-12,9745.98554466978,3925.66944664178,2.16377055361131,0.965027918233629,18529291.2776704,2308,ACTIVE_OTHER,BSF
ACTIVE_OTHER_CASCADED_VCVS,3327.86500950045,3327.86500950045,632347.493188336,1.24909335746926e-12,1.24909335746926e-12,1.91823460559987e-11,10127.2723806441,5522.2259213105,2.46059362272779,0.698905238083569,19150421.5874939,2364,ACTIVE_OTHER,LPF
MFB_HPF,60866.9545246847,1188.95990482842,NaN,1.40172754913769e-10,7.52856106572776e-10,8.67638944633041e-10,NaN,NaN,-6.1897830656663,0.530615384092593,23148.3602987958,2047,MFB,HPF
ACTIVE_OTHER_CASCADED_VCVS,14984.6428647617,14984.6428647617,353429.054422357,2.00611562442531e-11,2.00611562442531e-11,1.65305570476454e-10,9989.45103713603,3628.37701619056,2.0225360106386,0.876763962972084,266082.697673393,2486,ACTIVE_OTHER,BSF
VCVS_BSF,89880.4649260747,89880.4649260747,NaN,1.02429142809492e-09,1.02429142809492e-09,NaN,9991.79486377379,7191.50037559213,1.71974059452177,1.78406144531282,1728.74637767429,1193,VCVS,BSF
MFB_LPF,18937.1629321348,1155.92448278628,62967.4323450959,3.91488445203727e-10,2.43043806065446e-11,NaN,NaN,NaN,-3.32507211195006,0.503781860945883,191247.450966433,1606,MFB,LPF
ACTIVE_OTHER_CASCADED_VCVS,2760.81286767626,2760.81286767626,161282.931158637,3.25600070004303e-10,3.25600070004303e-10,1.86349653729172e-11,10086.002758787,1707.4743100625,2.01155907414669,0.663841910423625,115002.824592607,2122,ACTIVE_OTHER,HPF
ACTIVE_OTHER_CASCADED_VCVS,2267.89140255879,2267.89140255879,31947.4134871333,5.27273580017312e-10,5.27273580017312e-10,4.60845839852607e-10,10044.4516895277,3046.04031746401,2.17994963590641,1.12262510971753,71952.5573824479,2494,ACTIVE_OTHER,BSF
MFB_BPF,19863.7286174628,127763907688.714,NaN,4.94993051190649e-11,1.05279448537876e-11,NaN,NaN,NaN,-4781846.43974925,964.487516615855,138.393056165821,1861,MFB,BPF
ACTIVE_OTHER_CASCADED_VCVS,9268.68025112913,9268.68025112913,9042.43865820754,8.21008500103554e-12,8.21008500103554e-12,1.81405782153156e-10,9822.3577476648,4111.12464227449,2.91652138377659,0.845821120731363,1094254.55132855,2517,ACTIVE_OTHER,HPF
MFB_HPF,91191.1015840489,162789838.450361,NaN,5.63131309438941e-10,4.25014412958558e-10,2.32934936309813e-10,NaN,NaN,-0.413642311136795,0.0147439014972527,131.283791412076,1500,MFB,HPF
MFB_HPF,29418.7914232487,15770.0731359515,NaN,2.17143644621762e-10,9.48789385339052e-12,4.37739172882937e-11,NaN,NaN,-0.201589677489952,0.510627776327428,362575.328552921,1833,MFB,HPF
VCVS_BSF,4233.7700420335,4233.7700420335,NaN,2.39914972258894e-11,2.39914972258894e-11,NaN,9765.87310592432,5090.86145601737,1.5212909691535,1.04447580426016,1566879.19658337,1178,VCVS,BSF
PASSIVE_RLC_BPF,3590.33463527274,NaN,NaN,8.50236822519721e-11,NaN,NaN,NaN,NaN,1,10,954.901043971481,15,PASSIVE,BPF
MFB_BPF,2840.77356709487,3770.61534961543,NaN,3.65911938555647e-11,8.54145813615131e-10,NaN,NaN,NaN,-412127.282171964,0.228661268340061,275068.848197163,1702,MFB,BPF
VCVS_BSF,273712.412526486,273712.412526486,NaN,5.05544996105005e-12,5.05544996105005e-12,NaN,10042.2972676355,5785.36740600869,1.5760999950334,1.17952345869727,115018.003020307,1372,VCVS,BSF
PASSIVE_RLC_BPF,267.988075225808,NaN,NaN,2.04638717647089e-10,NaN,NaN,NaN,NaN,1,10,2700.78766068821,97,PASSIVE,BPF
VCVS_BPF,4847.93966714635,4847.93966714635,NaN,3.09330225970377e-12,3.09330225970377e-12,NaN,10044.3836176644,8648.88496812923,1.86106677097827,0.878014596921482,10613058.7035725,1328,VCVS,BPF
PASSIVE_RLC_BPF,19.599984722599,NaN,NaN,1.28718376056994e-12,NaN,NaN,NaN,NaN,1,10,17857.9762237638,156,PASSIVE,BPF
PASSIVE_RLC_BSF,43.6580622168732,NaN,NaN,1.86598215710063e-10,NaN,NaN,NaN,NaN,1,10,197169.827200111,196,PASSIVE,BSF
PASSIVE_RC,13385.9463875205,NaN,NaN,8.47567876655792e-10,NaN,NaN,NaN,NaN,1,NaN,14028.025997071,400,PASSIVE,LPF
ACTIVE_OTHER_CASCADED_VCVS,694239.051133055,694239.051133055,11607.6530524099,1.97709635213324e-10,1.97709635213324e-10,2.78900223742337e-10,10082.5095575235,11447.0639756946,3.43243149895931,0.93731241608653,25160.6143125275,2154,ACTIVE_OTHER,HPF
ACTIVE_OTHER_CASCADED_VCVS,296945.07170151,296945.07170151,10089.8611835323,1.34679843857778e-11,1.34679843857778e-11,1.92306028018455e-11,10084.9763369589,9910.03052535696,2.09610823125109,0.748838006003427,430019.127940842,2413,ACTIVE_OTHER,BPF
VCVS_BPF,64268.0239449207,64268.0239449207,NaN,6.15958386717941e-10,6.15958386717941e-10,NaN,10268.8331277716,7204.44460323927,1.70158356977826,0.770168935577337,4020.44209945276,744,VCVS,BPF
MFB_BPF,54361.7969471853,268.64692554323,NaN,1.38278919390209e-10,1.69084238525122e-11,NaN,NaN,NaN,-1087935.30382317,0.0219036902179023,861296.615701683,1542,MFB,BPF
VCVS_BPF,1309.97853690393,1309.97853690393,NaN,2.12539173470595e-11,2.12539173470595e-11,NaN,9818.99495723453,12062.4979550967,2.2284860118203,1.29615277923785,5716325.68034592,1262,VCVS,BPF
ACTIVE_OTHER_CASCADED_VCVS,187686.360091992,187686.360091992,69360.3976152629,1.16510166768959e-11,1.16510166768959e-11,1.62233348825432e-11,9949.58007777749,8900.31142086004,2.54573233329268,0.754182220183077,107110.344797263,2563,ACTIVE_OTHER,LPF
MFB_BPF,3109.23618278008,69059618.5013741,NaN,2.41857309040866e-10,6.85667483884238e-10,NaN,NaN,NaN,-469064.680047988,65.4328880236379,843.4217612713,1693,MFB,BPF
VCVS_LPF,396917.918398748,396917.918398748,NaN,8.51499572809061e-11,8.51499572809061e-11,NaN,9972.16500837897,4758.56560116538,1.47718480361758,0.656678500697645,4709.06832916777,1298,VCVS,LPF
MFB_BPF,998.480452330115,46812.2758944097,NaN,1.53222650300759e-11,3.62447197660916e-11,NaN,NaN,NaN,-27632214.2003698,3.12911997121758,987840.009634313,1475,MFB,BPF
PASSIVE_RC,13481.8294055141,NaN,NaN,1.68518640208746e-12,NaN,NaN,NaN,NaN,1,NaN,7005245.472547,685,PASSIVE,LPF
MFB_BPF,1348.86673345001,815745489.773131,NaN,1.20008587809551e-10,4.26917908467029e-11,NaN,NaN,NaN,-17365471.6339418,342.123261957932,2119.72694230487,1689,MFB,BPF
MFB_BPF,56972.5279168473,156.64816488823,NaN,1.60740584758433e-11,3.37680428751757e-10,NaN,NaN,NaN,-51979.0837201656,0.0109205288536866,723117.736043829,1615,MFB,BPF
MFB_BPF,42291.7181751313,6883320.08350962,NaN,2.62869632641383e-11,2.79478296395451e-10,NaN,NaN,NaN,-84605.1078155262,3.57624637261112,3441.51155068962,1541,MFB,BPF
ACTIVE_OTHER_CASCADED_VCVS,2057.5855651019,2057.5855651019,4213.49639879078,1.93746063954136e-10,1.93746063954136e-10,6.86818143843575e-10,9922.69977054664,1944.99505756052,2.51752784926716,0.835779971668422,227116.129864267,2769,ACTIVE_OTHER,BPF
MFB_LPF,129028.274669538,3680.94884925623,130720.146902226,4.34506456501182e-10,5.14194193550384e-10,NaN,NaN,NaN,-1.01311241460076,0.145981122619061,15349.9609722738,1938,MFB,LPF
MFB_HPF,35357.5943712996,10540.1085357295,NaN,3.4746898541348e-11,7.36567264633824e-11,1.60219450518595e-10,NaN,NaN,-4.61104320801289,0.160634982351045,75891.3729628606,1912,MFB,HPF
ACTIVE_OTHER_CASCADED_VCVS,8223.9861236368,8223.9861236368,350187.195221197,3.61684410420621e-11,3.61684410420621e-11,2.56788478447095e-11,10142.3387874193,6016.09235146827,2.12779397314996,0.99076708350254,276382.790960541,2475,ACTIVE_OTHER,BSF
ACTIVE_OTHER_CASCADED_VCVS,56932.8702129082,56932.8702129082,148446.776216322,1.77338308375868e-10,1.77338308375868e-10,2.46729599407744e-11,9988.18259209357,4114.01109955835,3.00076377947119,0.886500131012389,29608.7007227696,2250,ACTIVE_OTHER,BPF
MFB_HPF,70158.2655158373,56547.2514511364,NaN,1.42974180648603e-11,1.40617186055639e-10,8.91422087422941e-10,NaN,NaN,-62.3484662320846,0.00604501439329964,7136.97314906998,1779,MFB,HPF
ACTIVE_OTHER_CASCADED_VCVS,296369.324022504,296369.324022504,7537.97023359353,1.47811740369426e-11,1.47811740369426e-11,4.06791197453373e-11,10026.3543229449,5870.94093666379,2.10352724235645,0.652302644878904,277681.544503909,2411,ACTIVE_OTHER,BPF
MFB_BPF,3385.91425230578,95870.300175728,NaN,5.23451978802015e-11,2.06464546706689e-10,NaN,NaN,NaN,-1430469.35223649,2.13739410939072,84972.6072016012,2023,MFB,BPF
VCVS_BSF,455387.064920193,455387.064920193,NaN,6.02150608819102e-12,6.02150608819102e-12,NaN,9914.47303691823,6644.04978241051,1.67013645179832,1.51577827476196,58040.9231507098,833,VCVS,BSF
ACTIVE_OTHER_CASCADED_VCVS,10015.9607416527,10015.9607416527,8002.26432679587,1.70401787898042e-10,1.70401787898042e-10,2.2011067463448e-10,10021.8034009771,3113.42900064468,1.95153565553797,0.85187232868339,91804.4369036702,2715,ACTIVE_OTHER,BSF
PASSIVE_RC,55777.2666999781,NaN,NaN,3.31401561600829e-12,NaN,NaN,NaN,NaN,1,NaN,861010.311773952,247,PASSIVE,HPF
ACTIVE_OTHER_CASCADED_VCVS,12015.6755264506,12015.6755264506,13662.7652845608,1.17440886871049e-10,1.17440886871049e-10,1.80531356855428e-11,10105.3246895753,9917.58224601677,3.61766500179123,0.916699378316163,379018.307635845,2484,ACTIVE_OTHER,HPF
PASSIVE_RLC_BPF,1049.15914724747,NaN,NaN,1.21472882630498e-11,NaN,NaN,NaN,NaN,1,10,498864.452138246,50,PASSIVE,BPF
VCVS_BPF,61031.7043343458,61031.7043343458,NaN,6.01958791131428e-12,6.01958791131428e-12,NaN,9871.62405821407,6434.5753614143,1.65182540618128,0.741743691495839,433209.400706983,926,VCVS,BPF
VCVS_BPF,395495.294459847,395495.294459847,NaN,6.50911877183271e-10,6.50911877183271e-10,NaN,9959.82837677141,4029.96217698856,1.40462164854039,0.626810561322396,618.239308671779,1195,VCVS,BPF
MFB_BPF,5756.77825007497,23755566.6988551,NaN,4.37089673753962e-10,2.72425395023243e-11,NaN,NaN,NaN,-6376361.19125581,15.0963932696432,3944.01552486681,1438,MFB,BPF
MFB_LPF,749.407709572725,3827.96900008319,719.855889264273,6.20675200928714e-11,1.9180476857072e-10,NaN,NaN,NaN,-0.960566431421822,0.114810562657658,878721.49017927,1529,MFB,LPF
VCVS_BPF,149634.795302097,149634.795302097,NaN,4.2879197688191e-11,4.2879197688191e-11,NaN,10071.0789730256,11805.1249929808,2.17218075884418,1.20799318291247,24805.0945675253,851,VCVS,BPF
VCVS_BPF,10086.5072021462,10086.5072021462,NaN,3.6909811125795e-10,3.6909811125795e-10,NaN,10230.7613948473,3751.14369641736,1.366653424085,0.612239934099594,42750.1365084268,1196,VCVS,BPF
VCVS_HPF,1155.46371525557,1155.46371525557,NaN,1.35820520762077e-10,1.35820520762077e-10,NaN,10155.1182586048,10642.8748876448,2.04803062028614,1.05045395504274,1014141.20430939,903,VCVS,HPF
PASSIVE_RLC_BPF,11.6873483109921,NaN,NaN,2.13800266548026e-11,NaN,NaN,NaN,NaN,1,10,27095.1678684861,91,PASSIVE,BPF
PASSIVE_RC,1237.26436113409,NaN,NaN,3.83884591752877e-10,NaN,NaN,NaN,NaN,1,NaN,335086.512369707,47,PASSIVE,LPF
PASSIVE_RC,7851.64426673646,NaN,NaN,6.58552432973677e-11,NaN,NaN,NaN,NaN,1,NaN,307800.38465002,14,PASSIVE,HPF
PASSIVE_RC,531720.844251403,NaN,NaN,1.88011733637337e-12,NaN,NaN,NaN,NaN,1,NaN,159203.089706099,500,PASSIVE,LPF
VCVS_LPF,4630.48139923358,4630.48139923358,NaN,7.46456507741263e-11,7.46456507741263e-11,NaN,9729.8486602416,9983.84838341491,2.02610520800917,1.02680495698699,460457.423460285,1163,VCVS,LPF
MFB_LPF,743.771923533672,5976.34954375208,1687.29937320937,7.47170268690787e-11,3.26346846996503e-10,NaN,NaN,NaN,-2.26857094200731,0.0715994473536869,320964.176196425,1594,MFB,LPF
PASSIVE_RC,10087.5417517164,NaN,NaN,3.51266539811692e-12,NaN,NaN,NaN,NaN,1,NaN,4491568.25496634,656,PASSIVE,HPF
PASSIVE_RLC_BPF,116.902835218511,NaN,NaN,8.38512629516547e-11,NaN,NaN,NaN,NaN,1,10,27097.4200384046,691,PASSIVE,BPF
VCVS_BPF,352945.773455914,352945.773455914,NaN,9.61393434310232e-11,9.61393434310232e-11,NaN,9960.86568290171,5056.62957167559,1.50764960924586,0.67008392010047,4690.41202096855,1287,VCVS,BPF
PASSIVE_RLC_BSF,4025.82605049109,NaN,NaN,5.56253409377865e-10,NaN,NaN,NaN,NaN,1,2.17108688459459,32735.2179043876,208,PASSIVE,BSF
PASSIVE_RLC_BPF,226.902336165687,NaN,NaN,4.08774046545901e-10,NaN,NaN,NaN,NaN,1,2.5215447296523,680504.769686725,574,PASSIVE,BPF
ACTIVE_OTHER_CASCADED_VCVS,3153.88015205369,3153.88015205369,19943.6172747598,2.89778781909366e-12,2.89778781909366e-12,1.2752291822051e-10,9999.30945975953,9407.77447430308,2.2438288747499,0.743239252969878,8738486.39098542,2599,ACTIVE_OTHER,BPF
ACTIVE_OTHER_CASCADED_VCVS,61962.0468723833,61962.0468723833,24725.9220155216,6.52282662941824e-10,6.52282662941824e-10,5.24623374004059e-10,9833.46419710337,7400.24086155256,3.84739321911939,1.02217171513863,8103.57518095423,2213,ACTIVE_OTHER,HPF
MFB_BPF,8848.51529403808,137943.664761717,NaN,9.93860931956239e-10,9.18228401174161e-12,NaN,NaN,NaN,-12307755.8517501,0.376040137072931,47686.5472591986,1694,MFB,BPF
PASSIVE_RC,5223.73544094632,NaN,NaN,1.74942976016025e-12,NaN,NaN,NaN,NaN,1,NaN,17415760.6614918,421,PASSIVE,LPF
VCVS_BSF,34222.7851212032,34222.7851212032,NaN,9.58156264310966e-12,9.58156264310966e-12,NaN,10078.8894479377,2744.38886659359,1.27229079957367,0.687087643947713,485364.979937513,1212,VCVS,BSF
VCVS_BSF,3763.28675258611,3763.28675258611,NaN,4.15413324001376e-10,4.15413324001376e-10,NaN,10007.7254892514,1426.26300849073,1.14251620011186,0.583101395111169,101805.771155292,1144,VCVS,BSF
ACTIVE_OTHER_CASCADED_VCVS,495050.866465199,495050.866465199,1366.1961125359,1.19439958851799e-11,1.19439958851799e-11,1.23118218490108e-11,9958.95638769661,7534.28317632866,4.18491831098218,1.2118014590969,4744478.14091233,2436,ACTIVE_OTHER,LPF
MFB_HPF,4617.41574554976,11300.0989506336,NaN,5.10403415854391e-11,1.58714846276296e-10,3.90298798888854e-11,NaN,NaN,-0.764686886422012,0.264458662794263,279944.625954323,1922,MFB,HPF
VCVS_LPF,293879.047966176,293879.047966176,NaN,1.40596208366021e-12,1.40596208366021e-12,NaN,10091.9115868798,13785.8635184219,2.36603094465715,1.57736405518911,385192.567605568,1213,VCVS,LPF
VCVS_HPF,503838.03820724,503838.03820724,NaN,1.98120648930455e-11,1.98120648930455e-11,NaN,9911.02979305603,3087.39170866239,1.31151068790304,0.592245383394274,15944.0789998345,1315,VCVS,HPF
VCVS_HPF,346829.59246731,346829.59246731,NaN,4.62581399391816e-12,4.62581399391816e-12,NaN,9864.26197913087,13696.4084168546,2.3884879016627,1.63529062257149,99200.9475398572,885,VCVS,HPF
MFB_HPF,4924.37930959793,591885824.158364,NaN,5.61689434362834e-11,9.60270034010414e-11,5.12863468883797e-10,NaN,NaN,-9.13073021331754,0.000105411597095531,420.075973344407,1422,MFB,HPF
MFB_BPF,32891.3906955033,1133922220.35593,NaN,1.97392574208614e-11,3.99468093601955e-10,NaN,NaN,NaN,-76108.9388023455,39.3303742435656,293.481632807057,2086,MFB,BPF
MFB_BPF,27700.9620070391,3293.3637659102,NaN,7.24610192289114e-10,1.00430557262897e-09,NaN,NaN,NaN,-35945.0652146787,0.170131114417473,19532.9437241638,1818,MFB,BPF
ACTIVE_OTHER_CASCADED_VCVS,28525.042356475,28525.042356475,117230.831070044,2.94277823938538e-10,2.94277823938538e-10,1.59462089383171e-11,10224.3248664369,9602.01731477716,3.97725922554549,0.998210674956077,52048.7001172815,2238,ACTIVE_OTHER,LPF
ACTIVE_OTHER_CASCADED_VCVS,24487.4879699634,24487.4879699634,25625.9454378083,2.91881770973947e-10,2.91881770973947e-10,5.38842049355389e-10,9980.37583802382,972.289914382509,1.57900346669747,0.722483347514536,16896.686803124,2483,ACTIVE_OTHER,BSF
ACTIVE_OTHER_CASCADED_VCVS,1055.96692555157,1055.96692555157,119855.817659148,1.67930062744491e-10,1.67930062744491e-10,1.68288765843676e-11,9953.309269967,752.536696526437,2.16298086417666,0.765352820759492,488209.762297066,2124,ACTIVE_OTHER,BPF
MFB_HPF,1434.94465333448,2936786429.7308,NaN,2.06768479434407e-11,1.20954238952642e-10,1.14520248516586e-11,NaN,NaN,-0.553857381114587,0.000306837086891589,2083.12190896219,2062,MFB,HPF
ACTIVE_OTHER_CASCADED_VCVS,812703.545555241,812703.545555241,3555.81179345873,8.61782092451649e-11,8.61782092451649e-11,5.34329470421425e-12,9684.49796157398,2194.46786072247,1.97114816052644,0.959389821957416,4189479.22919287,2172,ACTIVE_OTHER,BSF
ACTIVE_OTHER_CASCADED_VCVS,384665.951949693,384665.951949693,1613.03705218438,3.34902265414192e-12,3.34902265414192e-12,1.83463226510937e-10,10174.0676202483,7815.27446698105,3.42957924945006,0.877431743457929,330675.214470965,2214,ACTIVE_OTHER,BPF
ACTIVE_OTHER_CASCADED_VCVS,5892.71247832872,5892.71247832872,1020.41627563457,2.62434190234872e-10,2.62434190234872e-10,5.98421511023868e-12,10023.4480517176,4087.3658057327,2.90933317410281,0.849708837094584,13083292.8851278,2259,ACTIVE_OTHER,HPF
PASSIVE_RLC_BPF,1113.37509692576,NaN,NaN,5.51318284190647e-12,NaN,NaN,NaN,NaN,1,10,16951.8968813535,666,PASSIVE,BPF
ACTIVE_OTHER_CASCADED_VCVS,9903.7876912388,9903.7876912388,1131.56215777245,4.74628636383745e-12,4.74628636383745e-12,1.13636902325332e-11,10026.2318667531,1951.78942843831,2.80960921900528,1.04831265183508,7881512.8004405,2581,ACTIVE_OTHER,LPF
VCVS_LPF,15222.8919893145,15222.8919893145,NaN,1.03366688842584e-12,1.03366688842584e-12,NaN,9936.6531589307,5965.80463499989,1.60038370461165,0.714481535614397,10114452.076637,1344,VCVS,LPF
ACTIVE_OTHER_CASCADED_VCVS,48998.8284907007,48998.8284907007,1798.16346158171,3.46961858744447e-11,3.46961858744447e-11,2.34467892938057e-11,9942.4030368837,8106.12106290194,2.62128604842897,0.743385265312355,1934267.54387989,2762,ACTIVE_OTHER,LPF
PASSIVE_RLC_BPF,1745.24536861771,NaN,NaN,1.23135028019125e-12,NaN,NaN,NaN,NaN,1,10,858174.068496109,581,PASSIVE,BPF
ACTIVE_OTHER_CASCADED_VCVS,154739.653773236,154739.653773236,42774.6256542128,4.38548623392254e-10,4.38548623392254e-10,2.34355464709211e-10,10343.8673558082,11489.7083274563,2.49427163216694,0.837267227443543,9110.98059933023,2229,ACTIVE_OTHER,HPF
ACTIVE_OTHER_CASCADED_VCVS,49426.4327718471,49426.4327718471,3137.66779807405,4.99187395765058e-11,4.99187395765058e-11,3.20916639152261e-11,9780.01306313494,823.303671569393,1.27279266136857,0.534802562448066,822550.891737718,2608,ACTIVE_OTHER,HPF
VCVS_HPF,6717.09463576805,6717.09463576805,NaN,1.44656972934895e-12,1.44656972934895e-12,NaN,9904.42073315779,10429.9544966456,2.05306052495614,1.05603370263308,16379449.1356526,1110,VCVS,HPF
MFB_HPF,6262.06378023578,506576.434302102,NaN,8.34364373767964e-11,8.54117264369318e-10,9.59341340101987e-12,NaN,NaN,-0.114978703581222,0.0924159077259859,31217.1726961536,1721,MFB,HPF
VCVS_LPF,1236.50939053776,1236.50939053776,NaN,5.56513493024049e-10,5.56513493024049e-10,NaN,10033.9751623998,10862.6875751203,2.08259063823736,1.09002593790702,231284.758588628,1380,VCVS,LPF
ACTIVE_OTHER_CASCADED_VCVS,413085.524023075,413085.524023075,699876.466090019,1.06286292143782e-11,1.06286292143782e-11,2.32724392151681e-10,9947.77579085037,12817.6158421284,3.86888009630688,1.08458034161476,18613.356705408,2158,ACTIVE_OTHER,BPF
ACTIVE_OTHER_CASCADED_VCVS,104285.383109357,104285.383109357,2870.19026438247,2.98746073266606e-11,2.98746073266606e-11,3.52884709768161e-10,10022.830982207,1326.09987396906,1.53490776393232,0.571764376899468,104110.728552974,2745,ACTIVE_OTHER,BPF
MFB_LPF,58.3103595749372,40382.8143415766,153.288184815887,5.5509979114831e-10,9.17053418244276e-10,NaN,NaN,NaN,-2.62883278260168,0.0131954212627983,89657.0924573689,1871,MFB,LPF
VCVS_BSF,52942.2116715332,52942.2116715332,NaN,3.93412275468021e-11,3.93412275468021e-11,NaN,9984.72431325031,5495.17253812232,1.55035796339714,1.11199567499872,76413.5092113995,1085,VCVS,BSF
PASSIVE_RLC_BPF,38.1329231151934,NaN,NaN,1.56283844272244e-10,NaN,NaN,NaN,NaN,1,10,390.281896030065,550,PASSIVE,BPF
VCVS_HPF,1546.94607603219,1546.94607603219,NaN,1.26797018048754e-11,1.26797018048754e-11,NaN,10044.8741280958,2204.75133109165,1.2194901900189,0.561636894328941,8114017.05694656,1369,VCVS,HPF
PASSIVE_RC,84314.5598548619,NaN,NaN,1.35159655674594e-11,NaN,NaN,NaN,NaN,1,NaN,139659.49833745,647,PASSIVE,LPF
MFB_BPF,59412.9075310311,43.4903066400153,NaN,2.31242764973301e-10,8.65748826266611e-11,NaN,NaN,NaN,-194413.886512675,0.0120450291529447,699767.005106946,1622,MFB,BPF
VCVS_BPF,4999.38664923624,4999.38664923624,NaN,2.68208774737191e-12,2.68208774737191e-12,NaN,9986.91478463288,8877.11639397563,1.88887475115289,0.899988548579545,11869445.3009077,728,VCVS,BPF
MFB_HPF,1739.17244751526,25077441716.9853,NaN,2.55647566928135e-10,4.76795710243715e-11,1.43462070951042e-11,NaN,NaN,-0.0561171274481053,0.000386356495319098,921.45148841913,1563,MFB,HPF
ACTIVE_OTHER_CASCADED_VCVS,273873.210216649,273873.210216649,457256.282421721,6.3978368525074e-10,6.3978368525074e-10,2.36693436558931e-12,10019.2745360911,12263.8159220123,2.46513568782609,0.908676790019685,73980.7171178226,2700,ACTIVE_OTHER,HPF
MFB_LPF,24312987.5937021,7985.31109836436,21996012.9847289,7.54344011041165e-11,3.22003765375816e-10,NaN,NaN,NaN,-0.904702184375999,0.00921569272519483,2436.61565010071,2098,MFB,LPF
MFB_LPF,1933.40762979397,21573.1877615294,5948.43356340036,2.23800140618086e-11,2.36516710277678e-10,NaN,NaN,NaN,-3.07665774756162,0.0371121025056848,193108.135136535,1897,MFB,LPF
ACTIVE_OTHER_CASCADED_VCVS,608837.183508931,608837.183508931,788687.702603927,3.25179202945639e-10,3.25179202945639e-10,1.81137568573681e-12,10222.9302904625,1865.83200349447,1.76136141463581,0.606122714868602,56104.6813153267,2324,ACTIVE_OTHER,LPF
MFB_BPF,5046.48875328705,76645970695.9001,NaN,1.79519273670035e-11,1.5292805620483e-11,NaN,NaN,NaN,-12957568.7513319,1942.34461471153,488.406783163191,1707,MFB,BPF
ACTIVE_OTHER_CASCADED_VCVS,96327.2342604835,96327.2342604835,4980.43239955507,1.3711664172312e-12,1.3711664172312e-12,9.82217150264562e-11,10210.680336136,3676.81647731329,2.43081747361284,0.717178719436044,765164.470970808,2660,ACTIVE_OTHER,BPF
VCVS_BPF,5396.93485971517,5396.93485971517,NaN,2.37799734443775e-10,2.37799734443775e-10,NaN,9966.50174073838,3879.27095087945,1.38923095101893,0.62082146452502,124011.394210415,718,VCVS,BPF
PASSIVE_RLC_BSF,1625.6475134886,NaN,NaN,1.45499869048297e-12,NaN,NaN,NaN,NaN,1,10,99541.9044280537,342,PASSIVE,BSF
MFB_HPF,29990.0373840547,4101.95365466278,NaN,1.62167648977662e-11,2.13085665704619e-10,1.89856320895208e-11,NaN,NaN,-1.1707410330735,0.591651673348617,225603.901182207,2060,MFB,HPF
MFB_LPF,99.1509592869283,29240.0438847316,204.883027685824,2.93089893249467e-10,2.14889317933949e-11,NaN,NaN,NaN,-2.06637463882647,0.100586687525424,819351.57873185,1718,MFB,LPF
ACTIVE_OTHER_CASCADED_VCVS,906204.156047135,906204.156047135,52579.8738184439,8.01569635713565e-12,8.01569635713565e-12,1.08687404329841e-12,10116.5556825615,10682.4024449446,2.7500753768174,0.830398513718692,1403443.00095337,2358,ACTIVE_OTHER,BPF
ACTIVE_OTHER_CASCADED_VCVS,79026.9133090943,79026.9133090943,10143.8806052632,3.57471561189545e-11,3.57471561189545e-11,1.84415274748671e-12,9996.58599560717,4327.4760108379,2.01554913615922,0.862155819521807,4282087.17262505,2788,ACTIVE_OTHER,BSF
ACTIVE_OTHER_CASCADED_VCVS,375898.760487044,375898.760487044,97147.5386885535,4.52449870686556e-11,4.52449870686556e-11,2.59344825095685e-12,9861.86565175249,8377.58675010981,3.92854972582786,1.00544707168387,320528.856721271,2778,ACTIVE_OTHER,BPF
MFB_HPF,1942.56658374232,3290935.68110145,NaN,1.03320678368308e-11,2.09616092662413e-10,1.58706971663712e-10,NaN,NaN,-15.3606203685547,0.000761878940761637,10913.452550162,1799,MFB,HPF
MFB_HPF,76830.5152193868,10489588057.3522,NaN,8.33024468485375e-10,1.36380479687473e-10,9.78810671564583e-12,NaN,NaN,-0.0117500830839253,0.00859416819399971,153.443532368866,1808,MFB,HPF
ACTIVE_OTHER_CASCADED_VCVS,48590.4527547145,48590.4527547145,213891.927579464,6.9962709947679e-11,6.9962709947679e-11,4.38835683869303e-12,10087.8633820382,10927.313516981,4.03120084192149,1.01490555383868,108188.522124846,2514,ACTIVE_OTHER,LPF
ACTIVE_OTHER_CASCADED_VCVS,213881.939393953,213881.939393953,184589.753060311,3.08808346555587e-12,3.08808346555587e-12,3.10808225134697e-12,9646.40479167471,13431.8289228872,2.70955543233348,1.09068048544417,259187.676334513,2583,ACTIVE_OTHER,LPF
VCVS_BPF,24566.0089260158,24566.0089260158,NaN,5.33017874056155e-12,5.33017874056155e-12,NaN,10072.132958856,12020.1904540752,2.19341062148176,1.23978820777068,1215468.62701713,1095,VCVS,BPF
ACTIVE_OTHER_CASCADED_VCVS,1050.47102495502,1050.47102495502,21307.6984387008,8.06552224781457e-10,8.06552224781457e-10,3.15047099107452e-12,10156.3379868005,13284.4688068241,4.43889910307352,1.18690938136817,1279359.34021964,2387,ACTIVE_OTHER,LPF
ACTIVE_OTHER_CASCADED_VCVS,51216.801266582,51216.801266582,155100.712041771,3.52970235278907e-11,3.52970235278907e-11,3.30163307289409e-12,9834.7256032049,950.314821568994,1.18930665478216,0.549819446168919,199417.698120202,2290,ACTIVE_OTHER,BSF
ACTIVE_OTHER_CASCADED_VCVS,248311.034998676,248311.034998676,658546.222719686,4.9665040135006e-12,4.9665040135006e-12,1.2243666792433e-10,9974.34381394083,1832.61913190891,2.1276590913168,0.691060730289944,65514.2186714578,2678,ACTIVE_OTHER,LPF
VCVS_HPF,803671.890968835,803671.890968835,NaN,7.21499125596199e-10,7.21499125596199e-10,NaN,9948.27562176632,6954.66194231784,1.69908215320265,0.768688047797822,274.476737995655,1067,VCVS,HPF
ACTIVE_OTHER_CASCADED_VCVS,114468.048194833,114468.048194833,244219.130570187,1.53129405795306e-10,1.53129405795306e-10,2.81941484355207e-12,9993.98907640131,9782.77225215897,3.37798944286574,0.876359069058653,120111.602661688,2230,ACTIVE_OTHER,LPF
VCVS_HPF,685242.96037483,685242.96037483,NaN,5.95881207406216e-11,5.95881207406216e-11,NaN,9816.26087525771,3545.29423485367,1.36116544577475,0.610189721361314,3897.76687009652,1311,VCVS,HPF
VCVS_HPF,3381.38495719171,3381.38495719171,NaN,1.69699165466019e-10,1.69699165466019e-10,NaN,10261.3815293148,1468.84216022219,1.14314272946835,0.538544354415394,277361.264607301,1146,VCVS,HPF
MFB_BPF,2204.19522991174,6907705.9237663,NaN,6.57871068128106e-10,5.91317842422664e-11,NaN,NaN,NaN,-7672359.74800618,15.3993323912216,6539.54144991379,1967,MFB,BPF
VCVS_BPF,3239.09464756607,3239.09464756607,NaN,5.95971362748094e-12,5.95971362748094e-12,NaN,9854.9871671951,6332.86016131458,1.64260460758337,0.736705020207604,8244628.69252555,1355,VCVS,BPF
ACTIVE_OTHER_CASCADED_VCVS,132060.829059279,132060.829059279,77710.7943927059,2.60052761203936e-12,2.60052761203936e-12,8.43058634557057e-12,9825.0432160461,9279.0388053181,3.67998473469159,0.925176506447362,353180.224659537,2132,ACTIVE_OTHER,LPF
VCVS_HPF,3982.91099675505,3982.91099675505,NaN,3.09497712786102e-10,3.09497712786102e-10,NaN,10049.4149329102,9507.25120874285,1.9460502200589,0.948811811560777,129110.655510006,1237,VCVS,HPF
MFB_BPF,7253.88026547816,5502791.8986052,NaN,3.79787088859219e-10,1.6832993235934e-10,NaN,NaN,NaN,-818970.518814956,12.7052681981602,3150.59531574145,2020,MFB,BPF
PASSIVE_RLC_BPF,268.010940344431,NaN,NaN,1.51692928736469e-11,NaN,NaN,NaN,NaN,1,10,268458.077001905,510,PASSIVE,BPF
PASSIVE_RC,41446.033272012,NaN,NaN,2.64125975525941e-11,NaN,NaN,NaN,NaN,1,NaN,145387.157705074,188,PASSIVE,LPF
VCVS_LPF,43631.1293340031,43631.1293340031,NaN,3.25574104823118e-12,3.25574104823118e-12,NaN,9995.32585838041,819.0888189266,1.08194718516754,0.521362077345795,1120401.86287574,747,VCVS,LPF
MFB_BPF,25328.5753656032,189864251.55117,NaN,1.33179130231049e-10,6.09470728717368e-10,NaN,NaN,NaN,-64779.3199472657,33.2144166842808,254.740874834666,1627,MFB,BPF
VCVS_LPF,128148.026743212,128148.026743212,NaN,5.16079270661422e-12,5.16079270661422e-12,NaN,10007.4365073627,1657.11884817679,1.16558874462582,0.545134029825837,240653.284445195,1126,VCVS,LPF
PASSIVE_RLC_BPF,20.9900445357518,NaN,NaN,3.18298455604881e-12,NaN,NaN,NaN,NaN,1,10,7765.62752235419,276,PASSIVE,BPF
MFB_BPF,39663.2458223307,7888671176.66849,NaN,1.96753095703761e-10,1.4223899923181e-11,NaN,NaN,NaN,-1772527.82072548,111.826009817219,170.080274392192,1963,MFB,BPF
ACTIVE_OTHER_CASCADED_VCVS,535104.954221191,535104.954221191,98000.6358658707,2.64826972803535e-10,2.64826972803535e-10,1.02536018394746e-11,9958.60354071662,9150.032349998,2.54087073016102,0.760815761886289,79754.1855895921,2285,ACTIVE_OTHER,LPF
PASSIVE_RLC_BSF,1542.91176590821,NaN,NaN,9.50122811477041e-12,NaN,NaN,NaN,NaN,1,10,1114.38387854102,452,PASSIVE,BSF
ACTIVE_OTHER_CASCADED_VCVS,72481.9826122956,72481.9826122956,1711.92716353029,7.74213540060597e-11,7.74213540060597e-11,1.40780573477554e-10,10051.8160362178,9003.93592362795,3.66649925204199,0.921866647287285,344369.390118762,2611,ACTIVE_OTHER,BPF
PASSIVE_RLC_BPF,4133.0858529515,NaN,NaN,1.46423031761731e-10,NaN,NaN,NaN,NaN,1,10,13962.8551246564,366,PASSIVE,BPF
MFB_HPF,5680.33401248587,13642.5274830767,NaN,1.12315994384488e-10,5.42610928102179e-11,3.91502535480695e-10,NaN,NaN,-3.48572380653531,0.0483461547570872,124043.55906967,1530,MFB,HPF
PASSIVE_RLC_BPF,736.421000288973,NaN,NaN,8.80421487962225e-10,NaN,NaN,NaN,NaN,1,2.69647347476712,91034.7451835625,649,PASSIVE,BPF
PASSIVE_RLC_BPF,237.701873661888,NaN,NaN,4.54720972406226e-12,NaN,NaN,NaN,NaN,1,10,554464.32214301,92,PASSIVE,BPF
ACTIVE_OTHER_CASCADED_VCVS,14767.2682419343,14767.2682419343,994.835141732636,1.17194816054247e-10,1.17194816054247e-10,2.20489013963003e-12,10137.2605212349,5630.99726476443,2.93735539170852,0.795935632036584,36324710.2744312,2467,ACTIVE_OTHER,BPF
ACTIVE_OTHER_CASCADED_VCVS,1436.43693928331,1436.43693928331,3787.56344486874,2.65329655623964e-12,2.65329655623964e-12,1.44242514195911e-10,10215.1639928554,2217.32566295405,2.03424876286288,1.08021069506241,21025047.4916954,2192,ACTIVE_OTHER,BSF
ACTIVE_OTHER_CASCADED_VCVS,3181.47531372205,3181.47531372205,4969.76259282158,1.45732188222075e-12,1.45732188222075e-12,1.11582479729469e-10,10183.8165994135,8785.5538128921,2.90305140095479,0.786502518076267,17307011.57527,2532,ACTIVE_OTHER,HPF
PASSIVE_RC,1680.80136257356,NaN,NaN,4.20281376797681e-10,NaN,NaN,NaN,NaN,1,NaN,225301.246177796,631,PASSIVE,HPF
MFB_HPF,1958.59453223776,6371.88972964451,NaN,8.56153553593689e-10,4.99748712538219e-11,9.94161156154862e-11,NaN,NaN,-0.116119491881087,0.334684763213502,639159.870209264,1412,MFB,HPF
ACTIVE_OTHER_CASCADED_VCVS,109112.419523894,109112.419523894,10930.6667646484,7.67496657769872e-10,7.67496657769872e-10,1.32104164586797e-12,9810.74750046986,6338.94637718274,2.05156830771526,0.654421711573243,5511906.62058188,2711,ACTIVE_OTHER,LPF
PASSIVE_RC,42135.9330882823,NaN,NaN,2.79830586073015e-11,NaN,NaN,NaN,NaN,1,NaN,134980.904468158,551,PASSIVE,HPF
VCVS_BPF,10404.3205805142,10404.3205805142,NaN,1.65320957040317e-11,1.65320957040317e-11,NaN,10072.6048730104,12216.842452447,2.2128781587752,1.27045134263325,925291.335846107,1336,VCVS,BPF
MFB_BPF,3928.20870701766,3497.70395127517,NaN,1.89048735702239e-10,4.21484997506824e-10,NaN,NaN,NaN,-603981.067368771,0.436277214174505,152108.464346681,1483,MFB,BPF
PASSIVE_RC,14481.2766521046,NaN,NaN,1.9923410545382e-10,NaN,NaN,NaN,NaN,1,NaN,55163.2184793279,250,PASSIVE,LPF
PASSIVE_RC,813977.08876481,NaN,NaN,5.83516939125309e-11,NaN,NaN,NaN,NaN,1,NaN,3350.84610938326,108,PASSIVE,LPF
MFB_BPF,3694.97109444732,337.401942993137,NaN,6.37962176599003e-11,4.14943511317878e-10,NaN,NaN,NaN,-652228.80795992,0.102697708146974,876090.286083593,1498,MFB,BPF
MFB_BPF,23614.3025247019,1510035.30324629,NaN,2.44129279194996e-11,1.77166694378684e-10,NaN,NaN,NaN,-239024.707389321,2.60891744871413,12815.5734608673,1566,MFB,BPF
PASSIVE_RLC_BPF,136.079404099692,NaN,NaN,1.87007594773622e-11,NaN,NaN,NaN,NaN,1,10,680868.221490287,688,PASSIVE,BPF
VCVS_LPF,578511.684030753,578511.684030753,NaN,2.60598433693165e-12,2.60598433693165e-12,NaN,9970.47744410478,1936.99025069202,1.19427256734203,0.55379343632612,105568.948497566,875,VCVS,LPF
PASSIVE_RC,1251.36428523604,NaN,NaN,5.73466285088983e-12,NaN,NaN,NaN,NaN,1,NaN,22178311.8436798,222,PASSIVE,LPF
PASSIVE_RC,1160.20598423228,NaN,NaN,2.66300152853784e-12,NaN,NaN,NaN,NaN,1,NaN,51512617.09408,143,PASSIVE,HPF
PASSIVE_RLC_BPF,13.9449790977799,NaN,NaN,4.18473884785701e-12,NaN,NaN,NaN,NaN,1,10,470.665749349657,698,PASSIVE,BPF
ACTIVE_OTHER_CASCADED_VCVS,916443.473246535,916443.473246535,6954.17794011717,1.99367962702492e-12,1.99367962702492e-12,2.60407660882061e-10,9737.77432346135,2575.61603741723,1.74220024067788,0.741691290412281,87497.1926486382,2785,ACTIVE_OTHER,BSF
PASSIVE_RC,1497.77944507691,NaN,NaN,1.28419056711279e-12,NaN,NaN,NaN,NaN,1,NaN,82745196.1690211,244,PASSIVE,HPF
VCVS_BSF,1807.38673499945,1807.38673499945,NaN,4.76798414974635e-11,4.76798414974635e-11,NaN,10097.1387424573,1457.30005030902,1.14432802078684,0.58433606819728,1846861.11768465,750,VCVS,BSF
MFB_HPF,12182.8656737292,1518318.43073678,NaN,1.50698367373398e-11,5.42296436854035e-10,1.10009877685333e-10,NaN,NaN,-7.30000461204414,0.00449090320670734,4791.03954397997,1766,MFB,HPF
MFB_LPF,1430035697547.36,1218.82483638946,2499183970479.11,1.07070842873004e-11,1.53516201392508e-11,NaN,NaN,NaN,-1.74763747140399,1.84429350447818e-05,224.924960049979,1905,MFB,LPF
MFB_LPF,103790141.604185,9882.22250330057,298374830.573477,5.90331955886928e-10,2.76784864277352e-11,NaN,NaN,NaN,-2.87478970508935,0.0265746447827936,725.090824776401,2067,MFB,LPF
VCVS_HPF,6093.21823509975,6093.21823509975,NaN,2.54552102075917e-12,2.54552102075917e-12,NaN,9968.21196570968,8114.09743428149,1.8139972807755,0.843168387214051,10261165.9359332,730,VCVS,HPF
PASSIVE_RLC_BSF,20.9522679392875,NaN,NaN,1.53264211025643e-10,NaN,NaN,NaN,NaN,1,10,558779.293041758,337,PASSIVE,BSF
VCVS_BSF,367121.786335944,367121.786335944,NaN,8.38414275385337e-11,8.38414275385337e-11,NaN,9773.52141010621,6185.60495674386,1.63289419413843,1.36200515496217,5170.72343589393,1388,VCVS,BSF
PASSIVE_RLC_BPF,2186.33983583407,NaN,NaN,3.17416369682331e-12,NaN,NaN,NaN,NaN,1,10,45437.9675791381,74,PASSIVE,BPF
VCVS_BPF,5439.65162824002,5439.65162824002,NaN,1.63444322240232e-12,1.63444322240232e-12,NaN,10264.8792843253,10941.8764828039,2.0659527676582,1.0706096708759,17901078.8697871,714,VCVS,BPF
PASSIVE_RLC_BPF,315.109904895662,NaN,NaN,4.05170606885787e-12,NaN,NaN,NaN,NaN,1,10,12046.8415019377,553,PASSIVE,BPF
MFB_HPF,3270.40628785258,260.173908348708,NaN,1.54401747909584e-10,8.65399477137393e-10,5.70450505390767e-10,NaN,NaN,-3.69458580044585,0.42398905852391,245567.058288328,1698,MFB,HPF
VCVS_HPF,159275.485171,159275.485171,NaN,1.83067289744366e-12,1.83067289744366e-12,NaN,9885.15840880773,9222.9730204826,1.9330121621789,0.937217805633193,545833.822294409,1077,VCVS,HPF
VCVS_LPF,75666.7308121956,75666.7308121956,NaN,2.76582921098147e-10,2.76582921098147e-10,NaN,9845.97166993548,13588.3026746874,2.38008752515295,1.61313095086002,7604.8351087877,1382,VCVS,LPF
ACTIVE_OTHER_CASCADED_VCVS,25576.6122727564,25576.6122727564,14304.0694824647,5.99997836963188e-10,5.99997836963188e-10,3.12470992150831e-12,9744.17035154248,4063.57155438166,2.35194592334401,1.16364602179815,1785598.8346614,2539,ACTIVE_OTHER,BSF
PASSIVE_RC,2337.76220537307,NaN,NaN,1.08489059984651e-09,NaN,NaN,NaN,NaN,1,NaN,62752.9074615554,643,PASSIVE,HPF
ACTIVE_OTHER_CASCADED_VCVS,45829.0581409908,45829.0581409908,3370.51765752826,3.68876482634457e-10,3.68876482634457e-10,2.72581105320004e-10,10111.6194759244,6599.46370499248,2.40330693459745,1.17780541257056,91323.1921787164,2322,ACTIVE_OTHER,BSF
ACTIVE_OTHER_CASCADED_VCVS,119786.364112685,119786.364112685,966238.934202418,3.39603539622885e-12,3.39603539622885e-12,1.98250971508913e-11,10311.4606827385,10254.6065178463,2.8032591417175,0.810837048525816,199773.006995988,2522,ACTIVE_OTHER,BPF
ACTIVE_OTHER_CASCADED_VCVS,783707.568794996,783707.568794996,14887.2987648741,1.86337514906208e-12,1.86337514906208e-12,2.07946405155336e-12,10136.4180837939,12412.267531953,3.29605097902493,0.974077069846885,2625023.20025117,2775,ACTIVE_OTHER,HPF
ACTIVE_OTHER_CASCADED_VCVS,61881.879526622,61881.879526622,555698.641865134,2.36075185418289e-10,2.36075185418289e-10,5.90526858036186e-12,9805.18241679621,6549.48515110051,2.15572845546722,0.668178813927842,29697.2040297662,2191,ACTIVE_OTHER,BPF
PASSIVE_RLC_BSF,41.1190235684739,NaN,NaN,1.84918500690613e-10,NaN,NaN,NaN,NaN,1,10,481913.634401588,82,PASSIVE,BSF
PASSIVE_RC,30466.0727523206,NaN,NaN,9.80560897394233e-13,NaN,NaN,NaN,NaN,1,NaN,5327569.03765895,161,PASSIVE,HPF
ACTIVE_OTHER_CASCADED_VCVS,122013.469262937,122013.469262937,24123.9167435568,1.85820690924325e-12,1.85820690924325e-12,8.55388065352187e-11,10075.3618727183,6706.04481421083,1.77258869249766,0.632993713434157,389548.522780426,2332,ACTIVE_OTHER,BPF
VCVS_BSF,259766.898331715,259766.898331715,NaN,6.79206798165278e-12,6.79206798165278e-12,NaN,9837.80654128703,3338.98556554602,1.3394034586402,0.756891640653734,90205.7659892179,1391,VCVS,BSF
ACTIVE_OTHER_CASCADED_VCVS,3043.29451095628,3043.29451095628,8867.13994444177,1.47714219910265e-11,1.47714219910265e-11,2.53397919880164e-12,10207.7228628514,5269.49148437771,2.55645884833315,1.31311894823957,5311838.93428881,2239,ACTIVE_OTHER,BSF
MFB_LPF,4861487.78822411,55060.9531546534,13331522.8800561,2.32615843456234e-10,9.18424788347498e-11,NaN,NaN,NaN,-2.7422722139401,0.100720688212287,1270.91628284432,1453,MFB,LPF
VCVS_LPF,178492.329383014,178492.329383014,NaN,1.94758383425847e-10,1.94758383425847e-10,NaN,9846.47357126973,8795.43753199131,1.89325761840816,0.903552639379086,4578.30175248007,1220,VCVS,LPF
VCVS_BPF,3904.07108213301,3904.07108213301,NaN,3.98320848084799e-10,3.98320848084799e-10,NaN,9914.64955753073,3433.44114270628,1.34629979837244,0.604704528073351,102345.647358188,1182,VCVS,BPF
ACTIVE_OTHER_CASCADED_VCVS,17327.6585077965,17327.6585077965,168516.749300588,1.29933665678119e-12,1.29933665678119e-12,3.30205161953189e-12,10022.6183022453,3071.19632302538,1.92650113558095,0.836310914156449,3677513.65588399,2140,ACTIVE_OTHER,BSF
VCVS_BPF,64587.8546156585,64587.8546156585,NaN,1.07642038294538e-10,1.07642038294538e-10,NaN,10106.7534242577,7169.43530209038,1.70937075449795,0.77481585318563,22892.1909439584,707,VCVS,BPF
MFB_LPF,253928733.274505,6615.94203856648,408456804.732698,2.09559818753176e-10,2.87771584828665e-11,NaN,NaN,NaN,-1.60854897933564,0.0108601164363647,1246.73243025842,1654,MFB,LPF
VCVS_HPF,19383.9119157466,19383.9119157466,NaN,2.35050105167267e-12,2.35050105167267e-12,NaN,9979.76285433502,10083.5196665807,2.01039672122075,1.01050594863992,3493158.19634891,1398,VCVS,HPF
VCVS_HPF,261018.299534494,261018.299534494,NaN,2.94779568072925e-10,2.94779568072925e-10,NaN,10068.867671011,5598.25077537752,1.55599606214861,0.692518887093862,2068.48224501648,965,VCVS,HPF
VCVS_BPF,62266.3578296284,62266.3578296284,NaN,7.92572997399958e-12,7.92572997399958e-12,NaN,9813.21209569343,13258.7874951475,2.35111596140535,1.54110740983211,322498.275374285,1303,VCVS,BPF
VCVS_BSF,1358.92682406346,1358.92682406346,NaN,6.26476447026051e-11,6.26476447026051e-11,NaN,10339.0133205622,2937.20914902385,1.28408988923366,0.698411703481571,1869473.49580488,1317,VCVS,BSF
ACTIVE_OTHER_CASCADED_VCVS,18271.293672056,18271.293672056,45696.5835810009,1.59975007450305e-12,1.59975007450305e-12,6.44589146572594e-12,9917.42870105511,7231.42959479505,2.28128578264494,0.690936817772441,2992666.55340345,2326,ACTIVE_OTHER,BPF
MFB_HPF,10756.7600968545,485666.566862583,NaN,6.423354652861e-10,1.09980880125139e-10,1.35279956657135e-11,NaN,NaN,-0.0210606394895043,0.355905663501207,57086.7032371821,1826,MFB,HPF
MFB_LPF,6221.19367871156,3891.82471819806,18370.9875979395,5.19639264990047e-11,3.27820900610804e-10,NaN,NaN,NaN,-2.95296828015555,0.0997319371808664,144214.173111777,1668,MFB,LPF
PASSIVE_RC,440709.357129346,NaN,NaN,4.39340176033461e-11,NaN,NaN,NaN,NaN,1,NaN,8219.90768968096,314,PASSIVE,HPF
VCVS_BSF,9958.26745118001,9958.26745118001,NaN,1.6910203860574e-10,1.6910203860574e-10,NaN,10369.7529723111,2921.01697418633,1.28168626407841,0.69607467461068,94512.11944011,1271,VCVS,BSF
ACTIVE_OTHER_CASCADED_VCVS,5145.67253823309,5145.67253823309,1972.10574864013,5.52994407865025e-11,5.52994407865025e-11,3.49031502516683e-10,10050.634694884,10491.1294251077,3.4635288817864,0.905951015550432,395267.978335046,2637,ACTIVE_OTHER,LPF
MFB_BPF,4330.83452877758,238.415465317278,NaN,8.9999307883441e-11,4.09014337813195e-10,NaN,NaN,NaN,-564533.706118569,0.0902106569640741,816353.527446517,1909,MFB,BPF
VCVS_HPF,41939.424065398,41939.424065398,NaN,7.77759318465473e-11,7.77759318465473e-11,NaN,9853.12131217449,12498.0331152348,2.2684339022389,1.3669304838762,48792.4298351899,1094,VCVS,HPF
MFB_BPF,13910.970903842,32952601.345153,NaN,1.84779536989131e-11,7.95939537712617e-11,NaN,NaN,NaN,-903155.39235091,19.0321777578641,6129.56396971514,1996,MFB,BPF
MFB_BPF,47396.2032611678,664964771.991102,NaN,1.54217608540526e-10,6.21464610692618e-11,NaN,NaN,NaN,-339500.20739323,53.5941743084863,289.583526384158,1692,MFB,BPF
VCVS_BSF,537205.489230364,537205.489230364,NaN,4.94892582306197e-10,4.94892582306197e-10,NaN,9805.64249620626,4712.0702100226,1.48054680882417,0.96255063688839,598.644153597656,1268,VCVS,BSF
ACTIVE_OTHER_CASCADED_VCVS,504150.766976842,504150.766976842,3723.2686640073,2.11278001674e-11,2.11278001674e-11,1.72566112490598e-12,9835.3362166438,10006.7892900977,3.09191501125507,0.849609329285795,12392876.8754722,2378,ACTIVE_OTHER,HPF
ACTIVE_OTHER_CASCADED_VCVS,148474.939828508,148474.939828508,8670.53751077148,1.32952822460852e-11,1.32952822460852e-11,8.21738095595133e-12,9737.70778477891,8092.79769073377,2.40511301280986,0.724215831785809,1157203.21853032,2429,ACTIVE_OTHER,BPF
MFB_BPF,2190.66816806162,6498243.33406346,NaN,1.11261097552188e-11,8.69877400716989e-11,NaN,NaN,NaN,-5247655.9548399,17.2695119016288,42877.865128578,1763,MFB,BPF
VCVS_HPF,1035.36846202228,1035.36846202228,NaN,6.79203456496851e-11,6.79203456496851e-11,NaN,9992.35362754878,12001.8512326515,2.20110353176078,1.25172665014281,2263212.39148192,1129,VCVS,HPF
MFB_LPF,244.2160137887,1346.86732731615,771.571981436044,1.26944839620492e-10,5.10853348185318e-10,NaN,NaN,NaN,-3.1593832421801,0.0797292685878731,613075.34445337,1872,MFB,LPF
MFB_LPF,1117.42864668318,36887.4965351699,2753.58115567533,2.45821686772937e-11,7.45366024272361e-10,NaN,NaN,NaN,-2.46421206745385,0.0140207501166252,116663.958114884,1528,MFB,LPF
ACTIVE_OTHER_CASCADED_VCVS,248027.62860639,248027.62860639,393137.77085538,8.18585447959124e-12,8.18585447959124e-12,2.82742908556354e-11,10226.40821245,3767.74689448378,2.72155070247929,0.800919834687621,46353.6047406211,2497,ACTIVE_OTHER,LPF
PASSIVE_RLC_BSF,8623.58079101905,NaN,NaN,5.97778560110656e-11,NaN,NaN,NaN,NaN,1,10,800.962715029412,118,PASSIVE,BSF
MFB_HPF,11190.6249807304,1502545.52633674,NaN,2.15399863989116e-11,1.54123318348305e-10,2.58126855960016e-11,NaN,NaN,-1.19836127646329,0.0225451462186857,19459.351792847,1639,MFB,HPF
ACTIVE_OTHER_CASCADED_VCVS,572622.399696706,572622.399696706,7597.99940797032,3.25676114393591e-12,3.25676114393591e-12,7.53334468340541e-10,9946.42285786737,9446.47782659025,3.59078117678125,0.907728795922278,56574.126646274,2365,ACTIVE_OTHER,BPF
VCVS_LPF,9363.25364326933,9363.25364326933,NaN,3.96068091799214e-12,3.96068091799214e-12,NaN,10034.2395831438,10839.687027066,2.08026990358843,1.08727549952058,4291642.00541017,1088,VCVS,LPF
ACTIVE_OTHER_CASCADED_VCVS,655412.648683385,655412.648683385,5434.10921169612,6.14450642624968e-11,6.14450642624968e-11,3.30808775259944e-10,10192.6105090325,5265.38913253118,2.20909908840343,0.66102600851412,46243.4814047016,2459,ACTIVE_OTHER,BPF
VCVS_BPF,1659.89222928777,1659.89222928777,NaN,3.24397133935865e-11,3.24397133935865e-11,NaN,10151.0083013204,2458.07755331967,1.24215107311063,0.568877100132585,2955719.59857688,949,VCVS,BPF
MFB_BPF,78435.8673698821,57.0511787357176,NaN,3.33974930575466e-10,4.5924733720082e-11,NaN,NaN,NaN,-277612.265108925,0.00879197221515277,607505.496222255,1920,MFB,BPF
ACTIVE_OTHER_CASCADED_VCVS,8979.73159203247,8979.73159203247,12914.6961486284,1.211100395416e-12,1.211100395416e-12,4.70504632302298e-10,10070.5903468928,4851.16827546044,2.63409803350066,0.738395593326841,7330324.89130724,2302,ACTIVE_OTHER,LPF
PASSIVE_RC,1519.23222262044,NaN,NaN,3.81232942624106e-12,NaN,NaN,NaN,NaN,1,NaN,27479292.5199478,130,PASSIVE,HPF
PASSIVE_RC,1279.37353361989,NaN,NaN,6.54000229495475e-10,NaN,NaN,NaN,NaN,1,NaN,190215.046901064,246,PASSIVE,HPF
VCVS_BPF,24465.0467204715,24465.0467204715,NaN,1.02386731315211e-12,1.02386731315211e-12,NaN,9780.29996692912,3463.42466756082,1.35412254013394,0.607578646882605,6353754.11181037,831,VCVS,BPF
VCVS_BSF,3688.85252105543,3688.85252105543,NaN,3.68479747838681e-12,3.68479747838681e-12,NaN,9980.76297229976,6513.12873879467,1.65256822117417,1.4391314510428,11708876.2384319,902,VCVS,BSF
ACTIVE_OTHER_CASCADED_VCVS,8540.68840495067,8540.68840495067,1698.90918653605,2.69973844585811e-10,2.69973844585811e-10,2.3220358302087e-12,9720.7787117372,4941.64101584368,3.51976618084229,1.08539732205556,20206609.737261,2744,ACTIVE_OTHER,LPF
VCVS_BPF,36870.1479060008,36870.1479060008,NaN,1.83357821533674e-10,1.83357821533674e-10,NaN,10079.9316592207,3766.11338992355,1.37362489322817,0.614864305187801,23542.1331334982,1103,VCVS,BPF
VCVS_BPF,599574.121239806,599574.121239806,NaN,3.46370392924396e-11,3.46370392924396e-11,NaN,9894.24199835102,13190.6996920345,2.33316930132019,1.49963101875754,7663.66460280853,843,VCVS,BPF
ACTIVE_OTHER_CASCADED_VCVS,83485.913316024,83485.913316024,845679.812922579,3.23467936547993e-10,3.23467936547993e-10,2.88278532613988e-10,10129.9760056093,3763.67134023513,1.60629323243011,0.699423644733675,3273.18262904726,2109,ACTIVE_OTHER,BSF
PASSIVE_RC,14230.9189049789,NaN,NaN,2.39635422492751e-12,NaN,NaN,NaN,NaN,1,NaN,4666982.50321898,629,PASSIVE,HPF
ACTIVE_OTHER_CASCADED_VCVS,265643.39647722,265643.39647722,666486.256151641,1.20761027352117e-12,1.20761027352117e-12,5.77825573962339e-11,9871.62939989686,13905.6856751337,3.42826933581374,1.16264612445941,250130.667541003,2733,ACTIVE_OTHER,BPF
MFB_BPF,3448.52804720624,3761.1583161875,NaN,3.11745216240656e-10,1.41462545916587e-10,NaN,NaN,NaN,-2049862.67497195,0.483912923129868,210436.858273109,2033,MFB,BPF
PASSIVE_RC,1196.98536246929,NaN,NaN,2.46831732687128e-12,NaN,NaN,NaN,NaN,1,NaN,53867931.6249336,18,PASSIVE,HPF
PASSIVE_RLC_BSF,338.472296908879,NaN,NaN,6.96085862935799e-12,NaN,NaN,NaN,NaN,1,10,19435.541923445,157,PASSIVE,BSF
MFB_BPF,1951.94016576004,14788758101.4606,NaN,2.30637766183993e-10,6.31681051566178e-11,NaN,NaN,NaN,-8110276.29292225,1130.80121964775,245.418271067306,1510,MFB,BPF
PASSIVE_RLC_BPF,9030.79622069086,NaN,NaN,2.94043831560258e-10,NaN,NaN,NaN,NaN,1,0.2,529147.69554677,667,PASSIVE,BPF
PASSIVE_RC,19309.9301125786,NaN,NaN,7.64050306081551e-10,NaN,NaN,NaN,NaN,1,NaN,10787.4172093933,402,PASSIVE,HPF
MFB_HPF,14355.2142169188,298680089746.923,NaN,2.35974428037961e-10,1.20159940065521e-11,2.53714410148983e-11,NaN,NaN,-0.107517756164735,0.000130237485594233,139.206571523012,1590,MFB,HPF
PASSIVE_RLC_BSF,6537.71747690508,NaN,NaN,1.0411357098629e-10,NaN,NaN,NaN,NaN,1,10,22690.8987430485,669,PASSIVE,BSF
PASSIVE_RLC_BSF,3508.59292079264,NaN,NaN,1.6601268547627e-10,NaN,NaN,NaN,NaN,1,10,880.594362708857,186,PASSIVE,BSF
PASSIVE_RLC_BSF,352.474812961257,NaN,NaN,4.73520557697102e-11,NaN,NaN,NaN,NaN,1,10,118479.636652969,121,PASSIVE,BSF
ACTIVE_OTHER_CASCADED_VCVS,110453.219219008,110453.219219008,18079.9725146078,7.20207495339047e-10,7.20207495339047e-10,1.03228701495023e-10,10025.2374457254,2625.90819886616,1.39155091335894,0.617339930100538,43637.8719458439,2552,ACTIVE_OTHER,BSF
ACTIVE_OTHER_CASCADED_VCVS,336493.96888923,336493.96888923,88651.1173780285,2.422332731269e-12,2.422332731269e-12,5.08083082416941e-12,10084.3571242545,1183.96232130644,1.65136656495588,0.762052372493095,274302.456264044,2431,ACTIVE_OTHER,BSF
PASSIVE_RC,298595.715551025,NaN,NaN,2.37662811932518e-12,NaN,NaN,NaN,NaN,1,NaN,224272.140739543,451,PASSIVE,HPF
PASSIVE_RC,4235.16958795198,NaN,NaN,3.18156653127024e-11,NaN,NaN,NaN,NaN,1,NaN,1181158.8732422,81,PASSIVE,HPF
MFB_LPF,2799.45804810721,22888.2169607781,4003.22489210493,7.49867343324174e-10,1.46254127932233e-11,NaN,NaN,NaN,-1.42999995831751,1.14959685461515,158767.961997907,1548,MFB,LPF
ACTIVE_OTHER_CASCADED_VCVS,1151.62251228026,1151.62251228026,1313.54381221136,5.56028646202632e-10,5.56028646202632e-10,1.3244009824091e-11,10088.8988305495,14340.6448035456,2.64633645531826,1.12637267265144,4698589.84248752,2701,ACTIVE_OTHER,BPF
ACTIVE_OTHER_CASCADED_VCVS,133304.303118753,133304.303118753,4249.22104483725,4.68836186815118e-11,4.68836186815118e-11,3.76514900380583e-12,9905.97725014697,5621.23073253543,3.16875866357991,0.860063324436866,4986651.09276731,2476,ACTIVE_OTHER,BPF
VCVS_HPF,472789.924746554,472789.924746554,NaN,7.43305936468838e-12,7.43305936468838e-12,NaN,9953.06135711766,11306.4570649192,2.13597783227104,1.15737771245899,45288.1225659376,726,VCVS,HPF
PASSIVE_RLC_BPF,9524.71060965534,NaN,NaN,3.59915079772313e-11,NaN,NaN,NaN,NaN,1,10,2318.23709358611,533,PASSIVE,BPF
ACTIVE_OTHER_CASCADED_VCVS,2170.25934765867,2170.25934765867,3963.35900755404,2.92458860362045e-12,2.92458860362045e-12,1.56109262499037e-11,9873.16640026756,10669.1960295468,2.44305726403711,0.817699658215148,13823749.0380965,2647,ACTIVE_OTHER,LPF
MFB_BPF,11664.1712486387,1878703398.27411,NaN,1.79639095935783e-11,3.65165170766574e-11,NaN,NaN,NaN,-2347776.57299757,188.671703710634,1327.45244935561,1950,MFB,BPF
ACTIVE_OTHER_CASCADED_VCVS,3698.67488839934,3698.67488839934,1242.68672671939,1.17630517782213e-10,1.17630517782213e-10,5.0726821841542e-11,9845.20726178168,7429.41787189026,3.45622213062042,0.886818347545641,1445286.40770383,2561,ACTIVE_OTHER,HPF
VCVS_HPF,43937.4110444453,43937.4110444453,NaN,6.71902531952236e-10,6.71902531952236e-10,NaN,10120.7215532312,3164.07370505539,1.31263321378951,0.592639376436827,5391.12486694557,985,VCVS,HPF
ACTIVE_OTHER_CASCADED_VCVS,5330.22289353351,5330.22289353351,539979.940990613,1.71299597102797e-11,1.71299597102797e-11,2.14893893687305e-12,9930.76117761804,12419.7243729369,3.51107610886232,1.01446056005619,940120.778937053,2352,ACTIVE_OTHER,LPF
MFB_BPF,2576.38354984488,144810713.357667,NaN,5.35507315773589e-11,3.18415778108572e-10,NaN,NaN,NaN,-1218975.2919098,83.2283418134149,1995.42097219381,1955,MFB,BPF
MFB_HPF,1155.82157473699,61008.2404709517,NaN,1.9076085357556e-11,3.2674231160642e-11,4.53855325280653e-10,NaN,NaN,-23.7918481058213,0.0013933892801726,155639.231226284,2095,MFB,HPF
MFB_LPF,2582793.49976731,1284.7591655868,9340993.23677645,9.97209128404099e-11,1.54933767053462e-10,NaN,NaN,NaN,-3.61662410781892,0.00940283336158983,11688.1715604042,1405,MFB,LPF
MFB_BPF,29662.9216401074,1752.1770604693,NaN,9.06459439174975e-11,5.80484392555345e-10,NaN,NaN,NaN,-58075.8437485163,0.0830700791319051,96239.8001999409,1755,MFB,BPF
MFB_LPF,24134.2712826845,7642.34790192605,58481.6779571325,2.99106857292199e-11,6.0596184034064e-10,NaN,NaN,NaN,-2.42317977088005,0.0554911589590217,55919.2057534273,1613,MFB,LPF
VCVS_LPF,13296.6407167024,13296.6407167024,NaN,4.78700375162658e-11,4.78700375162658e-11,NaN,9898.04897330282,9048.14705550605,1.91413439960853,0.920924283483601,250042.843906808,727,VCVS,LPF
VCVS_HPF,121792.631885119,121792.631885119,NaN,4.81337103069689e-10,4.81337103069689e-10,NaN,10128.5426189606,12985.5366623482,2.28207355696359,1.39290035866431,2714.87461241468,845,VCVS,HPF
PASSIVE_RLC_BPF,326.117044351643,NaN,NaN,3.76827454810052e-11,NaN,NaN,NaN,NaN,1,10,370974.816468561,604,PASSIVE,BPF
PASSIVE_RLC_BSF,707.196208605468,NaN,NaN,5.25564638230572e-11,NaN,NaN,NaN,NaN,1,10,168496.554896352,661,PASSIVE,BSF
VCVS_BSF,277436.805493075,277436.805493075,NaN,8.3348104275713e-12,8.3348104275713e-12,NaN,10079.490139527,1120.10732482194,1.11112737939287,0.562510294960469,68827.2361210081,1278,VCVS,BSF
MFB_HPF,1120.11802646064,452935799.862593,NaN,1.39212478111684e-10,1.14621063488899e-11,3.83343431632322e-10,NaN,NaN,-2.75365712062667,7.08882129349647e-05,3370.88304116037,1407,MFB,HPF
PASSIVE_RLC_BPF,537.044788519199,NaN,NaN,3.73665780106332e-10,NaN,NaN,NaN,NaN,1,10,119.332193351026,140,PASSIVE,BPF
PASSIVE_RLC_BSF,79.9653997727415,NaN,NaN,7.64825331589929e-11,NaN,NaN,NaN,NaN,1,10,59390.788844549,408,PASSIVE,BSF
VCVS_BSF,4441.20222434838,4441.20222434838,NaN,1.00537741736552e-11,1.00537741736552e-11,NaN,9736.39102667536,4046.35708653667,1.41559106197056,0.855565285647315,3564433.01041632,1031,VCVS,BSF
MFB_BPF,26321.5643876571,88790931.916703,NaN,8.2265606577935e-10,2.16536949426585e-11,NaN,NaN,NaN,-1754511.77983198,9.18124988293664,780.018344580168,1749,MFB,BPF
ACTIVE_OTHER_CASCADED_VCVS,5687.41513038241,5687.41513038241,7346.154831987,1.52440625802916e-12,1.52440625802916e-12,1.21109846657462e-10,9995.49527135104,2883.5390495064,1.90159946533284,0.82831840949879,9268002.45327339,2292,ACTIVE_OTHER,BSF
MFB_BPF,5217.28004776157,1627.62370529828,NaN,1.76593113542878e-10,5.41053582722224e-11,NaN,NaN,NaN,-3542546.61661747,0.23665584294863,558745.493601794,1562,MFB,BPF
VCVS_HPF,58882.9652805895,58882.9652805895,NaN,7.42523245663424e-12,7.42523245663424e-12,NaN,10183.1654190657,12753.5873854306,2.25241875787979,1.33764725980002,364015.942767655,1028,VCVS,HPF
VCVS_HPF,15225.4418396557,15225.4418396557,NaN,1.29396011885632e-11,1.29396011885632e-11,NaN,9820.4329112188,13809.0508717375,2.40615500320379,1.68394110482533,807847.407970243,703,VCVS,HPF
MFB_LPF,363178.357390852,50054.314356792,1111987.40414626,8.14004640774418e-10,6.98202830876266e-10,NaN,NaN,NaN,-3.06182177851954,0.1936728771748,894.839602460672,1841,MFB,LPF
MFB_BPF,4566.18230200634,16261286.1192649,NaN,8.9021165820181e-11,3.13879715243386e-10,NaN,NaN,NaN,-697723.745708581,24.7588728252625,3494.11986301646,1913,MFB,BPF
VCVS_LPF,13739.1856856435,13739.1856856435,NaN,2.91610189616489e-12,2.91610189616489e-12,NaN,10275.3405760161,2130.09619764496,1.20730176113256,0.557818364696873,3972431.74000647,803,VCVS,LPF
MFB_BPF,2461.17261246577,9395580.10294325,NaN,1.01424434325229e-09,5.48145433324202e-11,NaN,NaN,NaN,-7412455.95898183,13.6272534146919,4438.82576071545,1567,MFB,BPF
PASSIVE_RLC_BSF,195.036258596339,NaN,NaN,1.07669079276168e-10,NaN,NaN,NaN,NaN,1,10,2920.36996250881,684,PASSIVE,BSF
MFB_BPF,30554.6279589409,3169554154.87647,NaN,5.10614524190249e-10,4.28083236890575e-11,NaN,NaN,NaN,-764530.433850408,86.0427329422546,109.388546200059,1495,MFB,BPF
ACTIVE_OTHER_CASCADED_VCVS,2370.743800322,2370.743800322,8746.85933795984,4.58057514063776e-10,4.58057514063776e-10,1.98608805295003e-12,10309.838379008,8709.50242247125,2.27688437669707,0.715979601957059,4654060.63937624,2453,ACTIVE_OTHER,HPF
MFB_LPF,67072.6417689183,3315.00807857631,139710.601067916,9.97520233766488e-12,3.27689238923304e-10,NaN,NaN,NaN,-2.08297447936005,0.0250435685943745,129351.422425118,1539,MFB,LPF
ACTIVE_OTHER_CASCADED_VCVS,9810.98781421167,9810.98781421167,153352.550981242,3.82414358393166e-11,3.82414358393166e-11,1.44418954460817e-10,9944.4621018317,11673.8877056127,3.76413776773491,0.99942829671587,215694.387524319,2513,ACTIVE_OTHER,HPF
PASSIVE_RC,5234.17724353022,NaN,NaN,1.07454414434623e-10,NaN,NaN,NaN,NaN,1,NaN,282974.593581367,28,PASSIVE,LPF
PASSIVE_RLC_BPF,95.952073840316,NaN,NaN,1.38976707420463e-12,NaN,NaN,NaN,NaN,1,10,981817.066035483,5,PASSIVE,BPF
MFB_BPF,9618.74724524749,2641236.07002629,NaN,2.13099007177855e-11,5.86896724945458e-11,NaN,NaN,NaN,-1771412.89244322,7.32534763336831,28234.864589444,1663,MFB,BPF
ACTIVE_OTHER_CASCADED_VCVS,33023.4476946398,33023.4476946398,849150.330424218,1.06442514753888e-11,1.06442514753888e-11,1.20024130381746e-10,9778.27274673172,2778.05791031268,2.37146828441792,0.724964264140905,227168.375069304,2456,ACTIVE_OTHER,LPF
ACTIVE_OTHER_CASCADED_VCVS,2178.79634821024,2178.79634821024,28325.285188903,2.78752005453549e-10,2.78752005453549e-10,2.99330165447014e-11,10197.7863323375,618.687378070807,2.4839945768248,1.01759939417469,224882.117768337,2415,ACTIVE_OTHER,BPF
ACTIVE_OTHER_CASCADED_VCVS,227432.231826322,227432.231826322,4864.07948652452,9.63256653896264e-11,9.63256653896264e-11,1.13574315970532e-11,9786.41061137131,9331.8656522511,2.9787934916976,0.816746371846389,1444119.41880974,2339,ACTIVE_OTHER,HPF
VCVS_BSF,197867.197443716,197867.197443716,NaN,4.02890966501996e-11,4.02890966501996e-11,NaN,9790.39197543162,7083.38356706969,1.72350357215983,1.80834162634833,19964.51660527,1334,VCVS,BSF
PASSIVE_RLC_BPF,85.2367554181753,NaN,NaN,5.65003691501083e-12,NaN,NaN,NaN,NaN,1,10,135.913869821459,508,PASSIVE,BPF
ACTIVE_OTHER_CASCADED_VCVS,1330.2584660348,1330.2584660348,136422.689407466,6.66132164273391e-10,6.66132164273391e-10,1.70965832318213e-10,10035.2608673222,2050.76709280407,1.85397486437681,0.620774589238829,93215.4739723369,2749,ACTIVE_OTHER,LPF
PASSIVE_RC,556188.190460159,NaN,NaN,4.99118544550569e-12,NaN,NaN,NaN,NaN,1,NaN,57331.6792101467,545,PASSIVE,HPF
ACTIVE_OTHER_CASCADED_VCVS,98101.6443635648,98101.6443635648,208377.376401972,1.38049566848852e-11,1.38049566848852e-11,2.94371880913193e-10,10349.9807154456,9404.16385732145,4.33822389020116,1.14586153102929,60056.9043844184,2115,ACTIVE_OTHER,LPF
ACTIVE_OTHER_CASCADED_VCVS,2331.9301824568,2331.9301824568,44123.8720120434,9.49793325463733e-11,9.49793325463733e-11,2.56165126172091e-10,10019.8866869315,6977.75826503298,2.41237423096627,0.700419936292587,366330.675664664,2348,ACTIVE_OTHER,HPF
PASSIVE_RLC_BSF,4235.8666710804,NaN,NaN,7.54767067068555e-10,NaN,NaN,NaN,NaN,1,10,278.935596514081,308,PASSIVE,BSF
PASSIVE_RLC_BSF,180.038835377244,NaN,NaN,4.80992564533228e-10,NaN,NaN,NaN,NaN,1,8.9484230087241,205385.163481898,123,PASSIVE,BSF
ACTIVE_OTHER_CASCADED_VCVS,1170.56961768256,1170.56961768256,8601.20847714441,2.86965409281685e-12,2.86965409281685e-12,7.25032981390897e-12,9844.22870478704,7781.05237730298,3.24949196253293,0.835283665262286,24965971.3314497,2528,ACTIVE_OTHER,HPF
VCVS_BSF,2797.73188331869,2797.73188331869,NaN,1.72594723449784e-12,1.72594723449784e-12,NaN,10246.1346249144,4000.50523543275,1.39044043260033,0.820264378972765,32959948.5515883,861,VCVS,BSF
MFB_LPF,80825.7681153305,4229.37126283439,307036.319623013,5.33738443531382e-10,7.21291517294208e-11,NaN,NaN,NaN,-3.79874298484739,0.299469892266629,22509.5957729856,1888,MFB,LPF
PASSIVE_RC,18954.1758940748,NaN,NaN,2.62537448564237e-10,NaN,NaN,NaN,NaN,1,NaN,31983.3510412428,527,PASSIVE,LPF
VCVS_BSF,466521.939540722,466521.939540722,NaN,1.35669417156229e-11,1.35669417156229e-11,NaN,9950.25289405386,2082.69426240864,1.20931068632971,0.632359627676084,25145.8372216839,959,VCVS,BSF
PASSIVE_RLC_BSF,4399.12810969951,NaN,NaN,1.00420392782225e-10,NaN,NaN,NaN,NaN,1,10,25141.3561758473,183,PASSIVE,BSF
MFB_HPF,74262.5874999924,10476.9243621762,NaN,6.6519596771327e-11,3.93764100503279e-10,6.93558660589254e-11,NaN,NaN,-1.04263810102982,0.796734793479064,34526.9749535774,1667,MFB,HPF
MFB_LPF,128.582031319557,45536.3441298639,490.937072462169,2.31945418811854e-11,7.68448631495903e-11,NaN,NaN,NaN,-3.81808459101159,0.0118133800614336,797311.111986205,2010,MFB,LPF
MFB_LPF,578395339.826397,3202.69300390488,1596949209.09637,4.35596967908984e-10,3.73638543018448e-10,NaN,NaN,NaN,-2.76099943954542,0.00152906313242208,174.441039219682,1486,MFB,LPF
VCVS_BSF,323885.091138002,323885.091138002,NaN,8.68741645719798e-10,8.68741645719798e-10,NaN,10240.3923189723,3533.30228488361,1.34503583210748,0.76340054084004,565.63794152506,802,VCVS,BSF
ACTIVE_OTHER_CASCADED_VCVS,1366.52741669952,1366.52741669952,305208.792428775,3.59174102490219e-11,3.59174102490219e-11,3.09527425191491e-12,10062.5501187251,14005.1095339232,5.53013680527881,1.54897429354978,1705547.918288,2667,ACTIVE_OTHER,HPF
MFB_BPF,15244.0493080109,83156730766.7992,NaN,9.9971282867631e-12,8.05258060611583e-11,NaN,NaN,NaN,-814637.830835815,732.057308381498,157.549156620902,1584,MFB,BPF
MFB_BPF,35035.5269165407,6360201.66708752,NaN,4.12407037683601e-10,3.68218044545225e-10,NaN,NaN,NaN,-77515.0942167501,6.72595848804366,865.196580198205,1518,MFB,BPF
PASSIVE_RC,1680.28341474923,NaN,NaN,2.57684798073343e-10,NaN,NaN,NaN,NaN,1,NaN,367577.392377266,393,PASSIVE,HPF
PASSIVE_RLC_BPF,1576.76998295138,NaN,NaN,4.10725517329104e-11,NaN,NaN,NaN,NaN,1,10,10819.1114239722,164,PASSIVE,BPF
VCVS_BPF,164028.080532821,164028.080532821,NaN,1.2567817428044e-12,1.2567817428044e-12,NaN,10153.6370222959,6922.16630024748,1.68174254063321,0.758577160246331,772044.024153077,1093,VCVS,BPF
PASSIVE_RLC_BSF,54.7260890536424,NaN,NaN,1.98473244530874e-11,NaN,NaN,NaN,NaN,1,10,473848.024470559,66,PASSIVE,BSF
PASSIVE_RLC_BSF,29.7526197606265,NaN,NaN,9.09421697509526e-10,NaN,NaN,NaN,NaN,1,10,119300.462355619,648,PASSIVE,BSF
PASSIVE_RLC_BPF,41.2787210933416,NaN,NaN,1.8130332868256e-12,NaN,NaN,NaN,NaN,1,10,12199.1875754099,216,PASSIVE,BPF
ACTIVE_OTHER_CASCADED_VCVS,11429.4706331997,11429.4706331997,1696.8466317354,5.59902972773678e-10,5.59902972773678e-10,1.66476787733156e-12,10124.5913389751,2157.87910828583,1.5185183569134,0.565816848424264,28182889.9186702,2503,ACTIVE_OTHER,BPF
PASSIVE_RLC_BPF,71.4489509073217,NaN,NaN,3.14993706133365e-10,NaN,NaN,NaN,NaN,1,10,652.574792678075,555,PASSIVE,BPF
MFB_HPF,3082.375523005,732770.722466306,NaN,2.71516050145361e-10,4.09038040454316e-10,1.33120745305998e-11,NaN,NaN,-0.0490286836578277,0.140681663531876,45382.5174895127,1839,MFB,HPF
VCVS_BPF,22849.8214002234,22849.8214002234,NaN,9.68647732396616e-11,9.68647732396616e-11,NaN,10145.3066787784,1037.90114475377,1.10230357520141,0.526954673535908,71907.0472757362,1207,VCVS,BPF
ACTIVE_OTHER_CASCADED_VCVS,4206.36083730172,4206.36083730172,522600.190137173,2.17254506510954e-12,2.17254506510954e-12,4.05711600533028e-11,10009.0319688905,6263.29401874815,1.77103003481681,0.625529948836731,8711680.95879935,2369,ACTIVE_OTHER,BPF
ACTIVE_OTHER_CASCADED_VCVS,75459.5378843862,75459.5378843862,5782.46116338847,1.70620963465348e-10,1.70620963465348e-10,1.33034967808766e-11,9970.68572608746,7388.1021080934,3.97916451139027,1.09700911557173,1040635.78313097,2722,ACTIVE_OTHER,BPF
PASSIVE_RC,26773.1839801599,NaN,NaN,2.32075927300965e-11,NaN,NaN,NaN,NaN,1,NaN,256147.437068412,231,PASSIVE,HPF
VCVS_BPF,912792.013610711,912792.013610711,NaN,2.62753779185142e-10,2.62753779185142e-10,NaN,9728.59387027233,5622.84315228447,1.57797079693769,0.70322043868475,663.589229986154,1356,VCVS,BPF
ACTIVE_OTHER_CASCADED_VCVS,2324.16457991595,2324.16457991595,430233.228655444,4.25751253258299e-11,4.25751253258299e-11,1.08555296036576e-11,9823.52167868473,3636.93492655377,2.20284539704468,0.66589627090826,821244.674902725,2176,ACTIVE_OTHER,BPF
VCVS_LPF,4802.72189365254,4802.72189365254,NaN,1.35110200150297e-11,1.35110200150297e-11,NaN,10164.8220736206,3175.86878332116,1.31243722323119,0.592570548347073,2452700.70089238,1035,VCVS,LPF
PASSIVE_RC,187712.730827581,NaN,NaN,7.97341654758029e-12,NaN,NaN,NaN,NaN,1,NaN,106336.399373354,125,PASSIVE,HPF
ACTIVE_OTHER_CASCADED_VCVS,131399.833414348,131399.833414348,203603.841662242,6.88575201572602e-11,6.88575201572602e-11,5.1021404391871e-12,9760.37457729148,2674.67455134234,1.46134477978025,0.559528723872822,85399.2189905767,2734,ACTIVE_OTHER,LPF
VCVS_LPF,8732.17836086199,8732.17836086199,NaN,5.60476637850775e-12,5.60476637850775e-12,NaN,10001.3725244696,6003.7398080989,1.60029158932037,0.714434515339125,3251921.24253236,818,VCVS,LPF
MFB_HPF,12334.1425126148,11821.5942914829,NaN,3.37700453926932e-10,6.61704525229705e-10,2.17868372934526e-11,NaN,NaN,-0.0645152739361333,1.86155439808694,109773.744301549,1916,MFB,HPF
ACTIVE_OTHER_CASCADED_VCVS,5749.06828731001,5749.06828731001,1237.80898784994,1.05022904333748e-11,1.05022904333748e-11,2.41522659706346e-12,10098.9680722791,9230.49744920316,2.18372540575876,0.729357090777268,27936175.6479013,2755,ACTIVE_OTHER,BPF
VCVS_BSF,10974.4822457667,10974.4822457667,NaN,1.21611888301363e-10,1.21611888301363e-10,NaN,10157.3480497326,4960.96387951768,1.48841133091312,0.977347682255034,119250.45903383,948,VCVS,BSF
PASSIVE_RC,645235.452175392,NaN,NaN,5.50363696378926e-11,NaN,NaN,NaN,NaN,1,NaN,4481.79648158969,63,PASSIVE,HPF
VCVS_BSF,67722.7737153929,67722.7737153929,NaN,6.78371561552504e-10,6.78371561552504e-10,NaN,9924.92010580734,2147.36355680021,1.21636079020361,0.638048726696455,3464.31808644668,1197,VCVS,BSF
PASSIVE_RC,694209.489401848,NaN,NaN,2.56078174705939e-10,NaN,NaN,NaN,NaN,1,NaN,895.276160451307,682,PASSIVE,LPF
PASSIVE_RC,2118.03953177261,NaN,NaN,1.00309665135022e-10,NaN,NaN,NaN,NaN,1,NaN,749106.023789432,298,PASSIVE,LPF
MFB_HPF,32397.2129333979,295020512.088679,NaN,2.46788066543121e-11,3.22977208248288e-10,1.08513281887e-11,NaN,NaN,-0.439702305735436,0.00393548542030419,869.586547954461,2009,MFB,HPF
ACTIVE_OTHER_CASCADED_VCVS,60518.2158851847,60518.2158851847,59000.3455825786,1.30504883572868e-11,1.30504883572868e-11,1.213014984127e-11,9704.84482613385,8697.83877528791,3.67962384741848,0.924910875454899,211948.413887896,2549,ACTIVE_OTHER,BPF
VCVS_LPF,1017180.11551761,1017180.11551761,NaN,6.88008821179254e-11,6.88008821179254e-11,NaN,9730.78776888002,9678.73232194414,1.99465043856959,0.994678904098992,2274.19794845289,1166,VCVS,LPF
PASSIVE_RC,70770.1041891958,NaN,NaN,5.96544311891091e-12,NaN,NaN,NaN,NaN,1,NaN,376988.053254288,447,PASSIVE,HPF
VCVS_BPF,1767.11766592387,1767.11766592387,NaN,1.03850970670471e-11,1.03850970670471e-11,NaN,10311.5995929426,2443.25474459844,1.23694236016211,0.567196430453599,8672495.89501494,1353,VCVS,BPF
ACTIVE_OTHER_CASCADED_VCVS,2314.16350025137,2314.16350025137,3887.27292158397,2.24411985559892e-12,2.24411985559892e-12,4.16454049525525e-10,10130.8473605257,3279.83677506365,1.41529874890365,0.638259219556112,15372376.5648036,2211,ACTIVE_OTHER,BSF
ACTIVE_OTHER_CASCADED_VCVS,77013.319059618,77013.319059618,71037.4944033097,7.30363281296138e-10,7.30363281296138e-10,1.47244081375412e-11,9888.23882093089,2966.86597147504,2.11093453388274,1.02160794299301,77493.7436969645,2750,ACTIVE_OTHER,BSF
PASSIVE_RLC_BPF,1801.55508234482,NaN,NaN,1.35067229278231e-10,NaN,NaN,NaN,NaN,1,1.41848393024804,461103.241608081,380,PASSIVE,BPF
ACTIVE_OTHER_CASCADED_VCVS,326674.75099103,326674.75099103,25026.5067084486,6.89292957681269e-11,6.89292957681269e-11,2.82609033108804e-12,9899.59927498871,11186.8179044905,2.98949769718746,0.887916199200564,1128667.03577477,2626,ACTIVE_OTHER,LPF
ACTIVE_OTHER_CASCADED_VCVS,287839.292410403,287839.292410403,770187.816763378,2.50620286951542e-12,2.50620286951542e-12,6.5499034445704e-12,9720.73678367082,10291.2076566565,2.80472650566282,0.836494762631925,126086.8819813,2665,ACTIVE_OTHER,HPF
ACTIVE_OTHER_CASCADED_VCVS,751518.43375048,751518.43375048,11325.2582693653,2.20155988818387e-12,2.20155988818387e-12,3.84551288710363e-10,10070.9823443098,13230.039959395,3.37633599343744,1.05304863191625,66369.2921279614,2718,ACTIVE_OTHER,HPF
VCVS_BPF,9805.67029443507,9805.67029443507,NaN,1.58830683250052e-11,1.58830683250052e-11,NaN,10004.1740694264,1780.16238040034,1.17794196382895,0.548829938535569,1021900.09861263,1397,VCVS,BPF
MFB_BPF,57174.2889486388,20247.5346465522,NaN,1.09233960172972e-11,9.912606201601e-12,NaN,NaN,NaN,-1764458.2005672,0.297196753072407,449532.301824261,1650,MFB,BPF
MFB_BPF,16830.9471600862,60391124.5396663,NaN,1.19196384569406e-10,1.44941541486773e-11,NaN,NaN,NaN,-4099194.89890981,18.6234263597094,3797.96812705232,1831,MFB,BPF
MFB_LPF,29247149.0851659,56280.2418033563,60900613.2031368,1.64279665160517e-11,1.57958212306833e-11,NaN,NaN,NaN,-2.08227519973991,0.0309138179266008,5336.64497647801,1449,MFB,LPF
ACTIVE_OTHER_CASCADED_VCVS,265191.070181026,265191.070181026,232881.449365301,3.31426752963858e-12,3.31426752963858e-12,9.99866212142122e-12,9809.51474991169,2364.66831191153,2.88878873991942,1.02795658302411,124716.044259101,2108,ACTIVE_OTHER,HPF
VCVS_HPF,135575.041632384,135575.041632384,NaN,1.73354789169927e-12,1.73354789169927e-12,NaN,9926.26752717225,912.394834143837,1.09191721174613,0.524086274534829,677180.651695487,1113,VCVS,HPF
MFB_HPF,3077.43904889858,4886940.94984308,NaN,1.881789457592e-10,1.47059347859069e-11,3.74398002121843e-11,NaN,NaN,-0.198958496983469,0.0123148293488969,55308.7415154624,1851,MFB,HPF
ACTIVE_OTHER_CASCADED_VCVS,5330.13885946849,5330.13885946849,31855.2368270683,5.52320493879429e-10,5.52320493879429e-10,3.154649035594e-11,10007.7200638326,10156.4539523448,2.6526381097349,0.804549698241073,106218.691447093,2321,ACTIVE_OTHER,BPF
ACTIVE_OTHER_CASCADED_VCVS,303518.326174864,303518.326174864,6793.26377447185,1.74508715484509e-12,1.74508715484509e-12,1.3353860748679e-11,9892.84427471343,5696.44478283148,1.93901019032708,0.63364058332163,1027453.37832394,2732,ACTIVE_OTHER,BPF
ACTIVE_OTHER_CASCADED_VCVS,88431.6265579048,88431.6265579048,153894.420272155,3.12692692721196e-12,3.12692692721196e-12,3.49727138142108e-11,9895.69874080785,5573.25012768229,2.87204188798926,0.778023205613079,302568.336338416,2298,ACTIVE_OTHER,BPF
MFB_BPF,3366.61533096454,354778124.33356,NaN,1.65104011608186e-10,7.14076413882548e-10,NaN,NaN,NaN,-415969.812811875,126.781187458471,424.124938354798,1753,MFB,BPF
VCVS_BPF,238773.552927753,238773.552927753,NaN,1.00113652281923e-12,1.00113652281923e-12,NaN,10074.5544952581,10548.8693092046,2.04708047528749,1.04940655959557,665795.115340571,1006,VCVS,BPF
MFB_BPF,26575.5060843549,1944206270.94667,NaN,1.30334961441781e-11,2.93673384118436e-10,NaN,NaN,NaN,-128130.897599122,54.5594064856062,357.886595372739,1703,MFB,BPF
ACTIVE_OTHER_CASCADED_VCVS,3235.30042533092,3235.30042533092,1643.95671958654,1.00634647821458e-11,1.00634647821458e-11,1.18439085628879e-11,9719.8335877017,11154.6300906081,4.61635152641623,1.1744959548268,6531151.4412388,2110,ACTIVE_OTHER,BPF
VCVS_BPF,3058.62172204015,3058.62172204015,NaN,4.86699254821057e-12,4.86699254821057e-12,NaN,10043.581329827,11053.6893061541,2.10057248934972,1.11181833795255,10691377.9326122,709,VCVS,BPF
ACTIVE_OTHER_CASCADED_VCVS,3458.90738496723,3458.90738496723,3462.03459486946,4.36220199862319e-11,4.36220199862319e-11,1.05182371929278e-11,9999.90226846812,3999.46187166589,3.35752537469505,1.14349386860526,2712730.12535554,2234,ACTIVE_OTHER,HPF
VCVS_BSF,4337.02592966903,4337.02592966903,NaN,4.25016850885513e-11,4.25016850885513e-11,NaN,9948.90109175969,3181.70945421594,1.31980511464238,0.735083445587983,863419.720799757,1134,VCVS,BSF
PASSIVE_RC,19156.7601205924,NaN,NaN,2.01698248598329e-11,NaN,NaN,NaN,NaN,1,NaN,411903.937430121,265,PASSIVE,LPF
ACTIVE_OTHER_CASCADED_VCVS,1096.33916260446,1096.33916260446,4269.43592779809,5.76079987492595e-11,5.76079987492595e-11,1.24956625876214e-12,10016.1377153318,7219.33621798695,2.03186604588142,0.665704623348566,16176250.2010433,2304,ACTIVE_OTHER,LPF
MFB_LPF,7517751462.48605,21155.7512963929,26265675437.5021,1.1378963531676e-11,3.16310714362179e-10,NaN,NaN,NaN,-3.49382066813051,0.000170220855575987,112.539068006913,1974,MFB,LPF
PASSIVE_RLC_BSF,74.2426887348913,NaN,NaN,1.00342377381743e-10,NaN,NaN,NaN,NaN,1,10,2593.58089390745,458,PASSIVE,BSF
PASSIVE_RC,327384.318171617,NaN,NaN,4.06523625532302e-10,NaN,NaN,NaN,NaN,1,NaN,1195.84934173673,549,PASSIVE,HPF
ACTIVE_OTHER_CASCADED_VCVS,1264.50424700423,1264.50424700423,622023.236816356,9.90524640164666e-10,9.90524640164666e-10,1.07347711740715e-11,10293.5293608924,977.597061832719,1.44370827880139,0.643066357333014,75451.4132921944,2345,ACTIVE_OTHER,BSF
MFB_BPF,13098.5002551049,2706744.91564283,NaN,1.10953565010342e-10,7.46588054655561e-10,NaN,NaN,NaN,-102258.022546684,4.8246834042793,2936.80108128232,2082,MFB,BPF
PASSIVE_RLC_BSF,86.8052379227188,NaN,NaN,2.60732677455684e-11,NaN,NaN,NaN,NaN,1,10,6063.846508398,280,PASSIVE,BSF
MFB_BPF,1780.3015667218,72731716050.6217,NaN,3.36419123284782e-11,5.4907050331768e-11,NaN,NaN,NaN,-10230063.0982616,3102.31609880672,325.42958564132,2041,MFB,BPF
MFB_HPF,79004.6703624145,4509448001.98492,NaN,2.28316257672106e-10,5.45631807561435e-11,1.03593229743311e-10,NaN,NaN,-0.453726908453822,0.00179459682832279,112.154455375465,2021,MFB,HPF
VCVS_HPF,23812.366934972,23812.366934972,NaN,1.03664761049563e-10,1.03664761049563e-10,NaN,9940.30556705347,13351.0535946823,2.3431230563911,1.52235515301537,64474.2671661804,1155,VCVS,HPF
PASSIVE_RLC_BPF,20.9892072947876,NaN,NaN,2.77376186524907e-11,NaN,NaN,NaN,NaN,1,10,356547.884521988,548,PASSIVE,BPF
VCVS_BSF,152931.714263593,152931.714263593,NaN,1.12488043041423e-10,1.12488043041423e-10,NaN,9988.04126845667,4639.99842288834,1.46455539161036,0.933803407795553,9251.58649575565,737,VCVS,BSF
MFB_BPF,66316.2831325426,142373.996968382,NaN,1.72187201734684e-10,7.33053511405052e-11,NaN,NaN,NaN,-205704.666765285,0.670556229343197,14578.9561950121,1464,MFB,BPF
VCVS_BPF,590792.592534339,590792.592534339,NaN,2.71220903804846e-10,2.71220903804846e-10,NaN,9961.1195930544,12962.3957469498,2.30129907846785,1.43122753839676,993.257679110961,1293,VCVS,BPF
VCVS_BSF,16863.6183903663,16863.6183903663,NaN,2.68222776062214e-11,2.68222776062214e-11,NaN,10133.4511650087,5440.48270492412,1.53688349766863,1.0796419421095,351863.090299951,1073,VCVS,BSF
PASSIVE_RLC_BPF,11.2539674045977,NaN,NaN,1.60055407787797e-12,NaN,NaN,NaN,NaN,1,10,92244.7715913074,642,PASSIVE,BPF
PASSIVE_RLC_BPF,1101.26224858572,NaN,NaN,2.59585726259229e-10,NaN,NaN,NaN,NaN,1,2.78809259975063,199683.131001539,266,PASSIVE,BPF
PASSIVE_RLC_BPF,679.890585693863,NaN,NaN,2.52225021785907e-10,NaN,NaN,NaN,NaN,1,10,13729.3499488696,536,PASSIVE,BPF
PASSIVE_RC,60837.8073970572,NaN,NaN,1.77679874420833e-10,NaN,NaN,NaN,NaN,1,NaN,14723.4077437342,60,PASSIVE,LPF
ACTIVE_OTHER_CASCADED_VCVS,7055.17071786309,7055.17071786309,305137.18971426,2.05201440011873e-12,2.05201440011873e-12,4.88748890024367e-12,9889.14086732118,2314.00686884789,2.29217197629439,0.720769932049104,5550061.34139083,2388,ACTIVE_OTHER,BPF
PASSIVE_RLC_BPF,10.5212441354955,NaN,NaN,2.11981381398577e-12,NaN,NaN,NaN,NaN,1,10,857.077142448969,470,PASSIVE,BPF
MFB_LPF,115.326593937275,62189.7794526767,306.248170224183,3.77178052409527e-11,7.373244366504e-11,NaN,NaN,NaN,-2.65548612656288,0.0137117011385723,691546.442234699,1626,MFB,LPF
PASSIVE_RC,48950.6444590962,NaN,NaN,2.14644553651981e-11,NaN,NaN,NaN,NaN,1,NaN,151475.308096675,560,PASSIVE,LPF
PASSIVE_RLC_BSF,2594.12950391897,NaN,NaN,1.58118237380075e-12,NaN,NaN,NaN,NaN,1,10,766779.260897083,467,PASSIVE,BSF
VCVS_LPF,26825.8146549425,26825.8146549425,NaN,1.08678815309751e-10,1.08678815309751e-10,NaN,9955.14299610855,10776.0881806359,2.08246442917477,1.08987600241002,54591.1592137035,1048,VCVS,LPF
MFB_BPF,64223.7733206532,6154.15089564581,NaN,4.63125778088505e-11,1.96306503331108e-10,NaN,NaN,NaN,-79317.5871961115,0.121654458199542,83959.7875880248,2087,MFB,BPF
ACTIVE_OTHER_CASCADED_VCVS,6398.99955321321,6398.99955321321,4071.21226330969,4.68600315727392e-12,4.68600315727392e-12,1.12831953589322e-11,10244.4879348512,10348.3922521215,2.91676558534255,0.827917155009895,4386189.12624537,2412,ACTIVE_OTHER,HPF
PASSIVE_RC,96852.3170990477,NaN,NaN,1.06528403863127e-09,NaN,NaN,NaN,NaN,1,NaN,1542.56934472339,680,PASSIVE,HPF
MFB_LPF,12860344468.1969,15469.4297177825,38815172425.1543,2.9058218376074e-10,1.18666121580427e-11,NaN,NaN,NaN,-3.01820627908861,0.0031239697072265,110.607443417585,1951,MFB,LPF
PASSIVE_RLC_BPF,4307.90326205905,NaN,NaN,9.88198036306559e-11,NaN,NaN,NaN,NaN,1,3.7545793538409,99574.6790298094,462,PASSIVE,BPF
MFB_BPF,4713.02603120789,26983045.0854883,NaN,3.8218231404369e-11,3.10511075659973e-10,NaN,NaN,NaN,-683318.322138163,23.6363794905815,4096.85782026578,1995,MFB,BPF
VCVS_BSF,63347.3515816892,63347.3515816892,NaN,1.23439604958322e-11,1.23439604958322e-11,NaN,10323.7764923783,2185.56671279003,1.21170225008296,0.634278101203028,203534.08343152,777,VCVS,BSF
PASSIVE_RLC_BPF,95.7756521745501,NaN,NaN,2.23708322128734e-12,NaN,NaN,NaN,NaN,1,10,476.550088361648,152,PASSIVE,BPF
VCVS_LPF,3617.57627171732,3617.57627171732,NaN,5.25275233839087e-12,5.25275233839087e-12,NaN,9929.38553369441,12839.8195761577,2.29311320751793,1.41465367670646,8375591.94332996,878,VCVS,LPF
VCVS_BPF,46967.8196363509,46967.8196363509,NaN,2.81096619995357e-12,2.81096619995357e-12,NaN,10193.0129460126,12689.8899398926,2.2449596608093,1.32443254763297,1205491.37790099,1360,VCVS,BPF
ACTIVE_OTHER_CASCADED_VCVS,290189.142288913,290189.142288913,1086.57458958872,2.12712719698737e-10,2.12712719698737e-10,8.06770779042355e-10,10178.2829735358,4910.14648378715,2.17783389331279,0.953921654053801,92067.1484821558,2184,ACTIVE_OTHER,BSF
MFB_BPF,4379.63457344283,54207938036.5999,NaN,2.7078448540561e-11,9.30254621982646e-11,NaN,NaN,NaN,-2454484.46679655,1470.17205874052,205.805483892674,2044,MFB,BPF
VCVS_LPF,12079.5945705832,12079.5945705832,NaN,7.81961361294872e-12,7.81961361294872e-12,NaN,9877.81506148871,9551.54824618476,1.96696973842161,0.968025852865216,1684932.39180167,783,VCVS,LPF
PASSIVE_RC,11522.4927916189,NaN,NaN,8.74468355528196e-11,NaN,NaN,NaN,NaN,1,NaN,157953.621718866,300,PASSIVE,LPF
ACTIVE_OTHER_CASCADED_VCVS,933943.660172199,933943.660172199,5298.28053447653,1.91134550282798e-12,1.91134550282798e-12,2.89155810397381e-10,9821.71971524479,505.817060719868,1.43042535025272,0.561553856078469,96521.5430224326,2244,ACTIVE_OTHER,BPF
MFB_BPF,2049.0904788365,2014403.60270333,NaN,1.7696176909386e-10,3.21159351473562e-10,NaN,NaN,NaN,-1519561.53761992,15.0057508889762,10391.2144431117,1720,MFB,BPF
ACTIVE_OTHER_CASCADED_VCVS,7155.46717054557,7155.46717054557,13502.4003479175,6.14751580659738e-12,6.14751580659738e-12,1.47424242246986e-10,9979.88507153052,4265.84727236231,2.55050147255935,0.730073584669811,1849034.99403936,2710,ACTIVE_OTHER,LPF
PASSIVE_RC,497040.603795364,NaN,NaN,1.72247492560514e-12,NaN,NaN,NaN,NaN,1,NaN,185898.272898313,401,PASSIVE,LPF
VCVS_HPF,2606.03044564772,2606.03044564772,NaN,2.97604535656896e-12,2.97604535656896e-12,NaN,9945.05425083575,13605.9889875741,2.368116115247,1.58256924116825,20521121.9225697,989,VCVS,HPF
PASSIVE_RLC_BSF,11.8860041972813,NaN,NaN,5.96380886959712e-12,NaN,NaN,NaN,NaN,1,10,362920.869566237,283,PASSIVE,BSF
ACTIVE_OTHER_CASCADED_VCVS,5666.95613361669,5666.95613361669,1763.22302827246,4.10444580130896e-11,4.10444580130896e-11,8.36478583636854e-12,10042.6230191867,6695.94296223652,2.2733507857792,1.14323781611765,5737580.57179663,2518,ACTIVE_OTHER,BSF
VCVS_HPF,27135.6553759244,27135.6553759244,NaN,2.33481210078613e-10,2.33481210078613e-10,NaN,9841.5008436924,4365.39101225393,1.44356964263756,0.642495820818237,25120.4769628751,1105,VCVS,HPF
ACTIVE_OTHER_CASCADED_VCVS,14124.1560660266,14124.1560660266,11506.6044757503,1.0791464373603e-10,1.0791464373603e-10,6.72894349662775e-12,10129.6312800429,3881.76603570956,1.55555045672277,0.690905916995937,1079979.53901987,2482,ACTIVE_OTHER,BSF
VCVS_BPF,5072.86872813085,5072.86872813085,NaN,5.1634900240506e-10,5.1634900240506e-10,NaN,10359.8964341031,11334.0739607839,2.09403351982111,1.10379359709041,60760.7554976319,776,VCVS,BPF
PASSIVE_RLC_BSF,2600.31179120051,NaN,NaN,1.27928060562336e-12,NaN,NaN,NaN,NaN,1,10,2404.05174585495,267,PASSIVE,BSF
ACTIVE_OTHER_CASCADED_VCVS,522200.895130281,522200.895130281,6680.41227101656,2.32118626442199e-12,2.32118626442199e-12,5.69460767619118e-11,9850.67533937706,9488.68617101256,3.38871706955064,0.874764635942889,274832.577603358,2793,ACTIVE_OTHER,LPF
ACTIVE_OTHER_CASCADED_VCVS,157745.034384561,157745.034384561,6938.9601565984,2.64843759215521e-11,2.64843759215521e-11,1.02751238911204e-10,9919.47280566341,573.827480500801,1.64352109988807,0.825442353364538,130659.2251103,2753,ACTIVE_OTHER,BSF
PASSIVE_RLC_BPF,14.3086218488929,NaN,NaN,3.38889016061321e-11,NaN,NaN,NaN,NaN,1,10,5898.33648821538,655,PASSIVE,BPF
MFB_LPF,724119783.669902,8641.83970584626,1864835673.2902,2.04181301457964e-10,6.73646060519137e-11,NaN,NaN,NaN,-2.5753138021434,0.00374772503813372,338.043720707349,1552,MFB,LPF
MFB_BPF,3513.94456399185,32572517586.2079,NaN,1.77762519746359e-10,1.26802315202697e-11,NaN,NaN,NaN,-22442845.0540854,759.009923754771,313.33818591867,1454,MFB,BPF
VCVS_BPF,15916.2899195565,15916.2899195565,NaN,3.70502042333005e-12,3.70502042333005e-12,NaN,9995.41389972956,10396.3975725667,2.04011676523451,1.04179338046706,2698905.53511824,780,VCVS,BPF
VCVS_BPF,40865.118850743,40865.118850743,NaN,8.56155330520618e-12,8.56155330520618e-12,NaN,9847.51218614036,9270.42099395479,1.94139726041692,0.944641424595067,454898.80955553,1186,VCVS,BPF
ACTIVE_OTHER_CASCADED_VCVS,8727.53394356517,8727.53394356517,24541.2747181696,1.08480450510939e-12,1.08480450510939e-12,4.29274885665529e-12,9947.03857115514,3838.88284764922,2.36887410453386,1.26690119096399,9160547.94065104,2684,ACTIVE_OTHER,BSF
ACTIVE_OTHER_CASCADED_VCVS,929798.606429585,929798.606429585,7743.87273450725,6.56568310859676e-10,6.56568310859676e-10,7.19131437856106e-12,9979.45776517875,1812.03182401226,2.06935546930716,1.31090145576848,1429102.13890754,2287,ACTIVE_OTHER,BSF
ACTIVE_OTHER_CASCADED_VCVS,58487.4247871214,58487.4247871214,3437.01937655218,2.7014775308162e-11,2.7014775308162e-11,1.59290544640499e-12,9983.87809833241,9641.19675612121,3.04329527334746,0.8278120312337,14585469.1957969,2362,ACTIVE_OTHER,HPF
ACTIVE_OTHER_CASCADED_VCVS,307243.188781279,307243.188781279,3602.13379834215,1.61247554206336e-11,1.61247554206336e-11,1.36705082664913e-10,9717.1935935155,6635.64975930646,2.20966770286655,1.15225484232569,177664.150625578,2507,ACTIVE_OTHER,BSF
PASSIVE_RC,6865.70986375497,NaN,NaN,8.63312612416144e-11,NaN,NaN,NaN,NaN,1,NaN,268513.792859921,564,PASSIVE,HPF
PASSIVE_RC,142950.476301147,NaN,NaN,1.70711173111298e-12,NaN,NaN,NaN,NaN,1,NaN,652187.661248963,372,PASSIVE,LPF
ACTIVE_OTHER_CASCADED_VCVS,165949.820950234,165949.820950234,10952.0571815054,4.69194274729245e-10,4.69194274729245e-10,2.24974681042326e-11,9860.29375622298,11134.2837863342,3.4631667981608,0.938222868773853,323990.985590915,2177,ACTIVE_OTHER,LPF
ACTIVE_OTHER_CASCADED_VCVS,2558.35273400758,2558.35273400758,188832.75687299,7.33984070080305e-11,7.33984070080305e-11,1.63410154546203e-12,10143.0633790819,2491.63529612551,1.42857339786701,0.554816646567665,681672.118904082,2445,ACTIVE_OTHER,LPF
MFB_BPF,3711.38294870844,1030544488.68832,NaN,8.26293604276166e-11,4.60257937121072e-10,NaN,NaN,NaN,-585413.785681118,189.288246113075,417.302547676052,1978,MFB,BPF
PASSIVE_RC,27128.2640051002,NaN,NaN,2.01740314824791e-10,NaN,NaN,NaN,NaN,1,NaN,29080.7387027518,96,PASSIVE,HPF
ACTIVE_OTHER_CASCADED_VCVS,34424.1970354804,34424.1970354804,2292.12438820754,1.21341146285426e-11,1.21341146285426e-11,2.47838397113124e-10,9749.34587358624,2962.69563163147,1.82694777116727,0.776607473121072,330592.527743826,2620,ACTIVE_OTHER,BSF
VCVS_BSF,24488.7517524701,24488.7517524701,NaN,2.13748392192163e-11,2.13748392192163e-11,NaN,9868.15381409259,5444.88376603555,1.55176316346628,1.11548172583621,304053.933556759,907,VCVS,BSF
VCVS_BSF,2977.88688957348,2977.88688957348,NaN,8.32576500251144e-11,8.32576500251144e-11,NaN,9970.77818551379,4404.79579024016,1.44177051262054,0.895688979719061,641930.166718888,1266,VCVS,BSF
ACTIVE_OTHER_CASCADED_VCVS,36237.3821637264,36237.3821637264,1204.84105087643,2.02799847514193e-12,2.02799847514193e-12,1.54676618625961e-10,9774.88233694972,9526.41492566668,2.28642945423985,0.759039549398856,1509851.20826186,2439,ACTIVE_OTHER,LPF
VCVS_HPF,17590.9030422845,17590.9030422845,NaN,8.63637157908953e-10,8.63637157908953e-10,NaN,9882.26938536357,10768.6983715246,2.08969892962784,1.09853765149498,10476.1251325197,974,VCVS,HPF
MFB_HPF,6799.42324994814,2301798.42842145,NaN,1.76252553996384e-11,7.73342544758471e-11,3.63616966214367e-10,NaN,NaN,-20.6304509052293,0.000963362909831687,7586.51687143108,1450,MFB,HPF
MFB_HPF,1518.25823759384,1451050338.07908,NaN,1.40315303983321e-10,1.43098046638476e-10,5.4115862267155e-11,NaN,NaN,-0.38567327106092,0.000691480312971966,1218.50390435422,1884,MFB,HPF
ACTIVE_OTHER_CASCADED_VCVS,1725.89454440433,1725.89454440433,119384.085416594,2.09369100214542e-12,2.09369100214542e-12,2.54356389102257e-11,10028.6129584364,13485.12579284,5.55965578827989,1.5581264665635,22048537.4011205,2786,ACTIVE_OTHER,HPF
ACTIVE_OTHER_CASCADED_VCVS,1718.13799689271,1718.13799689271,3273.81353537268,9.86773038609526e-11,9.86773038609526e-11,9.52331609849161e-11,9957.58829394873,5052.22692751629,2.00713705092407,0.881481704632669,724609.014880066,2374,ACTIVE_OTHER,BSF
ACTIVE_OTHER_CASCADED_VCVS,5142.98043308529,5142.98043308529,831388.724799638,6.15599066818446e-12,6.15599066818446e-12,3.57322738259656e-11,10229.9080000057,6025.29781140662,1.7330349964733,0.616225344583564,2516169.57272012,2589,ACTIVE_OTHER,BPF
ACTIVE_OTHER_CASCADED_VCVS,1045.73528055037,1045.73528055037,243261.468294719,2.54234548541369e-10,2.54234548541369e-10,1.16842254510813e-10,9752.58337961271,11692.5126559263,4.54924009544271,1.16112764372339,302118.405644325,2547,ACTIVE_OTHER,LPF
MFB_LPF,4543.61632127076,18267.5410394301,12305.2465863222,6.87675369600832e-10,9.28453760331457e-10,NaN,NaN,NaN,-2.70824949032683,0.161197388075189,13285.0456409304,2026,MFB,LPF
MFB_BPF,8673.91584325042,22988.7854325946,NaN,5.98814964857655e-11,2.32658746262268e-11,NaN,NaN,NaN,-4955248.19894851,0.730815757815111,301959.363912075,1711,MFB,BPF
MFB_LPF,225.911187641968,8014.81866551973,642.016869055151,1.38946994147585e-10,2.03720755155044e-10,NaN,NaN,NaN,-2.8418994019572,0.0595971336208413,417020.922618598,1802,MFB,LPF
ACTIVE_OTHER_CASCADED_VCVS,74865.459486771,74865.459486771,18079.803158023,2.34234649107825e-10,2.34234649107825e-10,1.37832330140418e-12,10021.2448601824,2324.40163443574,1.46298925500269,0.633206746121017,3197879.24235803,2135,ACTIVE_OTHER,BSF
VCVS_BSF,5815.12603674824,5815.12603674824,NaN,2.01242429000386e-12,2.01242429000386e-12,NaN,10021.8652989907,4780.22702346698,1.47697977181437,0.955985969671797,13600079.5595073,1250,VCVS,BSF
VCVS_LPF,88237.6854367126,88237.6854367126,NaN,5.76188351478754e-12,5.76188351478754e-12,NaN,10050.1820549178,5233.71208786969,1.5207579384404,0.67602188038493,313041.236203519,947,VCVS,LPF
MFB_BPF,5681.56998437482,426653.750925052,NaN,1.03562302972327e-10,9.8203738126968e-11,NaN,NaN,NaN,-1792270.76134617,4.33132119464599,32054.0793565467,1558,MFB,BPF
PASSIVE_RLC_BSF,39.110453463718,NaN,NaN,1.1783843613048e-11,NaN,NaN,NaN,NaN,1,10,280921.98225348,419,PASSIVE,BSF
MFB_HPF,10824.0251801359,2808.20652728053,NaN,1.23878795838026e-10,6.80231523133306e-11,2.13228323153878e-11,NaN,NaN,-0.17212657074313,2.03725365271569,757984.613083314,2064,MFB,HPF
VCVS_HPF,82713.5054358477,82713.5054358477,NaN,6.7840772806682e-12,6.7840772806682e-12,NaN,10146.2056836845,13837.9272903877,2.36385243132214,1.57196230754816,283630.491988183,905,VCVS,HPF
PASSIVE_RC,3552.26044670255,NaN,NaN,1.21145720723111e-12,NaN,NaN,NaN,NaN,1,NaN,36983435.6644248,313,PASSIVE,LPF
VCVS_BSF,1271.58708957219,1271.58708957219,NaN,1.35961110981326e-11,1.35961110981326e-11,NaN,10039.6333373984,1752.91069699268,1.17459907529321,0.605766222248441,9205752.97771031,977,VCVS,BSF
MFB_LPF,3133253.18769904,2683.3755792681,11006545.8569358,1.42105855631916e-10,1.34835620818062e-11,NaN,NaN,NaN,-3.51281725337322,0.0506338930504798,21156.5851353948,1676,MFB,LPF
PASSIVE_RLC_BPF,1956.3125592238,NaN,NaN,9.23932527579449e-11,NaN,NaN,NaN,NaN,1,1.03571696577109,850159.752781446,388,PASSIVE,BPF
MFB_LPF,105675055.214157,64194.2991075169,327425352.520023,4.90708233820384e-11,1.56829238033901e-11,NaN,NaN,NaN,-3.0984166684983,0.0247480741300356,1251.38389145897,1433,MFB,LPF
VCVS_HPF,958974.780581039,958974.780581039,NaN,5.70326646771248e-10,5.70326646771248e-10,NaN,10258.6963841142,6051.20139282529,1.58986065736341,0.709149776737854,290.997516397932,1114,VCVS,HPF
ACTIVE_OTHER_CASCADED_VCVS,7207.30034650623,7207.30034650623,264772.000267416,1.87446212411306e-11,1.87446212411306e-11,1.12907004491508e-11,10064.891033841,4293.48869797718,1.88188661275495,0.80317401938294,615653.988702712,2704,ACTIVE_OTHER,BSF
ACTIVE_OTHER_CASCADED_VCVS,508456.734191322,508456.734191322,528976.303701872,1.95278043174409e-12,1.95278043174409e-12,8.89808606193443e-11,9863.58286703668,9385.71993065601,3.3413387587091,0.86513779954247,81836.8238136464,2314,ACTIVE_OTHER,LPF
VCVS_BPF,17188.834396692,17188.834396692,NaN,4.56594298244161e-10,4.56594298244161e-10,NaN,10013.6368079242,3566.8241779905,1.35619667922926,0.60834528520792,20278.8452125152,1051,VCVS,BPF
MFB_BPF,3777.34243410646,741060720.374251,NaN,1.94763613096024e-10,1.76363578380206e-10,NaN,NaN,NaN,-1501083.11752697,221.191944038087,513.265050959149,1719,MFB,BPF
PASSIVE_RLC_BSF,1526.02717683453,NaN,NaN,8.18001117770913e-12,NaN,NaN,NaN,NaN,1,10,1139.31594757686,93,PASSIVE,BSF
ACTIVE_OTHER_CASCADED_VCVS,23467.4918408447,23467.4918408447,123147.372324549,1.32447153688862e-11,1.32447153688862e-11,1.28084406079987e-12,9849.36931244404,6586.30355639643,2.87176955020056,1.65053572184092,760532.868609109,2661,ACTIVE_OTHER,BSF
VCVS_BPF,149219.74959951,149219.74959951,NaN,3.30102316497922e-11,3.30102316497922e-11,NaN,10236.4128115781,4583.47660988146,1.44776199380092,0.644231101162553,32310.6171053899,1140,VCVS,BPF
ACTIVE_OTHER_CASCADED_VCVS,13282.1574742814,13282.1574742814,267868.610442136,4.53197338783115e-10,4.53197338783115e-10,6.80751417625657e-12,9908.56317224913,2388.5650703806,2.49352413991922,0.788898781955289,56859.5814085052,2464,ACTIVE_OTHER,BPF
ACTIVE_OTHER_CASCADED_VCVS,3081.92604041899,3081.92604041899,239334.226705134,1.73722106158433e-12,1.73722106158433e-12,2.07954177497078e-11,9799.02450002649,6786.6006997813,2.86317087778358,1.62385918311307,14879206.5223196,2579,ACTIVE_OTHER,BSF
ACTIVE_OTHER_CASCADED_VCVS,54185.7543946915,54185.7543946915,65613.780385968,1.86803276119609e-10,1.86803276119609e-10,5.43681985927178e-12,10129.7513241956,12193.6225805997,3.51043361227766,0.983289528297516,230936.377961265,2488,ACTIVE_OTHER,BPF
ACTIVE_OTHER_CASCADED_VCVS,195411.162103891,195411.162103891,1516.3841861758,5.10247909241454e-11,5.10247909241454e-11,1.13256394225087e-11,10306.537507725,1501.93194909534,1.39434943746295,0.611931261219078,4641576.96906976,2671,ACTIVE_OTHER,BSF
VCVS_BSF,99386.6936655185,99386.6936655185,NaN,4.69446626015924e-10,4.69446626015924e-10,NaN,9938.22552675442,2129.22780723242,1.21424627580652,0.636331696058092,3411.18808902904,1027,VCVS,BSF
ACTIVE_OTHER_CASCADED_VCVS,5872.20238884921,5872.20238884921,179294.846492622,3.81593540137278e-10,3.81593540137278e-10,1.91920091794643e-12,10036.6291239323,7467.80670490309,3.12751106987983,0.812439559064774,266773.787930419,2521,ACTIVE_OTHER,LPF
MFB_BPF,24752.7734186895,5576.094109655,NaN,3.9092139719804e-11,2.4900927933694e-11,NaN,NaN,NaN,-1622409.95397399,0.231404964273027,434200.844830755,1526,MFB,BPF
MFB_HPF,32954.8520088544,974.180528556979,NaN,4.05432098989897e-10,1.8982946321002e-11,3.39291788413051e-10,NaN,NaN,-0.836864642090182,0.730342458090756,350003.382987537,1863,MFB,HPF
ACTIVE_OTHER_CASCADED_VCVS,2499.86784213543,2499.86784213543,40912.3382257427,2.23478270021338e-11,2.23478270021338e-11,1.4643059680467e-11,9853.10565451999,5385.73173057826,2.48378763005124,0.702692253238577,1557251.48443028,2759,ACTIVE_OTHER,BPF
ACTIVE_OTHER_CASCADED_VCVS,10517.1931503595,10517.1931503595,778930.422034805,2.52946630950336e-11,2.52946630950336e-11,3.91927340679695e-11,10295.8648032715,9714.37344842771,2.67238654816585,0.780967150819142,301737.644285557,2420,ACTIVE_OTHER,LPF
PASSIVE_RC,1114.61307223619,NaN,NaN,1.06619440374316e-10,NaN,NaN,NaN,NaN,1,NaN,1339243.66526814,99,PASSIVE,HPF
VCVS_HPF,8087.11493722182,8087.11493722182,NaN,1.27298276538989e-12,1.27298276538989e-12,NaN,9832.37891885196,6909.66269046747,1.70274576961424,0.770858923853835,15459804.3070845,975,VCVS,HPF
MFB_BPF,2545.75996648993,3401621904.28593,NaN,2.29731134713446e-11,3.58413668977435e-11,NaN,NaN,NaN,-10959682.7584103,563.965113920492,1884.80391259367,2048,MFB,BPF
PASSIVE_RC,5729.29115160286,NaN,NaN,3.71130757728617e-10,NaN,NaN,NaN,NaN,1,NaN,74850.0837322229,190,PASSIVE,HPF
MFB_BPF,6983.58617342056,22391039723.681,NaN,5.52357312834742e-11,1.3050823763132e-10,NaN,NaN,NaN,-1097194.39031194,818.487737820316,149.904522927344,1964,MFB,BPF
ACTIVE_OTHER_CASCADED_VCVS,330663.008728142,330663.008728142,21519.9570068273,1.21899958680589e-11,1.21899958680589e-11,5.05344853250788e-10,9797.32405536361,2111.06867763269,1.57220813372447,0.672517710027188,27059.9152315338,2180,ACTIVE_OTHER,BSF
ACTIVE_OTHER_CASCADED_VCVS,9852.39424804107,9852.39424804107,30543.0099856647,1.73751958840504e-11,1.73751958840504e-11,1.14899634809881e-10,9778.8300552369,1360.94558790144,1.96306280788718,1.1937135335063,487531.863230219,2738,ACTIVE_OTHER,BSF
VCVS_HPF,27385.0795243718,27385.0795243718,NaN,4.2034528337701e-11,4.2034528337701e-11,NaN,10335.3543544623,7191.07128379144,1.69577404287901,0.766738305230061,138261.080512634,1259,VCVS,HPF
MFB_BPF,2461.31852056586,318349717.684834,NaN,2.43293622951882e-10,1.26446533492786e-11,NaN,NaN,NaN,-32131074.7612336,77.9384762321911,3241.642821012,1734,MFB,BPF
PASSIVE_RLC_BSF,184.029048222,NaN,NaN,1.9701673799514e-10,NaN,NaN,NaN,NaN,1,10,5171.04326034483,404,PASSIVE,BSF
PASSIVE_RC,80774.0638301659,NaN,NaN,2.79937482750165e-12,NaN,NaN,NaN,NaN,1,NaN,703861.394103814,496,PASSIVE,HPF
ACTIVE_OTHER_CASCADED_VCVS,1874.41665422374,1874.41665422374,1888.94032487523,2.91929454170049e-10,2.91929454170049e-10,9.56218316452715e-11,9865.29605764759,996.196965226623,1.79278604925137,0.950765290380584,585997.265948729,2600,ACTIVE_OTHER,BSF
PASSIVE_RLC_BPF,269.655217254623,NaN,NaN,3.7108713037887e-11,NaN,NaN,NaN,NaN,1,10,151702.068948284,223,PASSIVE,BPF
MFB_HPF,75882.7109533631,123.937163531262,NaN,4.97251455531873e-10,1.0142420019197e-10,4.84168222826399e-11,NaN,NaN,-0.0973688900133073,27.5202901859992,740591.971159536,1564,MFB,HPF
PASSIVE_RLC_BSF,317.6655806077,NaN,NaN,1.14141047983261e-11,NaN,NaN,NaN,NaN,1,10,31829.9616061755,501,PASSIVE,BSF
MFB_BPF,13013.8030216812,129376003.126849,NaN,4.24228417375045e-10,1.67261707325768e-11,NaN,NaN,NaN,-4594087.3195044,19.0471071975191,1456.10606541899,1887,MFB,BPF
ACTIVE_OTHER_CASCADED_VCVS,8603.83271222706,8603.83271222706,88363.9074355823,1.89365569831083e-12,1.89365569831083e-12,5.19788507906784e-12,9987.18166263385,2322.76942113238,2.34650731358227,0.738995267900462,5057497.94283228,2407,ACTIVE_OTHER,BPF
MFB_LPF,559.378469316104,22195.8486775016,665.384558323902,4.12477659293698e-10,1.56787083907826e-10,NaN,NaN,NaN,-1.18950691673457,0.126529962817493,162851.790590308,1536,MFB,LPF
VCVS_BPF,131270.04598208,131270.04598208,NaN,3.56598431397095e-11,3.56598431397095e-11,NaN,10227.992500747,10811.9438476573,2.05709344691714,1.06055048268619,33999.6984956672,786,VCVS,BPF
VCVS_LPF,38482.3579986999,38482.3579986999,NaN,4.84111031004873e-11,4.84111031004873e-11,NaN,10068.3714753147,5005.91296979978,1.4971919224547,0.665420964221465,85430.6041291346,712,VCVS,LPF
MFB_LPF,66849.6824120871,16008.3218371624,160384.564079311,9.63838804487627e-10,8.46661011377579e-11,NaN,NaN,NaN,-2.39918213957457,0.795917048118273,10995.3475142597,1571,MFB,LPF
PASSIVE_RC,4031.65099566265,NaN,NaN,2.37948451255448e-11,NaN,NaN,NaN,NaN,1,NaN,1659030.3054003,471,PASSIVE,HPF
PASSIVE_RLC_BSF,8818.80449926163,NaN,NaN,7.78958761070768e-11,NaN,NaN,NaN,NaN,1,10,687.741198114872,292,PASSIVE,BSF
ACTIVE_OTHER_CASCADED_VCVS,49007.0129045607,49007.0129045607,3052.68375758902,6.91188265256783e-11,6.91188265256783e-11,9.56340523475485e-12,10025.6236196583,7633.62596768021,3.35679129889614,0.860614861051397,2749303.97642023,2774,ACTIVE_OTHER,HPF
MFB_BPF,979.882343631998,5069.55348670205,NaN,1.82898032744334e-10,6.05258113774937e-10,NaN,NaN,NaN,-1686108.2279127,0.960197230429138,214621.627394197,1619,MFB,BPF
VCVS_BSF,55287.1777910297,55287.1777910297,NaN,3.53261611109844e-12,3.53261611109844e-12,NaN,10346.7613214604,4857.77469328966,1.46949712498094,0.942501960959281,814890.519110945,870,VCVS,BSF
PASSIVE_RLC_BSF,11.9882499949152,NaN,NaN,1.04294491039544e-12,NaN,NaN,NaN,NaN,1,10,2489.57762683445,254,PASSIVE,BSF
PASSIVE_RC,1915.34392525311,NaN,NaN,1.80206697202754e-11,NaN,NaN,NaN,NaN,1,NaN,4611077.65234617,436,PASSIVE,HPF
ACTIVE_OTHER_CASCADED_VCVS,197703.346731994,197703.346731994,415583.817132411,6.22817685967606e-11,6.22817685967606e-11,1.51058949641651e-11,10005.408359726,12478.4309572412,3.07204462653981,0.970358034673413,19138.7998128152,2768,ACTIVE_OTHER,BPF
PASSIVE_RC,146854.46758956,NaN,NaN,1.12835577001002e-10,NaN,NaN,NaN,NaN,1,NaN,9604.76878221287,368,PASSIVE,HPF
ACTIVE_OTHER_CASCADED_VCVS,15754.1830647754,15754.1830647754,123708.476767829,3.82177044677832e-10,3.82177044677832e-10,1.34068680163753e-11,10094.0917860325,689.577433600763,1.87213325661652,1.27809327794108,61197.2437758831,2360,ACTIVE_OTHER,BSF
VCVS_HPF,39395.4578791134,39395.4578791134,NaN,1.46079715654997e-12,1.46079715654997e-12,NaN,10099.6166778599,8248.33788365716,1.81669811308175,0.845092880401267,2765566.23552229,784,VCVS,HPF
PASSIVE_RLC_BSF,596.013308554506,NaN,NaN,6.14040297305938e-12,NaN,NaN,NaN,NaN,1,10,77218.2400012432,584,PASSIVE,BSF
ACTIVE_OTHER_CASCADED_VCVS,8651.61239746375,8651.61239746375,6457.08346885956,5.22736801367293e-11,5.22736801367293e-11,2.90911668928197e-11,9877.73019771316,2708.69643273714,2.81632150432641,0.922818057239323,599594.142001787,2150,ACTIVE_OTHER,LPF
VCVS_BSF,900031.296450936,900031.296450936,NaN,7.97170942089688e-11,7.97170942089688e-11,NaN,9884.020579441,556.231321906167,1.0562758158419,0.529815817368346,2218.25291378423,953,VCVS,BSF
PASSIVE_RC,263010.842537185,NaN,NaN,1.96797685536275e-10,NaN,NaN,NaN,NaN,1,NaN,3074.86811155436,341,PASSIVE,HPF
MFB_HPF,3805.53077338969,36927934.5609715,NaN,1.18404816883181e-11,5.76619269643986e-10,2.72834378952705e-10,NaN,NaN,-23.0425067268914,0.000202881768741682,1070.38713634292,1704,MFB,HPF
PASSIVE_RLC_BPF,45.7154696620073,NaN,NaN,1.22912980604885e-12,NaN,NaN,NaN,NaN,1,10,1511.3471380045,438,PASSIVE,BPF
VCVS_LPF,13748.5693568436,13748.5693568436,NaN,5.61755668016362e-10,5.61755668016362e-10,NaN,10003.9034832535,1036.40640746771,1.10360020058197,0.527314968239756,20607.0184389343,824,VCVS,LPF
MFB_LPF,309129242.138602,3444.90347339998,479172538.322422,2.41016459007658e-10,6.89889370473331e-10,NaN,NaN,NaN,-1.55007185670121,0.00158477725892007,303.789364349258,1740,MFB,LPF
PASSIVE_RLC_BPF,143.902300649756,NaN,NaN,1.24417727294114e-10,NaN,NaN,NaN,NaN,1,10,47950.4601907276,71,PASSIVE,BPF
PASSIVE_RC,898756.131305632,NaN,NaN,3.03845664618595e-10,NaN,NaN,NaN,NaN,1,NaN,582.807620072889,407,PASSIVE,HPF
MFB_LPF,9529267.71522623,1645.24798228056,26265625.4381582,3.93641408451656e-10,5.45148097873875e-10,NaN,NaN,NaN,-2.75631100133644,0.00672376884535108,1652.73390226061,1899,MFB,LPF
MFB_LPF,454093.468949406,91017.2189188598,1624284.75395764,9.07825862375753e-10,2.46818181227494e-11,NaN,NaN,NaN,-3.57698329754796,1.1425900234052,2765.26920843168,1549,MFB,LPF
PASSIVE_RLC_BPF,696.227675507623,NaN,NaN,7.61110447946438e-10,NaN,NaN,NaN,NaN,1,2.18647344608735,137365.274340793,541,PASSIVE,BPF
VCVS_BPF,326110.52978495,326110.52978495,NaN,3.24520676660201e-11,3.24520676660201e-11,NaN,10032.3476367995,3657.26156319551,1.36454693314059,0.611451358809286,15038.791450234,796,VCVS,BPF
MFB_BPF,2638.19744503851,1895523243.57975,NaN,2.16354553779896e-11,1.66431406533512e-10,NaN,NaN,NaN,-2277494.94186485,270.45766453238,1186.04526703122,2078,MFB,BPF
ACTIVE_OTHER_CASCADED_VCVS,919597.397738352,919597.397738352,27456.8674190318,1.59420278233827e-10,1.59420278233827e-10,4.34268464538733e-11,10154.8372518503,1798.33483517865,1.90869020659138,0.964356448089349,67281.9896888469,2280,ACTIVE_OTHER,BSF
ACTIVE_OTHER_CASCADED_VCVS,10069.6729867173,10069.6729867173,1209.08619575649,1.93194716113838e-12,1.93194716113838e-12,2.08623926755948e-11,9863.31972808519,2046.97656530716,1.34131510807672,0.596618993840232,7245307.12509376,2565,ACTIVE_OTHER,BSF
VCVS_HPF,3469.47300799902,3469.47300799902,NaN,4.1946729933648e-12,4.1946729933648e-12,NaN,10348.7927535581,790.79686278955,1.07641440713147,0.519862492060339,10936000.1778291,1127,VCVS,HPF
PASSIVE_RLC_BSF,88.7112856285257,NaN,NaN,4.04118064971227e-12,NaN,NaN,NaN,NaN,1,10,5511.25543977303,367,PASSIVE,BSF
ACTIVE_OTHER_CASCADED_VCVS,10305.4528125417,10305.4528125417,774216.438995022,1.72357898537791e-11,1.72357898537791e-11,2.98381796777768e-11,10004.4188734303,13547.2994778802,4.96345729164334,1.33494275330531,451459.021841453,2346,ACTIVE_OTHER,LPF
VCVS_BPF,18466.031364209,18466.031364209,NaN,2.62838129023421e-11,2.62838129023421e-11,NaN,9994.86032344052,9854.42246057308,1.98594899194958,0.986143687113502,327912.668717225,1370,VCVS,BPF
PASSIVE_RC,37273.4469978094,NaN,NaN,6.1372773880116e-11,NaN,NaN,NaN,NaN,1,NaN,69573.6553416737,306,PASSIVE,HPF
VCVS_BSF,1343.41088335061,1343.41088335061,NaN,1.79608718712668e-10,1.79608718712668e-10,NaN,10105.0011514703,1490.83751660131,1.14753462114988,0.586534083852703,659604.87172024,1286,VCVS,BSF
PASSIVE_RC,167939.265551459,NaN,NaN,9.30970746781692e-11,NaN,NaN,NaN,NaN,1,NaN,10179.6265888106,23,PASSIVE,LPF
ACTIVE_OTHER_CASCADED_VCVS,86894.6315767516,86894.6315767516,1654.17298497617,1.0221401631013e-09,1.0221401631013e-09,8.2228097166905e-11,10188.0316433631,1586.59888708079,1.7040050914027,0.598849076931618,585940.551456437,2627,ACTIVE_OTHER,BPF
MFB_HPF,4186.99022815632,12342090.2724916,NaN,9.47484464228707e-10,7.87522676528018e-10,5.10612825811068e-11,NaN,NaN,-0.05389141934129,0.0383721641669872,3491.3822925973,2063,MFB,HPF
PASSIVE_RLC_BSF,630.378964904597,NaN,NaN,1.39236490631176e-11,NaN,NaN,NaN,NaN,1,10,3107.75482123245,4,PASSIVE,BSF
PASSIVE_RLC_BSF,6057.93073343466,NaN,NaN,1.49904066359984e-11,NaN,NaN,NaN,NaN,1,10,266.315768494017,672,PASSIVE,BSF
ACTIVE_OTHER_CASCADED_VCVS,390084.990561778,390084.990561778,209752.755888415,1.14265052745447e-12,1.14265052745447e-12,4.91049127342736e-12,10130.8500872639,7474.07809075177,2.44473422734453,1.37477259693286,255793.076443637,2293,ACTIVE_OTHER,BSF
VCVS_LPF,382127.851825943,382127.851825943,NaN,2.28586286551953e-12,2.28586286551953e-12,NaN,10197.122164,11387.4008604064,2.11672692326945,1.13215270151958,182205.409368447,731,VCVS,LPF
PASSIVE_RLC_BPF,5054.05246535452,NaN,NaN,2.0241732380076e-10,NaN,NaN,NaN,NaN,1,10,801.587735539734,537,PASSIVE,BPF
MFB_HPF,82609.5381216494,895774.539868972,NaN,7.91285255366552e-11,1.70974612621162e-11,8.15714133198544e-10,NaN,NaN,-10.3087240368289,0.00381486620635054,4954.16959536808,1988,MFB,HPF
PASSIVE_RLC_BPF,144.88089482388,NaN,NaN,1.803535265203e-12,NaN,NaN,NaN,NaN,1,10,5744.739906989,192,PASSIVE,BPF
PASSIVE_RLC_BPF,122.211224494973,NaN,NaN,4.98333535483103e-10,NaN,NaN,NaN,NaN,1,10,621.805862362959,639,PASSIVE,BPF
ACTIVE_OTHER_CASCADED_VCVS,12947.6984612567,12947.6984612567,166056.277127597,5.66323884528523e-12,5.66323884528523e-12,1.42639969065377e-11,9697.12558169442,3707.51075397187,1.61744286993509,0.705982662173575,1118853.67991757,2542,ACTIVE_OTHER,BSF
VCVS_LPF,335859.978267297,335859.978267297,NaN,1.81540950979188e-11,1.81540950979188e-11,NaN,9799.43803442027,2881.60258201044,1.29405794208697,0.586186380341285,26102.8104681805,1142,VCVS,LPF
ACTIVE_OTHER_CASCADED_VCVS,675745.966785336,675745.966785336,2354.76081085656,7.02422455699061e-11,7.02422455699061e-11,3.46068486030044e-12,10055.852122137,3283.92922474008,2.54576259930425,0.761346783658423,9766879.69001626,2741,ACTIVE_OTHER,HPF
MFB_LPF,367042274.820572,2058.24997350963,734581936.084916,2.52290876753469e-10,3.03864933187152e-10,NaN,NaN,NaN,-2.0013551203169,0.00152523149872974,467.476608926082,2093,MFB,LPF
MFB_BPF,4671.44785381234,46649191.6918178,NaN,2.02294426682139e-10,2.0870586300415e-10,NaN,NaN,NaN,-1025684.62427661,49.9589686863749,1659.25461331518,1990,MFB,BPF
PASSIVE_RLC_BPF,1085.54004439237,NaN,NaN,7.45282273730604e-12,NaN,NaN,NaN,NaN,1,10,2357.41812330632,227,PASSIVE,BPF
MFB_LPF,86323997.7927814,14235.7228511547,313150564.149051,2.0732221840379e-11,2.88679666518402e-11,NaN,NaN,NaN,-3.62761887952365,0.00571263710199295,3081.22029080869,1570,MFB,LPF
ACTIVE_OTHER_CASCADED_VCVS,68089.2645811269,68089.2645811269,9779.49647387518,8.73432937427991e-12,8.73432937427991e-12,1.94916204164469e-10,9819.98921267599,6474.91792803369,1.99937228306375,1.04834260948009,175554.993896825,2380,ACTIVE_OTHER,BSF
PASSIVE_RC,14259.7817495373,NaN,NaN,2.98813982551278e-11,NaN,NaN,NaN,NaN,1,NaN,373513.529288208,53,PASSIVE,HPF
VCVS_BPF,19057.3498624394,19057.3498624394,NaN,1.13239287747276e-12,1.13239287747276e-12,NaN,10269.9933951988,593.589234552194,1.05779840470294,0.514879610037108,7374974.033848,702,VCVS,BPF
MFB_BPF,64366.973819045,63197648.5556203,NaN,2.52269470295213e-10,9.14400596026122e-11,NaN,NaN,NaN,-169902.749905773,13.8461151177806,519.562177536133,1773,MFB,BPF
VCVS_BPF,1025.28812440742,1025.28812440742,NaN,5.74669812362227e-10,5.74669812362227e-10,NaN,10075.7530534699,1550.52805345704,1.1538870638481,0.541678670040867,270119.427423645,886,VCVS,BPF
PASSIVE_RLC_BPF,3228.34681377958,NaN,NaN,3.35693638693201e-10,NaN,NaN,NaN,NaN,1,1.36197341055265,107827.170060664,131,PASSIVE,BPF
VCVS_LPF,23755.7224932389,23755.7224932389,NaN,1.43857004423035e-10,1.43857004423035e-10,NaN,9891.33100200607,1252.01706784041,1.12657720862708,0.533782339258913,46571.5696524306,930,VCVS,LPF
PASSIVE_RLC_BSF,562.30985353672,NaN,NaN,4.6768822372242e-10,NaN,NaN,NaN,NaN,1,10,115.024693939048,381,PASSIVE,BSF
MFB_LPF,240.462193426436,28444.3685471621,202.767473887154,6.00825510005466e-11,6.54869834055927e-10,NaN,NaN,NaN,-0.843240556853634,0.0138209951281955,334095.913136278,1954,MFB,LPF
PASSIVE_RC,13367.6757484314,NaN,NaN,2.55723581708973e-11,NaN,NaN,NaN,NaN,1,NaN,465579.072106444,519,PASSIVE,HPF
PASSIVE_RLC_BSF,12.1255039591066,NaN,NaN,1.2963568061317e-12,NaN,NaN,NaN,NaN,1,10,23194.1398241867,174,PASSIVE,BSF
VCVS_BPF,392239.376571431,392239.376571431,NaN,3.17035284563195e-11,3.17035284563195e-11,NaN,10032.9742323552,6193.95055759832,1.61735936065933,0.723253730251167,12798.5668672333,753,VCVS,BPF
ACTIVE_OTHER_CASCADED_VCVS,78034.4638854902,78034.4638854902,7199.24125061049,6.70768015971602e-12,6.70768015971602e-12,6.66213628704168e-12,9943.20053402786,6975.96890687814,3.63044106717937,0.962163485333479,1811196.93097126,2235,ACTIVE_OTHER,HPF
ACTIVE_OTHER_CASCADED_VCVS,332904.684122583,332904.684122583,585035.57706053,2.52977594338207e-11,2.52977594338207e-11,4.02091834123408e-10,10082.6151998827,1751.71537430649,1.64675684677416,0.721330233682791,9787.33542944824,2179,ACTIVE_OTHER,BSF
ACTIVE_OTHER_CASCADED_VCVS,20359.1800165065,20359.1800165065,2672.39355994142,1.3339782467176e-10,1.3339782467176e-10,2.64420193400135e-11,10134.5153778477,2262.55787163467,1.39963279264463,0.61397571205469,1155447.95315347,2596,ACTIVE_OTHER,BSF
VCVS_BPF,838349.682648526,838349.682648526,NaN,1.65576018881556e-11,1.65576018881556e-11,NaN,9914.36205261899,3622.5050384595,1.36537953922134,0.61176280610341,11465.6186044666,971,VCVS,BPF
PASSIVE_RLC_BPF,589.413698824033,NaN,NaN,7.16783617781081e-10,NaN,NaN,NaN,NaN,1,7.04503172992855,53472.3021247947,475,PASSIVE,BPF
PASSIVE_RLC_BPF,71.1009963710687,NaN,NaN,1.43121752296354e-10,NaN,NaN,NaN,NaN,1,10,364.643532342488,360,PASSIVE,BPF
MFB_BPF,30572.1022167494,1086150044.25522,NaN,1.67274414912505e-10,1.38905481853498e-11,NaN,NaN,NaN,-2354806.96499938,50.1513355772948,572.978222254874,1775,MFB,BPF
PASSIVE_RC,32209.362963673,NaN,NaN,3.38217270544497e-11,NaN,NaN,NaN,NaN,1,NaN,146097.30871815,439,PASSIVE,HPF
MFB_LPF,6441144227.2775,18930.9383747526,19252340923.6783,2.49487547948455e-11,9.76998768934426e-11,NaN,NaN,NaN,-2.98896286814178,0.000501094948495934,168.857689856001,1522,MFB,LPF
MFB_LPF,818769.49849765,2209.69130098833,758786.031122779,2.44349002288129e-11,2.07992616711151e-10,NaN,NaN,NaN,-0.926739494467083,0.0183932078114889,54521.2018436804,2019,MFB,LPF
VCVS_LPF,1813.77891138887,1813.77891138887,NaN,3.71090007262745e-12,3.71090007262745e-12,NaN,9719.52515641585,9779.03701993802,2.00612291882211,1.00616063992023,23645936.7601,944,VCVS,LPF
MFB_BPF,7061.41473436187,1075.94720791739,NaN,2.41241477407315e-10,9.73061220584912e-10,NaN,NaN,NaN,-145535.222974741,0.155746657153769,119174.329793302,1517,MFB,BPF
VCVS_HPF,24073.8389480883,24073.8389480883,NaN,7.16519954897591e-12,7.16519954897591e-12,NaN,10224.2925828291,10234.5015968351,2.00099850565927,1.00099950366934,922670.193112055,1016,VCVS,HPF
PASSIVE_RLC_BSF,4416.74923817506,NaN,NaN,2.41227472091221e-10,NaN,NaN,NaN,NaN,1,10,1228.92602890615,299,PASSIVE,BSF
PASSIVE_RLC_BPF,5070.09996118556,NaN,NaN,1.06267314449842e-11,NaN,NaN,NaN,NaN,1,10,100299.524338703,209,PASSIVE,BPF
MFB_LPF,1434104.95506713,35301.3987030032,4340600.22316716,2.10843490010764e-11,1.60044093198285e-10,NaN,NaN,NaN,-3.0266963431306,0.0316947094994822,6999.21537627909,1858,MFB,LPF
VCVS_BPF,6869.84901369364,6869.84901369364,NaN,2.9954371817944e-11,2.9954371817944e-11,NaN,9745.3120343768,1828.22175489606,1.1876001249059,0.551754617588506,773415.235789333,1339,VCVS,BPF
MFB_HPF,11284.0836105034,71750874.0907021,NaN,7.35428033859253e-11,1.24901696516966e-11,4.72550932118958e-11,NaN,NaN,-0.642552242180906,0.00355736411484227,7280.56200824636,2028,MFB,HPF
MFB_BPF,1217.30855171751,1079.76113518055,NaN,5.03572675287046e-10,3.8721543233363e-10,NaN,NaN,NaN,-2121517.74837234,0.466870578203655,314375.390849951,2083,MFB,BPF
MFB_HPF,2376.80203260901,349373144.323033,NaN,3.29860753678239e-10,1.96050166513073e-11,4.37158284483511e-11,NaN,NaN,-0.132528128796411,0.00146539079695582,5965.89908731427,1810,MFB,HPF
MFB_LPF,59006302.6242457,9370.28571363417,122255968.177126,1.33040638274247e-11,1.1149767566894e-10,NaN,NaN,NaN,-2.07191372344843,0.00302341938977664,3860.85608512577,1637,MFB,LPF
MFB_HPF,9576.00953825882,4519724.78327904,NaN,2.59840933329654e-11,3.40500604073551e-11,1.37342461697785e-10,NaN,NaN,-5.28563609812556,0.00301720410189519,11186.9190228094,1409,MFB,HPF
MFB_LPF,577048.100560698,2963.56472954217,789696.549255489,8.85169318766362e-10,8.99654059296759e-11,NaN,NaN,NaN,-1.36851078530224,0.190462425946744,11658.2094819403,1580,MFB,LPF
ACTIVE_OTHER_CASCADED_VCVS,3755.80413129153,3755.80413129153,2701.57965459142,1.75560474817197e-11,1.75560474817197e-11,1.06976523094916e-12,10362.9358170822,10898.978516909,2.5785194711391,0.814095801024341,28741793.7889383,2197,ACTIVE_OTHER,HPF
PASSIVE_RC,408456.214159358,NaN,NaN,2.48929304705259e-10,NaN,NaN,NaN,NaN,1,NaN,1565.30364975449,481,PASSIVE,LPF
VCVS_HPF,19305.9732224851,19305.9732224851,NaN,9.57306705662467e-12,9.57306705662467e-12,NaN,10003.3504497016,12497.04734998,2.24928616795114,1.33206550526821,861147.07566604,1100,VCVS,HPF
PASSIVE_RC,1608.24735327624,NaN,NaN,1.45374317661282e-10,NaN,NaN,NaN,NaN,1,NaN,680737.377124842,248,PASSIVE,LPF
MFB_BPF,3439.73218097554,56034.9105611731,NaN,1.7248272643852e-10,1.18772778671859e-11,NaN,NaN,NaN,-24477014.9789573,0.990903996110024,253277.851015686,1877,MFB,BPF
PASSIVE_RC,156668.440383991,NaN,NaN,2.31913294653683e-10,NaN,NaN,NaN,NaN,1,NaN,4380.39188616091,263,PASSIVE,LPF
ACTIVE_OTHER_CASCADED_VCVS,6538.46660072338,6538.46660072338,589636.379814839,3.08133283021359e-10,3.08133283021359e-10,6.55330875358875e-10,10196.6200626383,10914.7209381756,3.03074597098987,0.863364752416022,39703.9885002924,2595,ACTIVE_OTHER,HPF
MFB_LPF,8567848.24697295,83026.9709120201,30151442.2470711,3.29375866665247e-10,9.97645326046396e-11,NaN,NaN,NaN,-3.51913822209955,0.0941764378091817,554.909954427208,1504,MFB,LPF
PASSIVE_RLC_BPF,4795.51887137098,NaN,NaN,4.43736222473682e-11,NaN,NaN,NaN,NaN,1,10,7697.61045083705,295,PASSIVE,BPF
VCVS_BPF,1949.33413626218,1949.33413626218,NaN,5.90422271165779e-12,5.90422271165779e-12,NaN,9776.16232570113,10063.939125325,2.02943658155791,1.03032937466895,13828373.8600228,868,VCVS,BPF
VCVS_BSF,45769.7520830774,45769.7520830774,NaN,2.09719632047766e-10,2.09719632047766e-10,NaN,10241.7171116112,3969.42742590281,1.38757440599512,0.816425709334446,16580.6856065949,1087,VCVS,BSF
PASSIVE_RLC_BPF,751.414493452827,NaN,NaN,1.74774137991771e-10,NaN,NaN,NaN,NaN,1,6.42633854126437,188581.807795073,69,PASSIVE,BPF
PASSIVE_RLC_BSF,180.199019825885,NaN,NaN,4.01076385747526e-12,NaN,NaN,NaN,NaN,1,10,738873.742709301,687,PASSIVE,BSF
MFB_HPF,2716.15105830049,21191.8215062793,NaN,1.01161419348692e-11,1.48890495017113e-10,1.07928978666948e-10,NaN,NaN,-10.6689861966972,0.0159354987447639,165484.189655102,1621,MFB,HPF
VCVS_BPF,133289.01635626,133289.01635626,NaN,2.95409926552395e-10,2.95409926552395e-10,NaN,9839.8392985729,6536.91216053043,1.66433119100619,0.748688592012059,4042.04071693983,897,VCVS,BPF
MFB_BPF,1657.35573807409,1327555857.61722,NaN,2.76714887141638e-11,5.85966226481341e-11,NaN,NaN,NaN,-10297022.8999257,417.754174287224,2664.60787433672,1447,MFB,BPF
PASSIVE_RC,723340.514382675,NaN,NaN,4.4959266040441e-12,NaN,NaN,NaN,NaN,1,NaN,48939.3422640558,426,PASSIVE,LPF
ACTIVE_OTHER_CASCADED_VCVS,218927.955448117,218927.955448117,36509.399292043,2.57685865310815e-11,2.57685865310815e-11,4.81345192271166e-12,10108.6519547541,12106.3911137892,3.56583958510443,0.986150543824754,466929.16615807,2327,ACTIVE_OTHER,HPF
ACTIVE_OTHER_CASCADED_VCVS,426118.641675974,426118.641675974,28552.7799218257,3.10553622274666e-10,3.10553622274666e-10,2.88239734724597e-10,10124.0222365343,7252.58644643633,1.97730436475403,1.17626223321973,10270.4849237809,2402,ACTIVE_OTHER,BSF
ACTIVE_OTHER_CASCADED_VCVS,76125.61237623,76125.61237623,26798.0327616405,3.24628360212588e-10,3.24628360212588e-10,1.48359694064331e-12,9904.3053352775,4162.03481536589,2.71962713692644,0.777299310326822,2004792.476911,2173,ACTIVE_OTHER,LPF
MFB_HPF,49913.5809409991,3327.97267978306,NaN,2.81787897486369e-10,3.95137421907851e-10,1.91893658165125e-10,NaN,NaN,-0.680986159721097,1.80242123780067,44845.2551361329,1569,MFB,HPF
VCVS_HPF,641700.92340611,641700.92340611,NaN,6.77724482721648e-10,6.77724482721648e-10,NaN,10150.7465153617,8994.31876248175,1.88607461026341,0.897726193525821,365.960567709467,1324,VCVS,HPF
VCVS_BPF,56413.1931462649,56413.1931462649,NaN,5.64650106802796e-10,5.64650106802796e-10,NaN,10366.448986861,7410.24954921276,1.71483007909506,0.778107224370659,4996.43261133523,1203,VCVS,BPF
PASSIVE_RLC_BPF,7939.10443532737,NaN,NaN,1.56605830601143e-12,NaN,NaN,NaN,NaN,1,10,8360.99331294064,514,PASSIVE,BPF
PASSIVE_RLC_BPF,104.642047852061,NaN,NaN,4.19149783153293e-11,NaN,NaN,NaN,NaN,1,10,102027.242246303,147,PASSIVE,BPF
PASSIVE_RC,16038.4306018334,NaN,NaN,5.81557652753632e-12,NaN,NaN,NaN,NaN,1,NaN,1706339.66886897,373,PASSIVE,HPF
VCVS_BPF,24363.5989863861,24363.5989863861,NaN,6.34634056621982e-10,6.34634056621982e-10,NaN,9955.69174982922,10049.3087972213,2.00940336942369,1.00949263215061,10293.3162207408,1307,VCVS,BPF
MFB_HPF,36742.6820862343,233740422.842758,NaN,1.8777932065975e-10,4.74029067181333e-11,7.87380453762435e-10,NaN,NaN,-4.19311589261282,0.00056491942883153,281.107860704521,1873,MFB,HPF
ACTIVE_OTHER_CASCADED_VCVS,218814.883766788,218814.883766788,357816.763867793,1.64536949021435e-11,1.64536949021435e-11,1.55084285469838e-12,9935.873070142,8339.11986680896,2.82857944587784,0.772737197906561,165507.059368501,2677,ACTIVE_OTHER,LPF
VCVS_BPF,264024.426119673,264024.426119673,NaN,3.77813277507377e-12,3.77813277507377e-12,NaN,9756.75491547634,3448.22865833733,1.35341962447654,0.60731927506551,159550.734577273,1065,VCVS,BPF
VCVS_BSF,2366.53580294103,2366.53580294103,NaN,1.50634303890996e-11,1.50634303890996e-11,NaN,10121.9443853763,4062.22422364289,1.40132844728052,0.835182493186355,4464606.29817573,1153,VCVS,BSF
MFB_BPF,1134.27249004672,77461.4392685819,NaN,1.74822965918579e-11,2.89394888156202e-10,NaN,NaN,NaN,-3046433.80131159,1.91542058233102,238711.851534693,2005,MFB,BPF
ACTIVE_OTHER_CASCADED_VCVS,1470.7090768505,1470.7090768505,5758.64093167966,3.55354223557159e-12,3.55354223557159e-12,4.42690877150131e-12,10112.7315620096,7161.66464193443,4.01751587363517,1.15856566751146,18348107.6646605,2185,ACTIVE_OTHER,HPF
PASSIVE_RLC_BSF,4031.74722006919,NaN,NaN,2.51018693837492e-10,NaN,NaN,NaN,NaN,1,10,133.424462130153,259,PASSIVE,BSF
ACTIVE_OTHER_CASCADED_VCVS,21753.5835990163,21753.5835990163,268233.227890577,6.89783437031308e-12,6.89783437031308e-12,1.47289188399886e-12,9978.67691759512,13380.2071626114,5.59721705578846,1.5797049264694,731752.350212657,2587,ACTIVE_OTHER,BPF
VCVS_BSF,17078.8906442074,17078.8906442074,NaN,1.48639655151586e-10,1.48639655151586e-10,NaN,9910.87067049373,3519.94127788957,1.35515964186366,0.77538571165901,62693.9718854258,1296,VCVS,BSF
VCVS_BPF,2461.50846887022,2461.50846887022,NaN,1.6511925101798e-10,1.6511925101798e-10,NaN,10048.2046778691,7280.15587083936,1.72452304707464,0.78402043855552,391580.527727427,964,VCVS,BPF
ACTIVE_OTHER_CASCADED_VCVS,1462.25637123454,1462.25637123454,66965.2836746807,1.59665003771139e-11,1.59665003771139e-11,6.83387691058717e-12,9785.43125004117,11679.7298599877,5.26181675846964,1.45160151513803,3582339.07672799,2391,ACTIVE_OTHER,HPF
ACTIVE_OTHER_CASCADED_VCVS,1490.47690811689,1490.47690811689,522881.825620713,1.74408151685888e-12,1.74408151685888e-12,3.18256261646032e-12,10017.7598157579,2769.16109684702,2.15236702290399,0.670683539336351,30660271.1097943,2519,ACTIVE_OTHER,HPF
ACTIVE_OTHER_CASCADED_VCVS,14647.78974883,14647.78974883,21312.1833221753,1.29327797329686e-10,1.29327797329686e-10,7.60689573673595e-11,9968.78117753878,12259.9835541058,3.94520572271066,1.05547987097368,91093.1050228953,2267,ACTIVE_OTHER,LPF
ACTIVE_OTHER_CASCADED_VCVS,21866.8883966525,21866.8883966525,5745.12937086592,2.23324823574901e-11,2.23324823574901e-11,4.78575424611284e-11,10127.2333926747,6423.70412773194,1.8602038171717,0.634673770635605,452382.012223119,2756,ACTIVE_OTHER,HPF
ACTIVE_OTHER_CASCADED_VCVS,2798.19372613561,2798.19372613561,114405.488697472,1.01287907615289e-11,1.01287907615289e-11,2.2861049873963e-11,10018.5172165721,2878.37914603458,1.90513358435373,0.620871776705934,2838152.3779266,2697,ACTIVE_OTHER,BPF
PASSIVE_RC,583394.176461432,NaN,NaN,1.84605032410589e-10,NaN,NaN,NaN,NaN,1,NaN,1477.79606611236,153,PASSIVE,HPF
ACTIVE_OTHER_CASCADED_VCVS,4493.47093319587,4493.47093319587,10998.8210398074,3.04151418903763e-11,3.04151418903763e-11,2.81588311661079e-12,10128.7432871776,4240.28247165266,3.04699193198631,0.902919414971253,3151648.00765636,2283,ACTIVE_OTHER,HPF
ACTIVE_OTHER_CASCADED_VCVS,65727.5932420402,65727.5932420402,95373.3662307514,2.30595146721239e-12,2.30595146721239e-12,6.941372052477e-12,9807.50226928028,11415.8400811451,2.75704919546685,0.887776222716919,645243.484173517,2664,ACTIVE_OTHER,HPF
PASSIVE_RLC_BPF,392.005709934111,NaN,NaN,3.00292135085854e-10,NaN,NaN,NaN,NaN,1,9.85440101467751,137199.822467274,36,PASSIVE,BPF
ACTIVE_OTHER_CASCADED_VCVS,270453.43731719,270453.43731719,809124.044888637,2.24081030680155e-10,2.24081030680155e-10,2.80648726857217e-10,9670.84515362799,4279.41180891121,2.0431875728789,0.876822193674921,1663.52269615309,2560,ACTIVE_OTHER,BSF
PASSIVE_RLC_BSF,540.637367308306,NaN,NaN,1.16982581748846e-12,NaN,NaN,NaN,NaN,1,10,536864.841372964,305,PASSIVE,BSF
PASSIVE_RLC_BSF,2462.13727095331,NaN,NaN,2.48665571753545e-12,NaN,NaN,NaN,NaN,1,10,1137.14832645022,612,PASSIVE,BSF
VCVS_BSF,666755.80518905,666755.80518905,NaN,4.39057901798802e-10,4.39057901798802e-10,NaN,10115.9027837813,1786.90970609468,1.17664362185841,0.60727045210794,543.665192097218,1175,VCVS,BSF
PASSIVE_RC,65405.8042066935,NaN,NaN,5.10694804964746e-11,NaN,NaN,NaN,NaN,1,NaN,47647.7504663656,445,PASSIVE,LPF
ACTIVE_OTHER_CASCADED_VCVS,4758.48431424976,4758.48431424976,7736.20254715952,2.58431046110902e-10,2.58431046110902e-10,2.8482579088116e-11,10041.5266300012,2664.68338336327,2.12192894021013,0.666153835309591,425856.95819138,2379,ACTIVE_OTHER,HPF
VCVS_HPF,380875.291740117,380875.291740117,NaN,6.55858867753212e-12,6.55858867753212e-12,NaN,10146.9658964653,11913.0891423307,2.17405431967409,1.21073337365892,63712.8359836552,1258,VCVS,HPF
MFB_LPF,119.100980681756,3351.75544232916,298.207199259527,1.58789952427259e-10,5.3214889375304e-10,NaN,NaN,NaN,-2.50381816801619,0.0453509262203349,547642.087144254,1653,MFB,LPF
VCVS_HPF,348844.492856146,348844.492856146,NaN,5.33797131645049e-11,5.33797131645049e-11,NaN,10261.66944676,2427.58417808775,1.23656815206167,0.567076068842198,8546.96695034564,1231,VCVS,HPF
MFB_HPF,2308.20313792105,178106.336980496,NaN,3.93229771416719e-10,3.96100531370214e-11,3.88469398975875e-11,NaN,NaN,-0.0987894170821062,0.0958328345743556,200107.01463231,1852,MFB,HPF
PASSIVE_RC,5429.78442216094,NaN,NaN,1.87587773060694e-12,NaN,NaN,NaN,NaN,1,NaN,15625467.3847204,556,PASSIVE,LPF
MFB_HPF,81738.6363721647,23146694.6605176,NaN,2.25705204140017e-11,1.92610134852551e-11,6.57206721634391e-10,NaN,NaN,-29.1179250446831,0.000328472035204845,1028.42205154402,1603,MFB,HPF
VCVS_LPF,1440.99942153114,1440.99942153114,NaN,4.55825920910982e-10,4.55825920910982e-10,NaN,10031.4891957417,11107.1148947782,2.10722492723145,1.1201029581829,242302.171965287,983,VCVS,LPF
ACTIVE_OTHER_CASCADED_VCVS,94237.272886179,94237.272886179,7699.7406223038,4.53260957758865e-11,4.53260957758865e-11,3.98962454035593e-10,9973.71700461316,3566.30771668877,2.17192643581658,0.661534901972141,44535.1740982991,2523,ACTIVE_OTHER,HPF
VCVS_HPF,40573.7594190175,40573.7594190175,NaN,1.15511594835834e-11,1.15511594835834e-11,NaN,10087.1774993162,1897.1763431923,1.18807801719767,0.551900142219916,339585.628117999,722,VCVS,HPF
ACTIVE_OTHER_CASCADED_VCVS,79301.1639461124,79301.1639461124,15812.6331247697,1.6743720583431e-12,1.6743720583431e-12,2.38416918984265e-10,9981.85473909731,5410.96889625362,1.72213104565185,0.828995693489365,620427.859629732,2266,ACTIVE_OTHER,BSF
MFB_LPF,261.779683649599,11487.5464135684,507.982202538908,8.79096177798125e-11,6.69409996210144e-11,NaN,NaN,NaN,-1.94049513490458,0.0807383339702352,858851.248145547,1633,MFB,LPF
MFB_BPF,38958.7831579344,8123.62109005575,NaN,1.77489551404249e-11,7.66762403033021e-10,NaN,NaN,NaN,-33476.0190694491,0.0679031157551343,76687.7171539472,1776,MFB,BPF
MFB_HPF,12778.752571083,612678.237609353,NaN,1.96068600575749e-11,4.7862307904556e-10,2.21799462419312e-11,NaN,NaN,-1.13123397508834,0.0252759267741865,17457.5225252048,1774,MFB,HPF
PASSIVE_RC,16813.5133910716,NaN,NaN,1.17485469027867e-11,NaN,NaN,NaN,NaN,1,NaN,805707.678424184,214,PASSIVE,HPF
ACTIVE_OTHER_CASCADED_VCVS,1413.50811230608,1413.50811230608,1503.86185470627,4.69965074462041e-11,4.69965074462041e-11,5.28846099326764e-12,9977.57988912049,11325.6845702599,4.15101412653711,1.05166960238344,11203740.3026883,2368,ACTIVE_OTHER,LPF
VCVS_HPF,953580.808242665,953580.808242665,NaN,1.44013949905156e-10,1.44013949905156e-10,NaN,9804.86943014084,629.53837615881,1.06420670674344,0.516584081308452,1158.9323018293,1295,VCVS,HPF
PASSIVE_RC,12725.6337869893,NaN,NaN,7.16210607128879e-11,NaN,NaN,NaN,NaN,1,NaN,174622.403623009,608,PASSIVE,HPF
MFB_BPF,7498.33818855664,6595844200.25756,NaN,9.10485004771101e-10,1.83004006078825e-11,NaN,NaN,NaN,-7287429.71549736,130.347887501367,175.321722197764,1976,MFB,BPF
PASSIVE_RC,1462.68881804605,NaN,NaN,7.87669455268988e-12,NaN,NaN,NaN,NaN,1,NaN,13814150.5858795,62,PASSIVE,HPF
VCVS_BPF,2865.84723643854,2865.84723643854,NaN,9.94415098724399e-11,9.94415098724399e-11,NaN,9969.53036786596,12083.3733889865,2.21203035079104,1.26908441334498,558469.404102527,884,VCVS,BPF
VCVS_LPF,5651.58416633023,5651.58416633023,NaN,1.80003778005582e-10,1.80003778005582e-10,NaN,9997.18197121785,9374.40249416873,1.93770449724311,0.94135765180666,156447.386144513,1229,VCVS,LPF
PASSIVE_RC,43125.6862981237,NaN,NaN,1.01355213861185e-09,NaN,NaN,NaN,NaN,1,NaN,3641.14536724979,273,PASSIVE,HPF
ACTIVE_OTHER_CASCADED_VCVS,38009.6359700281,38009.6359700281,208555.869909582,4.08467200312167e-10,4.08467200312167e-10,9.22413224379716e-13,10096.3535984783,6467.07979023976,2.24845525534714,1.09265949761564,418784.268476991,2736,ACTIVE_OTHER,BSF
PASSIVE_RLC_BPF,31.1522584453319,NaN,NaN,1.34291295792079e-11,NaN,NaN,NaN,NaN,1,10,8605.10640901459,271,PASSIVE,BPF
VCVS_BSF,164780.951407249,164780.951407249,NaN,3.58595403740347e-12,3.58595403740347e-12,NaN,10177.055321045,7440.69482447185,1.7311245335461,1.85959695986516,269344.68305293,1030,VCVS,BSF
ACTIVE_OTHER_CASCADED_VCVS,46422.3408604891,46422.3408604891,136716.503487872,1.25464880903703e-12,1.25464880903703e-12,1.75042702208914e-12,10079.2931172448,8687.13687984964,3.52808471874315,0.891770567390995,1698809.48231637,2257,ACTIVE_OTHER,BPF
MFB_HPF,11949.9592320584,114186146.015865,NaN,4.06686737621453e-10,3.78667519000063e-11,4.1098608115412e-10,NaN,NaN,-1.01057163446689,0.001476086753861,1092.16342430683,1979,MFB,HPF
ACTIVE_OTHER_CASCADED_VCVS,1339.49174841972,1339.49174841972,17415.6646354397,4.5340306431801e-11,4.5340306431801e-11,1.83982017328019e-10,9896.39349866765,5759.21216158295,2.28469820653153,0.673980990206939,1335120.22002748,2187,ACTIVE_OTHER,HPF
MFB_LPF,99957385550.3461,2057.7633380741,292596795100.208,2.68067338379538e-10,1.12937914271291e-11,NaN,NaN,NaN,-2.92721536772122,0.000408568601398644,117.881540833808,1461,MFB,LPF
MFB_BPF,7053.5247645534,2359827443.74126,NaN,3.05933656221861e-10,1.96409617059652e-11,NaN,NaN,NaN,-7218235.64158712,137.715077034403,503.247825748065,1671,MFB,BPF
PASSIVE_RLC_BPF,448.656151300899,NaN,NaN,6.16716723721561e-10,NaN,NaN,NaN,NaN,1,10,1949.82395248398,479,PASSIVE,BPF
VCVS_BPF,5474.19561863183,5474.19561863183,NaN,6.20404141284479e-12,6.20404141284479e-12,NaN,9996.5722997713,11011.4541815948,2.10152298721901,1.11299452938119,4686246.51854263,986,VCVS,BPF
PASSIVE_RC,460628.091831609,NaN,NaN,7.75778606978852e-11,NaN,NaN,NaN,NaN,1,NaN,4453.81231839481,606,PASSIVE,LPF
ACTIVE_OTHER_CASCADED_VCVS,42782.3155990547,42782.3155990547,244330.514833665,5.93005365313067e-12,5.93005365313067e-12,5.82463777492866e-10,9920.22702853924,7575.13333471329,2.52461412022919,1.49731103528096,314225.010978778,2569,ACTIVE_OTHER,BSF
MFB_LPF,98826.7719092584,3023.0100665105,165461.51307733,1.26159863743343e-10,1.82245547582985e-10,NaN,NaN,NaN,-1.6742579958926,0.107222584678016,46931.3200749404,1434,MFB,LPF
PASSIVE_RC,70842.4054282634,NaN,NaN,1.90810336247165e-12,NaN,NaN,NaN,NaN,1,NaN,1177402.4514309,375,PASSIVE,HPF
VCVS_BSF,31127.0805685786,31127.0805685786,NaN,5.45918569534574e-11,5.45918569534574e-11,NaN,10283.8084196215,5610.76364051945,1.54559200362136,1.10033274938975,93659.9398787378,855,VCVS,BSF
ACTIVE_OTHER_CASCADED_VCVS,52360.1282839165,52360.1282839165,19829.0457155829,5.80272026649779e-12,5.80272026649779e-12,1.39447598873724e-11,10136.5103496541,12652.4131832446,3.69795444667369,1.03403508473324,549704.49716032,2477,ACTIVE_OTHER,HPF
MFB_LPF,580914.516479741,23355.1985227716,773921.676739291,7.36099937224209e-10,2.53652174553116e-10,NaN,NaN,NaN,-1.33224709451082,0.276473561189335,2739.63155195201,1424,MFB,LPF
MFB_LPF,162488.465531962,33252.2337656131,325148.935356025,1.35125097956099e-10,8.07797558854137e-10,NaN,NaN,NaN,-2.00105856308962,0.100078285162094,4632.86101772808,1770,MFB,LPF
MFB_BPF,8014.58218602749,618715786.415534,NaN,7.72951179287771e-11,1.45307208020365e-10,NaN,NaN,NaN,-858681.201024669,132.280268692587,674.395212454043,1660,MFB,BPF
PASSIVE_RC,42755.9041029516,NaN,NaN,1.5354991285408e-10,NaN,NaN,NaN,NaN,1,NaN,24242.335818092,616,PASSIVE,HPF
PASSIVE_RC,3296.6928062119,NaN,NaN,1.72127656185589e-12,NaN,NaN,NaN,NaN,1,NaN,28047295.883688,101,PASSIVE,LPF
MFB_LPF,29486815.3272396,4484.58271526233,63239258.0203074,1.74132451055685e-11,5.67482328074813e-11,NaN,NaN,NaN,-2.14466219286447,0.00466374164805229,9507.13589985145,1651,MFB,LPF
VCVS_HPF,20630.2946900718,20630.2946900718,NaN,3.84428382481737e-11,3.84428382481737e-11,NaN,10018.8664977731,4449.97132413237,1.44415915963362,0.642739266160744,200677.765087498,1060,VCVS,HPF
PASSIVE_RLC_BPF,374.462277084696,NaN,NaN,3.00250210771901e-12,NaN,NaN,NaN,NaN,1,10,90333.5307189414,365,PASSIVE,BPF
PASSIVE_RLC_BPF,726.459189322212,NaN,NaN,7.12231435629314e-10,NaN,NaN,NaN,NaN,1,10,17641.6983914727,205,PASSIVE,BPF
ACTIVE_OTHER_CASCADED_VCVS,63727.5626051701,63727.5626051701,457833.16383545,6.29397120002847e-12,6.29397120002847e-12,1.1948397242073e-11,10001.811798868,3950.57233240728,1.76179061461861,0.599367255576093,212945.352472198,2295,ACTIVE_OTHER,HPF
VCVS_HPF,709415.467420488,709415.467420488,NaN,3.6470574723254e-10,3.6470574723254e-10,NaN,10203.6090903816,12660.2734292704,2.24076425479731,1.31711396139948,615.144111762426,847,VCVS,HPF
VCVS_HPF,58503.6724290885,58503.6724290885,NaN,1.0739901173129e-12,1.0739901173129e-12,NaN,9715.33097060736,5264.04567079412,1.54182875361837,0.685790508132322,2533008.9122063,858,VCVS,HPF
ACTIVE_OTHER_CASCADED_VCVS,57103.7088760851,57103.7088760851,430632.168832436,3.28708294064994e-11,3.28708294064994e-11,5.34451596267939e-11,9837.15259402095,11980.8888812561,5.24260803992447,1.42517398516072,45852.6547968325,2505,ACTIVE_OTHER,BPF
VCVS_BSF,364947.364926524,364947.364926524,NaN,1.97557706650645e-12,1.97557706650645e-12,NaN,10011.7499926306,5114.60337205236,1.51086007699124,1.0222023933856,220747.565873741,972,VCVS,BSF
MFB_BPF,15124.5076744972,4865546.47240192,NaN,8.91445863099962e-10,3.24891198281805e-10,NaN,NaN,NaN,-203507.681939964,7.93574509505013,1090.17755391371,1855,MFB,BPF
VCVS_LPF,2658.45673533399,2658.45673533399,NaN,7.23391657682129e-11,7.23391657682129e-11,NaN,9859.85429976966,8095.80089824936,1.82108727493453,0.848239211214269,827593.438466353,822,VCVS,LPF
MFB_BPF,4304.19102238509,38828.1597089964,NaN,1.15286335700018e-10,7.82047257993891e-11,NaN,NaN,NaN,-2970814.02169676,1.47391400146434,129656.872818687,1480,MFB,BPF
VCVS_BSF,1517.15244725616,1517.15244725616,NaN,1.01763226432431e-12,1.01763226432431e-12,NaN,9843.7723917233,2437.89320116478,1.24765842851208,0.664591747882733,103086083.908412,857,VCVS,BSF
MFB_LPF,4424304261.47524,7157.80855022718,4486907515.23345,2.85240936849509e-11,2.84065642858123e-11,NaN,NaN,NaN,-1.01414985273579,0.00126564426873923,986.600319093523,1981,MFB,LPF
PASSIVE_RC,1892.46900945277,NaN,NaN,4.2076570702951e-12,NaN,NaN,NaN,NaN,1,NaN,19987156.7427955,310,PASSIVE,LPF
VCVS_LPF,505741.047563137,505741.047563137,NaN,3.17140386764546e-12,3.17140386764546e-12,NaN,10045.8314115724,13732.7888669752,2.36701367008366,1.57981294814402,99229.4025116577,755,VCVS,LPF
MFB_LPF,159697.76309975,36321.4583926362,595522.2885838,1.20603001772419e-10,1.03909171993447e-11,NaN,NaN,NaN,-3.72905842276468,0.653016308294235,30569.1583477163,1765,MFB,LPF
PASSIVE_RLC_BPF,464.489120022874,NaN,NaN,3.85563547850921e-11,NaN,NaN,NaN,NaN,1,10,157.431105439587,423,PASSIVE,BPF
MFB_BPF,42191.3540290915,350087.138370646,NaN,4.10074138497842e-10,1.42688299363474e-11,NaN,NaN,NaN,-1661070.91898855,0.519259807110438,17119.6527222348,1980,MFB,BPF
PASSIVE_RC,36177.5574659433,NaN,NaN,7.57902318204837e-10,NaN,NaN,NaN,NaN,1,NaN,5804.53793921467,301,PASSIVE,LPF
VCVS_BPF,1570.16719264526,1570.16719264526,NaN,1.0896814690071e-10,1.0896814690071e-10,NaN,10075.9682874773,9379.04375935754,1.93083299706432,0.935307578006274,930196.427751445,1111,VCVS,BPF
MFB_HPF,68992.8941448667,48154967.6240852,NaN,1.03800750764808e-10,1.23890085067738e-10,8.89405011443477e-11,NaN,NaN,-0.856838707707124,0.0146452477675403,831.819966531943,1604,MFB,HPF
MFB_LPF,5565053882.59883,30578.6759736175,17496431528.8469,6.92445078660552e-11,3.96190523108633e-11,NaN,NaN,NaN,-3.14398241202225,0.0017477208904323,131.368531263313,1875,MFB,LPF
VCVS_LPF,164312.092854121,164312.092854121,NaN,1.76587954857189e-12,1.76587954857189e-12,NaN,10042.9279347372,8251.9891611426,1.82167164942009,0.848659882882263,548516.286942208,1375,VCVS,LPF
ACTIVE_OTHER_CASCADED_VCVS,24994.781324939,24994.781324939,1837.02300897019,9.3141393740234e-10,9.3141393740234e-10,6.92098744614125e-10,9647.59090265267,2321.92795188044,1.74820513819709,0.598482677897379,66008.5688515737,2416,ACTIVE_OTHER,BPF
VCVS_BSF,55684.5322295061,55684.5322295061,NaN,2.23697604771234e-11,2.23697604771234e-11,NaN,9879.81284654151,5132.83369410277,1.51952742160491,1.04064211462418,127768.625242971,792,VCVS,BSF
ACTIVE_OTHER_CASCADED_VCVS,56201.4018141229,56201.4018141229,1318.3151966884,1.58413858521541e-10,1.58413858521541e-10,1.09041547233526e-12,10300.8446758243,3512.31575767294,2.36012910541557,1.42106470212557,55366744.5763416,2707,ACTIVE_OTHER,BSF
ACTIVE_OTHER_CASCADED_VCVS,938804.537348105,938804.537348105,75849.0949332161,9.57218728967001e-11,9.57218728967001e-11,9.47494056059832e-11,10251.2792078199,4881.26513807305,2.12590697057019,0.923801534974916,11958.47844886,2770,ACTIVE_OTHER,BSF
PASSIVE_RC,5384.63048328567,NaN,NaN,6.04549255129735e-10,NaN,NaN,NaN,NaN,1,NaN,48891.4070172048,119,PASSIVE,LPF
VCVS_BSF,6091.6956013838,6091.6956013838,NaN,1.76951706535576e-10,1.76951706535576e-10,NaN,9706.71023933479,7061.04428700778,1.72743948391434,1.83445499436488,147647.868777719,1383,VCVS,BSF
MFB_LPF,62582.2486495026,8434.13859503443,79013.4655878755,7.35401050825042e-11,4.11926800792161e-10,NaN,NaN,NaN,-1.26255395568154,0.111191353513956,35422.3248949526,2068,MFB,LPF
PASSIVE_RLC_BPF,90.9201828514583,NaN,NaN,1.50982918421177e-11,NaN,NaN,NaN,NaN,1,10,590.307762184769,122,PASSIVE,BPF
ACTIVE_OTHER_CASCADED_VCVS,249133.094292801,249133.094292801,7962.48383004959,1.66411411875877e-12,1.66411411875877e-12,3.8593525851494e-12,9908.95796976298,12999.3176518413,4.78952485796096,1.26523470462925,2781511.25498837,2194,ACTIVE_OTHER,HPF
MFB_BPF,21587.3337948703,5548.3131705905,NaN,1.72762314353614e-10,4.76170257116015e-11,NaN,NaN,NaN,-972833.972856607,0.208648727606586,160337.277817523,1455,MFB,BPF
PASSIVE_RC,1189.13665507927,NaN,NaN,4.32958443738872e-11,NaN,NaN,NaN,NaN,1,NaN,3091307.09999028,234,PASSIVE,LPF
MFB_LPF,149788777.94626,2579.07735537443,264758340.07693,2.89748559117902e-10,3.29180403835012e-11,NaN,NaN,NaN,-1.76754456313087,0.00925953775575354,1972.1297899942,1431,MFB,LPF
MFB_BPF,102527.565326743,141635.324441328,NaN,9.98493913315897e-12,3.9033442884225e-11,NaN,NaN,NaN,-249874.821132891,0.473366627780414,66899.500938171,2002,MFB,BPF
PASSIVE_RLC_BSF,6229.90484673923,NaN,NaN,6.10885236491922e-12,NaN,NaN,NaN,NaN,1,10,1194.09967548347,219,PASSIVE,BSF
MFB_LPF,4495273.71677809,1393.47229407192,12308604.4390294,3.62095312923874e-10,6.05990171416398e-10,NaN,NaN,NaN,-2.73812123900018,0.00822128435379122,2594.31264962185,1572,MFB,LPF
PASSIVE_RLC_BPF,427.158845451886,NaN,NaN,9.98663385311466e-13,NaN,NaN,NaN,NaN,1,10,6334.82123554657,678,PASSIVE,BPF
MFB_HPF,11660.3870400041,261237.808273802,NaN,1.66883670334664e-10,2.86188385913202e-11,1.30739966993031e-11,NaN,NaN,-0.0783419772173327,0.250097148414999,149078.64775213,1929,MFB,HPF
ACTIVE_OTHER_CASCADED_VCVS,1573.72278471918,1573.72278471918,1982.38485641759,1.6347622440229e-11,1.6347622440229e-11,2.89024100616265e-11,9744.15803365274,3238.68205333481,1.90832458965356,0.618760785600461,4482085.85137155,2727,ACTIVE_OTHER,BPF
ACTIVE_OTHER_CASCADED_VCVS,5499.18546571685,5499.18546571685,8585.59625202703,4.03693539540226e-10,4.03693539540226e-10,2.45872900651096e-11,10250.9010100356,13317.5219816171,4.15064822372169,1.13193805311678,412817.866838677,2340,ACTIVE_OTHER,LPF
ACTIVE_OTHER_CASCADED_VCVS,5557.39193307851,5557.39193307851,25521.8668233221,2.96191508588069e-11,2.96191508588069e-11,4.82110791021482e-11,9763.35063253993,604.440406647362,1.3276758598863,0.599953226974912,548118.536090648,2131,ACTIVE_OTHER,BSF
VCVS_BPF,5853.01822444318,5853.01822444318,NaN,1.78549697963718e-10,1.78549697963718e-10,NaN,10280.0219117616,7380.17363745116,1.71791419325744,0.779978995743456,152293.418531833,935,VCVS,BPF
ACTIVE_OTHER_CASCADED_VCVS,2917.84157556087,2917.84157556087,51213.0240974791,1.11340040343326e-11,1.11340040343326e-11,4.53416823708234e-11,10173.3370909845,6010.85909042057,1.78424548785237,0.621002342821001,2483767.63926678,2729,ACTIVE_OTHER,BPF
VCVS_BSF,62372.1895749888,62372.1895749888,NaN,2.07903100969477e-12,2.07903100969477e-12,NaN,9886.54993756887,2066.67365505987,1.20903891328223,0.63214234985293,1227349.28612506,943,VCVS,BSF
PASSIVE_RC,7392.28903827511,NaN,NaN,2.385369102782e-10,NaN,NaN,NaN,NaN,1,NaN,90257.9785282915,602,PASSIVE,HPF
ACTIVE_OTHER_CASCADED_VCVS,172532.294254959,172532.294254959,77351.0532095344,4.8492674167888e-10,4.8492674167888e-10,1.05801267840764e-12,9901.1454225902,1799.85646159653,2.09620795038479,1.41060134438716,973324.454637047,2663,ACTIVE_OTHER,BSF
VCVS_BSF,82321.5860795966,82321.5860795966,NaN,5.18423925971714e-12,5.18423925971714e-12,NaN,10055.504648743,2367.93840117442,1.23548677902212,0.654010926534997,372924.886052837,1010,VCVS,BSF
ACTIVE_OTHER_CASCADED_VCVS,7147.45836946849,7147.45836946849,3091.20790285207,1.68253484912778e-12,1.68253484912778e-12,2.39456968708311e-12,10150.5160787871,7623.62244139528,2.78018576629952,0.754375675725376,17367845.6273393,2554,ACTIVE_OTHER,LPF
ACTIVE_OTHER_CASCADED_VCVS,46402.8564372136,46402.8564372136,55295.0135515604,1.39694264385448e-12,1.39694264385448e-12,2.25059475215824e-11,9801.78078951927,12793.2345200121,4.8999092966875,1.2914432702432,1291573.21032559,2422,ACTIVE_OTHER,HPF
MFB_LPF,9021.68242788658,3114.36644686702,19412.3885994806,2.87890408869229e-11,2.9949353421975e-11,NaN,NaN,NaN,-2.15174816389853,0.260821759714483,697089.375873844,2079,MFB,LPF
PASSIVE_RC,6293.56794476539,NaN,NaN,1.89711383006649e-11,NaN,NaN,NaN,NaN,1,NaN,1332998.97786895,347,PASSIVE,HPF
ACTIVE_OTHER_CASCADED_VCVS,33965.1219127807,33965.1219127807,30728.4592835807,3.01542249483777e-12,3.01542249483777e-12,1.44181924727448e-10,10167.3224046809,3566.61131128234,1.53020875073995,0.570959788364033,794939.449536051,2432,ACTIVE_OTHER,HPF
VCVS_BSF,508933.07142508,508933.07142508,NaN,1.82122756928033e-11,1.82122756928033e-11,NaN,9848.93159528811,1696.46297753959,1.17224842726608,0.604045967981175,17170.9863371997,1139,VCVS,BSF
MFB_BPF,3489.58452700164,345223.163821323,NaN,8.69798035392062e-10,3.55996757407608e-10,NaN,NaN,NaN,-804971.00097488,4.5152059365608,8240.45275675842,1642,MFB,BPF
MFB_BPF,68728.7585967416,11855.6030952412,NaN,7.67747370282489e-11,7.65254288325573e-10,NaN,NaN,NaN,-19013.222408961,0.11955770462909,23002.6039165692,2029,MFB,BPF
VCVS_HPF,198942.14854082,198942.14854082,NaN,2.2854744167221e-10,2.2854744167221e-10,NaN,9847.48375328511,12734.2164487759,2.29314419478253,1.41471569253413,3500.39426384331,836,VCVS,HPF
VCVS_HPF,897104.614413013,897104.614413013,NaN,1.81859290111485e-10,1.81859290111485e-10,NaN,10185.0257866544,9918.90075176749,1.97387095129051,0.97453629371242,975.532066598278,810,VCVS,HPF
MFB_HPF,1127.9218594515,103191.218049514,NaN,1.06954764347881e-11,2.11209517209183e-11,1.73621048658797e-11,NaN,NaN,-1.62331289977955,0.0250783094618311,770373.483947567,1414,MFB,HPF
VCVS_LPF,8843.05054121688,8843.05054121688,NaN,9.12343023213211e-11,9.12343023213211e-11,NaN,9899.92536961007,12001.0325603495,2.21223464948425,1.26941353709616,197269.466093571,1076,VCVS,LPF
MFB_BPF,1108.7695701075,1069840.89724983,NaN,1.45383927685515e-11,4.30890508581922e-11,NaN,NaN,NaN,-20931086.567529,13.491221010467,184628.279178808,2091,MFB,BPF
MFB_BPF,2330.84482405731,21790654.6615698,NaN,4.72667022977644e-11,7.48789066301579e-10,NaN,NaN,NaN,-572963.747739504,22.8503240546622,3753.79812503586,1678,MFB,BPF
MFB_BPF,6036.80933017759,90.5986576825865,NaN,7.75714332988442e-10,6.62132369040867e-11,NaN,NaN,NaN,-2501771.96553111,0.0329765895322768,949581.407795591,1900,MFB,BPF
PASSIVE_RLC_BSF,8434.42682686074,NaN,NaN,2.31751060452542e-11,NaN,NaN,NaN,NaN,1,10,390.561131359452,585,PASSIVE,BSF
MFB_HPF,93073.7352777466,168640071.173316,NaN,1.86031403513507e-11,5.27355163992221e-11,1.83915669466179e-10,NaN,NaN,-9.88627005938953,0.000916829481152993,407.910799730703,2030,MFB,HPF
VCVS_BPF,24099.7033863895,24099.7033863895,NaN,2.96719558599902e-12,2.96719558599902e-12,NaN,10182.2015091452,13574.0952590065,2.33311988049095,1.49951988482756,2225677.62580714,1063,VCVS,BPF
MFB_HPF,1552.14275860651,246841598.112548,NaN,9.15695263020225e-10,5.69854752094817e-11,4.35469105642315e-10,NaN,NaN,-0.475561164536347,0.000589877954254239,1632.24130404158,1874,MFB,HPF
VCVS_HPF,34776.2749119066,34776.2749119066,NaN,6.32155739215701e-10,6.32155739215701e-10,NaN,9653.9390674881,8642.62720076629,1.89524360370912,0.905176927110273,7239.57357426591,1162,VCVS,HPF
VCVS_HPF,5588.87201079427,5588.87201079427,NaN,2.1038949369115e-12,2.1038949369115e-12,NaN,9650.20098581255,5390.99320982222,1.55864051098499,0.693789445049117,13535425.6956861,1012,VCVS,HPF
ACTIVE_OTHER_CASCADED_VCVS,43514.2066819884,43514.2066819884,38217.0268394551,8.79860069206236e-11,8.79860069206236e-11,1.49696937922618e-11,10089.4902877518,11023.9580375079,3.33890594221927,0.907050608313034,159882.600627095,2143,ACTIVE_OTHER,BPF
ACTIVE_OTHER_CASCADED_VCVS,1080.55729894445,1080.55729894445,93424.9678231098,1.29346102592857e-12,1.29346102592857e-12,1.9462057729027e-12,9786.85689367623,4092.5135140715,3.1228474117067,0.942682412168341,57373928.3215587,2376,ACTIVE_OTHER,LPF
VCVS_BPF,130158.947309287,130158.947309287,NaN,4.35484314596394e-11,4.35484314596394e-11,NaN,10144.4789558829,4917.42191494439,1.48473873683702,0.659952197228736,28078.4795523079,1233,VCVS,BPF
PASSIVE_RLC_BSF,8000.35504850698,NaN,NaN,4.45014245957856e-10,NaN,NaN,NaN,NaN,1,0.2,342254.417317262,106,PASSIVE,BSF
PASSIVE_RC,14673.828067475,NaN,NaN,9.38576002142411e-13,NaN,NaN,NaN,NaN,1,NaN,11555992.7223037,233,PASSIVE,LPF
ACTIVE_OTHER_CASCADED_VCVS,9246.4115202854,9246.4115202854,24254.2623466135,3.99586757821704e-10,3.99586757821704e-10,1.80832856594432e-10,10034.7732613685,11655.8138461119,2.87534945842127,0.895775543982683,39681.67532258,2490,ACTIVE_OTHER,LPF
MFB_LPF,281342.787818391,17375.5606209906,671208.930138233,8.93421713315788e-11,5.23287863145713e-10,NaN,NaN,NaN,-2.38573355778185,0.0611238583083859,6815.90098950447,1772,MFB,LPF
ACTIVE_OTHER_CASCADED_VCVS,170742.324260848,170742.324260848,3074.11810050139,1.66307316930021e-11,1.66307316930021e-11,3.78650837617809e-12,9982.46124636395,4553.82131509451,1.95150031610433,0.625104173771907,6864474.86274536,2442,ACTIVE_OTHER,HPF
ACTIVE_OTHER_CASCADED_VCVS,4267.95715925314,4267.95715925314,18117.6610434824,1.87040643060706e-12,1.87040643060706e-12,9.04135499043944e-11,10159.4384160157,4788.60726462057,1.84763086681628,0.613739940211107,10017178.0028807,2114,ACTIVE_OTHER,HPF
PASSIVE_RLC_BPF,209.345730363232,NaN,NaN,1.09491937521406e-12,NaN,NaN,NaN,NaN,1,10,40258.4653658761,331,PASSIVE,BPF
PASSIVE_RLC_BPF,43.3951618735738,NaN,NaN,9.27790923453313e-11,NaN,NaN,NaN,NaN,1,10,165424.954984237,84,PASSIVE,BPF
PASSIVE_RLC_BSF,2038.23501428689,NaN,NaN,5.07512069035953e-10,NaN,NaN,NaN,NaN,1,10,3853.87501107425,194,PASSIVE,BSF
ACTIVE_OTHER_CASCADED_VCVS,235237.472794037,235237.472794037,1093.4103170843,8.78016586994089e-12,8.78016586994089e-12,1.77626594481456e-10,10024.4320506644,9115.88962998744,3.150710610614,0.828856417004522,448259.541009632,2670,ACTIVE_OTHER,BPF
VCVS_HPF,1749.40182859702,1749.40182859702,NaN,7.79469886748826e-10,7.79469886748826e-10,NaN,10109.987551531,3815.84519260815,1.37743322364727,0.61630745469092,116716.219945208,1211,VCVS,HPF
ACTIVE_OTHER_CASCADED_VCVS,1600.13191176474,1600.13191176474,134006.840522455,3.24292171322796e-12,3.24292171322796e-12,4.46046868486591e-12,9898.20092006589,826.538611719927,1.63853647248038,0.785343132471384,15468630.1085465,2794,ACTIVE_OTHER,BSF
VCVS_LPF,14301.0916212623,14301.0916212623,NaN,3.1296139420002e-10,3.1296139420002e-10,NaN,10072.4516440857,12201.7522621339,2.21139844531281,1.26806749752943,35559.8708351728,882,VCVS,LPF
ACTIVE_OTHER_CASCADED_VCVS,159382.048439079,159382.048439079,49166.2351068618,8.69544234936578e-10,8.69544234936578e-10,7.51643992011848e-12,10246.2078558802,13680.3601411731,4.30929880513144,1.18511288629736,215907.393347155,2633,ACTIVE_OTHER,BPF
ACTIVE_OTHER_CASCADED_VCVS,833570.919157377,833570.919157377,78318.9576386332,1.34413641443771e-10,1.34413641443771e-10,7.22365228073809e-11,10163.7217032733,2082.79338550196,2.64111101021284,0.897298901199663,14776.1022388283,2299,ACTIVE_OTHER,BPF
PASSIVE_RC,16747.8400989282,NaN,NaN,2.70903122954045e-10,NaN,NaN,NaN,NaN,1,NaN,35079.0088748405,675,PASSIVE,HPF
MFB_LPF,1502833.57960441,36256.6750924251,2591437.99101453,6.83161264750848e-11,3.61306682974777e-10,NaN,NaN,NaN,-1.72436790485921,0.0495451452988793,3304.88322993277,1949,MFB,LPF
MFB_HPF,33758.8437423665,432.291823641196,NaN,1.26269013542269e-11,9.56381899677315e-10,2.69217943699544e-11,NaN,NaN,-2.13209825710265,0.667784996109893,259639.141106258,1973,MFB,HPF
PASSIVE_RLC_BPF,87.3830236395405,NaN,NaN,9.20276483502596e-12,NaN,NaN,NaN,NaN,1,10,258.164296319472,38,PASSIVE,BPF
VCVS_BPF,2191.52784894614,2191.52784894614,NaN,1.43207498290709e-11,1.43207498290709e-11,NaN,10225.1524325614,13555.7578170251,2.32572672206407,1.48307820096501,5071160.77722003,1177,VCVS,BPF
VCVS_BSF,2822.89625479558,2822.89625479558,NaN,6.72180915555833e-11,6.72180915555833e-11,NaN,9863.54403306015,7004.48974064215,1.71013924783677,1.72496619935087,838762.559355098,798,VCVS,BSF
MFB_BPF,78410.6856723666,67097260.5348198,NaN,2.39754983984662e-11,8.39797362456407e-10,NaN,NaN,NaN,-15186.2394045985,4.80547463423223,489.00019934516,1426,MFB,BPF
VCVS_LPF,60950.7536317909,60950.7536317909,NaN,6.44980704676492e-11,6.44980704676492e-11,NaN,10017.9119310652,4546.46779895504,1.45383387578569,0.64676103320279,40485.0173149294,850,VCVS,LPF
ACTIVE_OTHER_CASCADED_VCVS,365542.096562157,365542.096562157,5456.25708993788,4.40490398883236e-12,4.40490398883236e-12,5.18105241291133e-10,10024.6199876424,2395.31045875825,2.15479473911055,0.680500430067486,77571.4722626683,2330,ACTIVE_OTHER,HPF
PASSIVE_RLC_BPF,16.6804047900757,NaN,NaN,1.57418476059637e-10,NaN,NaN,NaN,NaN,1,10,140577.807215417,646,PASSIVE,BPF
MFB_BPF,7375.51596583657,339213962.365011,NaN,1.10481759483193e-11,1.72653720646723e-11,NaN,NaN,NaN,-7852928.63622135,104.611546691797,7285.40678848277,1829,MFB,BPF
PASSIVE_RC,3612.27108378004,NaN,NaN,1.51932519856868e-12,NaN,NaN,NaN,NaN,1,NaN,28999402.9249572,316,PASSIVE,HPF
PASSIVE_RC,480704.132465299,NaN,NaN,1.64293583036142e-10,NaN,NaN,NaN,NaN,1,NaN,2015.21633522348,260,PASSIVE,HPF
PASSIVE_RC,546587.857118927,NaN,NaN,6.99481626787401e-12,NaN,NaN,NaN,NaN,1,NaN,41627.8365797946,210,PASSIVE,HPF
PASSIVE_RLC_BPF,345.790018573665,NaN,NaN,8.19488736496831e-10,NaN,NaN,NaN,NaN,1,10,3399.13626701791,171,PASSIVE,BPF
MFB_LPF,581987.733080721,38553.1818393401,763524.912326245,8.56774659239999e-10,1.660778403495e-11,NaN,NaN,NaN,-1.31192612649165,1.44525609313769,7776.59105716605,1867,MFB,LPF
MFB_LPF,647700720.901853,2711.11772365662,1804391050.63778,6.92124805216072e-10,1.22427362714943e-10,NaN,NaN,NaN,-2.78584073231439,0.00291446836434468,247.200393138813,1699,MFB,LPF
MFB_LPF,990997517.643416,32844.5352083296,2850617303.20833,1.32494651681835e-11,4.36807171143432e-11,NaN,NaN,NaN,-2.87651306129108,0.00186937744562355,683.714923261789,1620,MFB,LPF
PASSIVE_RLC_BSF,58.4170097487857,NaN,NaN,1.61464082347166e-12,NaN,NaN,NaN,NaN,1,10,36983.6482683379,340,PASSIVE,BSF
MFB_BPF,65552.3959489438,505624815.535267,NaN,3.42916853851306e-11,3.05827448683477e-10,NaN,NaN,NaN,-49880.9789757282,26.4436552624649,269.947313856979,1623,MFB,BPF
MFB_BPF,38713.067453347,4805.8748912832,NaN,2.79028417496341e-10,2.51496150069001e-11,NaN,NaN,NaN,-1027096.08666005,0.0970330048384671,139288.486842748,1880,MFB,BPF
VCVS_HPF,6560.90242374168,6560.90242374168,NaN,1.23132194132755e-10,1.23132194132755e-10,NaN,9635.06524344604,10925.7571729884,2.1339577778594,1.15467811433985,197008.486437951,865,VCVS,HPF
PASSIVE_RLC_BSF,42.7323123782133,NaN,NaN,5.98936909807326e-11,NaN,NaN,NaN,NaN,1,10,1686.58301465712,286,PASSIVE,BSF
PASSIVE_RLC_BPF,20.4792796106827,NaN,NaN,2.41320505290449e-10,NaN,NaN,NaN,NaN,1,10,401.795683114019,321,PASSIVE,BPF
ACTIVE_OTHER_CASCADED_VCVS,13750.4568151913,13750.4568151913,665329.987608252,3.25879264162987e-11,3.25879264162987e-11,2.57838191854022e-12,9883.75592104634,2854.0341810759,2.88332380322032,0.947738791957807,223977.105472912,2139,ACTIVE_OTHER,HPF
VCVS_LPF,13964.7499665393,13964.7499665393,NaN,9.18941186231853e-10,9.18941186231853e-10,NaN,9859.12946917455,6202.18349881894,1.6290802365676,0.729437292155072,12402.2148534605,1225,VCVS,LPF
VCVS_LPF,2553.05452271157,2553.05452271157,NaN,6.73878997288694e-12,6.73878997288694e-12,NaN,10301.8391066847,11707.7514286378,2.13647197431387,1.15804000594587,9250775.06337672,1194,VCVS,LPF
ACTIVE_OTHER_CASCADED_VCVS,15013.3436325648,15013.3436325648,15481.0698291838,4.09136335093245e-11,4.09136335093245e-11,2.3955689340367e-10,9948.99904541849,4528.782979038,2.13876101161151,0.930347996676224,151009.728434408,2237,ACTIVE_OTHER,BSF
PASSIVE_RLC_BSF,2050.17612579848,NaN,NaN,6.39539630467491e-11,NaN,NaN,NaN,NaN,1,10,16082.3510266082,623,PASSIVE,BSF
ACTIVE_OTHER_CASCADED_VCVS,24411.0355581835,24411.0355581835,20672.7288701939,5.20189989199066e-12,5.20189989199066e-12,3.31967462985909e-12,10120.2617075314,13510.541132927,5.37082228806453,1.46630618109355,1786243.94803146,2555,ACTIVE_OTHER,BPF
MFB_HPF,2154.70596449755,9146303253.00846,NaN,9.91321488919122e-12,5.84930629030527e-10,5.68697806457159e-11,NaN,NaN,-5.73676464006881,2.36777447104437e-05,196.566890796912,1601,MFB,HPF
PASSIVE_RC,567140.092800413,NaN,NaN,1.14476261056761e-11,NaN,NaN,NaN,NaN,1,NaN,24514.0092341194,242,PASSIVE,HPF
MFB_BPF,4055.08747800786,1098289047.34796,NaN,1.09285496374596e-11,5.04595053588806e-10,NaN,NaN,NaN,-488716.254411662,74.9656683784676,1015.56782351235,1645,MFB,BPF
PASSIVE_RC,205304.015948756,NaN,NaN,6.66885107996766e-10,NaN,NaN,NaN,NaN,1,NaN,1162.44300248179,279,PASSIVE,HPF
VCVS_LPF,8987.46081049127,8987.46081049127,NaN,3.63638853328106e-11,3.63638853328106e-11,NaN,10094.3067024063,5502.77041296495,1.54513604303832,0.687349490799393,486981.925302299,941,VCVS,LPF
ACTIVE_OTHER_CASCADED_VCVS,9293.06726415856,9293.06726415856,454870.323379319,2.47309018734168e-11,2.47309018734168e-11,5.96465807016966e-12,10128.8951055392,1531.97381710864,1.98366975113446,1.19727436733604,375581.383682139,2418,ACTIVE_OTHER,BSF
VCVS_BPF,24567.1721536461,24567.1721536461,NaN,7.36693148933176e-12,7.36693148933176e-12,NaN,10011.7706498087,7736.01562725604,1.77269205396788,0.814791432934984,879383.538114155,752,VCVS,BPF
MFB_HPF,3425.15618627088,307128.2891604,NaN,1.01645848330055e-10,2.31876090619704e-10,1.02981331438843e-11,NaN,NaN,-0.101313858982662,0.148145147620177,100418.283918052,1576,MFB,HPF
MFB_BPF,2207.54866300737,875732614.804567,NaN,2.04545067918509e-11,2.30308801913735e-11,NaN,NaN,NaN,-19668859.4974163,314.367074850854,5273.8703899951,1917,MFB,BPF
PASSIVE_RLC_BPF,6409.39669559444,NaN,NaN,4.5039993801739e-10,NaN,NaN,NaN,NaN,1,10,104.439588966651,448,PASSIVE,BPF
ACTIVE_OTHER_CASCADED_VCVS,30318.9823476646,30318.9823476646,839587.722739334,1.04336783567413e-12,1.04336783567413e-12,3.21500716474031e-10,9644.61569501723,1324.54642764151,1.52690778137882,0.670045730476765,2515874.45169875,2681,ACTIVE_OTHER,BSF
PASSIVE_RLC_BSF,302.336193126818,NaN,NaN,1.78756366769933e-12,NaN,NaN,NaN,NaN,1,10,503586.863579045,446,PASSIVE,BSF
MFB_LPF,920.004861461301,10485.5122822466,3021.67249416082,4.51920438575441e-11,1.79172403971389e-11,NaN,NaN,NaN,-3.28440926862202,0.186450044715965,993653.707724683,1943,MFB,LPF
ACTIVE_OTHER_CASCADED_VCVS,168891.707466755,168891.707466755,894283.306623949,4.64859867413014e-10,4.64859867413014e-10,5.49169633851059e-10,10002.7380980395,11652.8928375322,4.88682034944212,1.27193047204824,1175.61889607564,2551,ACTIVE_OTHER,LPF
VCVS_BSF,75834.1605926898,75834.1605926898,NaN,7.22377625946368e-10,7.22377625946368e-10,NaN,10023.7879060897,711.516664671566,1.07098281321768,0.538203175478124,2905.29984890471,1263,VCVS,BSF
MFB_BPF,1320.41768703836,139144208.673241,NaN,1.2897085663e-11,1.37310918446049e-11,NaN,NaN,NaN,-55154835.6534367,162.230977876374,27901.8865939994,1972,MFB,BPF
VCVS_BSF,1866.62952697536,1866.62952697536,NaN,1.08950630034524e-10,1.08950630034524e-10,NaN,9911.92735768528,1607.50544062376,1.16217889645623,0.596786113270637,782586.324189932,732,VCVS,BSF
ACTIVE_OTHER_CASCADED_VCVS,515526.819455503,515526.819455503,81203.4014566155,1.25037251532366e-11,1.25037251532366e-11,2.81271630772156e-10,10226.9795897646,3106.40993445329,2.01990793130683,0.913769984044842,15829.3325774331,2541,ACTIVE_OTHER,BSF
MFB_BPF,20268.8616399313,43.4593644440368,NaN,1.63697354994946e-10,2.41454072052906e-10,NaN,NaN,NaN,-204331.869184613,0.02272206152987,852954.115588932,1646,MFB,BPF
ACTIVE_OTHER_CASCADED_VCVS,15748.2517701509,15748.2517701509,136476.364171304,6.69302970833299e-10,6.69302970833299e-10,6.36365804764641e-11,10046.2154812874,4739.29391905301,2.54247521369381,1.39075643578797,16712.5432405049,2258,ACTIVE_OTHER,BSF
MFB_LPF,591794.063763363,34110.852777503,830103.2058862,2.76895468331417e-10,1.78731908611882e-10,NaN,NaN,NaN,-1.40268930818159,0.229638833523723,4251.56503736566,1687,MFB,LPF
VCVS_BPF,628595.366932821,628595.366932821,NaN,6.24922427709697e-11,6.24922427709697e-11,NaN,10290.233423119,3739.48371791048,1.36340125283349,0.61102331999907,4051.56531629258,1033,VCVS,BPF
ACTIVE_OTHER_CASCADED_VCVS,6272.84509793826,6272.84509793826,109872.12815975,5.59036702409867e-12,5.59036702409867e-12,9.19010698450481e-11,10157.0842351089,1424.24157491998,1.57626340497763,0.69557750053402,2277146.20311204,2252,ACTIVE_OTHER,BSF
VCVS_BSF,211215.787886965,211215.787886965,NaN,8.92907757436159e-10,8.92907757436159e-10,NaN,10126.8559324764,2186.5237532692,1.21591338593621,0.637684652475554,843.892559944854,1061,VCVS,BSF
VCVS_BPF,9439.32705057555,9439.32705057555,NaN,1.58395757186044e-11,1.58395757186044e-11,NaN,9775.48014077951,2190.09652668307,1.22403979089956,0.563075678653027,1064475.2145072,1049,VCVS,BPF
VCVS_BPF,3810.49870943429,3810.49870943429,NaN,2.41399639676211e-10,2.41399639676211e-10,NaN,9991.94055800831,1045.11671808498,1.10459597032404,0.527591998509658,173022.146386133,816,VCVS,BPF
ACTIVE_OTHER_CASCADED_VCVS,2389.89854338814,2389.89854338814,25746.9743693196,8.72441313537168e-10,8.72441313537168e-10,4.77937597013737e-10,10038.2056556513,1130.117564633,1.45684221026798,0.643733216130504,44632.656171104,2605,ACTIVE_OTHER,BSF
VCVS_BSF,10199.5853359872,10199.5853359872,NaN,1.10784852272756e-12,1.10784852272756e-12,NaN,10002.5466237117,1892.58956116771,1.18921077125311,0.616683081462211,14085012.3733375,1147,VCVS,BSF
VCVS_LPF,585196.671655218,585196.671655218,NaN,8.74451661054458e-10,8.74451661054458e-10,NaN,10264.9981987881,2321.31967743831,1.22613931658676,0.563742130005281,311.015817839383,852,VCVS,LPF
ACTIVE_OTHER_CASCADED_VCVS,3321.15983788413,3321.15983788413,2544.91860719763,1.70318019302993e-12,1.70318019302993e-12,4.0428863123412e-12,10043.7284584376,9206.99461971897,2.15698913716654,0.728268290425094,21802605.5693595,2726,ACTIVE_OTHER,LPF
PASSIVE_RLC_BSF,3134.21376877154,NaN,NaN,7.13455622578111e-10,NaN,NaN,NaN,NaN,1,10,1356.52020831954,110,PASSIVE,BSF
ACTIVE_OTHER_CASCADED_VCVS,936141.974854288,936141.974854288,10082.8942030251,1.43229809491342e-12,1.43229809491342e-12,2.50733491798409e-10,10059.1769731988,5839.68655053922,3.33803279004501,0.915286590081973,90826.1634082063,2655,ACTIVE_OTHER,BPF
ACTIVE_OTHER_CASCADED_VCVS,3887.49014010002,3887.49014010002,6379.59500211767,6.42804196876781e-10,6.42804196876781e-10,3.48477067491045e-11,9933.53462115231,6062.51945435156,2.77187117696501,1.53864946957084,389795.440820622,2594,ACTIVE_OTHER,BSF
ACTIVE_OTHER_CASCADED_VCVS,455832.684611985,455832.684611985,59199.2898844402,6.89263081894084e-11,6.89263081894084e-11,6.44156509994616e-11,9947.00288898156,10437.1354296817,4.43450799907904,1.12395770843853,23400.8605334663,2714,ACTIVE_OTHER,BPF
PASSIVE_RC,14505.9523631155,NaN,NaN,3.18289055479145e-10,NaN,NaN,NaN,NaN,1,NaN,34470.8648159651,281,PASSIVE,LPF
MFB_BPF,34139.5411492496,36309.9737645653,NaN,2.28946521760482e-11,7.12278116998992e-10,NaN,NaN,NaN,-41123.750763446,0.179137513296581,35398.633589452,1513,MFB,BPF
VCVS_BSF,1626.99167175658,1626.99167175658,NaN,7.58920716556251e-10,7.58920716556251e-10,NaN,10080.6765968008,1384.33516075383,1.1373256197102,0.579592962795576,128895.689396273,1350,VCVS,BSF
ACTIVE_OTHER_CASCADED_VCVS,1151.27868262885,1151.27868262885,48484.8798350587,1.71902300537243e-11,1.71902300537243e-11,5.28282348959356e-12,10285.5983830086,3022.85680625001,2.15031579574007,0.666728085862548,4331626.78153635,2251,ACTIVE_OTHER,BPF
ACTIVE_OTHER_CASCADED_VCVS,6266.86286133107,6266.86286133107,16139.1846154801,2.0518988479078e-12,2.0518988479078e-12,1.72995851708786e-10,9936.83527050625,7038.35362200626,2.42366077457152,0.703294759593476,6216981.91644437,2335,ACTIVE_OTHER,BPF
VCVS_BSF,25944.3888718751,25944.3888718751,NaN,3.5884975089516e-10,3.5884975089516e-10,NaN,10195.880797664,2898.63060685327,1.28429428161983,0.698611157015245,17094.8005192016,704,VCVS,BSF
ACTIVE_OTHER_CASCADED_VCVS,34704.5298738154,34704.5298738154,50200.6627836022,2.51956875200535e-10,2.51956875200535e-10,2.38406763013445e-10,9701.08623656818,3178.90149020994,2.72551863883091,0.82687795669091,15749.8505021058,2535,ACTIVE_OTHER,LPF
VCVS_BPF,1424.84417681603,1424.84417681603,NaN,6.43405081084132e-10,6.43405081084132e-10,NaN,10328.7361899924,1610.97251763372,1.15596995489096,0.542290513461166,173607.416207419,1179,VCVS,BPF
ACTIVE_OTHER_CASCADED_VCVS,3266.13992021803,3266.13992021803,332351.717386777,3.16702879151497e-11,3.16702879151497e-11,5.42363242010316e-12,9801.87667179306,6585.92563545248,2.4557530965449,1.23263756416177,813460.551175493,2200,ACTIVE_OTHER,BSF
ACTIVE_OTHER_CASCADED_VCVS,14692.4879081183,14692.4879081183,35352.7762561782,3.98550304711211e-12,3.98550304711211e-12,9.40492685652469e-12,9921.43594519563,1980.30397793917,1.6835355983006,0.590884423565526,1598313.30839276,2698,ACTIVE_OTHER,BPF
VCVS_LPF,189085.25737788,189085.25737788,NaN,1.88313418019294e-10,1.88313418019294e-10,NaN,10093.3331277919,7876.59363541945,1.78037587144838,0.8199247428694,4469.72903900085,894,VCVS,LPF
ACTIVE_OTHER_CASCADED_VCVS,1599.19532680317,1599.19532680317,1584.26064853857,1.56729218266648e-11,1.56729218266648e-11,1.07786989970541e-12,9906.55351145326,7974.72985615242,2.08342481124691,0.689301739720832,49776169.0155291,2147,ACTIVE_OTHER,BPF
VCVS_BPF,66395.3990592265,66395.3990592265,NaN,4.11506536975647e-11,4.11506536975647e-11,NaN,9879.2352191484,8829.49934046679,1.89374320426677,0.903949249267387,58251.2712375667,1070,VCVS,BPF
VCVS_BSF,171564.555411611,171564.555411611,NaN,7.71469669027362e-10,7.71469669027362e-10,NaN,9893.3224255847,2755.6617861563,1.27853754963348,0.693036761297815,1202.46849448066,774,VCVS,BSF
VCVS_BPF,1562.84802362395,1562.84802362395,NaN,4.68431519165056e-12,4.68431519165056e-12,NaN,10004.2103634515,13881.0779105738,2.3875235931949,1.63271595262968,21739886.5899497,1342,VCVS,BPF
MFB_BPF,36313.9881966092,9816.05153246754,NaN,1.71362737505197e-11,3.89732180533573e-10,NaN,NaN,NaN,-70657.7468705788,0.10442843056973,103150.993062409,1685,MFB,BPF
MFB_LPF,1448252767.96469,25865.488325788,5666196345.45311,1.28103138388403e-10,1.04209778169835e-10,NaN,NaN,NaN,-3.91243605452667,0.00236881116578062,113.783649772469,1997,MFB,LPF
MFB_BPF,5763.98628092012,5306.0027947086,NaN,2.65606688989213e-11,8.24958638652509e-11,NaN,NaN,NaN,-2103027.18595489,0.411818804261878,614807.750678783,1896,MFB,BPF
VCVS_BSF,6584.10219584593,6584.10219584593,NaN,9.24201030087891e-12,9.24201030087891e-12,NaN,10147.2073089644,4377.56128451497,1.43140552382799,0.87936133915015,2615514.4287652,929,VCVS,BSF
ACTIVE_OTHER_CASCADED_VCVS,823619.437556958,823619.437556958,49835.2057647633,4.09834005137608e-11,4.09834005137608e-11,1.25858584824331e-10,9796.23272155444,3807.11317855943,1.71707458499564,0.593825948743209,15044.8743060444,2771,ACTIVE_OTHER,LPF
VCVS_BPF,137311.984252589,137311.984252589,NaN,2.35886431019427e-11,2.35886431019427e-11,NaN,10012.1706500231,5823.01971611927,1.58159413374619,0.705016824726712,49137.010345745,716,VCVS,BPF
MFB_HPF,24359.9026627903,182.753900590345,NaN,3.45366759535026e-11,4.59142636343377e-11,8.12798168054421e-10,NaN,NaN,-23.5343485038545,0.106094982441822,390466.572270798,1764,MFB,HPF
PASSIVE_RC,115390.874280853,NaN,NaN,2.18974823745672e-10,NaN,NaN,NaN,NaN,1,NaN,6298.75160917069,657,PASSIVE,LPF
MFB_BPF,1824.59581708048,1727796259.51907,NaN,2.27776422213223e-11,2.04100289959636e-10,NaN,NaN,NaN,-2685280.78007883,292.446795138223,1314.66268159819,1722,MFB,BPF
MFB_LPF,4.96429784377202,11945.7182569519,14.9151052946039,7.81529791040094e-10,3.28313985387349e-10,NaN,NaN,NaN,-3.00447430109691,0.0136098771426235,744360.597410413,1923,MFB,LPF
MFB_BPF,7086.71887264645,191139.63844579,NaN,4.26174173534966e-11,3.36935430867036e-10,NaN,NaN,NaN,-418801.388645268,1.63963593440906,36087.370985299,2050,MFB,BPF
MFB_BPF,57564.0809706321,276.224974481182,NaN,2.7895178070523e-11,1.00355622051909e-10,NaN,NaN,NaN,-173103.846108229,0.0285779467586005,754357.91279386,1725,MFB,BPF
VCVS_BSF,551610.808573556,551610.808573556,NaN,2.09639886890099e-12,2.09639886890099e-12,NaN,9968.19016288487,3036.50623774813,1.30461961380453,0.719030921673786,137630.107005394,741,VCVS,BSF
ACTIVE_OTHER_CASCADED_VCVS,9697.5077221047,9697.5077221047,276578.799883812,6.66093806647454e-12,6.66093806647454e-12,4.14616469798807e-10,10287.3778191683,14070.6729919292,2.98606390757807,1.07838376073411,1232648.26865652,2315,ACTIVE_OTHER,LPF
VCVS_LPF,656471.872082718,656471.872082718,NaN,5.92605971043772e-11,5.92605971043772e-11,NaN,10075.792059474,5847.52723670295,1.58035410042079,0.704401006121601,4091.08013097209,963,VCVS,LPF
MFB_LPF,106515.158959981,1711.4435684657,151345.382931134,2.87208216528761e-10,1.9989134661114e-11,NaN,NaN,NaN,-1.42088116291501,0.392345615411421,130514.518226703,1975,MFB,LPF
MFB_LPF,121.495814644691,30724.969405188,152.616053210329,9.17533668283609e-10,1.51614808108992e-10,NaN,NaN,NaN,-1.25614247418026,0.0766783841013431,197057.277352794,1634,MFB,LPF
MFB_BPF,3249.2668752281,3441657.43763409,NaN,2.32335061414158e-11,3.49236500213562e-10,NaN,NaN,NaN,-881241.598249227,7.87076622113663,16708.0754990152,1505,MFB,BPF
ACTIVE_OTHER_CASCADED_VCVS,14283.4900245259,14283.4900245259,260224.289125663,2.86147674288755e-11,2.86147674288755e-11,7.58064382373346e-11,9641.75782293232,1819.61880321802,1.48240903902795,0.561283449197488,198733.836276383,2639,ACTIVE_OTHER,HPF
ACTIVE_OTHER_CASCADED_VCVS,19385.3404184801,19385.3404184801,43110.4193208203,8.80550968467638e-11,8.80550968467638e-11,1.98713346544496e-10,10096.4353223594,5743.95939693532,2.39546253133242,0.688788710700479,55908.1739446601,2702,ACTIVE_OTHER,LPF
MFB_BPF,8902.04851388396,4270759926.92625,NaN,4.25335881755639e-11,2.25964686426046e-10,NaN,NaN,NaN,-497129.425313522,252.902078960171,263.291158980397,1628,MFB,BPF
VCVS_HPF,48190.7447008839,48190.7447008839,NaN,1.46399539039357e-10,1.46399539039357e-10,NaN,9953.22081431209,8240.55025120278,1.82792800490806,0.853189909994869,22558.8410791703,1136,VCVS,HPF
ACTIVE_OTHER_CASCADED_VCVS,3166.89892550843,3166.89892550843,557821.586756832,1.44021996315344e-11,1.44021996315344e-11,1.22995554989508e-10,9865.86107702535,6338.67802914101,2.93437483338028,0.780366851240567,1745885.35269353,2325,ACTIVE_OTHER,BPF
PASSIVE_RLC_BSF,545.603299198018,NaN,NaN,2.43100279117946e-10,NaN,NaN,NaN,NaN,1,7.41915325996827,161734.750845578,139,PASSIVE,BSF
PASSIVE_RC,11844.2647487156,NaN,NaN,1.0666153320268e-10,NaN,NaN,NaN,NaN,1,NaN,125980.753948112,453,PASSIVE,LPF
MFB_BPF,55085.3536034173,178658.100037071,NaN,1.55295779115906e-11,1.64261296015373e-11,NaN,NaN,NaN,-1105168.79357143,0.900103179507186,100448.453970293,1655,MFB,BPF
PASSIVE_RC,38929.4109008793,NaN,NaN,1.71911179216506e-10,NaN,NaN,NaN,NaN,1,NaN,23781.441766166,343,PASSIVE,LPF
MFB_LPF,2981892787.88017,9091.15143019655,10429171716.3569,7.89628302447759e-11,3.78246320124389e-11,NaN,NaN,NaN,-3.49750056700429,0.00134898410215322,299.07979048792,1965,MFB,LPF
MFB_BPF,2412.96954239696,9687766.71306517,NaN,3.17610388194317e-11,1.92533155702764e-10,NaN,NaN,NaN,-2152497.37628206,22.0911333489472,13311.6613813329,1864,MFB,BPF
VCVS_LPF,548963.024477957,548963.024477957,NaN,1.75820707342916e-10,1.75820707342916e-10,NaN,10010.8595944653,3580.34251757152,1.35764586285387,0.608882078098986,1648.94820884068,1345,VCVS,LPF
PASSIVE_RC,28252.0575044859,NaN,NaN,3.13297647993945e-10,NaN,NaN,NaN,NaN,1,NaN,17980.9616828692,37,PASSIVE,LPF
PASSIVE_RC,652690.959988498,NaN,NaN,1.62037662861604e-12,NaN,NaN,NaN,NaN,1,NaN,150486.161104157,185,PASSIVE,HPF
ACTIVE_OTHER_CASCADED_VCVS,36305.1118962505,36305.1118962505,6868.04592880832,1.19481826967828e-12,1.19481826967828e-12,1.28404974719188e-11,9920.01557246814,2555.2935853929,2.0335845598741,0.648504613081952,2736861.91795455,2400,ACTIVE_OTHER,BPF
MFB_BPF,5973.70463765527,10666.1523241127,NaN,3.72817020102309e-11,1.48788934591375e-10,NaN,NaN,NaN,-1125085.74033685,0.534856597105197,267707.898946276,1935,MFB,BPF
PASSIVE_RC,7642.79375961371,NaN,NaN,3.67825744381573e-10,NaN,NaN,NaN,NaN,1,NaN,56614.2643942496,323,PASSIVE,LPF
MFB_LPF,1135.56030212893,11022.1548027055,3921.25504036634,7.78882413139086e-11,6.88225348916701e-11,NaN,NaN,NaN,-3.4531455819782,0.131948224170487,330653.445355671,1784,MFB,LPF
PASSIVE_RC,207913.708015691,NaN,NaN,1.13619320676639e-10,NaN,NaN,NaN,NaN,1,NaN,6737.2834521688,532,PASSIVE,LPF
ACTIVE_OTHER_CASCADED_VCVS,107155.864111381,107155.864111381,319732.533706744,9.14277598152115e-10,9.14277598152115e-10,8.3211874597332e-11,9808.63621319298,2763.24084127357,1.72161105907439,0.592776021132082,3803.27289470268,2136,ACTIVE_OTHER,HPF
MFB_BPF,14895.1364020694,4654.57168327149,NaN,1.40322708037773e-11,4.80605366199668e-10,NaN,NaN,NaN,-139690.508984008,0.0928087122988132,232755.386998788,1827,MFB,BPF
VCVS_BPF,7691.71860548472,7691.71860548472,NaN,1.68763340704505e-11,1.68763340704505e-11,NaN,10076.5700912249,10626.8559831761,2.05461043658402,1.0577650089416,1226079.49775511,1239,VCVS,BPF
VCVS_BPF,3799.24480410153,3799.24480410153,NaN,2.13442869298941e-12,2.13442869298941e-12,NaN,9969.11879889238,7324.47635538725,1.73471652842587,0.790336728856423,19626425.1784117,968,VCVS,BPF
MFB_LPF,1958.4488396627,52148.5475018297,3569.49999245857,1.88766879355529e-10,6.14853809983432e-11,NaN,NaN,NaN,-1.82261589895468,0.158562963233975,108279.563991616,1700,MFB,LPF
MFB_BPF,25174.808593449,7344.10191209673,NaN,1.05790464086845e-11,7.34680959193269e-11,NaN,NaN,NaN,-540673.443189049,0.179157898859243,419850.85533018,1516,MFB,BPF
MFB_LPF,130101.68043725,1254.39331380258,260316.981221549,1.92988649829181e-10,9.59158864511246e-11,NaN,NaN,NaN,-2.00087331959639,0.0970624274309083,64735.2546064912,1945,MFB,LPF
PASSIVE_RLC_BSF,1043.36131493757,NaN,NaN,5.40430955943276e-10,NaN,NaN,NaN,NaN,1,10,22790.3776345855,27,PASSIVE,BSF
ACTIVE_OTHER_CASCADED_VCVS,3128.71971960139,3128.71971960139,881708.858026593,1.85187517356412e-10,1.85187517356412e-10,8.31252431055796e-10,10246.4989989252,13409.0438276546,3.39203298816109,1.04986118155412,137453.231877862,2558,ACTIVE_OTHER,LPF
PASSIVE_RLC_BSF,1252.85342920477,NaN,NaN,5.67528473195328e-11,NaN,NaN,NaN,NaN,1,10,165.652379324747,68,PASSIVE,BSF
PASSIVE_RC,310469.739945592,NaN,NaN,1.95470962525769e-11,NaN,NaN,NaN,NaN,1,NaN,26225.1875204382,353,PASSIVE,HPF
MFB_HPF,67710.2822842493,1311.07727015704,NaN,3.0116136938852e-11,1.91267326850554e-10,1.90071243732084e-11,NaN,NaN,-0.631127571633791,2.85599312133462,280156.09350604,1445,MFB,HPF
MFB_BPF,2912.39273705742,206148495004.681,NaN,3.98485524574816e-11,1.4357163568462e-11,NaN,NaN,NaN,-23915607.2356782,3712.4501270331,271.559173786752,1674,MFB,BPF
ACTIVE_OTHER_CASCADED_VCVS,14233.4108120808,14233.4108120808,12404.158924592,1.12855259538205e-11,1.12855259538205e-11,9.21790740743338e-11,10009.14250623,4494.74962843153,3.33843024786473,1.04062435305284,565000.808704834,2284,ACTIVE_OTHER,BPF
MFB_BPF,78095.6946223999,17.1622025974791,NaN,5.69925017671577e-11,6.16107047796396e-10,NaN,NaN,NaN,-20783.4064560456,0.00412696338094447,733640.206223282,1502,MFB,BPF
PASSIVE_RLC_BPF,1472.6328600744,NaN,NaN,1.64874767584993e-11,NaN,NaN,NaN,NaN,1,10,1932.37713386072,650,PASSIVE,BPF
MFB_BPF,9332.29843102403,2721699461.57784,NaN,2.581673090643e-10,3.06287625949474e-10,NaN,NaN,NaN,-349850.041718932,269.036899869074,112.30274943829,1665,MFB,BPF
PASSIVE_RC,236861.257176763,NaN,NaN,1.15214982606581e-12,NaN,NaN,NaN,NaN,1,NaN,583199.500044319,268,PASSIVE,HPF
MFB_BPF,8039.05894921506,6659846524.18419,NaN,2.28001788531012e-10,1.25079558089251e-11,NaN,NaN,NaN,-9945083.83559739,202.096653984577,407.308167217861,1934,MFB,BPF
MFB_LPF,7116.14315064376,68223.1785340373,27330.6526836145,1.26624141257905e-10,6.82156571623361e-10,NaN,NaN,NaN,-3.84065526859758,0.0520282710915458,12540.904628881,1940,MFB,LPF
PASSIVE_RC,5129.42677814875,NaN,NaN,3.18352381594291e-11,NaN,NaN,NaN,NaN,1,NaN,974637.671806445,136,PASSIVE,LPF
MFB_LPF,203056.700914942,2823.92903264271,364233.852127751,2.11580827144583e-11,3.48652673849545e-11,NaN,NaN,NaN,-1.79375440695416,0.0671385460437203,182712.573036769,1823,MFB,LPF
PASSIVE_RC,7292.69843601272,NaN,NaN,2.98484709921611e-10,NaN,NaN,NaN,NaN,1,NaN,73115.5560893686,172,PASSIVE,HPF
ACTIVE_OTHER_CASCADED_VCVS,4579.56274211682,4579.56274211682,129465.205806945,1.8791093324281e-12,1.8791093324281e-12,6.32568887419007e-11,9722.15958489966,1890.58031633838,1.84398755516244,0.858335076887528,9256998.32209913,2300,ACTIVE_OTHER,BSF
ACTIVE_OTHER_CASCADED_VCVS,904965.378579652,904965.378579652,24565.0231370409,6.93519137627545e-12,6.93519137627545e-12,1.20497617998509e-12,9911.8936985368,11413.9885664543,4.02509821850074,1.03209547512987,2701083.20508432,2444,ACTIVE_OTHER,HPF
ACTIVE_OTHER_CASCADED_VCVS,6440.33613612799,6440.33613612799,532911.96914191,1.6291423985628e-11,1.6291423985628e-11,8.28652113346201e-10,10003.7850220886,9394.72903214015,3.06328649124833,0.823352016278083,758622.517565505,2272,ACTIVE_OTHER,HPF
VCVS_HPF,1418.78875338856,1418.78875338856,NaN,1.69225998808222e-12,1.69225998808222e-12,NaN,10056.8447961365,13875.3208347222,2.37968926795536,1.61209527474052,66288059.8952472,1357,VCVS,HPF
PASSIVE_RLC_BPF,7210.73339993895,NaN,NaN,1.48650798970109e-10,NaN,NaN,NaN,NaN,1,10,397.944636971206,10,PASSIVE,BPF
MFB_HPF,1182.64874884405,182188.343811279,NaN,3.55096054566166e-10,1.53226772542595e-10,3.87007630599276e-11,NaN,NaN,-0.108986744747727,0.104067458569918,140800.714391159,1648,MFB,HPF
MFB_BPF,47870.8864927887,693006288.6219,NaN,4.57664279504866e-11,1.36804707946618e-11,NaN,NaN,NaN,-1526959.38896918,50.6439626720588,1104.31196724793,1785,MFB,BPF
MFB_BPF,3966.53042504764,9782.60824303167,NaN,9.47118503683018e-10,2.02912096397263e-11,NaN,NaN,NaN,-12424567.2842196,0.225044095116901,184302.521119892,1559,MFB,BPF
ACTIVE_OTHER_CASCADED_VCVS,1676.71951458422,1676.71951458422,188406.80386975,1.27249520223856e-10,1.27249520223856e-10,5.01045509401973e-11,10003.6312799303,2438.61320715506,2.08996721092092,0.663588066053647,381399.49322862,2773,ACTIVE_OTHER,HPF
VCVS_LPF,211018.634716708,211018.634716708,NaN,5.29089568200621e-10,5.29089568200621e-10,NaN,9949.56210912545,9930.63179721911,1.99809737235682,0.998100985474354,1425.50952639147,1075,VCVS,LPF
PASSIVE_RC,211853.85482165,NaN,NaN,1.55341286588766e-11,NaN,NaN,NaN,NaN,1,NaN,48361.1771227345,611,PASSIVE,HPF
MFB_BPF,1490.73614057655,958081000.47934,NaN,5.45613795103912e-11,3.62700804691409e-10,NaN,NaN,NaN,-1849484.51930593,270.276712251567,946.676718731468,1462,MFB,BPF
ACTIVE_OTHER_CASCADED_VCVS,192248.012269195,192248.012269195,254835.117029845,1.28465250168155e-12,1.28465250168155e-12,1.55294104290465e-12,9675.76735495697,12860.2314345222,5.2351049741712,1.4098955695698,523295.916576997,2261,ACTIVE_OTHER,BPF
PASSIVE_RC,8889.08808674641,NaN,NaN,1.25247380582503e-12,NaN,NaN,NaN,NaN,1,NaN,14295332.7872957,169,PASSIVE,LPF
VCVS_HPF,1907.35144519993,1907.35144519993,NaN,9.89640734982474e-12,9.89640734982474e-12,NaN,9777.49968459538,13177.2358822258,2.34771018228585,1.53306087699535,8431635.92781959,1125,VCVS,HPF
MFB_HPF,28727.8287249842,75227.0714524022,NaN,2.36780221068802e-10,1.51251687952254e-10,1.79522906079346e-10,NaN,NaN,-0.758183708373094,0.236642155754365,20776.462410601,2080,MFB,HPF
MFB_HPF,14926.5736763231,480859.622698493,NaN,1.40282954190894e-11,1.39184558045424e-10,1.34534153663325e-11,NaN,NaN,-0.959019963895641,0.0476987887439054,43412.9310650408,1910,MFB,HPF
ACTIVE_OTHER_CASCADED_VCVS,1477.01883201727,1477.01883201727,133207.193932582,6.71810911624625e-12,6.71810911624625e-12,1.17020343161862e-10,10025.7416444195,3520.78589770714,1.78968944831936,0.601672296794525,8024785.25608951,2619,ACTIVE_OTHER,HPF
PASSIVE_RC,207908.644382444,NaN,NaN,5.6139791962517e-11,NaN,NaN,NaN,NaN,1,NaN,13635.6795376189,57,PASSIVE,LPF
ACTIVE_OTHER_CASCADED_VCVS,38249.3528965153,38249.3528965153,3725.58064017566,1.16138092380022e-12,1.16138092380022e-12,1.87754091306271e-11,10231.02959739,3033.01310403055,1.9120501016095,0.831380567352505,2929039.98071584,2430,ACTIVE_OTHER,BSF
MFB_LPF,49.0098872152226,75789.3069650851,185.782311682912,1.82415231525159e-10,1.06400730620579e-10,NaN,NaN,NaN,-3.79071085936324,0.0135249084995522,304446.599830714,1695,MFB,LPF
VCVS_BPF,11131.4545086841,11131.4545086841,NaN,3.07095193773428e-10,3.07095193773428e-10,NaN,9960.54797272561,6901.50705585324,1.69288427451494,0.765043201992622,46558.0943755503,1021,VCVS,BPF
ACTIVE_OTHER_CASCADED_VCVS,207887.319004149,207887.319004149,100450.630416004,1.41528395970053e-11,1.41528395970053e-11,5.76363493164285e-11,9856.65694811761,12402.7628054084,4.90474966633834,1.27790476476229,40791.8475105726,2450,ACTIVE_OTHER,HPF
VCVS_BPF,3737.90642201618,3737.90642201618,NaN,1.16355396172801e-11,1.16355396172801e-11,NaN,10091.5998062629,4701.07236672398,1.46584014992415,0.651822559396634,3659360.34720973,805,VCVS,BPF
VCVS_LPF,760321.837728593,760321.837728593,NaN,3.46643136279103e-11,3.46643136279103e-11,NaN,10049.6045653328,7891.24296467058,1.78522920114611,0.823200558445659,6038.65282690385,976,VCVS,LPF
ACTIVE_OTHER_CASCADED_VCVS,214967.844049948,214967.844049948,15706.4305294435,3.32052256670617e-12,3.32052256670617e-12,5.81680554435266e-10,9961.20728827137,10073.170415688,2.52637979845931,0.792402545747451,120193.597697664,2404,ACTIVE_OTHER,HPF
VCVS_BSF,16775.488006757,16775.488006757,NaN,8.74253210887544e-11,8.74253210887544e-11,NaN,9907.77192655001,5235.8334347717,1.5284572024454,1.06034914029644,108519.487172717,1243,VCVS,BSF
ACTIVE_OTHER_CASCADED_VCVS,230774.404782689,230774.404782689,104375.278514054,2.52223038334893e-10,2.52223038334893e-10,9.51790136540995e-11,9712.06084596541,6680.52770949833,2.20453717983775,1.16120993996022,9377.50120842895,2101,ACTIVE_OTHER,BSF
PASSIVE_RLC_BSF,2062.38149028626,NaN,NaN,2.06397916731328e-11,NaN,NaN,NaN,NaN,1,10,103740.333552619,483,PASSIVE,BSF
ACTIVE_OTHER_CASCADED_VCVS,16211.2739261039,16211.2739261039,14318.5506391056,3.09851842868442e-10,3.09851842868442e-10,1.43865433504341e-12,10172.2135106919,8709.47410080279,3.68707509250761,0.930409131946045,3878930.46826201,2682,ACTIVE_OTHER,BPF
PASSIVE_RC,10153.1573770135,NaN,NaN,1.51004747033027e-12,NaN,NaN,NaN,NaN,1,NaN,10380742.3881155,461,PASSIVE,LPF
VCVS_LPF,152047.903056191,152047.903056191,NaN,7.1108421381893e-12,7.1108421381893e-12,NaN,10342.467435288,5503.56703481943,1.53213288504458,0.681260578571085,147203.677306143,984,VCVS,LPF
PASSIVE_RLC_BPF,25.7277108124486,NaN,NaN,1.16933762381633e-10,NaN,NaN,NaN,NaN,1,10,20245.0647007882,129,PASSIVE,BPF
VCVS_BPF,41305.7961072742,41305.7961072742,NaN,4.68745983074511e-11,4.68745983074511e-11,NaN,10178.157246335,13935.738466842,2.36918089685243,1.58524051508641,82199.9542129244,719,VCVS,BPF
PASSIVE_RC,17246.4440290475,NaN,NaN,7.88851404156932e-11,NaN,NaN,NaN,NaN,1,NaN,116983.703276219,128,PASSIVE,LPF
MFB_LPF,528.568106009825,16227.0676348158,1636.47372004025,4.04897234854277e-10,1.20825901494629e-10,NaN,NaN,NaN,-3.09605082378888,0.13851548832916,139634.637939607,1850,MFB,LPF
PASSIVE_RC,8321.21855214534,NaN,NaN,5.89933379178394e-12,NaN,NaN,NaN,NaN,1,NaN,3242128.56946301,670,PASSIVE,LPF
ACTIVE_OTHER_CASCADED_VCVS,1972.95584720277,1972.95584720277,400550.866434017,2.88865188223436e-12,2.88865188223436e-12,4.7511704279585e-12,9947.8168917866,11258.7778823327,4.00967008220073,1.02268063002232,14004777.1811815,2472,ACTIVE_OTHER,HPF
MFB_BPF,38005.6663484963,533810.012860256,NaN,1.13250335176898e-10,1.89000402890123e-10,NaN,NaN,NaN,-139215.925428331,1.81406533782128,7637.504604828,1611,MFB,BPF
VCVS_BSF,3234.50596344152,3234.50596344152,NaN,6.57386651460002e-10,6.57386651460002e-10,NaN,9986.64052129909,4211.6875379867,1.42173216598757,0.864651240465248,74849.912015165,743,VCVS,BSF
MFB_LPF,551.985984288221,4638.58085328666,2135.02313923226,2.88719553117838e-11,7.82792033107769e-10,NaN,NaN,NaN,-3.86789375093527,0.0244537602801377,336406.962844984,1658,MFB,LPF
ACTIVE_OTHER_CASCADED_VCVS,7356.12258339874,7356.12258339874,9723.68463032653,4.70645431838108e-11,4.70645431838108e-11,1.1961117408636e-11,10015.8615042204,3048.84775221952,1.6922736383359,0.588542117551889,914058.501132781,2278,ACTIVE_OTHER,BPF
MFB_BPF,18150.4806126807,91507.4898131588,NaN,5.43147341803364e-10,7.33846247912309e-10,NaN,NaN,NaN,-75076.9796437848,1.11008672064979,6185.66473834033,1430,MFB,BPF
ACTIVE_OTHER_CASCADED_VCVS,167456.469751407,167456.469751407,991.96979297897,1.48555251013505e-11,1.48555251013505e-11,3.1194545141128e-10,10199.6253023916,2167.80099117587,1.95310048038621,0.959744281039088,289154.658482686,2474,ACTIVE_OTHER,BSF
MFB_LPF,8770.2331429826,17912.1708792136,19238.7445002985,3.83652825214966e-10,1.48388607180021e-10,NaN,NaN,NaN,-2.19364117083845,0.390471356094241,35932.561430176,1806,MFB,LPF
VCVS_BPF,309428.030416982,309428.030416982,NaN,4.04423456489039e-10,4.04423456489039e-10,NaN,10043.3860626211,6844.43634461313,1.68148693099495,0.758430100927707,1271.81558342209,826,VCVS,BPF
ACTIVE_OTHER_CASCADED_VCVS,2794.72478269616,2794.72478269616,138490.210949443,1.52992653731741e-12,1.52992653731741e-12,8.15252654068428e-11,10256.5824936612,6339.81900679117,3.40753724921142,0.921022560503884,18618511.1606147,2282,ACTIVE_OTHER,HPF
ACTIVE_OTHER_CASCADED_VCVS,103296.235912837,103296.235912837,2359.12014043982,5.0716997083335e-12,5.0716997083335e-12,3.08761481278315e-11,10248.9950953232,12717.1400088294,3.43811156654483,0.999740243864759,1244386.7392695,2385,ACTIVE_OTHER,HPF
ACTIVE_OTHER_CASCADED_VCVS,22309.3233693712,22309.3233693712,1367.33475062133,1.22329219108765e-10,1.22329219108765e-10,8.52572684017852e-11,10025.7144076987,5811.61654739185,2.47645437008965,1.17307780987205,711786.703168181,2440,ACTIVE_OTHER,BSF
VCVS_LPF,54048.8856438177,54048.8856438177,NaN,2.12551256083564e-11,2.12551256083564e-11,NaN,9812.48726519682,12566.4292563484,2.28065687289291,1.39015716188405,138538.254523254,1069,VCVS,LPF
MFB_LPF,809158.555979266,2021.92135255492,1939607.44480261,1.80964239035601e-10,3.00811899870679e-10,NaN,NaN,NaN,-2.39706721318079,0.024953924734834,10892.7414250519,1531,MFB,LPF
ACTIVE_OTHER_CASCADED_VCVS,679678.070220981,679678.070220981,1209.0766281266,3.5202501246945e-11,3.5202501246945e-11,3.12113987390324e-10,10117.9233833701,11346.2862632686,4.57364698727726,1.1614736968641,214199.952160442,2568,ACTIVE_OTHER,HPF
PASSIVE_RLC_BPF,2730.24874406046,NaN,NaN,2.24648003206686e-10,NaN,NaN,NaN,NaN,1,10,129.116634438194,516,PASSIVE,BPF
MFB_BPF,4783.68145697482,872274666.795565,NaN,7.5450550470332e-11,2.37534497098896e-11,NaN,NaN,NaN,-8800575.16278516,182.226221859654,1840.4237276179,1793,MFB,BPF
PASSIVE_RLC_BSF,308.212028622456,NaN,NaN,2.97790420837328e-10,NaN,NaN,NaN,NaN,1,10,182.446451910064,615,PASSIVE,BSF
MFB_LPF,21596144.003018,5108.60621113522,84105448.69337,4.04399429254602e-10,3.14749195855035e-10,NaN,NaN,NaN,-3.89446600659898,0.00883147017646353,680.564467161157,1942,MFB,LPF
PASSIVE_RC,5086.06893847219,NaN,NaN,1.45462317577293e-12,NaN,NaN,NaN,NaN,1,NaN,21512326.7866339,664,PASSIVE,HPF
PASSIVE_RLC_BSF,80.4491579070195,NaN,NaN,3.51760003887308e-12,NaN,NaN,NaN,NaN,1,10,239470.194012303,463,PASSIVE,BSF
VCVS_LPF,143956.843427774,143956.843427774,NaN,6.44254346753457e-12,6.44254346753457e-12,NaN,9947.31731023454,8648.042150506,1.86938436573329,0.884473882805073,171605.206035536,1376,VCVS,LPF
ACTIVE_OTHER_CASCADED_VCVS,25492.8009997272,25492.8009997272,10739.2031800593,4.28296405139759e-10,4.28296405139759e-10,3.35515887357008e-11,10106.9476325786,5504.30056854723,1.64525303129129,0.601968872728387,228142.188543092,2797,ACTIVE_OTHER,LPF
MFB_HPF,59920.9672491799,13515.5568250715,NaN,1.22787632473989e-10,8.7931516509781e-11,1.42522532089049e-10,NaN,NaN,-1.16072383852862,0.574891166785993,49957.3860265828,2031,MFB,HPF
VCVS_HPF,54632.7521653013,54632.7521653013,NaN,4.80964208946108e-11,4.80964208946108e-11,NaN,9966.77913001798,6105.29132196379,1.61256412350665,0.72075403046909,60569.5424849086,762,VCVS,HPF
MFB_LPF,259657887.450102,1333.77539639755,516016566.805969,3.73800889174416e-10,4.2965374475201e-11,NaN,NaN,NaN,-1.9872940193474,0.00474205994342462,1513.79648500046,1509,MFB,LPF
MFB_HPF,3378.74428410679,285150.947844512,NaN,5.41443027627435e-11,5.48997226634265e-10,1.32249866173312e-11,NaN,NaN,-0.244254444928068,0.0616086134359718,60175.8680792113,1745,MFB,HPF
VCVS_LPF,102140.179426397,102140.179426397,NaN,2.94666816390764e-10,2.94666816390764e-10,NaN,9786.88027667451,8567.45534569972,1.87540207946744,0.889206694892733,5288.01020073912,773,VCVS,LPF
PASSIVE_RLC_BPF,13.6597869778307,NaN,NaN,1.22009482502255e-11,NaN,NaN,NaN,NaN,1,10,1280.52689914805,34,PASSIVE,BPF
ACTIVE_OTHER_CASCADED_VCVS,23901.4940096633,23901.4940096633,26085.2897320412,1.03719543273429e-10,1.03719543273429e-10,5.09659420049025e-10,10379.7912178719,8439.50517510414,3.88107263633179,1.0030613327906,38085.6527427596,2164,ACTIVE_OTHER,HPF
MFB_BPF,1788.76518159857,27456992347.2112,NaN,1.04077077573192e-11,9.46607820814791e-10,NaN,NaN,NaN,-590577.067501083,406.343595290449,228.799144008575,1636,MFB,BPF
VCVS_BSF,3104.29951909019,3104.29951909019,NaN,6.85722177132067e-12,6.85722177132067e-12,NaN,10086.132672486,7371.02729090468,1.73080808375762,1.85741090215283,7476671.82846122,1044,VCVS,BSF
ACTIVE_OTHER_CASCADED_VCVS,4427.77936015702,4427.77936015702,2073.51576272301,6.67471305163575e-11,6.67471305163575e-11,6.9488273982558e-12,10009.4943786278,8270.60485898202,3.56797589628866,0.903864060033087,5792211.84890227,2313,ACTIVE_OTHER,HPF
VCVS_LPF,102023.363891636,102023.363891636,NaN,2.6597547951928e-12,2.6597547951928e-12,NaN,9725.64747659953,12237.8911436899,2.2583111996538,1.34827436996922,586514.687527751,1367,VCVS,LPF
VCVS_HPF,6895.80538151193,6895.80538151193,NaN,9.33636307860355e-13,9.33636307860355e-13,NaN,9747.71001576379,3404.91157270934,1.34930374079686,0.605804971341453,24720508.6824477,835,VCVS,HPF
VCVS_BPF,5277.39405948865,5277.39405948865,NaN,1.92227925852524e-10,1.92227925852524e-10,NaN,10047.7471888,11680.2964346344,2.16247913240235,1.19400010040156,156885.977452556,1275,VCVS,BPF
PASSIVE_RC,60131.6433294024,NaN,NaN,1.15544104702282e-11,NaN,NaN,NaN,NaN,1,NaN,229070.554486306,392,PASSIVE,HPF
VCVS_LPF,648810.300492337,648810.300492337,NaN,1.63267776885876e-10,1.63267776885876e-10,NaN,9689.88137392942,2736.26447826638,1.28238369208815,0.582202203946075,1502.45653235489,966,VCVS,LPF
PASSIVE_RC,471640.410267529,NaN,NaN,3.64248914549639e-11,NaN,NaN,NaN,NaN,1,NaN,9264.26260129601,345,PASSIVE,LPF
MFB_HPF,44359.0593065529,3007720955.04029,NaN,6.65702410417003e-10,2.68505878146482e-10,6.4906594866824e-11,NaN,NaN,-0.0975009161017846,0.00520438695984597,104.373172702497,1686,MFB,HPF
PASSIVE_RC,159137.983519324,NaN,NaN,1.91185094374146e-10,NaN,NaN,NaN,NaN,1,NaN,5231.09071220939,180,PASSIVE,LPF
PASSIVE_RLC_BSF,5395.85172212249,NaN,NaN,5.96161013060444e-10,NaN,NaN,NaN,NaN,1,10,2786.38606013977,255,PASSIVE,BSF
PASSIVE_RC,5900.24695108912,NaN,NaN,1.54641471725436e-11,NaN,NaN,NaN,NaN,1,NaN,1744311.19566937,568,PASSIVE,LPF
ACTIVE_OTHER_CASCADED_VCVS,5186.47085110093,5186.47085110093,798120.631625151,4.01036594296843e-10,4.01036594296843e-10,5.02868469522828e-10,9883.8631605879,1212.9515463754,1.30390315931825,0.538285693556085,38457.3254512944,2301,ACTIVE_OTHER,HPF
PASSIVE_RLC_BSF,29.3039422147435,NaN,NaN,2.54030528561416e-10,NaN,NaN,NaN,NaN,1,10,352132.233915847,600,PASSIVE,BSF
MFB_BPF,1107.32991040256,276879942.520449,NaN,7.2529572035417e-11,2.34171764659003e-11,NaN,NaN,NaN,-38564565.3028224,214.783934001454,6974.46736287843,1496,MFB,BPF
PASSIVE_RC,432136.221991561,NaN,NaN,4.79063415198026e-10,NaN,NaN,NaN,NaN,1,NaN,768.78775019234,689,PASSIVE,LPF
ACTIVE_OTHER_CASCADED_VCVS,9682.95527900982,9682.95527900982,865702.336951171,4.25289100653853e-11,4.25289100653853e-11,1.40433502845834e-11,10308.6878358812,4685.0417155375,2.75157995764203,0.774697897587046,199786.033514346,2160,ACTIVE_OTHER,BPF
MFB_BPF,1003.30607195701,504085329.433948,NaN,9.45247193925837e-10,3.42531206943313e-10,NaN,NaN,NaN,-2909821.94303558,313.196530888613,393.304224703927,1748,MFB,BPF
PASSIVE_RC,34209.553985528,NaN,NaN,2.55486330203278e-12,NaN,NaN,NaN,NaN,1,NaN,1820979.47814656,287,PASSIVE,HPF
PASSIVE_RLC_BPF,40.35293426325,NaN,NaN,6.66613649592035e-10,NaN,NaN,NaN,NaN,1,10,3114.16424621791,676,PASSIVE,BPF
ACTIVE_OTHER_CASCADED_VCVS,271456.461922034,271456.461922034,7143.95653161844,1.89800286339751e-10,1.89800286339751e-10,2.24189645338557e-10,10238.6444302865,4681.19045902708,1.54533346084161,0.726673670428903,51230.7183495041,2144,ACTIVE_OTHER,BSF
MFB_LPF,59.0992221966451,6499.37449722938,200.680866698686,3.6368698242736e-10,9.16849440318835e-10,NaN,NaN,NaN,-3.39566003137818,0.0250016097618364,241333.980628566,1463,MFB,LPF
PASSIVE_RLC_BSF,8358.06914156815,NaN,NaN,6.2780564523333e-11,NaN,NaN,NaN,NaN,1,10,2230.86715711751,595,PASSIVE,BSF
ACTIVE_OTHER_CASCADED_VCVS,936647.940155716,936647.940155716,85440.3704571839,6.57503975142116e-12,6.57503975142116e-12,1.65654418144104e-12,10258.4685844293,12896.3868591961,3.50208238982971,1.01827672748551,575164.485510959,2716,ACTIVE_OTHER,BPF
PASSIVE_RLC_BSF,4743.82651831624,NaN,NaN,6.65637995919909e-11,NaN,NaN,NaN,NaN,1,10,8030.43250324078,329,PASSIVE,BSF
ACTIVE_OTHER_CASCADED_VCVS,14564.1053334753,14564.1053334753,62365.1103638729,1.27901365678182e-10,1.27901365678182e-10,7.84120518520821e-11,10203.9668455677,12410.0504099531,3.09495228641988,0.949737324861057,58992.9150429054,2153,ACTIVE_OTHER,BPF
VCVS_HPF,4236.17882526602,4236.17882526602,NaN,2.72393663039498e-12,2.72393663039498e-12,NaN,9800.62597870005,10068.8655914457,2.02736964080954,1.02813981750715,13792685.9156735,1363,VCVS,HPF
MFB_BPF,1654.04861543099,2625118677413.18,NaN,1.83733556396893e-11,1.59080052701863e-11,NaN,NaN,NaN,-38004585.8053329,19867.5532368201,141.276335626095,1468,MFB,BPF
PASSIVE_RLC_BSF,352.557936255959,NaN,NaN,5.97690860923697e-11,NaN,NaN,NaN,NaN,1,10,26801.9131775156,531,PASSIVE,BSF
PASSIVE_RC,443575.374669354,NaN,NaN,4.29232240614247e-10,NaN,NaN,NaN,NaN,1,NaN,835.911631213124,504,PASSIVE,LPF
MFB_BPF,42720.9966394779,64809359.9389696,NaN,5.86847282214716e-10,2.01943422750397e-10,NaN,NaN,NaN,-115912.136627219,16.998625236764,277.845375237001,1889,MFB,BPF
PASSIVE_RLC_BPF,104.123218390858,NaN,NaN,1.9428731648441e-12,NaN,NaN,NaN,NaN,1,10,53935.5250930467,390,PASSIVE,BPF
MFB_HPF,11126.9996967018,10360775451.0742,NaN,8.49411782188157e-11,3.23330488353233e-11,5.4279648961076e-10,NaN,NaN,-6.39026325032213,3.25480920833158e-05,111.890475275678,1682,MFB,HPF
VCVS_BSF,210025.781868841,210025.781868841,NaN,3.76431808769812e-10,3.76431808769812e-10,NaN,10078.6293440181,6164.31313663776,1.61162216867281,1.28740612792281,2013.08080118876,1137,VCVS,BSF
VCVS_BPF,20514.6300179734,20514.6300179734,NaN,5.75731760804589e-12,5.75731760804589e-12,NaN,10344.1653279002,7959.83690514136,1.76950016292491,0.812677880865883,1347523.21028956,1123,VCVS,BPF
VCVS_BSF,1977.04898235089,1977.04898235089,NaN,1.33932955161108e-10,1.33932955161108e-10,NaN,9939.98509116606,5138.98517249314,1.51700129581284,1.03519946464753,601056.434695022,800,VCVS,BSF
PASSIVE_RC,1906.35802093955,NaN,NaN,9.66693293693084e-13,NaN,NaN,NaN,NaN,1,NaN,86362848.8294394,332,PASSIVE,HPF
MFB_BPF,3440.71910122673,23981615510.0513,NaN,1.29319241753666e-11,3.44859330081908e-10,NaN,NaN,NaN,-842769.483144145,492.762276490499,262.36369559921,1825,MFB,BPF
ACTIVE_OTHER_CASCADED_VCVS,434970.008148875,434970.008148875,32173.3486844503,6.58263425343303e-12,6.58263425343303e-12,2.85835986456827e-10,9723.20166806002,1198.1426263147,1.56237038691065,0.577160350763974,36445.9273849123,2508,ACTIVE_OTHER,HPF
PASSIVE_RLC_BSF,823.41310330529,NaN,NaN,1.00465279352529e-11,NaN,NaN,NaN,NaN,1,10,1501.36963688635,542,PASSIVE,BSF
MFB_HPF,9234.51279917585,40356.2945410301,NaN,7.13039016534896e-10,6.47609414280203e-10,2.92237925429094e-11,NaN,NaN,-0.0409848435572659,1.15525553979186,59928.3929159682,1817,MFB,HPF
VCVS_BSF,33780.4321917712,33780.4321917712,NaN,6.66051956006102e-12,6.66051956006102e-12,NaN,10082.6564471957,1226.44510233352,1.12163908477459,0.56924208640555,707370.300891191,1384,VCVS,BSF
VCVS_BSF,92670.0349840719,92670.0349840719,NaN,9.07980163023837e-12,9.07980163023837e-12,NaN,9888.39003332368,5874.21171918701,1.59405137736184,1.23168295719449,189149.171880505,1285,VCVS,BSF
MFB_LPF,896994.289598191,1848.45794085523,1963944.10626751,8.7090336701238e-11,1.33785461359286e-11,NaN,NaN,NaN,-2.18947225087382,0.0780403097373032,77385.8109549862,1492,MFB,LPF
MFB_BPF,15708.1033521186,618.812395150012,NaN,4.9354233705013e-10,4.40749100899551e-11,NaN,NaN,NaN,-1444391.13709218,0.0544505609859669,346115.326024647,1697,MFB,BPF
MFB_BPF,1192.49592875298,363494250.982287,NaN,5.21947928257039e-10,1.9412159872445e-10,NaN,NaN,NaN,-4319855.65712271,245.423218483739,759.43811022272,1743,MFB,BPF
MFB_BPF,15915.0657430612,62751962.1190102,NaN,6.66886627159179e-10,2.35048655641834e-11,NaN,NaN,NaN,-2673214.39712296,11.387251048326,1272.03004126138,1941,MFB,BPF
VCVS_HPF,549536.329204809,549536.329204809,NaN,6.86082945320989e-12,6.86082945320989e-12,NaN,9922.19241497576,4398.03587720511,1.44325242781697,0.642364900943894,42213.0857028035,1165,VCVS,HPF
MFB_BPF,27280.4900493179,11010059.2365961,NaN,1.79292895410642e-11,4.64896025051429e-10,NaN,NaN,NaN,-78848.2392606709,3.79872774480875,3180.824906322,1752,MFB,BPF
PASSIVE_RC,151055.381217557,NaN,NaN,3.13306641477519e-11,NaN,NaN,NaN,NaN,1,NaN,33629.0291158928,625,PASSIVE,LPF
VCVS_BSF,1158.32693804989,1158.32693804989,NaN,6.79310781774114e-10,6.79310781774114e-10,NaN,10229.4885788298,3236.84733528627,1.31642318287397,0.731446689637833,202264.873694508,1362,VCVS,BSF
VCVS_BPF,293528.906818221,293528.906818221,NaN,4.84982932735966e-10,4.84982932735966e-10,NaN,9904.77610485843,10843.5514051832,2.09478006270775,1.10470390543017,1118.00256280501,1066,VCVS,BPF
VCVS_BPF,35600.2110562974,35600.2110562974,NaN,1.51818414754802e-10,1.51818414754802e-10,NaN,10033.5525653791,2562.49431394675,1.25539252395893,0.573194838227587,29447.1390168451,869,VCVS,BPF
ACTIVE_OTHER_CASCADED_VCVS,29450.2811994989,29450.2811994989,3651.51774110273,4.61715301008328e-11,4.61715301008328e-11,1.03644688463679e-11,10212.9542071246,12538.4407743454,4.91835928985307,1.2785860022126,2161185.96843763,2615,ACTIVE_OTHER,LPF
VCVS_HPF,3476.73607690888,3476.73607690888,NaN,6.20655893270776e-12,6.20655893270776e-12,NaN,9912.09267654213,10593.9662711188,2.06879209232883,1.07387404226503,7375602.85977221,1086,VCVS,HPF
PASSIVE_RLC_BSF,1023.27681521956,NaN,NaN,1.02455669927244e-12,NaN,NaN,NaN,NaN,1,10,68358.2793843908,464,PASSIVE,BSF
PASSIVE_RC,42049.016939629,NaN,NaN,3.49877837098995e-10,NaN,NaN,NaN,NaN,1,NaN,10818.0217834933,346,PASSIVE,HPF
ACTIVE_OTHER_CASCADED_VCVS,15447.92924939,15447.92924939,11666.3538948936,6.01362588913485e-10,6.01362588913485e-10,2.08058915694346e-10,10017.9100277796,1978.16257880028,1.68027840828586,0.730412113602116,41350.6133631286,2111,ACTIVE_OTHER,BSF
MFB_BPF,45544.4329969105,102509816.11493,NaN,5.05573229783454e-11,2.11121167119377e-10,NaN,NaN,NaN,-103999.900117436,18.7307417533503,712.954526327237,1876,MFB,BPF
VCVS_HPF,118779.128294811,118779.128294811,NaN,4.3675017254921e-11,4.3675017254921e-11,NaN,10148.4026623037,1255.91170043815,1.12375461855719,0.532979326633178,30679.4035933724,1323,VCVS,HPF
ACTIVE_OTHER_CASCADED_VCVS,51845.833879825,51845.833879825,22896.4075713262,2.99718827498876e-12,2.99718827498876e-12,1.42428346970181e-10,9952.15394744194,3421.51833981258,1.92810080561297,0.621346531399863,536510.862125027,2279,ACTIVE_OTHER,BPF
VCVS_BPF,4879.61787395079,4879.61787395079,NaN,1.15751522534903e-12,1.15751522534903e-12,NaN,10009.4811668087,12472.8980203258,2.24610834592363,1.32645055107441,28177833.9790909,1337,VCVS,BPF
PASSIVE_RC,65764.6155673254,NaN,NaN,1.15447885284897e-10,NaN,NaN,NaN,NaN,1,NaN,20962.4415057258,428,PASSIVE,HPF
ACTIVE_OTHER_CASCADED_VCVS,14265.0893007049,14265.0893007049,79940.4661278497,1.725394074928e-11,1.725394074928e-11,6.56604168911391e-12,9996.97561640058,9303.39509385573,3.39913453023577,0.87099611244038,474923.304483579,2504,ACTIVE_OTHER,BPF
PASSIVE_RC,1889.10613941585,NaN,NaN,2.19189665459707e-12,NaN,NaN,NaN,NaN,1,NaN,38436487.9757039,489,PASSIVE,LPF
ACTIVE_OTHER_CASCADED_VCVS,502483.437822882,502483.437822882,317231.68719327,1.04438704361017e-11,1.04438704361017e-11,3.09055007581612e-11,9972.93767764054,4754.05185928456,2.68156986706513,0.750504776233757,23280.4283830221,2691,ACTIVE_OTHER,BPF
VCVS_BPF,169024.651232787,169024.651232787,NaN,3.77323745328059e-10,3.77323745328059e-10,NaN,10226.0216760485,2993.32221570328,1.29271620093612,0.585725700992598,2495.49064736931,1221,VCVS,BPF
MFB_LPF,14361556.8154988,26129.6009048616,28918611.8195736,1.90947840028732e-10,2.84535640734291e-10,NaN,NaN,NaN,-2.01361260419658,0.0245575898798098,785.487558836294,1579,MFB,LPF
PASSIVE_RLC_BPF,2138.3797639492,NaN,NaN,2.97847990133802e-12,NaN,NaN,NaN,NaN,1,10,1020.22915472287,217,PASSIVE,BPF
PASSIVE_RLC_BPF,193.729331529235,NaN,NaN,4.01003647981792e-12,NaN,NaN,NaN,NaN,1,10,28382.8212394908,659,PASSIVE,BPF
ACTIVE_OTHER_CASCADED_VCVS,327513.507315474,327513.507315474,99663.4168239049,1.23939562050849e-10,1.23939562050849e-10,5.8446327194769e-12,10146.6775513871,2553.50678194431,1.47870908037039,0.639471544450225,138575.035791066,2175,ACTIVE_OTHER,BSF
PASSIVE_RC,692251.785959689,NaN,NaN,3.71233091835812e-11,NaN,NaN,NaN,NaN,1,NaN,6193.11813512605,418,PASSIVE,LPF
ACTIVE_OTHER_CASCADED_VCVS,15310.560044297,15310.560044297,2960.04455811238,4.31962965348022e-12,4.31962965348022e-12,2.64684158490101e-11,10203.968173239,661.571920415314,1.3811049152121,0.622957968798478,2218937.2453645,2598,ACTIVE_OTHER,BSF
VCVS_LPF,907689.978351424,907689.978351424,NaN,8.15545878967789e-12,8.15545878967789e-12,NaN,9958.69471380353,10815.0077199719,2.08598647019287,1.09407570827865,21499.7887950866,873,VCVS,LPF
MFB_HPF,1959.69956689161,8393376779.70227,NaN,1.33126373258389e-11,6.60124773872052e-11,3.22800986237203e-10,NaN,NaN,-24.2477112788665,7.23392190567764e-06,268.829287779911,1411,MFB,HPF
VCVS_HPF,48306.4402005254,48306.4402005254,NaN,5.26803322696687e-10,5.26803322696687e-10,NaN,9871.30201808139,13215.3575987813,2.33876540040762,1.51232255634604,6254.12549461223,1251,VCVS,HPF
PASSIVE_RLC_BPF,2698.03273247023,NaN,NaN,1.42256832619927e-11,NaN,NaN,NaN,NaN,1,10,218816.838894188,592,PASSIVE,BPF
VCVS_LPF,80025.2112845619,80025.2112845619,NaN,8.16265723457106e-11,8.16265723457106e-11,NaN,9951.98995847311,5819.45637905716,1.58475303967751,0.706590459499824,24364.7378029,1210,VCVS,LPF
VCVS_LPF,7628.97425485261,7628.97425485261,NaN,5.29995508132273e-12,5.29995508132273e-12,NaN,10053.5100042414,6089.72664005043,1.6057313950532,0.717221915814532,3936242.02272405,1305,VCVS,LPF
PASSIVE_RLC_BSF,259.590851123898,NaN,NaN,6.036685519686e-11,NaN,NaN,NaN,NaN,1,10,20234.7120400645,150,PASSIVE,BSF
PASSIVE_RC,189671.639717821,NaN,NaN,2.50315128980202e-11,NaN,NaN,NaN,NaN,1,NaN,33522.0549686234,203,PASSIVE,HPF
ACTIVE_OTHER_CASCADED_VCVS,106254.995366009,106254.995366009,875535.390285354,8.046915684659e-10,8.046915684659e-10,3.66574823987021e-11,10334.4219217582,8039.99926512692,4.15989059232514,1.16635550640595,3410.14455891102,2764,ACTIVE_OTHER,LPF
MFB_BPF,8684.53309363474,21711862.2282431,NaN,2.56406614576506e-10,2.20483410202714e-11,NaN,NaN,NaN,-5222489.89179433,13.5012170673907,4874.67634714885,1960,MFB,BPF
VCVS_BPF,9990.96702230213,9990.96702230213,NaN,5.79674759824203e-11,5.79674759824203e-11,NaN,10058.0335213375,10462.9684712767,2.04025985289074,1.04194870143966,274807.268518535,840,VCVS,BPF
PASSIVE_RLC_BPF,2018.09603718611,NaN,NaN,2.99932139872189e-11,NaN,NaN,NaN,NaN,1,10,230272.830240935,351,PASSIVE,BPF
PASSIVE_RC,30875.2017486597,NaN,NaN,1.98304180187786e-12,NaN,NaN,NaN,NaN,1,NaN,2599431.98497074,395,PASSIVE,HPF
ACTIVE_OTHER_CASCADED_VCVS,2780.29013335848,2780.29013335848,4278.29075948619,8.37499475536561e-10,8.37499475536561e-10,2.29367650003718e-11,10229.7559990726,11445.366837989,2.94888667947436,0.878325245436777,845113.58939004,2580,ACTIVE_OTHER,BPF
MFB_LPF,34755604.1389147,16233.6571975504,64258042.8065732,1.62907428343025e-10,7.87385467661454e-10,NaN,NaN,NaN,-1.84885414593112,0.0072245155529552,435.094965401415,1985,MFB,LPF
PASSIVE_RC,597687.020617869,NaN,NaN,4.47204947511503e-11,NaN,NaN,NaN,NaN,1,NaN,5954.42332551099,437,PASSIVE,HPF
ACTIVE_OTHER_CASCADED_VCVS,1487.89736188594,1487.89736188594,27283.0578845874,3.79508135975774e-12,3.79508135975774e-12,8.18841814622635e-12,10369.1880534621,9565.23649758235,2.88241075748152,0.797207294460891,14448963.0968665,2217,ACTIVE_OTHER,HPF
ACTIVE_OTHER_CASCADED_VCVS,623507.129643705,623507.129643705,8880.55408652171,3.01729255513093e-11,3.01729255513093e-11,9.68587215106718e-13,10162.5141539882,8388.17486776874,2.77031574136713,0.762979370767419,9255712.59038116,2342,ACTIVE_OTHER,LPF
MFB_BPF,10681.6170404562,64675530.2846328,NaN,9.37171990260151e-12,8.28327671975072e-11,NaN,NaN,NaN,-1130214.37420971,23.5131154431049,6872.5972761607,1728,MFB,BPF
ACTIVE_OTHER_CASCADED_VCVS,3575.03980851735,3575.03980851735,79422.1473638018,5.56727420976269e-12,5.56727420976269e-12,1.9745003739032e-11,9875.17769563772,7716.33115025124,3.93716193788832,1.04334766318045,4048964.34773908,2465,ACTIVE_OTHER,HPF
ACTIVE_OTHER_CASCADED_VCVS,72367.180008257,72367.180008257,1039.27740648878,2.59752884083883e-11,2.59752884083883e-11,2.18010223577267e-10,9723.43438762314,6002.11744562757,1.88215769133749,0.63390516790202,393555.946438973,2457,ACTIVE_OTHER,LPF
VCVS_HPF,2600.15354978656,2600.15354978656,NaN,8.82494087248648e-10,8.82494087248648e-10,NaN,9861.16074432998,3801.15487354322,1.38546728646816,0.619374257095398,69360.0394939663,931,VCVS,HPF
MFB_HPF,63526.2510315822,65.2590575702019,NaN,6.98054353234229e-10,1.46085071456349e-10,1.16853790309496e-10,NaN,NaN,-0.167399271658559,25.3400022731132,598272.167065653,1540,MFB,HPF
PASSIVE_RLC_BPF,179.6674491079,NaN,NaN,2.58617213458305e-12,NaN,NaN,NaN,NaN,1,10,766.476399874506,178,PASSIVE,BPF
ACTIVE_OTHER_CASCADED_VCVS,661997.822111966,661997.822111966,1079.8640077765,1.22440646040417e-12,1.22440646040417e-12,9.46005561753837e-10,9888.86731129067,4014.91253179048,3.06488341142637,0.923325298054321,176074.786755318,2361,ACTIVE_OTHER,BPF
ACTIVE_OTHER_CASCADED_VCVS,8398.20122263453,8398.20122263453,1577.89794537133,8.70022102245289e-10,8.70022102245289e-10,4.4693658298428e-12,9827.93900098473,7560.33269293115,2.03244367508412,1.37719956230712,11294949.4380277,2307,ACTIVE_OTHER,BSF
PASSIVE_RLC_BPF,301.331069278773,NaN,NaN,3.78714463782188e-10,NaN,NaN,NaN,NaN,1,1.91283675639938,729098.859006488,293,PASSIVE,BPF
MFB_LPF,438723.557615809,2024.99120856242,1335842.52248257,4.45308004554706e-10,9.78902584370876e-10,NaN,NaN,NaN,-3.04483882685042,0.0260999509974927,4634.7993808432,2073,MFB,LPF
VCVS_HPF,276162.877678001,276162.877678001,NaN,1.48869379469794e-11,1.48869379469794e-11,NaN,10274.4186415822,2561.67884252436,1.24932591632551,0.571208547224906,38712.3427295807,1354,VCVS,HPF
VCVS_BSF,9105.20099693838,9105.20099693838,NaN,3.37442816944813e-10,3.37442816944813e-10,NaN,10299.7495662201,1732.04407898181,1.16816370804416,0.601079809615405,51800.0771418836,1013,VCVS,BSF
MFB_LPF,24532.2947685462,18114.9395933827,39207.5566478578,1.59332534101492e-11,2.12594677473779e-11,NaN,NaN,NaN,-1.59820175885573,0.267423963669269,324480.327675853,1732,MFB,LPF
MFB_BPF,4220.98427217266,24257373.5390803,NaN,2.86159647927775e-10,1.15210899615396e-11,NaN,NaN,NaN,-20563294.6376303,14.6222857870317,8662.44312928998,1442,MFB,BPF
MFB_LPF,1364.25534760313,36441.7973094585,4088.00648365339,1.98053275116026e-10,7.18086335687367e-10,NaN,NaN,NaN,-2.99651124024227,0.0428109800679231,34576.8243673049,1733,MFB,LPF
MFB_HPF,64931.8902246242,139062.049300817,NaN,1.1445752219888e-10,5.47080311386847e-10,1.47003792604567e-10,NaN,NaN,-1.28435239362543,0.186607003744356,5906.0481565317,1805,MFB,HPF
PASSIVE_RLC_BPF,704.713614864025,NaN,NaN,1.41318245410384e-10,NaN,NaN,NaN,NaN,1,10,174.659395066344,620,PASSIVE,BPF
MFB_BPF,3469.29378361882,1846516.69748437,NaN,3.6721967486851e-10,4.07964902149426e-10,NaN,NaN,NaN,-706538.969215903,11.5192798422382,5137.46174913197,1751,MFB,BPF
PASSIVE_RC,144483.385299022,NaN,NaN,2.12139088125274e-10,NaN,NaN,NaN,NaN,1,NaN,5192.5600197476,173,PASSIVE,LPF
PASSIVE_RC,17795.4040517634,NaN,NaN,2.29888653118625e-11,NaN,NaN,NaN,NaN,1,NaN,389040.435339303,396,PASSIVE,LPF
PASSIVE_RC,85444.208658053,NaN,NaN,7.03301863749696e-12,NaN,NaN,NaN,NaN,1,NaN,264847.410732684,355,PASSIVE,HPF
ACTIVE_OTHER_CASCADED_VCVS,1225.50198885627,1225.50198885627,349336.290121114,4.14389962388423e-11,4.14389962388423e-11,9.47711626781785e-12,9677.7047638746,3606.03762800844,1.61186716590446,0.701253566622422,1591028.83833699,2336,ACTIVE_OTHER,BSF
MFB_BPF,46985.6697437645,8901.372013649,NaN,7.74520795910212e-10,5.92936806534957e-10,NaN,NaN,NaN,-35894.3561993323,0.215701239884103,11483.868169521,1729,MFB,BPF
ACTIVE_OTHER_CASCADED_VCVS,111110.131390975,111110.131390975,90927.0564037907,4.3723641426908e-11,4.3723641426908e-11,1.29069562647942e-10,9994.26046686624,13162.8299328453,2.49465218233405,0.992069930602459,23160.9145509025,2781,ACTIVE_OTHER,HPF
PASSIVE_RLC_BPF,239.313418820009,NaN,NaN,2.08516428011432e-12,NaN,NaN,NaN,NaN,1,10,2117.99976851513,609,PASSIVE,BPF
VCVS_LPF,17133.3647923055,17133.3647923055,NaN,5.58223411256584e-10,5.58223411256584e-10,NaN,9875.51782006235,11125.9052924261,2.12661487682434,1.14497026966061,16640.6169460352,791,VCVS,LPF
ACTIVE_OTHER_CASCADED_VCVS,2559.54455301977,2559.54455301977,39267.8871657822,2.15457065305426e-10,2.15457065305426e-10,1.28125591813302e-12,9855.18180028814,10422.5491568937,4.61145656580085,1.18949131628411,1725973.18202256,2526,ACTIVE_OTHER,HPF
PASSIVE_RLC_BPF,4617.27101690382,NaN,NaN,6.79414795804116e-11,NaN,NaN,NaN,NaN,1,10,18788.6409045397,117,PASSIVE,BPF
ACTIVE_OTHER_CASCADED_VCVS,525536.96467044,525536.96467044,2765.04716899057,7.41841065048003e-12,7.41841065048003e-12,6.72293475800769e-11,10224.6344256159,2912.7904884903,2.09872270748096,0.657396294009523,448495.253785777,2643,ACTIVE_OTHER,HPF
VCVS_LPF,479986.269878725,479986.269878725,NaN,4.78075853409388e-11,4.78075853409388e-11,NaN,10197.1527788234,5769.96589685062,1.56584087950837,0.697272698483553,6935.76721062362,1108,VCVS,LPF
MFB_LPF,2094069.50205641,32664.56969522,6792255.9968267,2.08520091360039e-10,3.71592101396098e-10,NaN,NaN,NaN,-3.24356760372882,0.0509094538136399,1213.85677805449,1792,MFB,LPF
PASSIVE_RLC_BPF,144.498734066442,NaN,NaN,9.04311857796742e-10,NaN,NaN,NaN,NaN,1,10,33421.7691476019,572,PASSIVE,BPF
ACTIVE_OTHER_CASCADED_VCVS,938687.832293771,938687.832293771,11817.3631633632,9.32167141309843e-12,9.32167141309843e-12,1.8093425973286e-12,10077.8383093664,7764.24122511832,2.2472788698327,0.695552885297726,3730857.69629699,2495,ACTIVE_OTHER,BPF
ACTIVE_OTHER_CASCADED_VCVS,3324.00605968126,3324.00605968126,2939.98850308394,1.04234358345064e-12,1.04234358345064e-12,1.46694147562039e-11,9907.10719708705,4566.27984991284,2.03832309073248,0.636440750738614,24812846.1984166,2417,ACTIVE_OTHER,HPF
MFB_BPF,95142.2477298958,2254.02833117795,NaN,1.11952868384821e-11,5.60686986579512e-10,NaN,NaN,NaN,-18745.8922444735,0.0213237802042202,137175.291552612,1618,MFB,BPF
VCVS_BPF,813208.950802467,813208.950802467,NaN,8.54014491244059e-10,8.54014491244059e-10,NaN,9989.83558420911,9359.74321165684,1.93692665237171,0.940668865634713,229.167349301779,814,VCVS,BPF
MFB_BPF,1390.83091640302,4978244655.339,NaN,2.19971310014504e-10,7.7298654008198e-11,NaN,NaN,NaN,-9301515.89171016,829.886893886469,463.848182415916,1555,MFB,BPF
PASSIVE_RC,17625.34972654,NaN,NaN,1.51322630716385e-10,NaN,NaN,NaN,NaN,1,NaN,59673.0870562854,671,PASSIVE,HPF
ACTIVE_OTHER_CASCADED_VCVS,405650.101288619,405650.101288619,13976.3989802109,5.46431673582389e-10,5.46431673582389e-10,1.82910321496258e-11,9783.04632524224,10754.287747148,3.75823764148954,0.968419620156448,311642.888212624,2546,ACTIVE_OTHER,HPF
MFB_BPF,14541.8355186016,774.866028100849,NaN,8.16050192031278e-10,2.04018537835009e-11,NaN,NaN,NaN,-3370630.46051638,0.0356086820383243,367454.826476565,1902,MFB,BPF
PASSIVE_RC,4099.09384835461,NaN,NaN,5.31824517455953e-12,NaN,NaN,NaN,NaN,1,NaN,7300690.12496465,166,PASSIVE,LPF
PASSIVE_RC,48622.246505291,NaN,NaN,1.33688238071802e-12,NaN,NaN,NaN,NaN,1,NaN,2448453.78623484,133,PASSIVE,HPF
MFB_HPF,7302.9311713213,910.251065523297,NaN,1.21989544569519e-10,6.29328804887403e-11,8.16264115332692e-11,NaN,NaN,-0.669126291284351,1.1382489996426,861264.948059328,1856,MFB,HPF
PASSIVE_RC,193321.751315886,NaN,NaN,1.26866625455855e-11,NaN,NaN,NaN,NaN,1,NaN,64892.1289763192,356,PASSIVE,HPF
MFB_BPF,7292.45015696432,77741.7300829384,NaN,9.96168782979525e-11,1.27410506567582e-11,NaN,NaN,NaN,-10762701.3192905,1.03527499764546,187623.490418347,1947,MFB,BPF
ACTIVE_OTHER_CASCADED_VCVS,1694.84231630065,1694.84231630065,194375.538678456,1.00457329631237e-10,1.00457329631237e-10,1.91346363867435e-10,10118.6069442601,3011.96103059158,1.59207143987604,0.575702090186845,469529.354460704,2446,ACTIVE_OTHER,LPF
VCVS_HPF,730858.870381212,730858.870381212,NaN,1.44028986798532e-11,1.44028986798532e-11,NaN,10042.5747990601,12221.6356488266,2.21698228724873,1.27711031783218,15119.4747392737,1019,VCVS,HPF
PASSIVE_RLC_BSF,124.734881202623,NaN,NaN,2.58282177147942e-11,NaN,NaN,NaN,NaN,1,10,6330.51639471713,274,PASSIVE,BSF
MFB_BPF,42975.7936982395,10527390.6436397,NaN,4.16213407183278e-10,3.16498539836641e-11,NaN,NaN,NaN,-735198.111919811,4.01094647400806,2061.59769956282,1508,MFB,BPF
VCVS_LPF,143583.422314699,143583.422314699,NaN,5.48190529424882e-11,5.48190529424882e-11,NaN,10118.3997238404,9415.38741833632,1.93052139422327,0.935035067179984,20220.1467278621,913,VCVS,LPF
VCVS_HPF,3437.11118298795,3437.11118298795,NaN,7.78379402888254e-10,7.78379402888254e-10,NaN,10047.6443941492,8185.46031802653,1.81466461161712,0.843643081781498,59488.8009598327,820,VCVS,HPF
ACTIVE_OTHER_CASCADED_VCVS,6920.55132970235,6920.55132970235,2018.4765591104,5.99892527020481e-11,5.99892527020481e-11,8.12584684501764e-11,10228.4111766585,7977.69252679914,4.03355351921775,1.09111202563377,676853.948031779,2146,ACTIVE_OTHER,BPF
ACTIVE_OTHER_CASCADED_VCVS,353058.400601179,353058.400601179,282135.257391397,1.1236824969966e-12,1.1236824969966e-12,2.21219843015186e-11,10002.6590398701,8426.61941484624,4.4309643930762,1.27220265827233,213335.657154048,2208,ACTIVE_OTHER,HPF
ACTIVE_OTHER_CASCADED_VCVS,534519.673612567,534519.673612567,383859.109562315,3.15416704889775e-10,3.15416704889775e-10,5.40809357124731e-12,9840.19796799401,3663.17155689605,2.28578190314902,0.681903490268223,38805.1125428437,2782,ACTIVE_OTHER,LPF
ACTIVE_OTHER_CASCADED_VCVS,1154.98082789607,1154.98082789607,3386.99674314499,4.5952985090813e-10,4.5952985090813e-10,3.15625028833305e-11,9948.87463100612,3599.54446199076,2.40682613919166,0.710853996788497,894330.332795117,2373,ACTIVE_OTHER,BPF
MFB_LPF,2537.53724153648,67814.7565312428,6444.31437770647,3.7075210971599e-10,3.70649489643188e-10,NaN,NaN,NaN,-2.53959400958563,0.084825629629095,20537.4325482656,1494,MFB,LPF
ACTIVE_OTHER_CASCADED_VCVS,367628.362879667,367628.362879667,8827.76407011071,1.39973181942548e-11,1.39973181942548e-11,4.03815660053521e-12,10060.0770630715,4526.46772012296,2.3517800875145,1.11584015357862,2247783.54320832,2341,ACTIVE_OTHER,BSF
MFB_BPF,65038.1344227976,13679.931908063,NaN,9.52363201570778e-11,1.2040307182072e-10,NaN,NaN,NaN,-127701.017469579,0.227745559655415,49828.0669630073,1787,MFB,BPF
VCVS_LPF,11060.4645238373,11060.4645238373,NaN,9.98358052723567e-13,9.98358052723567e-13,NaN,9745.83131792707,5586.27011834917,1.57319585534724,0.700867041736392,14413200.8705079,1378,VCVS,LPF
ACTIVE_OTHER_CASCADED_VCVS,167372.936399824,167372.936399824,96658.554234693,1.59680963277011e-12,1.59680963277011e-12,1.96939936282557e-11,9797.64842939336,5212.46271085987,2.56634803102208,0.718003137657249,339553.818343018,2159,ACTIVE_OTHER,LPF
VCVS_BPF,10999.4114686863,10999.4114686863,NaN,2.47003608201561e-10,2.47003608201561e-10,NaN,9991.14428475516,1127.3114738625,1.11283106736659,0.52989426792045,58579.7327006694,770,VCVS,BPF
VCVS_HPF,208341.888259923,208341.888259923,NaN,9.2327845297097e-10,9.2327845297097e-10,NaN,10094.617883815,9384.48622612465,1.92965244788226,0.934275972343232,827.39108159089,1138,VCVS,HPF
MFB_LPF,23841065.0903282,77487.5527403523,54013858.0168226,3.16075890791061e-10,1.97725995014722e-11,NaN,NaN,NaN,-2.26558074533066,0.150729188139256,984.065462555278,1550,MFB,LPF
MFB_HPF,71982.1221675967,157757.065515191,NaN,2.83765560001912e-10,3.32858422263965e-10,3.49461597868161e-10,NaN,NaN,-1.23151519115218,0.193638649311698,4379.09023739813,1497,MFB,HPF
VCVS_BPF,161744.10389382,161744.10389382,NaN,5.44770168226629e-11,5.44770168226629e-11,NaN,10210.0838339002,3510.49323462453,1.34382609307954,0.603801325344771,18062.5206253476,1199,VCVS,BPF
VCVS_BSF,1363.55899322241,1363.55899322241,NaN,5.10412495927544e-11,5.10412495927544e-11,NaN,10008.837302591,1944.0554479421,1.19423389442436,0.620527466395229,2286782.71739369,1249,VCVS,BSF
PASSIVE_RC,259944.565680415,NaN,NaN,2.16444611708181e-11,NaN,NaN,NaN,NaN,1,NaN,28287.3725532893,521,PASSIVE,LPF
ACTIVE_OTHER_CASCADED_VCVS,7007.99528129807,7007.99528129807,2163.36727701945,5.48322880681411e-10,5.48322880681411e-10,1.00756054178577e-11,9854.25555737926,2493.10283308821,2.54235827864985,0.801148667510052,3671514.81132135,2623,ACTIVE_OTHER,BPF
ACTIVE_OTHER_CASCADED_VCVS,35324.0030102751,35324.0030102751,52534.3316190658,6.22155451905404e-11,6.22155451905404e-11,1.51877554173504e-11,10281.9425447112,4470.41269792408,3.17735847921932,0.955999682605899,135945.716350933,2496,ACTIVE_OTHER,LPF
PASSIVE_RLC_BPF,21.4293245490557,NaN,NaN,3.44749392368616e-12,NaN,NaN,NaN,NaN,1,10,159.034544938122,654,PASSIVE,BPF
PASSIVE_RLC_BSF,17.2031534100609,NaN,NaN,2.52684346689442e-11,NaN,NaN,NaN,NaN,1,10,358267.755391351,632,PASSIVE,BSF
ACTIVE_OTHER_CASCADED_VCVS,148832.814778507,148832.814778507,593326.38342566,2.35756556739221e-12,2.35756556739221e-12,1.13811849508929e-12,10243.0317815571,11640.8962465245,2.46788266126036,0.850039132528627,344636.37551156,2169,ACTIVE_OTHER,LPF
ACTIVE_OTHER_CASCADED_VCVS,1438.06766120333,1438.06766120333,404892.405068977,3.59990122980934e-11,3.59990122980934e-11,1.00111980403123e-11,9870.04852734382,5315.42528321997,2.62149204876008,0.72789116245974,1556796.08709528,2489,ACTIVE_OTHER,HPF
PASSIVE_RC,9975.13685853947,NaN,NaN,8.54331603275763e-11,NaN,NaN,NaN,NaN,1,NaN,186756.100296622,85,PASSIVE,HPF
VCVS_HPF,74002.5256471507,74002.5256471507,NaN,7.81620113219542e-10,7.81620113219542e-10,NaN,9737.4342398979,11616.3837742104,2.19296146069092,1.2390981982795,2751.55287679533,991,VCVS,HPF
VCVS_BSF,11465.9613133521,11465.9613133521,NaN,1.45742454000007e-11,1.45742454000007e-11,NaN,10133.7299000041,6149.69597892844,1.60685414350011,1.27179262284846,952409.199449424,1246,VCVS,BSF
ACTIVE_OTHER_CASCADED_VCVS,738652.908761658,738652.908761658,703252.726206118,3.17833586636276e-11,3.17833586636276e-11,8.7321028242222e-10,10203.2442893983,6812.66787433644,2.24144598677732,1.13344296554384,3519.19811390112,2683,ACTIVE_OTHER,BSF
ACTIVE_OTHER_CASCADED_VCVS,685212.124301533,685212.124301533,62901.9036442674,3.18600898459797e-11,3.18600898459797e-11,7.91159413977473e-11,9672.7988206239,8643.74378401367,4.32813056755541,1.15185494161262,19635.683793778,2256,ACTIVE_OTHER,BPF
MFB_BPF,50733.7628596133,76070354.39837,NaN,3.66184120490441e-11,1.0869219101525e-11,NaN,NaN,NaN,-1813445.80871249,16.267754202034,4060.83131295358,1971,MFB,BPF
VCVS_HPF,379535.793916526,379535.793916526,NaN,6.18882205681228e-11,6.18882205681228e-11,NaN,10067.259278252,4334.11316293021,1.43051569877544,0.637151960819086,6775.78154110472,1181,VCVS,HPF
VCVS_HPF,31815.2571019954,31815.2571019954,NaN,2.17154730321448e-10,2.17154730321448e-10,NaN,10029.4400734613,5781.20413275914,1.57642341849738,0.702456062423052,23036.4418738737,863,VCVS,HPF
PASSIVE_RC,1491.57260410439,NaN,NaN,9.90317389995694e-12,NaN,NaN,NaN,NaN,1,NaN,10774604.2684291,627,PASSIVE,HPF
PASSIVE_RLC_BSF,33.6003274154982,NaN,NaN,1.6566070555097e-12,NaN,NaN,NaN,NaN,1,10,195669.705099047,54,PASSIVE,BSF
VCVS_HPF,35328.397089248,35328.397089248,NaN,8.98668852382914e-11,8.98668852382914e-11,NaN,9849.42181103364,2661.7858190818,1.27024792623867,0.578117532083954,50129.8619959384,860,VCVS,HPF
VCVS_LPF,125512.258816226,125512.258816226,NaN,4.66535867852113e-11,4.66535867852113e-11,NaN,10124.0065059444,7972.13285019311,1.78744841239604,0.824707179655778,27179.9684097754,918,VCVS,LPF
PASSIVE_RLC_BSF,10.3763542090377,NaN,NaN,1.53469652343192e-11,NaN,NaN,NaN,NaN,1,10,22511.8715734252,387,PASSIVE,BSF
ACTIVE_OTHER_CASCADED_VCVS,2063.29466086648,2063.29466086648,847361.52225784,1.72892084880225e-12,1.72892084880225e-12,7.19111677367487e-11,10107.1744402143,12249.3844940632,4.52373099496011,1.15811024364626,22308953.287652,2645,ACTIVE_OTHER,LPF
ACTIVE_OTHER_CASCADED_VCVS,43694.0759020522,43694.0759020522,16517.6667718753,1.12654063798316e-11,1.12654063798316e-11,5.3205105996688e-10,10050.6489436873,2711.56455433579,2.488778695578,0.769747961399516,170721.745579032,2271,ACTIVE_OTHER,BPF
MFB_BPF,2794.91173414351,212583083090.203,NaN,3.19706878960503e-11,1.25856547095054e-10,NaN,NaN,NaN,-2842864.04213664,3505.19554296275,102.933759671379,1890,MFB,BPF
ACTIVE_OTHER_CASCADED_VCVS,25455.9722856043,25455.9722856043,18786.9294946307,6.50124556918684e-12,6.50124556918684e-12,1.81332617062389e-10,10306.1406175854,11146.0161969602,4.52219877795394,1.14864577893038,504202.862988594,2207,ACTIVE_OTHER,LPF
VCVS_LPF,5140.74963610814,5140.74963610814,NaN,1.38584292854847e-12,1.38584292854847e-12,NaN,10113.0945972232,4974.790631303,1.49191576163729,0.663092932451622,22339819.9250878,942,VCVS,LPF
MFB_HPF,1812.10409023874,842059607.470875,NaN,3.95196457885586e-10,3.82379906529314e-11,1.31030715252444e-10,NaN,NaN,-0.331558425279153,0.000554826284327762,1820.21654025399,2015,MFB,HPF
MFB_BPF,10258.2924933488,491.599171232837,NaN,6.56301743153952e-11,3.27438671781521e-10,NaN,NaN,NaN,-297711.048416531,0.0816424769191737,483459.677276473,1675,MFB,BPF
MFB_HPF,34396.8814675955,1208.59314727926,NaN,9.00788967628341e-10,4.00838051582523e-10,5.57422870860964e-11,NaN,NaN,-0.0618816272060464,9.4937236245792,165136.725969257,2070,MFB,HPF
ACTIVE_OTHER_CASCADED_VCVS,741423.488008479,741423.488008479,1526.65736186953,1.35691967321669e-10,1.35691967321669e-10,1.89636535411205e-12,10113.6565941418,9382.42310791592,4.14455727079584,1.05452406585849,27487740.6645258,2454,ACTIVE_OTHER,LPF
VCVS_HPF,2148.0669314355,2148.0669314355,NaN,1.09796833127605e-12,1.09796833127605e-12,NaN,10205.8624763881,13592.763882682,2.33185842099379,1.49668877289061,67481155.157204,1265,VCVS,HPF
PASSIVE_RC,43094.2564986689,NaN,NaN,6.21962270686227e-11,NaN,NaN,NaN,NaN,1,NaN,59379.522232612,336,PASSIVE,HPF
VCVS_LPF,1306.66609873675,1306.66609873675,NaN,7.42453831973203e-12,7.42453831973203e-12,NaN,10191.20848894,4723.83612538162,1.46352070321279,0.650838577578629,16405370.9552173,751,VCVS,LPF
ACTIVE_OTHER_CASCADED_VCVS,11604.3109619117,11604.3109619117,123610.799880211,1.33548560085867e-12,1.33548560085867e-12,5.31843950277154e-10,9731.44698873238,7354.12622337599,2.5013426303707,1.45791285357207,5136105.46430751,2367,ACTIVE_OTHER,BSF
MFB_BPF,9933.54547284109,283956.821120694,NaN,1.8139961470222e-11,6.35245209810698e-11,NaN,NaN,NaN,-1584726.48774129,2.22243811278815,88278.095904512,1795,MFB,BPF
VCVS_BSF,118203.506585145,118203.506585145,NaN,2.73693703313409e-10,2.73693703313409e-10,NaN,9827.69504798386,1755.35544010989,1.1786131368077,0.608726560413642,4919.5453145749,1132,VCVS,BSF
ACTIVE_OTHER_CASCADED_VCVS,397839.060784314,397839.060784314,1692.79127643158,4.75803536951034e-11,4.75803536951034e-11,2.35015530626838e-10,9709.94795824757,4255.8144760124,1.94948402249225,0.832918673639772,204231.634862047,2269,ACTIVE_OTHER,BSF
PASSIVE_RLC_BPF,412.319104307393,NaN,NaN,1.80350926483582e-10,NaN,NaN,NaN,NaN,1,3.54272615186044,604130.43180212,485,PASSIVE,BPF
ACTIVE_OTHER_CASCADED_VCVS,49546.9674873366,49546.9674873366,3394.0952785678,1.1041888066776e-12,1.1041888066776e-12,5.79513953570103e-12,10068.965602643,5665.37820271923,2.25804371993426,0.669408085708441,5500333.0529939,2635,ACTIVE_OTHER,LPF
VCVS_BSF,98840.4968421044,98840.4968421044,NaN,5.38407646176175e-10,5.38407646176175e-10,NaN,10293.7223670217,2348.82134717341,1.22817997838162,0.647819421620577,2990.70786587196,1045,VCVS,BSF
VCVS_HPF,135213.712073366,135213.712073366,NaN,1.57125713303061e-11,1.57125713303061e-11,NaN,10225.6330235102,12040.6399848283,2.17749580462599,1.21579926962595,74912.1279120541,804,VCVS,HPF
PASSIVE_RLC_BPF,2181.12880381501,NaN,NaN,7.03335905235451e-12,NaN,NaN,NaN,NaN,1,10,758199.673941231,73,PASSIVE,BPF
VCVS_HPF,641401.771606143,641401.771606143,NaN,3.15048491251442e-11,3.15048491251442e-11,NaN,10081.1493659798,5662.90735815592,1.56173231370484,0.695280864284663,7876.12449664466,1130,VCVS,HPF
ACTIVE_OTHER_CASCADED_VCVS,1602.20836247284,1602.20836247284,1784.808441987,1.19685691527651e-11,1.19685691527651e-11,2.5755374603207e-11,10290.9346256692,1118.53561475826,1.45800331202945,0.645485608239739,5880950.51613607,2705,ACTIVE_OTHER,BSF
PASSIVE_RLC_BPF,5983.35480027551,NaN,NaN,4.67537601002936e-11,NaN,NaN,NaN,NaN,1,10,8642.65595037277,589,PASSIVE,BPF
VCVS_BPF,799291.405587348,799291.405587348,NaN,2.48179102862176e-11,2.48179102862176e-11,NaN,10252.856415367,2307.12758381215,1.22502290974779,0.563387553277043,8023.23990055374,819,VCVS,BPF
ACTIVE_OTHER_CASCADED_VCVS,7006.89882287621,7006.89882287621,3934.32528696477,5.604827270029e-10,5.604827270029e-10,4.87851801673832e-10,10026.0434988149,3622.62519137977,1.77044185071504,0.748847621102256,61723.1752603726,2575,ACTIVE_OTHER,BSF
PASSIVE_RC,235989.85740358,NaN,NaN,2.406594417214e-10,NaN,NaN,NaN,NaN,1,NaN,2802.35976463273,17,PASSIVE,HPF
ACTIVE_OTHER_CASCADED_VCVS,70252.8797402133,70252.8797402133,3267.05834903366,6.64094450861182e-12,6.64094450861182e-12,3.73643606341465e-10,10174.9526530966,12635.3963591812,3.65320932307658,1.02431957866947,235756.654500909,2286,ACTIVE_OTHER,HPF
VCVS_BPF,806985.413872205,806985.413872205,NaN,4.13271511973896e-10,4.13271511973896e-10,NaN,10090.1398553756,4531.75754896769,1.44912732766071,0.644798259609301,477.220374858787,1159,VCVS,BPF
PASSIVE_RC,1668.48285401898,NaN,NaN,3.27814711438699e-12,NaN,NaN,NaN,NaN,1,NaN,29098455.9046491,679,PASSIVE,LPF
ACTIVE_OTHER_CASCADED_VCVS,39731.1550293573,39731.1550293573,67147.719009153,5.36261995351917e-10,5.36261995351917e-10,1.26866647812931e-11,9771.23434258325,13088.5746595904,4.45647626533149,1.21357545090596,97148.8044372755,2461,ACTIVE_OTHER,BPF
MFB_BPF,18579.6331959232,6681855662.9423,NaN,3.62022085438752e-11,2.79315744329449e-11,NaN,NaN,NaN,-1926936.697535,297.343439261556,449.197962372752,2034,MFB,BPF
ACTIVE_OTHER_CASCADED_VCVS,81249.1457166872,81249.1457166872,382468.435504496,1.33305677263801e-10,1.33305677263801e-10,4.00565484843825e-12,9835.51192613132,1647.57254214343,2.12400354883488,0.696314742585911,59289.494253439,2106,ACTIVE_OTHER,LPF
PASSIVE_RLC_BSF,32.1641583105159,NaN,NaN,1.50317331163237e-10,NaN,NaN,NaN,NaN,1,10,3179.33365595872,693,PASSIVE,BSF
MFB_HPF,1132.08414852093,5580470.4815483,NaN,3.80979334415928e-11,9.97987134714047e-10,1.0908411994529e-10,NaN,NaN,-2.8632555650958,0.00143323503789194,6068.79030862033,1598,MFB,HPF
MFB_BPF,3003.46580096292,884971.153006466,NaN,2.62758464602647e-11,3.98672081641644e-10,NaN,NaN,NaN,-835144.230149461,4.13431692284718,30161.8488472754,1614,MFB,BPF
ACTIVE_OTHER_CASCADED_VCVS,2421.86300426343,2421.86300426343,7424.23965869598,4.47488890446749e-12,4.47488890446749e-12,1.05832584607065e-10,10203.3082370958,1160.49363264811,1.70772476712358,0.605982368054032,7444021.46134334,2277,ACTIVE_OTHER,LPF
ACTIVE_OTHER_CASCADED_VCVS,5345.09868406069,5345.09868406069,34999.6822435279,3.7248175756213e-11,3.7248175756213e-11,3.73534178380342e-10,9835.17619161548,9528.65625600911,2.302434101795,0.758028629599313,405782.523583023,2703,ACTIVE_OTHER,HPF
ACTIVE_OTHER_CASCADED_VCVS,59259.7490191331,59259.7490191331,222521.554571942,7.96793732059715e-11,7.96793732059715e-11,1.65481128792425e-11,9978.81919028906,3469.4305270907,2.68455921248516,0.798629794465221,38464.0162326431,2118,ACTIVE_OTHER,LPF
PASSIVE_RC,854080.032858993,NaN,NaN,8.45025263838969e-12,NaN,NaN,NaN,NaN,1,NaN,22052.1973041387,641,PASSIVE,LPF
VCVS_BSF,2023.80549595424,2023.80549595424,NaN,3.37365053545529e-10,3.37365053545529e-10,NaN,10088.2400473963,2926.31368776028,1.29007177406683,0.704296549616366,233104.827209372,951,VCVS,BSF
VCVS_BPF,63711.5423758789,63711.5423758789,NaN,2.52926220930634e-10,2.52926220930634e-10,NaN,10062.7898307456,10566.6737145269,2.05007397473828,1.05271355179945,9876.61574425054,1245,VCVS,BPF
VCVS_LPF,69415.1154256984,69415.1154256984,NaN,1.51058965518664e-10,1.51058965518664e-10,NaN,10085.8900247369,9092.29052437957,1.90148618536188,0.910320823165461,15178.1756793776,1151,VCVS,LPF
VCVS_BPF,51669.1428444042,51669.1428444042,NaN,8.50999664580083e-10,8.50999664580083e-10,NaN,10242.4519085094,9540.78238638566,1.93149398909642,0.935886171715922,3619.59088408981,1215,VCVS,BPF
MFB_BPF,16059.1360775031,1435.42174582739,NaN,1.27879688375539e-10,1.25682845545058e-10,NaN,NaN,NaN,-495452.263683981,0.149479754358787,261475.194590274,1575,MFB,BPF
VCVS_LPF,5651.47110328616,5651.47110328616,NaN,5.18140014759759e-12,5.18140014759759e-12,NaN,10103.4039157845,9054.60786396389,1.89619379166044,0.905956129295818,5435149.40997498,1078,VCVS,LPF
MFB_HPF,39008.0995488516,42349.1881589722,NaN,1.22587249678379e-11,6.51329140829732e-10,5.77240231000219e-11,NaN,NaN,-4.70881133653518,0.0547897124614452,20194.8969026839,1925,MFB,HPF
VCVS_LPF,15504.0516179478,15504.0516179478,NaN,6.424842491722e-10,6.424842491722e-10,NaN,10140.0049521298,12533.8639994898,2.23608065860532,1.30903872413324,15977.6329809179,1047,VCVS,LPF
MFB_HPF,22993.3620063985,38311.6850757112,NaN,1.30999685513355e-10,9.309394965327e-11,5.63022929568104e-11,NaN,NaN,-0.42978952763265,0.465405861783014,74067.8088136053,1423,MFB,HPF
ACTIVE_OTHER_CASCADED_VCVS,72101.7375019238,72101.7375019238,9085.16942615721,6.11013446354048e-10,6.11013446354048e-10,1.01973551989985e-12,10010.9754728627,560.222656199923,2.05623232272126,0.732148402936698,8591339.42646672,2309,ACTIVE_OTHER,BPF
PASSIVE_RC,300729.406499231,NaN,NaN,6.03540903043441e-10,NaN,NaN,NaN,NaN,1,NaN,876.874672373489,134,PASSIVE,LPF
VCVS_LPF,59998.4475774088,59998.4475774088,NaN,6.71861545516271e-10,6.71861545516271e-10,NaN,9827.2009927238,2582.86994707296,1.26282864764701,0.575648452091675,3948.21081291291,914,VCVS,LPF
PASSIVE_RLC_BSF,2881.59666937208,NaN,NaN,5.27588301806465e-10,NaN,NaN,NaN,NaN,1,0.2,920672.802802531,294,PASSIVE,BSF
PASSIVE_RC,577246.182183288,NaN,NaN,6.44006216746512e-11,NaN,NaN,NaN,NaN,1,NaN,4281.23436369682,399,PASSIVE,HPF
MFB_BPF,12756.7698904983,650.383355295916,NaN,1.28637252495222e-10,5.79952988038579e-11,NaN,NaN,NaN,-1351656.96908098,0.104497699167521,639713.165482036,1680,MFB,BPF
VCVS_BSF,100414.673676274,100414.673676274,NaN,6.0448793143532e-11,6.0448793143532e-11,NaN,9904.20955925324,4575.59788783703,1.46198516504148,0.929342403799238,26220.1586882652,725,VCVS,BSF
VCVS_BSF,9354.03288548527,9354.03288548527,NaN,1.35353854650006e-10,1.35353854650006e-10,NaN,9849.90714789053,4767.50676051098,1.48401540125503,0.969021170818173,125704.43806995,1366,VCVS,BSF
ACTIVE_OTHER_CASCADED_VCVS,18901.5544525378,18901.5544525378,151616.724464868,6.14216653935737e-12,6.14216653935737e-12,6.81578506225047e-10,10111.5594339313,3545.3435975192,1.90570659270397,0.809420638276904,686212.560828181,2363,ACTIVE_OTHER,BSF
PASSIVE_RC,1167.85930777448,NaN,NaN,1.62675742729801e-12,NaN,NaN,NaN,NaN,1,NaN,83773528.2839499,379,PASSIVE,HPF
PASSIVE_RC,5683.02612448289,NaN,NaN,1.38945436926503e-10,NaN,NaN,NaN,NaN,1,NaN,201556.213230243,24,PASSIVE,LPF
VCVS_HPF,233734.79338547,233734.79338547,NaN,3.09220907241988e-10,3.09220907241988e-10,NaN,9944.29152689251,6345.76339714417,1.63813127159267,0.73428516210184,2202.0537527924,862,VCVS,HPF
MFB_BPF,12788.5373770779,15808518.9233628,NaN,1.40064264637345e-11,3.68604561445983e-10,NaN,NaN,NaN,-212137.974364651,6.60270266600208,4926.29115418962,1762,MFB,BPF
ACTIVE_OTHER_CASCADED_VCVS,465805.613784896,465805.613784896,4715.7726502028,5.66362509491214e-11,5.66362509491214e-11,4.66291507170058e-12,9897.63755704111,5262.10320616627,3.05403224602462,0.837510044555303,3621942.98386383,2409,ACTIVE_OTHER,BPF
ACTIVE_OTHER_CASCADED_VCVS,565269.332958625,565269.332958625,848032.919801103,5.56495017283889e-11,5.56495017283889e-11,1.76757339635399e-11,10022.4163784582,12707.5786635841,4.73298153191022,1.23058463795355,7838.56974246584,2145,ACTIVE_OTHER,LPF
VCVS_LPF,120496.617186276,120496.617186276,NaN,2.94990982414102e-10,2.94990982414102e-10,NaN,10277.6279109887,1816.1628951206,1.17671031787197,0.548459199765152,4477.509713605,1036,VCVS,LPF
PASSIVE_RC,145053.548860986,NaN,NaN,3.79796106569004e-12,NaN,NaN,NaN,NaN,1,NaN,288895.824349567,275,PASSIVE,HPF
MFB_BPF,5021.81444468734,807707.423859091,NaN,2.26781892267306e-10,2.12718733378388e-10,NaN,NaN,NaN,-936124.475135296,6.33788369692419,11377.7321880269,2004,MFB,BPF
ACTIVE_OTHER_CASCADED_VCVS,1930.42037172524,1930.42037172524,24270.4981007018,2.17321063609055e-12,2.17321063609055e-12,2.67537510341941e-10,9914.79553655858,11883.4770475621,4.98676602615223,1.30712051764885,18980905.3287255,2538,ACTIVE_OTHER,HPF
VCVS_BPF,5464.32813269571,5464.32813269571,NaN,8.80813519915477e-10,8.80813519915477e-10,NaN,10142.2815294348,12209.3207021772,2.20380416050802,1.25597240075766,33067.3497325833,1025,VCVS,BPF
MFB_BPF,1200.30244175952,8005761478.84842,NaN,2.02938088182536e-10,5.25142746386175e-11,NaN,NaN,NaN,-15864702.749646,1043.6779843039,497.339548306302,1927,MFB,BPF
MFB_BPF,23807.6727944008,469.898845460506,NaN,9.30503856542404e-11,1.17755366026353e-10,NaN,NaN,NaN,-356699.374830538,0.0697606795396226,454579.689884735,1820,MFB,BPF
PASSIVE_RC,40635.8371478663,NaN,NaN,8.88001646393527e-10,NaN,NaN,NaN,NaN,1,NaN,4410.59468193664,193,PASSIVE,HPF
VCVS_BSF,15934.0766982671,15934.0766982671,NaN,2.38946898122278e-10,2.38946898122278e-10,NaN,10127.9228372367,3350.17467998906,1.33078596014493,0.74714511385368,41801.4966308144,1131,VCVS,BSF
MFB_BPF,4314.70895517679,40182247197.5412,NaN,3.64419454239587e-11,1.33142447134389e-11,NaN,NaN,NaN,-17407321.8398792,1350.9935727199,548.742027916202,1596,MFB,BPF
MFB_BPF,8960.03908026319,101.37324101337,NaN,2.8630957895758e-10,7.63682683226205e-10,NaN,NaN,NaN,-146142.708903638,0.0473690882796001,357132.277437159,1854,MFB,BPF
MFB_BPF,1962.7302596828,755943.369797943,NaN,2.23346822496355e-10,1.89507688474198e-10,NaN,NaN,NaN,-2688515.51813504,9.77958879316159,20083.6148954655,1866,MFB,BPF
PASSIVE_RC,277441.593325094,NaN,NaN,4.25413564882105e-11,NaN,NaN,NaN,NaN,1,NaN,13484.5739051674,513,PASSIVE,LPF
ACTIVE_OTHER_CASCADED_VCVS,52880.4832774378,52880.4832774378,6336.41745879425,1.39168462430788e-12,1.39168462430788e-12,9.23739991644985e-11,10163.6903748075,9984.58249136554,3.92907379349611,0.98250085953232,1217274.58832632,2666,ACTIVE_OTHER,LPF
PASSIVE_RC,3530.76448651328,NaN,NaN,1.09759227020603e-11,NaN,NaN,NaN,NaN,1,NaN,4106864.19679668,605,PASSIVE,LPF
VCVS_BSF,346595.014022897,346595.014022897,NaN,8.64354783047081e-11,8.64354783047081e-11,NaN,9977.07126838305,2220.64979791902,1.22257531676216,0.643149118854301,5312.58364845269,987,VCVS,BSF
PASSIVE_RC,2026.29534698874,NaN,NaN,4.79497208768325e-12,NaN,NaN,NaN,NaN,1,NaN,16380656.415145,312,PASSIVE,HPF
PASSIVE_RC,38647.1001321183,NaN,NaN,2.42219120253652e-11,NaN,NaN,NaN,NaN,1,NaN,170017.958410685,42,PASSIVE,LPF
ACTIVE_OTHER_CASCADED_VCVS,54483.6007892226,54483.6007892226,5594.43586362755,2.46081701494486e-11,2.46081701494486e-11,6.13443568265555e-11,9892.49292106582,2796.91509955548,1.65219926772009,0.583221601336196,291231.145103547,2334,ACTIVE_OTHER,HPF
MFB_HPF,6331.79240256866,1432115.47507254,NaN,9.89016268393656e-12,1.02893037577188e-11,4.1683634382858e-11,NaN,NaN,-4.21465608958686,0.00528148767681317,80703.4304998855,1421,MFB,HPF
VCVS_LPF,6106.52339187676,6106.52339187676,NaN,1.78230331892904e-12,1.78230331892904e-12,NaN,9968.63910671729,12424.4493222326,2.24635360847404,1.32688222387058,14623269.7304884,785,VCVS,LPF
PASSIVE_RLC_BSF,2256.68881778806,NaN,NaN,1.62653953721351e-12,NaN,NaN,NaN,NaN,1,10,19078.3971200691,386,PASSIVE,BSF
PASSIVE_RC,2674.12022196092,NaN,NaN,1.59574855439271e-10,NaN,NaN,NaN,NaN,1,NaN,372970.724160649,557,PASSIVE,LPF
ACTIVE_OTHER_CASCADED_VCVS,10048.2004182125,10048.2004182125,539254.694075423,6.54042772459827e-10,6.54042772459827e-10,5.28375863797481e-10,9858.59195482263,11571.4692930899,4.40289079404595,1.1182164065691,12387.9377848962,2438,ACTIVE_OTHER,HPF
VCVS_HPF,237207.19254951,237207.19254951,NaN,4.20817181951988e-12,4.20817181951988e-12,NaN,9949.12123402708,14109.4125853563,2.41815666464095,1.71867569709793,159440.561234315,811,VCVS,HPF
ACTIVE_OTHER_CASCADED_VCVS,773401.814228598,773401.814228598,1665.70968958268,1.96306346176478e-11,1.96306346176478e-11,1.84214246181271e-10,9970.08859791422,643.765720012373,1.57342714882319,0.74617795919381,264580.307773589,2571,ACTIVE_OTHER,BSF
PASSIVE_RLC_BPF,30.8535754879904,NaN,NaN,1.87794434435865e-12,NaN,NaN,NaN,NaN,1,10,437.7025307731,55,PASSIVE,BPF
VCVS_BSF,285315.387460585,285315.387460585,NaN,1.33603921911283e-10,1.33603921911283e-10,NaN,9750.96044845035,3561.29361977587,1.36522490667489,0.78768055844926,4175.18506463051,1236,VCVS,BSF
VCVS_BPF,162565.286224956,162565.286224956,NaN,1.90170532004014e-10,1.90170532004014e-10,NaN,9802.83196754069,1642.21823219823,1.16752487828374,0.545710000724823,5148.12516419201,1003,VCVS,BPF
VCVS_HPF,14818.9685602979,14818.9685602979,NaN,2.18684700668357e-10,2.18684700668357e-10,NaN,10060.4555559825,8043.90888316561,1.79955712128585,0.833025892136699,49111.5628246256,1184,VCVS,HPF
PASSIVE_RLC_BPF,1015.28975368414,NaN,NaN,6.20011863529311e-11,NaN,NaN,NaN,NaN,1,10,5014.61701641727,571,PASSIVE,BPF
VCVS_BSF,1127.59887342933,1127.59887342933,NaN,2.43791736184197e-10,2.43791736184197e-10,NaN,10205.5583874869,2882.36007312648,1.28243041327955,0.69679653270309,578957.278451637,821,VCVS,BSF
VCVS_BSF,4040.55872427124,4040.55872427124,NaN,2.02840648729378e-10,2.02840648729378e-10,NaN,10201.623916326,7610.75763857228,1.74603393547889,1.96876697263797,194188.594201149,1007,VCVS,BSF
MFB_BPF,57139.0355408548,872.107159284947,NaN,1.2598709012501e-10,8.85065222071021e-11,NaN,NaN,NaN,-197738.765544737,0.0608211700027267,213509.937011852,1789,MFB,BPF
MFB_HPF,7914.2130343607,17371319849.9517,NaN,3.45227510754021e-10,1.82588812712884e-10,4.04743782260594e-11,NaN,NaN,-0.11723972442885,0.000870902015850939,157.896564158961,1506,MFB,HPF
PASSIVE_RLC_BPF,214.398174265957,NaN,NaN,2.89327286079573e-10,NaN,NaN,NaN,NaN,1,10,9424.86975353219,554,PASSIVE,BPF
MFB_BPF,60713.1523266593,519926409.327284,NaN,3.05705154939186e-11,2.88086500358978e-11,NaN,NaN,NaN,-571734.381382635,46.2496331605678,954.541833585964,1835,MFB,BPF
VCVS_LPF,38670.2855903403,38670.2855903403,NaN,2.13650816398271e-11,2.13650816398271e-11,NaN,10026.9203120015,4605.2695838842,1.45929053394112,0.649051636294536,192636.329903651,739,VCVS,LPF
MFB_BPF,1293.00944791941,1642707.09519015,NaN,7.52534297850772e-11,9.95835407875049e-12,NaN,NaN,NaN,-77662387.5487057,11.4508174555058,126148.556379325,2089,MFB,BPF
ACTIVE_OTHER_CASCADED_VCVS,106499.443069938,106499.443069938,74850.9873776503,2.17105745446894e-10,2.17105745446894e-10,1.43279613198981e-10,9875.81867398858,1356.70300836131,1.97416782550594,1.23578337921056,10861.7612912599,2602,ACTIVE_OTHER,BSF
MFB_HPF,12800.8769878239,1269687217.45995,NaN,4.01174686413598e-10,1.0369843204519e-09,5.20875098185261e-11,NaN,NaN,-0.129837478740684,0.00381387269162186,169.863083430409,1608,MFB,HPF
MFB_BPF,9198.86494201496,1052375.31931891,NaN,2.41238525245069e-10,1.32020580941351e-10,NaN,NaN,NaN,-823425.131702461,5.11389664323466,9064.07584789726,1635,MFB,BPF
VCVS_LPF,5616.58428927586,5616.58428927586,NaN,1.17849674693862e-12,1.17849674693862e-12,NaN,10158.04753485,8565.4335429428,1.84321652498246,0.864466014251141,24044705.5315505,1081,VCVS,LPF
PASSIVE_RLC_BPF,31.0278249444002,NaN,NaN,4.55671196030933e-12,NaN,NaN,NaN,NaN,1,10,140314.519814425,617,PASSIVE,BPF
VCVS_BSF,20350.805219974,20350.805219974,NaN,3.33464935172917e-10,3.33464935172917e-10,NaN,9982.64541220792,5134.77894571946,1.51437056348211,1.02959162357444,23452.457667443,1379,VCVS,BSF
PASSIVE_RC,97412.2849794813,NaN,NaN,8.26539550539306e-10,NaN,NaN,NaN,NaN,1,NaN,1976.70909865886,9,PASSIVE,HPF
MFB_LPF,20.9704288929505,73535.0790312284,49.0801148132167,1.21231927265138e-11,8.92647903645688e-10,NaN,NaN,NaN,-2.34044401589305,0.000901120666453386,805325.527094528,1551,MFB,LPF
MFB_HPF,3659.45297294425,1270180.2552652,NaN,4.77586473227151e-10,6.22092650029784e-11,3.99509114804976e-11,NaN,NaN,-0.0836516813605313,0.0551764005402498,46826.1537195148,1632,MFB,HPF
PASSIVE_RC,945435.045621509,NaN,NaN,9.99614869499112e-12,NaN,NaN,NaN,NaN,1,NaN,16840.5289044488,6,PASSIVE,LPF
ACTIVE_OTHER_CASCADED_VCVS,41135.9517957923,41135.9517957923,1074.08618358674,1.44345003006797e-10,1.44345003006797e-10,7.98519238084672e-12,9815.99805610098,3326.29967017777,2.23128397688211,0.675965867791437,9291642.3402558,2233,ACTIVE_OTHER,BPF
MFB_HPF,1784.32190795374,3912.37019164168,NaN,8.58098996069979e-10,3.60270251511327e-11,1.77028822816058e-10,NaN,NaN,-0.206303496014837,0.244058524650584,754270.921096522,1593,MFB,HPF
ACTIVE_OTHER_CASCADED_VCVS,4886.86912479479,4886.86912479479,3427.69115360033,9.5363097484167e-10,9.5363097484167e-10,2.72784115066846e-12,10105.605729711,4428.48034881854,2.34594005868964,1.12278016482039,8527855.94538931,2696,ACTIVE_OTHER,BSF
VCVS_BSF,1957.96634910148,1957.96634910148,NaN,2.62498079412731e-11,2.62498079412731e-11,NaN,9775.59666058638,947.487004056317,1.09692370061425,0.553663074028281,3096626.15735856,973,VCVS,BSF
ACTIVE_OTHER_CASCADED_VCVS,10181.1564371764,10181.1564371764,50233.3008007927,1.46886511260259e-12,1.46886511260259e-12,9.37111170346253e-11,9741.16749465636,2748.42994421382,2.15474281872715,1.13091756899062,5338123.40409628,2758,ACTIVE_OTHER,BSF
VCVS_BPF,24464.0555517,24464.0555517,NaN,4.53898001239596e-11,4.53898001239596e-11,NaN,9944.74693078878,5371.25060473036,1.54010933029387,0.684982800938989,143328.780947694,1092,VCVS,BPF
PASSIVE_RC,11438.5127032587,NaN,NaN,8.38023607503122e-11,NaN,NaN,NaN,NaN,1,NaN,166032.963538391,644,PASSIVE,HPF
VCVS_BSF,10678.2358217728,10678.2358217728,NaN,5.60817088627044e-10,5.60817088627044e-10,NaN,9983.51572645383,6070.66903753716,1.6080692617583,1.2757356114581,26576.5978841663,880,VCVS,BSF
VCVS_HPF,11539.4296921612,11539.4296921612,NaN,2.05490202163698e-11,2.05490202163698e-11,NaN,9995.82821825039,2515.24557046018,1.25162953139469,0.571961159237441,671188.747334459,982,VCVS,HPF
PASSIVE_RLC_BSF,111.632037404524,NaN,NaN,4.0895096074957e-12,NaN,NaN,NaN,NaN,1,10,320436.444508957,645,PASSIVE,BSF
VCVS_BPF,1353.03531224678,1353.03531224678,NaN,1.62804728758172e-11,1.62804728758172e-11,NaN,9862.16165223074,9529.12392343461,1.96623075746068,0.967333867995176,7225102.04608588,889,VCVS,BPF
VCVS_BSF,579317.415802266,579317.415802266,NaN,6.96427150317736e-12,6.96427150317736e-12,NaN,10285.0475804835,4040.44848347363,1.39284684410606,0.823515442761436,39448.2601066307,1099,VCVS,BSF
VCVS_BPF,64415.9842863684,64415.9842863684,NaN,4.02283542283658e-10,4.02283542283658e-10,NaN,10207.1538574643,13908.361152947,2.36260914131083,1.56889604920999,6141.77947522558,1011,VCVS,BPF
VCVS_BPF,16475.7708399974,16475.7708399974,NaN,3.7608904114213e-10,3.7608904114213e-10,NaN,10150.8504754242,4580.90339928082,1.45128271866199,0.645695642484247,25685.2448555471,955,VCVS,BPF
VCVS_HPF,76331.266150708,76331.266150708,NaN,2.92276315040065e-10,2.92276315040065e-10,NaN,10057.1344333614,3784.99425802853,1.37634917611054,0.61589597054156,7133.85112843262,1079,VCVS,HPF
PASSIVE_RC,2035.93773917334,NaN,NaN,9.77036600316341e-10,NaN,NaN,NaN,NaN,1,NaN,80010.0986655057,49,PASSIVE,HPF
ACTIVE_OTHER_CASCADED_VCVS,50439.0674929967,50439.0674929967,19436.1530420243,1.87575434113012e-10,1.87575434113012e-10,3.57827465014194e-11,10240.3406990186,7235.38863972072,1.98878815540226,1.15149298592802,122832.099570026,2390,ACTIVE_OTHER,BSF
PASSIVE_RC,71261.7741755042,NaN,NaN,4.19106966676486e-12,NaN,NaN,NaN,NaN,1,NaN,532891.288978508,525,PASSIVE,HPF
ACTIVE_OTHER_CASCADED_VCVS,1106.35913000184,1106.35913000184,96305.4323949204,1.01038576285519e-10,1.01038576285519e-10,2.8811566097104e-12,9904.21132926422,3855.77849131714,1.7410469265546,0.596659233009103,998675.603808733,2545,ACTIVE_OTHER,HPF
MFB_LPF,102870.504522193,22848.523420576,283527.182992888,3.34320158132968e-10,2.84172114091668e-10,NaN,NaN,NaN,-2.75615624040922,0.236362784450371,6415.36986381074,1968,MFB,LPF
MFB_LPF,926.082602683291,5346.96909581586,2931.53147666157,1.02543539595663e-10,2.52070396608793e-11,NaN,NaN,NaN,-3.16551835459122,0.316823566059477,790685.799913426,1790,MFB,LPF
MFB_HPF,20887.9384002096,29169363382.1816,NaN,9.94075098608163e-12,1.16500837435047e-11,4.42311829033088e-11,NaN,NaN,-4.44948102665868,6.55892348518617e-05,284.0403679377,1737,MFB,HPF
MFB_LPF,675681135.78398,3587.97514524244,2058224343.74143,8.71719686648068e-11,1.07839230706119e-10,NaN,NaN,NaN,-3.04614741294103,0.00118706727064208,604.049105919956,1999,MFB,LPF
MFB_LPF,14546.0846029958,12861.3934014735,29712.0551958444,8.88341891604772e-10,7.32755636284872e-10,NaN,NaN,NaN,-2.04261531585793,0.312645859777365,10091.1373789215,1436,MFB,LPF
ACTIVE_OTHER_CASCADED_VCVS,78395.7838201505,78395.7838201505,14901.3948162423,5.05146439178454e-11,5.05146439178454e-11,7.09663412161649e-11,10384.554249982,13729.8800394052,4.09808725053645,1.14240827054339,95345.3797279617,2574,ACTIVE_OTHER,LPF
MFB_BPF,1904.4589969671,1823444.16706187,NaN,1.0918407955504e-10,1.7295088803024e-10,NaN,NaN,NaN,-3036026.63287979,15.0710865110613,19653.8223661377,1679,MFB,BPF
PASSIVE_RLC_BPF,3961.18300481921,NaN,NaN,1.24437943359729e-10,NaN,NaN,NaN,NaN,1,10,30770.8737371483,440,PASSIVE,BPF
VCVS_BSF,495895.799843,495895.799843,NaN,2.85221199668093e-10,2.85221199668093e-10,NaN,10038.691747578,2113.23764919634,1.21050926777448,0.633319657332181,1125.24709264605,1238,VCVS,BSF
VCVS_BSF,716483.391167341,716483.391167341,NaN,9.35294933808097e-10,9.35294933808097e-10,NaN,9865.22573137647,6437.81530578875,1.65257658375857,1.43916609136252,237.500988902714,1062,VCVS,BSF
ACTIVE_OTHER_CASCADED_VCVS,55731.9997662581,55731.9997662581,50834.2865119828,1.06534067377947e-12,1.06534067377947e-12,5.74143635542757e-12,10010.829078578,1934.91495870633,1.65963315779256,0.720281164326804,1612939.13047111,2761,ACTIVE_OTHER,BSF
MFB_BPF,8913.08116483071,160836243.925946,NaN,1.55652632556459e-10,8.06828524718836e-11,NaN,NaN,NaN,-1390563.72112497,63.6968496203308,1186.16575789253,1413,MFB,BPF
PASSIVE_RC,138219.513623257,NaN,NaN,2.15841035213212e-11,NaN,NaN,NaN,NaN,1,NaN,53347.8296780702,184,PASSIVE,HPF
PASSIVE_RC,47792.8133466128,NaN,NaN,5.67716266329974e-12,NaN,NaN,NaN,NaN,1,NaN,586578.576819599,88,PASSIVE,LPF
VCVS_HPF,6574.13770619771,6574.13770619771,NaN,5.56946511914462e-12,5.56946511914462e-12,NaN,10184.4488985328,6074.97262482927,1.59649497830996,0.712501903837754,4346781.86431924,790,VCVS,HPF
ACTIVE_OTHER_CASCADED_VCVS,271178.27468214,271178.27468214,24318.6477117611,1.88747099229538e-11,1.88747099229538e-11,3.70241523947362e-10,9925.27523817002,5202.23558304278,2.31519720891763,1.04513536871931,24385.5351261142,2221,ACTIVE_OTHER,BSF
ACTIVE_OTHER_CASCADED_VCVS,23681.9799187584,23681.9799187584,93806.6955649579,5.22091029458315e-11,5.22091029458315e-11,6.99144893697886e-10,9881.80339364549,6614.07865873493,2.86282726428942,0.764842570374232,65574.8197491411,2242,ACTIVE_OTHER,HPF
ACTIVE_OTHER_CASCADED_VCVS,958403.250178498,958403.250178498,1478.48133394633,1.09062355918643e-11,1.09062355918643e-11,1.1462305087769e-10,10002.4417228283,6760.92218159278,2.01972100894259,1.08595095670794,477185.340212333,2721,ACTIVE_OTHER,BSF
VCVS_LPF,653569.722786748,653569.722786748,NaN,1.99845828374888e-12,1.99845828374888e-12,NaN,10121.5229540028,10848.2038650673,2.07179560964955,1.07734892271134,121852.128446393,740,VCVS,LPF
VCVS_BPF,16167.4704409736,16167.4704409736,NaN,9.94789189532163e-12,9.94789189532163e-12,NaN,9690.04746565914,13460.2995906268,2.38908500070089,1.6368889307797,989571.089785616,812,VCVS,BPF
MFB_LPF,3402309.01410136,93980.0859867317,10929094.0935645,1.19626112037715e-10,1.89690022605712e-10,NaN,NaN,NaN,-3.21225792491726,0.0710663450919776,1042.49718747679,1661,MFB,LPF
VCVS_BSF,8092.49978987979,8092.49978987979,NaN,1.02333127065624e-12,1.02333127065624e-12,NaN,9782.40078442601,3353.44335814639,1.34280371782408,0.760807712339059,19218575.2913818,1283,VCVS,BSF
VCVS_LPF,14335.0827830282,14335.0827830282,NaN,2.80167413414756e-11,2.80167413414756e-11,NaN,9758.48703141036,2601.67710186882,1.2666066054599,0.576903086829473,396280.138178478,901,VCVS,LPF
VCVS_BPF,545880.644410201,545880.644410201,NaN,1.64709908917577e-12,1.64709908917577e-12,NaN,10189.9454163688,4972.22882682876,1.48795441228189,0.661355721099084,177011.99999684,1017,VCVS,BPF
ACTIVE_OTHER_CASCADED_VCVS,1940.66773664691,1940.66773664691,3902.11158515968,1.50131282428331e-10,1.50131282428331e-10,6.50549736913912e-12,9736.12127818965,11270.9544403056,3.27800050567562,0.931239527815038,3407929.74214115,2573,ACTIVE_OTHER,LPF
MFB_BPF,17814.1726250351,120.755114700282,NaN,7.22956940755382e-10,7.08472438913714e-10,NaN,NaN,NaN,-79233.9639643389,0.0411640131396184,151623.612713131,1705,MFB,BPF
MFB_BPF,2245.79719560407,52422.0695305366,NaN,9.69914798431254e-10,5.4249305842393e-11,NaN,NaN,NaN,-8207960.90802038,1.08209688971723,63946.0756992071,1998,MFB,BPF
ACTIVE_OTHER_CASCADED_VCVS,57340.1239207359,57340.1239207359,10839.7740109036,5.44729986375901e-10,5.44729986375901e-10,2.15558133404054e-10,10000.8454341702,4567.42277269931,1.8601617807824,0.805919479256442,36604.6411360388,2800,ACTIVE_OTHER,BSF
PASSIVE_RC,96416.800033872,NaN,NaN,1.54425918460087e-10,NaN,NaN,NaN,NaN,1,NaN,10689.2497668312,660,PASSIVE,HPF
ACTIVE_OTHER_CASCADED_VCVS,131404.037660551,131404.037660551,20111.3444668092,9.73021635808253e-13,9.73021635808253e-13,2.38570140179136e-10,9744.45842875465,4815.55993766881,2.88957886504484,0.801037935532878,638970.397006037,2719,ACTIVE_OTHER,BPF
MFB_LPF,22040362172.2841,14919.0172088839,52892911623.3587,1.01721690955986e-11,2.65322694405865e-10,NaN,NaN,NaN,-2.39982043897046,0.000103989751341033,109.057942992431,1844,MFB,LPF
PASSIVE_RC,35825.7963201563,NaN,NaN,4.22448761690925e-11,NaN,NaN,NaN,NaN,1,NaN,105159.917746413,270,PASSIVE,LPF
VCVS_LPF,311087.792156154,311087.792156154,NaN,3.92431812662135e-10,3.92431812662135e-10,NaN,9695.25589659059,3416.35455466934,1.35237384047498,0.606933796370581,1303.6858643253,872,VCVS,LPF
PASSIVE_RC,549666.237657714,NaN,NaN,3.9156063287408e-11,NaN,NaN,NaN,NaN,1,NaN,7394.72534225512,76,PASSIVE,LPF
ACTIVE_OTHER_CASCADED_VCVS,127927.140661122,127927.140661122,5389.19543179071,3.43027742312889e-12,3.43027742312889e-12,3.05955168571449e-12,9871.4190886973,7740.31991194226,2.10146214180355,0.685627599673622,5007576.29207034,2393,ACTIVE_OTHER,HPF
PASSIVE_RC,3848.83880941747,NaN,NaN,2.59661713765244e-11,NaN,NaN,NaN,NaN,1,NaN,1592511.17826392,358,PASSIVE,LPF
VCVS_HPF,4742.20170572185,4742.20170572185,NaN,2.16727082840054e-12,2.16727082840054e-12,NaN,10219.8879399344,5268.37144307592,1.51550187967225,0.673628336948797,15485560.3064629,1320,VCVS,HPF
VCVS_BSF,1586.64902536325,1586.64902536325,NaN,3.98327050603022e-10,3.98327050603022e-10,NaN,10030.3276725305,6642.54413140557,1.6622459752334,1.48036725941466,251825.359015301,764,VCVS,BSF
ACTIVE_OTHER_CASCADED_VCVS,22005.6117942858,22005.6117942858,251246.854236374,8.35709465005153e-12,8.35709465005153e-12,6.06108513748175e-12,9962.62522899045,13088.8823741737,4.97159162700567,1.31596593273599,484970.775426718,2752,ACTIVE_OTHER,LPF
PASSIVE_RLC_BSF,412.455772629834,NaN,NaN,2.337999210845e-12,NaN,NaN,NaN,NaN,1,10,9955.81266931866,315,PASSIVE,BSF
VCVS_BSF,28895.4645932731,28895.4645932731,NaN,1.12341472729689e-12,1.12341472729689e-12,NaN,10200.4687582989,2531.257924168,1.24815113737872,0.665027274573215,4902869.53773061,1015,VCVS,BSF
MFB_BPF,19155.5410227327,60.2792017817839,NaN,5.96844135520211e-10,1.70100268994003e-10,NaN,NaN,NaN,-306902.606614521,0.0233053493526941,464842.906833012,1473,MFB,BPF
PASSIVE_RC,191436.872013205,NaN,NaN,1.11805785662593e-12,NaN,NaN,NaN,NaN,1,NaN,743584.39050409,344,PASSIVE,HPF
ACTIVE_OTHER_CASCADED_VCVS,2724.32402818383,2724.32402818383,39676.3504330524,2.4200689888109e-10,2.4200689888109e-10,1.01567492515174e-12,10145.0430607005,4649.34241816203,1.7210764867279,0.599070693012637,2095410.63538739,2121,ACTIVE_OTHER,LPF
ACTIVE_OTHER_CASCADED_VCVS,249731.844768482,249731.844768482,8344.63023216098,1.84986373124558e-10,1.84986373124558e-10,2.30174356519467e-12,10183.9181254819,1773.03442261255,1.81861676214596,0.85695491680647,4144829.10834764,2776,ACTIVE_OTHER,BSF
MFB_HPF,2298.78522205763,4790100847.70841,NaN,4.46807511427477e-11,2.24403676633859e-11,1.88617512348739e-10,NaN,NaN,-4.22144900263956,4.17469716379123e-05,737.212371163559,1893,MFB,HPF
VCVS_HPF,416185.382497423,416185.382497423,NaN,4.26428486282902e-12,4.26428486282902e-12,NaN,10012.4192153185,2775.21748470306,1.27717751574536,0.580442854176376,89678.2449507554,927,VCVS,HPF
PASSIVE_RC,1217.57093113759,NaN,NaN,1.81919590535848e-12,NaN,NaN,NaN,NaN,1,NaN,71853245.7454346,204,PASSIVE,HPF
ACTIVE_OTHER_CASCADED_VCVS,1182.83164353698,1182.83164353698,152863.000321414,6.68834421651192e-12,6.68834421651192e-12,1.69471011931714e-12,9816.37999631742,3168.68082267828,2.30564998469012,1.34197833986434,10366035.4488127,2493,ACTIVE_OTHER,BSF
VCVS_HPF,33892.4471967932,33892.4471967932,NaN,1.06989394150813e-12,1.06989394150813e-12,NaN,10373.9023105883,8637.71567452494,1.83263900275104,0.856633040127802,4389110.10112548,1180,VCVS,HPF
PASSIVE_RLC_BSF,15.9571417182589,NaN,NaN,1.567606780061e-11,NaN,NaN,NaN,NaN,1,10,1802.08433232867,528,PASSIVE,BSF
MFB_HPF,2214.66975586725,4190.83331816693,NaN,5.23260989711225e-11,7.40583344424983e-11,1.02477590287016e-10,NaN,NaN,-1.95844124255414,0.141293256860709,599672.354094501,1993,MFB,HPF
VCVS_BPF,37539.9068747494,37539.9068747494,NaN,9.70258016543809e-13,9.70258016543809e-13,NaN,9880.60616740102,3105.87426420613,1.31434045761821,0.593239604355116,4369580.06065495,1316,VCVS,BPF
PASSIVE_RLC_BSF,17.7264165542838,NaN,NaN,2.8528411163882e-11,NaN,NaN,NaN,NaN,1,10,155625.633369944,417,PASSIVE,BSF
MFB_LPF,15.7047866013091,39811.2599287016,48.5820726881124,6.39210110859984e-11,7.71044136892446e-10,NaN,NaN,NaN,-3.09345640418079,0.00245639179668728,515486.99524616,1578,MFB,LPF
VCVS_HPF,2411.45805653198,2411.45805653198,NaN,5.78383829587251e-11,5.78383829587251e-11,NaN,9869.69552973932,12677.9053842859,2.28452851925218,1.39767974951955,1141101.50114903,1253,VCVS,HPF
VCVS_BSF,74683.0587559575,74683.0587559575,NaN,5.63828612033582e-12,5.63828612033582e-12,NaN,10074.8539509372,6057.34198137849,1.60123372615391,1.25386732227257,377964.424305439,801,VCVS,BSF
MFB_BPF,13745.1990186856,22463831991.7307,NaN,7.02850262835132e-11,1.07504520699841e-10,NaN,NaN,NaN,-676740.612798684,625.035883506342,104.197650126201,1410,MFB,BPF
ACTIVE_OTHER_CASCADED_VCVS,45547.6056180237,45547.6056180237,102727.633269273,8.49288127153411e-10,8.49288127153411e-10,7.49978100033784e-10,9890.12151145689,6711.11658802977,3.85266741259095,1.08780975942199,3090.05739049867,2226,ACTIVE_OTHER,HPF
PASSIVE_RLC_BSF,570.339390927754,NaN,NaN,5.98037740796068e-10,NaN,NaN,NaN,NaN,1,6.39130720185455,73007.6684699984,460,PASSIVE,BSF
VCVS_BPF,831611.686568346,831611.686568346,NaN,1.27299774113146e-10,1.27299774113146e-10,NaN,9951.76237672566,9648.95423504891,1.96957241037176,0.970470909421964,1503.39089194832,1322,VCVS,BPF
MFB_LPF,1275076519.65726,2030.55333887728,3869848507.3342,7.69639133009627e-10,2.945770283477e-11,NaN,NaN,NaN,-3.03499315348888,0.00370257131330495,377.070832111018,1724,MFB,LPF
