SampleID,FamilyLabel,ResponseType,Topology,EquationSource,R1,R2,R3,C1,C2,C3,L1,RA,RB,K_calc,Q_calc,f0_calc
1271,VCVS,BPF,VCVS_BPF_Maheshwari,Maheshwari VCVS equal-component active-filter equations,745530.530138689,745530.530138689,NaN,1.10427124945338e-11,1.10427124945338e-11,NaN,NaN,10141.8416356948,6711.58120144734,1.66177144571313,0.747256510703352,19332.0955776406
883,VCVS,LPF,VCVS_LPF_Maheshwari,Maheshwari VCVS equal-component active-filter equations,1081.1956082421,1081.1956082421,NaN,4.4515163889729e-10,4.4515163889729e-10,NaN,NaN,9917.30890686022,6598.07101818522,1.66530861145417,0.749236871221231,330679.964286774
150,PASSIVE,LPF,PASSIVE_RC_LPF,Passive RC first-order equation,2399.99865375509,NaN,NaN,2.952016855428e-12,NaN,NaN,NaN,NaN,NaN,1,NaN,22464166.0490153
213,PASSIVE,HPF,PASSIVE_RC_HPF,Passive RC first-order equation,397477.507696416,NaN,NaN,1.04674375130085e-10,NaN,NaN,NaN,NaN,NaN,1,NaN,3825.31494023414
1204,VCVS,BPF,VCVS_BPF_Maheshwari,Maheshwari VCVS equal-component active-filter equations,639783.646433611,639783.646433611,NaN,1.79300074135229e-11,1.79300074135229e-11,NaN,NaN,9848.72446154935,9738.29849936576,1.98878779047838,0.988912110221727,13874.1545398909
847,VCVS,LPF,VCVS_LPF_Maheshwari,Maheshwari VCVS equal-component active-filter equations,94823.6238430203,94823.6238430203,NaN,3.57378164427203e-12,3.57378164427203e-12,NaN,NaN,9990.62114170837,8667.1618258844,1.86752982651911,0.883025463643148,469651.343663805
244,PASSIVE,HPF,PASSIVE_RC_HPF,Passive RC first-order equation,10920.9357767439,NaN,NaN,6.90541326434814e-12,NaN,NaN,NaN,NaN,NaN,1,NaN,2110428.30913996
909,VCVS,LPF,VCVS_LPF_Maheshwari,Maheshwari VCVS equal-component active-filter equations,881588.925782068,881588.925782068,NaN,4.73297660008897e-12,4.73297660008897e-12,NaN,NaN,9969.21775564369,10766.0043599953,2.07992468655834,1.08686754811339,38143.4216029289
2374,MFB,BSF,MFB_BSF_1_MINUS_BP,Maheshwari MFB BPF denominator + ADI 1-minus-BP notch construction,2123.03699650884,17702.171877386,NaN,6.75149812790042e-10,1.99151014320221e-10,NaN,NaN,NaN,NaN,1,1.21105800121261,70800.5671685452
1260,VCVS,BPF,VCVS_BPF_Maheshwari,Maheshwari VCVS equal-component active-filter equations,291899.917589682,291899.917589682,NaN,8.14241073697215e-10,8.14241073697215e-10,NaN,NaN,9845.86245974221,12901.4436588281,2.31034164976198,1.44999331865534,669.627303052258
2752,ACTIVE_OTHER,HPF,ACTIVE_OTHER_STATE_VARIABLE_HPF,External state-variable/biquad active-filter canonical equation,286492.368860208,360554.68506437,4778.08761684551,3.65229283794235e-11,8.76700642968166e-10,NaN,NaN,10003.931478719,24548.7554639761,3.45391079659011,0.491784652193116,2767.38493557816
2196,MFB,BPF,MFB_BPF_Maheshwari,Maheshwari MFB active-filter equations,31394.2246447989,1989512.10201715,NaN,1.08895051099668e-11,2.93181748847298e-11,NaN,NaN,NaN,NaN,-1086458.91351089,3.53762613841499,35640.9622789501
755,PASSIVE,BSF,PASSIVE_RLC_BSF,Passive RLC second-order equation,1815.3921383665,NaN,NaN,4.72840065455644e-11,NaN,NaN,0.00344002823339137,NaN,NaN,1,4.69843711701299,394622.636463701
845,VCVS,LPF,VCVS_LPF_Maheshwari,Maheshwari VCVS equal-component active-filter equations,8515.8113181832,8515.8113181832,NaN,7.69964817181056e-10,7.69964817181056e-10,NaN,NaN,10071.8967131047,7548.82720270464,1.74949410401347,0.799676357552152,24272.9868343106
2152,MFB,BPF,MFB_BPF_Maheshwari,Maheshwari MFB active-filter equations,3622.23384259939,741710.239957964,NaN,1.02895399752573e-10,2.96090941172009e-11,NaN,NaN,NaN,NaN,-9323916.93159636,5.96085870540705,55629.3791014567
736,PASSIVE,BSF,PASSIVE_RLC_BSF,Passive RLC second-order equation,28695438.8180525,NaN,NaN,1.03364882155489e-12,NaN,NaN,2064.62475679979,NaN,NaN,1,1.55747537176716,3445.18905948382
789,PASSIVE,BSF,PASSIVE_RLC_BSF,Passive RLC second-order equation,89336.0226092321,NaN,NaN,4.57919505773039e-11,NaN,NaN,2.65345437568151,NaN,NaN,1,2.69453995403119,14438.4225523135
1122,VCVS,HPF,VCVS_HPF_Maheshwari,Maheshwari VCVS equal-component active-filter equations,228915.561612952,228915.561612952,NaN,4.84692325013348e-12,4.84692325013348e-12,NaN,NaN,10093.8075564724,3727.00798920845,1.36923707613373,0.613209918722684,143442.772872984
1970,MFB,HPF,MFB_HPF_Maheshwari,Maheshwari MFB active-filter equations,1113.47974286673,45272.312040133,NaN,3.90126888183622e-10,8.74323532985606e-10,1.73411087287354e-11,NaN,NaN,NaN,-0.0444499193825713,0.338930742143412,182048.925381155
3170,ACTIVE_OTHER,BSF,ACTIVE_OTHER_STATE_VARIABLE_BSF,External state-variable/biquad active-filter canonical equation,388420.074668923,1536.13686097798,12718.5205600764,6.12232673976585e-12,1.96040366118428e-12,NaN,NaN,9835.21730364759,22559.9404443721,3.29379176360499,1.25359309892568,1880716.51590415
166,PASSIVE,LPF,PASSIVE_RC_LPF,Passive RC first-order equation,2936.37702214965,NaN,NaN,1.41495048359546e-11,NaN,NaN,NaN,NaN,NaN,1,NaN,3830602.3676495
1445,VCVS,BSF,VCVS_BSF_Maheshwari,Maheshwari VCVS equal-component active-filter equations,151608.49482591,151608.49482591,NaN,3.25746366175985e-12,3.25746366175985e-12,NaN,NaN,10172.5734097562,5632.81115379546,1.55372528925603,1.12038613876746,322267.875356828
568,PASSIVE,BPF,PASSIVE_RLC_BPF,Passive RLC second-order equation,88702.675413052,NaN,NaN,3.3829922335189e-10,NaN,NaN,33.6861044025216,NaN,NaN,1,3.55744484726946,1490.88531182869
487,PASSIVE,BPF,PASSIVE_RLC_BPF,Passive RLC second-order equation,121.954760874987,NaN,NaN,4.61572183663206e-10,NaN,NaN,0.000182368026781913,NaN,NaN,1,5.15413484174103,548562.313272921
1592,VCVS,BSF,VCVS_BSF_Maheshwari,Maheshwari VCVS equal-component active-filter equations,6235.47751702203,6235.47751702203,NaN,7.36113630110136e-10,7.36113630110136e-10,NaN,NaN,9902.67040766563,1694.62086403719,1.17112766499079,0.603229205369055,34674.1285267656
52,PASSIVE,LPF,PASSIVE_RC_LPF,Passive RC first-order equation,226581.069429013,NaN,NaN,5.48025826536706e-10,NaN,NaN,NaN,NaN,NaN,1,NaN,1281.72685438172
1508,VCVS,BSF,VCVS_BSF_Maheshwari,Maheshwari VCVS equal-component active-filter equations,318094.873907643,318094.873907643,NaN,2.24468871977533e-11,2.24468871977533e-11,NaN,NaN,9819.69608332853,1572.22398635991,1.16010923077642,0.595315508065664,22289.859808943
134,PASSIVE,LPF,PASSIVE_RC_LPF,Passive RC first-order equation,12012.1046433105,NaN,NaN,9.45444203761871e-11,NaN,NaN,NaN,NaN,NaN,1,NaN,140140.970615336
2562,ACTIVE_OTHER,LPF,ACTIVE_OTHER_STATE_VARIABLE_LPF,External state-variable/biquad active-filter canonical equation,87400.2902564104,1060.44752635307,15523.9843960254,1.19831737050917e-10,8.2102618658652e-12,NaN,NaN,10443.8192411512,7525.72837148267,1.72059159563289,1.5969728065428,527053.462169343
3,PASSIVE,LPF,PASSIVE_RC_LPF,Passive RC first-order equation,14544.3550641789,NaN,NaN,8.27851048880795e-10,NaN,NaN,NaN,NaN,NaN,1,NaN,13218.2347368366
2308,MFB,BSF,MFB_BSF_1_MINUS_BP,Maheshwari MFB BPF denominator + ADI 1-minus-BP notch construction,512.559978148288,36635.996079993,NaN,1.8415249358707e-10,3.07675133619018e-11,NaN,NaN,NaN,NaN,1,2.96100956762034,487931.41713485
722,PASSIVE,BSF,PASSIVE_RLC_BSF,Passive RLC second-order equation,105206.98546094,NaN,NaN,3.86255828289564e-10,NaN,NaN,4.94663910710278,NaN,NaN,1,1.07565503324234,3641.05714871587
1479,VCVS,BSF,VCVS_BSF_Maheshwari,Maheshwari VCVS equal-component active-filter equations,268346.042181535,268346.042181535,NaN,4.04587417760855e-10,4.04587417760855e-10,NaN,NaN,10192.1947224257,5478.63486411589,1.5375323974199,1.08115681446766,1465.92774559531
2379,MFB,BSF,MFB_BSF_1_MINUS_BP,Maheshwari MFB BPF denominator + ADI 1-minus-BP notch construction,1312.88316788148,120223.756216942,NaN,1.60662185799111e-10,1.89991933951854e-10,NaN,NaN,NaN,NaN,1,4.76790482771002,72508.2674026332
1594,VCVS,BSF,VCVS_BSF_Maheshwari,Maheshwari VCVS equal-component active-filter equations,201334.521190605,201334.521190605,NaN,1.40415155038696e-12,1.40415155038696e-12,NaN,NaN,9973.11029613633,2745.85274266253,1.27532561669616,0.68996505398806,562973.434099895
2168,MFB,BPF,MFB_BPF_Maheshwari,Maheshwari MFB active-filter equations,1859.4545003743,542116.063422366,NaN,6.19090363643123e-11,1.16423134609933e-11,NaN,NaN,NaN,NaN,-46192892.3096688,6.23245826287213,186717.296054171
478,PASSIVE,BPF,PASSIVE_RLC_BPF,Passive RLC second-order equation,544171.922182532,NaN,NaN,2.67962143785879e-12,NaN,NaN,5.48908946661497,NaN,NaN,1,2.630130534817,41498.5818025373
573,PASSIVE,BPF,PASSIVE_RLC_BPF,Passive RLC second-order equation,784446.519321694,NaN,NaN,6.57663724706888e-10,NaN,NaN,1204.19433900033,NaN,NaN,1,1.72497579894203,178.842156142928
1431,VCVS,BSF,VCVS_BSF_Maheshwari,Maheshwari VCVS equal-component active-filter equations,4901.48855340436,4901.48855340436,NaN,2.47681492920268e-10,2.47681492920268e-10,NaN,NaN,10137.1203944159,1240.32242220969,1.12235451232215,0.569706113709926,131098.75945807
2237,MFB,BSF,MFB_BSF_1_MINUS_BP,Maheshwari MFB BPF denominator + ADI 1-minus-BP notch construction,337050.213209735,55814121.1046382,NaN,5.08536839337068e-10,7.40047935980868e-11,NaN,NaN,NaN,NaN,1,4.28537576104472,189.151438197936
980,VCVS,LPF,VCVS_LPF_Maheshwari,Maheshwari VCVS equal-component active-filter equations,44750.8610827107,44750.8610827107,NaN,1.7167498314563e-12,1.7167498314563e-12,NaN,NaN,9953.14366579113,1741.3532065163,1.17495509609706,0.54793172368606,2071627.75974013
2715,ACTIVE_OTHER,HPF,ACTIVE_OTHER_STATE_VARIABLE_HPF,External state-variable/biquad active-filter canonical equation,26690.1722757049,15439.1370038583,32142.3881733233,1.37654319527819e-12,7.65819546987373e-12,NaN,NaN,9805.81180867224,17331.0505341581,2.76742638675062,3.07491076300564,2414764.52491656
2217,MFB,BSF,MFB_BSF_1_MINUS_BP,Maheshwari MFB BPF denominator + ADI 1-minus-BP notch construction,8296.44244479509,5000752.14923762,NaN,2.49139968028214e-11,3.64578666646183e-10,NaN,NaN,NaN,NaN,1,6.00744439259539,8198.5903272
8,PASSIVE,LPF,PASSIVE_RC_LPF,Passive RC first-order equation,289572.857917828,NaN,NaN,2.43061303523665e-11,NaN,NaN,NaN,NaN,NaN,1,NaN,22612.3894470495
1679,MFB,LPF,MFB_LPF_Maheshwari,Maheshwari MFB active-filter equations,2200.67176091766,164774.357034221,3710.88203601225,1.63376217657443e-10,1.74327675855111e-11,NaN,NaN,NaN,NaN,-1.68624967244767,0.169602704300354,120603.290066816
2019,MFB,BPF,MFB_BPF_Maheshwari,Maheshwari MFB active-filter equations,32235.4042459065,3287332.23251915,NaN,3.47224784729772e-10,1.29344224465935e-10,NaN,NaN,NaN,NaN,-239839.018370116,4.49064082918385,2307.02814577456
2193,MFB,BPF,MFB_BPF_Maheshwari,Maheshwari MFB active-filter equations,1144.45425009426,5056.18831801056,NaN,2.05407434255171e-10,1.12756173958392e-10,NaN,NaN,NaN,NaN,-7749277.84897692,1.00540292291051,434741.449081164
2124,MFB,BPF,MFB_BPF_Maheshwari,Maheshwari MFB active-filter equations,133727.013980135,38262004.4699808,NaN,7.71135589514764e-10,8.71313473084373e-11,NaN,NaN,NaN,NaN,-85823.539818876,5.10863049345959,271.440164971648
590,PASSIVE,BPF,PASSIVE_RLC_BPF,Passive RLC second-order equation,3225935.60546743,NaN,NaN,1.56022117941859e-10,NaN,NaN,12093.9880604395,NaN,NaN,1,2.72920393825695,115.862335720144
2269,MFB,BSF,MFB_BSF_1_MINUS_BP,Maheshwari MFB BPF denominator + ADI 1-minus-BP notch construction,393168.564639368,3614903.49091967,NaN,1.15145398890428e-10,1.51041579661355e-10,NaN,NaN,NaN,NaN,1,1.50225516981177,1012.30371517693
2326,MFB,BSF,MFB_BSF_1_MINUS_BP,Maheshwari MFB BPF denominator + ADI 1-minus-BP notch construction,26167.7849713607,3228489.75443485,NaN,8.8441217054345e-10,5.0134930153247e-11,NaN,NaN,NaN,NaN,1,2.50272189392647,2600.3953567495
1179,VCVS,HPF,VCVS_HPF_Maheshwari,Maheshwari VCVS equal-component active-filter equations,406777.97566912,406777.97566912,NaN,7.66337919053811e-12,7.66337919053811e-12,NaN,NaN,9833.24428982657,7499.20940041565,1.76263837034683,0.808171173273169,51055.4825850181
605,PASSIVE,BSF,PASSIVE_RLC_BSF,Passive RLC second-order equation,498431.56092325,NaN,NaN,1.16606435848106e-11,NaN,NaN,34.3415319871025,NaN,NaN,1,3.4430476872374,7953.33065701749
2947,ACTIVE_OTHER,BPF,ACTIVE_OTHER_STATE_VARIABLE_BPF,External state-variable/biquad active-filter canonical equation,555372.49084053,104275.386106041,18651.8503880425,3.83180754486984e-10,6.63427524497119e-11,NaN,NaN,10412.6861172538,18196.5565605068,2.74753722100153,1.93897401318992,4147.99724543023
1020,VCVS,HPF,VCVS_HPF_Maheshwari,Maheshwari VCVS equal-component active-filter equations,47149.4237109212,47149.4237109212,NaN,1.5481265841979e-12,1.5481265841979e-12,NaN,NaN,9869.63791908686,4596.50403326945,1.46572164763819,0.651772214905226,2180405.52788779
352,PASSIVE,HPF,PASSIVE_RC_HPF,Passive RC first-order equation,18910.8623812241,NaN,NaN,1.54614955380641e-10,NaN,NaN,NaN,NaN,NaN,1,NaN,54432.3767666267
2482,ACTIVE_OTHER,LPF,ACTIVE_OTHER_STATE_VARIABLE_LPF,External state-variable/biquad active-filter canonical equation,23187.6314219868,59353.7134129565,26144.1684533776,2.51077433830409e-12,1.30444301002678e-10,NaN,NaN,9843.90426242141,22716.5045503599,3.30767223499714,2.59114833878361,237056.350516711
2575,ACTIVE_OTHER,LPF,ACTIVE_OTHER_STATE_VARIABLE_LPF,External state-variable/biquad active-filter canonical equation,395118.830893583,1465.4047565933,29113.6740778345,8.1114922528202e-10,8.47750298065377e-12,NaN,NaN,10034.1971218495,30118.2830261823,4.00156381825504,2.86549727179591,79761.463624659
2069,MFB,BPF,MFB_BPF_Maheshwari,Maheshwari MFB active-filter equations,3480.91926170853,185594.418915147,NaN,3.20492000609111e-11,7.09462755183835e-11,NaN,NaN,NaN,NaN,-4049267.32215474,3.38057621383475,131315.896455065
2464,ACTIVE_OTHER,LPF,ACTIVE_OTHER_STATE_VARIABLE_LPF,External state-variable/biquad active-filter canonical equation,1061.54283087066,20948.8802431018,8965.9814761946,5.10732759006387e-10,2.51376057848136e-10,NaN,NaN,10409.0414294059,26872.5354712071,3.58165323420572,0.900467375411142,94191.594911853
465,PASSIVE,BPF,PASSIVE_RLC_BPF,Passive RLC second-order equation,37250976.1329534,NaN,NaN,3.5063393173648e-12,NaN,NaN,46276.1107061436,NaN,NaN,1,3.08399593765786,395.107010144704
1485,VCVS,BSF,VCVS_BSF_Maheshwari,Maheshwari VCVS equal-component active-filter equations,110824.978256796,110824.978256796,NaN,3.67694225040434e-11,3.67694225040434e-11,NaN,NaN,9830.55410309998,5174.26976366615,1.52634568808634,1.055622185682,39056.7109782174
3112,ACTIVE_OTHER,BSF,ACTIVE_OTHER_STATE_VARIABLE_BSF,External state-variable/biquad active-filter canonical equation,6792.28139256132,223357.558319117,24595.1154814814,3.75368641525914e-10,6.32242399482805e-12,NaN,NaN,9925.38686779133,11642.8019853848,2.1730325619011,2.45292354957275,83876.6675009248
2529,ACTIVE_OTHER,LPF,ACTIVE_OTHER_STATE_VARIABLE_LPF,External state-variable/biquad active-filter canonical equation,40294.392478648,10502.5424073236,22110.9704905113,5.51529720203915e-10,1.13786387292026e-12,NaN,NaN,9798.20673970209,17385.5298129474,2.77435833666396,2.23551899824626,308831.072112572
1300,VCVS,BPF,VCVS_BPF_Maheshwari,Maheshwari VCVS equal-component active-filter equations,1655.13189314339,1655.13189314339,NaN,2.31995368881854e-11,2.31995368881854e-11,NaN,NaN,10049.6777456161,13067.5550109143,2.30029592407724,1.42917561067686,4144844.1833956
1085,VCVS,HPF,VCVS_HPF_Maheshwari,Maheshwari VCVS equal-component active-filter equations,1427.33287835386,1427.33287835386,NaN,1.70260797597758e-12,1.70260797597758e-12,NaN,NaN,10070.5869618562,4631.46982318717,1.45990068312101,0.649308774466895,65490785.3320836
1465,VCVS,BSF,VCVS_BSF_Maheshwari,Maheshwari VCVS equal-component active-filter equations,24247.9245941526,24247.9245941526,NaN,3.9646200283558e-12,3.9646200283558e-12,NaN,NaN,9962.25500015182,4420.36114309688,1.44371090109915,0.898813226769912,1655556.42956382
1616,MFB,LPF,MFB_LPF_Maheshwari,Maheshwari MFB active-filter equations,154355.801140929,1129291.02984877,362510.756792127,6.26702534266981e-10,5.72581210374973e-10,NaN,NaN,NaN,NaN,-2.34853989362635,0.16153149103009,415.247925858588
1049,VCVS,HPF,VCVS_HPF_Maheshwari,Maheshwari VCVS equal-component active-filter equations,725988.219413165,725988.219413165,NaN,3.5183455125677e-11,3.5183455125677e-11,NaN,NaN,10056.2711280778,7845.16833442266,1.78012697097221,0.819757447049207,6230.91851609023
1192,VCVS,HPF,VCVS_HPF_Maheshwari,Maheshwari VCVS equal-component active-filter equations,37385.5433490906,37385.5433490906,NaN,7.61261808511277e-11,7.61261808511277e-11,NaN,NaN,9914.79521554682,1656.15276874275,1.1670385250263,0.545565203444523,55921.9610085382
851,VCVS,LPF,VCVS_LPF_Maheshwari,Maheshwari VCVS equal-component active-filter equations,103034.971519539,103034.971519539,NaN,6.7294382023484e-11,6.7294382023484e-11,NaN,NaN,10195.8769350643,11466.346184539,2.1246061773368,1.14234299364566,22953.9096034577
1956,MFB,HPF,MFB_HPF_Maheshwari,Maheshwari MFB active-filter equations,250558.657199804,20971.8644493734,NaN,3.27737726063826e-11,4.40895206513637e-11,5.46176610714173e-11,NaN,NaN,NaN,-1.66650515726044,0.774106855188628,44741.7190681553
3058,ACTIVE_OTHER,BSF,ACTIVE_OTHER_STATE_VARIABLE_BSF,External state-variable/biquad active-filter canonical equation,68660.5243810379,10202.5510517749,29703.5520310156,5.90810168435825e-12,3.31272600233524e-10,NaN,NaN,10095.1213612993,29261.3780160306,3.89856624489996,3.11281004441147,135923.780869562
505,PASSIVE,BPF,PASSIVE_RLC_BPF,Passive RLC second-order equation,77.7107393690024,NaN,NaN,5.76138573514391e-10,NaN,NaN,5.59750228439878e-05,NaN,NaN,1,4.01099963284186,886256.667302646
2183,MFB,BPF,MFB_BPF_Maheshwari,Maheshwari MFB active-filter equations,22143.0657617419,13895463.2059823,NaN,4.83079655332007e-11,8.50712183664334e-10,NaN,NaN,NaN,NaN,-53085.9504621848,5.6487052549537,1415.35062884233
2427,ACTIVE_OTHER,LPF,ACTIVE_OTHER_STATE_VARIABLE_LPF,External state-variable/biquad active-filter canonical equation,14748.0928907691,12367.7171661662,28820.9133001042,1.525641452966e-10,2.78107873186151e-10,NaN,NaN,10222.7988458843,25835.8049377689,3.52727313989654,3.00289544993754,57210.3421254199
2558,ACTIVE_OTHER,LPF,ACTIVE_OTHER_STATE_VARIABLE_LPF,External state-variable/biquad active-filter canonical equation,663040.447051601,242452.159581127,52466.3840648253,3.89992964008114e-11,2.54372878807246e-11,NaN,NaN,10136.6239000202,21547.7722990231,3.12573461455743,5.08750162959296,12602.9816427155
1168,VCVS,HPF,VCVS_HPF_Maheshwari,Maheshwari VCVS equal-component active-filter equations,130756.416653809,130756.416653809,NaN,6.6772120244349e-10,6.6772120244349e-10,NaN,NaN,10115.5470452741,1390.85051611714,1.13749632223469,0.536911691471036,1822.89626252231
2247,MFB,BSF,MFB_BSF_1_MINUS_BP,Maheshwari MFB BPF denominator + ADI 1-minus-BP notch construction,1613.20755059356,155305.374266619,NaN,1.3012499788388e-10,2.56935523808345e-11,NaN,NaN,NaN,NaN,1,3.64100608310061,173895.891629405
2480,ACTIVE_OTHER,LPF,ACTIVE_OTHER_STATE_VARIABLE_LPF,External state-variable/biquad active-filter canonical equation,26754.8042992852,75007.7196203134,12231.7587326848,2.04397634483739e-11,3.08504375748458e-11,NaN,NaN,9887.79330070776,5922.44647416857,1.59896544092853,1.25839643130915,141480.851304884
2958,ACTIVE_OTHER,BPF,ACTIVE_OTHER_STATE_VARIABLE_BPF,External state-variable/biquad active-filter canonical equation,32327.3672045331,636642.768574924,47194.6474285992,2.48692489625946e-10,4.81418806205139e-10,NaN,NaN,10410.0951906735,23443.933729071,3.25203836273031,4.76371530056144,3206.22648610975
1197,VCVS,HPF,VCVS_HPF_Maheshwari,Maheshwari VCVS equal-component active-filter equations,851306.396125069,851306.396125069,NaN,2.91989399244446e-12,2.91989399244446e-12,NaN,NaN,10020.5025265586,2243.80629780764,1.22392153406085,0.563038187319738,64027.5893246292
3045,ACTIVE_OTHER,BSF,ACTIVE_OTHER_STATE_VARIABLE_BSF,External state-variable/biquad active-filter canonical equation,499753.789786265,380605.922266205,7715.73491479621,1.7414679091993e-12,3.84398970423393e-11,NaN,NaN,9627.07384743345,17605.5127448421,2.82875015023757,0.74195186890509,44602.116409607
983,VCVS,LPF,VCVS_LPF_Maheshwari,Maheshwari VCVS equal-component active-filter equations,191056.527732733,191056.527732733,NaN,2.90116070389579e-12,2.90116070389579e-12,NaN,NaN,9921.43191719041,1415.37568114307,1.14265840787465,0.538403923241551,287135.218940595
383,PASSIVE,HPF,PASSIVE_RC_HPF,Passive RC first-order equation,23799.5134356708,NaN,NaN,1.86241814087594e-12,NaN,NaN,NaN,NaN,NaN,1,NaN,3590664.76578378
1665,MFB,LPF,MFB_LPF_Maheshwari,Maheshwari MFB active-filter equations,80419.7731399687,35968.385748395,240091.182334582,1.75751011552286e-10,3.02346074958568e-11,NaN,NaN,NaN,NaN,-2.98547450409626,0.584312725396149,23494.7305523312
855,VCVS,LPF,VCVS_LPF_Maheshwari,Maheshwari VCVS equal-component active-filter equations,64377.9712942334,64377.9712942334,NaN,1.08286973739432e-10,1.08286973739432e-10,NaN,NaN,9955.32638792342,9849.77760886246,1.9893977580495,0.989508986314896,22830.0376628887
2581,ACTIVE_OTHER,LPF,ACTIVE_OTHER_STATE_VARIABLE_LPF,External state-variable/biquad active-filter canonical equation,71998.5503103542,443453.615826924,11684.0895507708,7.99995316611339e-10,8.78072983263982e-12,NaN,NaN,10207.8254152096,18567.156046891,2.81891395000017,1.16489986149018,10627.3534726294
2445,ACTIVE_OTHER,LPF,ACTIVE_OTHER_STATE_VARIABLE_LPF,External state-variable/biquad active-filter canonical equation,8729.08530483868,429343.613089115,40886.3728998329,1.00066993832032e-11,5.06981563673494e-10,NaN,NaN,10459.140507985,5526.3100458464,1.52837133621327,3.93939566079765,36499.9063052781
1079,VCVS,HPF,VCVS_HPF_Maheshwari,Maheshwari VCVS equal-component active-filter equations,16254.9495428,16254.9495428,NaN,1.77879524085879e-11,1.77879524085879e-11,NaN,NaN,9917.53838485816,10860.3749756577,2.09506760187982,1.1050549213149,550438.176034107
11,PASSIVE,LPF,PASSIVE_RC_LPF,Passive RC first-order equation,12261.441487159,NaN,NaN,1.32332560112278e-10,NaN,NaN,NaN,NaN,NaN,1,NaN,98087.0983367005
569,PASSIVE,BPF,PASSIVE_RLC_BPF,Passive RLC second-order equation,8177862.47993235,NaN,NaN,1.02272064625669e-11,NaN,NaN,4731.97198448129,NaN,NaN,1,2.63028475336608,723.470017593234
761,PASSIVE,BSF,PASSIVE_RLC_BSF,Passive RLC second-order equation,12619.4426833027,NaN,NaN,2.436278351518e-11,NaN,NaN,0.0186130652503208,NaN,NaN,1,2.19030866571897,236345.712718633
2609,ACTIVE_OTHER,HPF,ACTIVE_OTHER_STATE_VARIABLE_HPF,External state-variable/biquad active-filter canonical equation,2637.0065173779,354222.668649594,33386.0902432508,8.39878527035499e-11,3.40911626020405e-12,NaN,NaN,9876.87955630499,33503.9036235665,4.39215472179966,3.37795831143705,307749.396354062
1873,MFB,HPF,MFB_HPF_Maheshwari,Maheshwari MFB active-filter equations,835424.326462992,963082.612748143,NaN,7.22865725101265e-11,2.41025575832354e-10,1.15792912441134e-10,NaN,NaN,NaN,-1.60185921700621,0.226363478848664,1062.09227140276
157,PASSIVE,LPF,PASSIVE_RC_LPF,Passive RC first-order equation,28510.4919215864,NaN,NaN,8.94778476578735e-12,NaN,NaN,NaN,NaN,NaN,1,NaN,623878.317270116
1817,MFB,HPF,MFB_HPF_Maheshwari,Maheshwari MFB active-filter equations,67322.8128364767,74.448120488212,NaN,4.35891093428504e-11,2.30221289689523e-10,2.41346429093348e-11,NaN,NaN,NaN,-0.553685158361543,13.5877764269681,953715.75285489
2990,ACTIVE_OTHER,BPF,ACTIVE_OTHER_STATE_VARIABLE_BPF,External state-variable/biquad active-filter canonical equation,36785.0022685267,12995.2047001354,32211.9112858461,1.73886674457054e-11,2.157653360951e-11,NaN,NaN,10349.0304989416,18938.054613962,2.82993514377011,3.12406810050488,375810.740318023
2486,ACTIVE_OTHER,LPF,ACTIVE_OTHER_STATE_VARIABLE_LPF,External state-variable/biquad active-filter canonical equation,436607.875084022,18895.584406586,49248.3054655043,1.31099046200772e-10,1.50168299718198e-12,NaN,NaN,9558.80028543394,24314.122939203,3.54363750817702,4.77656050678794,124883.564832236
385,PASSIVE,HPF,PASSIVE_RC_HPF,Passive RC first-order equation,52453.8772320848,NaN,NaN,6.36971270664543e-10,NaN,NaN,NaN,NaN,NaN,1,NaN,4763.46185061749
2564,ACTIVE_OTHER,LPF,ACTIVE_OTHER_STATE_VARIABLE_LPF,External state-variable/biquad active-filter canonical equation,20510.8392233955,3046.75775479528,20960.9361127114,1.12621656432974e-10,7.03617834798824e-10,NaN,NaN,10094.6241131828,25215.3623188912,3.49790007395739,2.13690456879914,71520.4237585248
2710,ACTIVE_OTHER,HPF,ACTIVE_OTHER_STATE_VARIABLE_HPF,External state-variable/biquad active-filter canonical equation,100949.032336419,99378.108743986,13275.0728451351,1.20100642589661e-10,9.0685255633739e-10,NaN,NaN,9948.00014776602,29392.2140688262,3.95458520629663,1.28208497613738,4814.84910873903
1253,VCVS,BPF,VCVS_BPF_Maheshwari,Maheshwari VCVS equal-component active-filter equations,23788.9065249504,23788.9065249504,NaN,5.26028301983313e-12,5.26028301983313e-12,NaN,NaN,9946.32947442777,6601.432673698,1.6637054091834,0.748337983908853,1271851.892726
1414,VCVS,BSF,VCVS_BSF_Maheshwari,Maheshwari VCVS equal-component active-filter equations,26629.2545627292,26629.2545627292,NaN,1.08328104759275e-10,1.08328104759275e-10,NaN,NaN,10048.593242936,5918.01592138347,1.58893974293802,1.21636667960486,55172.1587608827
818,VCVS,LPF,VCVS_LPF_Maheshwari,Maheshwari VCVS equal-component active-filter equations,18772.3392703364,18772.3392703364,NaN,4.78893186537549e-10,4.78893186537549e-10,NaN,NaN,10068.7060745251,10931.081895209,2.08564912058221,1.09367204922114,17703.6607573548
2943,ACTIVE_OTHER,BPF,ACTIVE_OTHER_STATE_VARIABLE_BPF,External state-variable/biquad active-filter canonical equation,115715.237149896,37019.293019306,42496.1466667788,1.57828801300749e-11,2.49212670489508e-10,NaN,NaN,9857.74028204459,5410.23845242901,1.54883150677884,4.28759758317509,38773.2859430802
506,PASSIVE,BPF,PASSIVE_RLC_BPF,Passive RLC second-order equation,1618902.63660144,NaN,NaN,3.5452022060581e-12,NaN,NaN,94.6655554333394,NaN,NaN,1,3.19194028449094,8687.67633272273
1360,VCVS,BPF,VCVS_BPF_Maheshwari,Maheshwari VCVS equal-component active-filter equations,4524.871036138,4524.871036138,NaN,1.22400758373647e-11,1.22400758373647e-11,NaN,NaN,10168.7761643327,517.642147920517,1.05090505873619,0.513058640104823,2873623.17301701
812,VCVS,LPF,VCVS_LPF_Maheshwari,Maheshwari VCVS equal-component active-filter equations,1220.29928068725,1220.29928068725,NaN,1.40708910535355e-10,1.40708910535355e-10,NaN,NaN,9999.12990547185,4193.03854778254,1.4193403413519,0.632647258711768,926898.492701744
688,PASSIVE,BSF,PASSIVE_RLC_BSF,Passive RLC second-order equation,29228440.2966029,NaN,NaN,1.85850966674198e-12,NaN,NaN,23992.471718396,NaN,NaN,1,3.88731239097835,753.702964902997
1088,VCVS,HPF,VCVS_HPF_Maheshwari,Maheshwari VCVS equal-component active-filter equations,2660.9680518586,2660.9680518586,NaN,2.37507779011527e-12,2.37507779011527e-12,NaN,NaN,10178.9148207633,2518.21643256633,1.24739537336825,0.57057934505277,25182719.7736118
2433,ACTIVE_OTHER,LPF,ACTIVE_OTHER_STATE_VARIABLE_LPF,External state-variable/biquad active-filter canonical equation,7064.50781067764,816932.997592299,40374.8220514315,1.57335609090679e-11,2.07044536014877e-11,NaN,NaN,10186.6216628207,8672.03514116987,1.8513161112895,4.21842840396521,116075.498595821
1377,VCVS,BPF,VCVS_BPF_Maheshwari,Maheshwari VCVS equal-component active-filter equations,601386.151028604,601386.151028604,NaN,4.33474756759302e-11,4.33474756759302e-11,NaN,NaN,9855.05639961548,11078.3799762905,2.12413156526661,1.14172398541157,6105.24219805972
2405,ACTIVE_OTHER,LPF,ACTIVE_OTHER_STATE_VARIABLE_LPF,External state-variable/biquad active-filter canonical equation,9106.0771910795,31723.8043764224,12627.1103672192,2.6748807612586e-11,7.88151319617686e-12,NaN,NaN,10239.8685102304,35886.4602891144,4.50458213923949,1.24898556409094,644918.476310931
1232,VCVS,BPF,VCVS_BPF_Maheshwari,Maheshwari VCVS equal-component active-filter equations,246859.885480548,246859.885480548,NaN,5.18406345037247e-10,5.18406345037247e-10,NaN,NaN,9839.53874170226,13356.2493256164,2.35740604069269,1.55619265558917,1243.65322388966
655,PASSIVE,BSF,PASSIVE_RLC_BSF,Passive RLC second-order equation,393.13793615184,NaN,NaN,8.49360596562895e-10,NaN,NaN,5.74674061510532e-05,NaN,NaN,1,0.661637008704689,720382.707688909
1579,VCVS,BSF,VCVS_BSF_Maheshwari,Maheshwari VCVS equal-component active-filter equations,203830.315890847,203830.315890847,NaN,3.70055367775175e-12,3.70055367775175e-12,NaN,NaN,9950.53196963259,3765.02807280267,1.37837455166145,0.804342874533815,211001.064311573
958,VCVS,LPF,VCVS_LPF_Maheshwari,Maheshwari VCVS equal-component active-filter equations,143531.626115524,143531.626115524,NaN,4.15414375677586e-11,4.15414375677586e-11,NaN,NaN,10140.8008326111,13793.1694487252,2.36016569858751,1.56290464233069,26692.6077802188
788,PASSIVE,BSF,PASSIVE_RLC_BSF,Passive RLC second-order equation,33033.5632657983,NaN,NaN,4.27446519548127e-12,NaN,NaN,0.00884527307791308,NaN,NaN,1,1.37708043272027,818509.296401965
444,PASSIVE,BPF,PASSIVE_RLC_BPF,Passive RLC second-order equation,77513425.9039582,NaN,NaN,2.12278033508128e-12,NaN,NaN,123948.030468942,NaN,NaN,1,3.11738438117768,310.275717543578
1467,VCVS,BSF,VCVS_BSF_Maheshwari,Maheshwari VCVS equal-component active-filter equations,4275.05469513887,4275.05469513887,NaN,4.79874273470625e-10,4.79874273470625e-10,NaN,NaN,9819.73455763874,3621.43969297232,1.36879201486716,0.792131930800554,77580.2167377998
2102,MFB,BPF,MFB_BPF_Maheshwari,Maheshwari MFB active-filter equations,4603.46369332359,116705.208690454,NaN,1.26155184828485e-10,7.2045171276152e-11,NaN,NaN,NaN,NaN,-3015160.25365424,2.42188389566669,72024.0700505076
1712,MFB,LPF,MFB_LPF_Maheshwari,Maheshwari MFB active-filter equations,24661.4727299788,22859.8782170538,80992.3277726887,9.76367005333507e-10,1.16492982178846e-10,NaN,NaN,NaN,NaN,-3.28416427759537,0.696205960210113,10967.4283521822
886,VCVS,LPF,VCVS_LPF_Maheshwari,Maheshwari VCVS equal-component active-filter equations,12525.2357910938,12525.2357910938,NaN,5.28448432391092e-10,5.28448432391092e-10,NaN,NaN,9994.3251381721,8785.05838075507,1.87900466107528,0.892064369294537,24045.3779271904
406,PASSIVE,BPF,PASSIVE_RLC_BPF,Passive RLC second-order equation,3102864.67532168,NaN,NaN,1.84822036062452e-11,NaN,NaN,3365.98643350412,NaN,NaN,1,4.34927101202926,638.097548169942
1400,VCVS,BPF,VCVS_BPF_Maheshwari,Maheshwari VCVS equal-component active-filter equations,1363.41344744109,1363.41344744109,NaN,8.73418668513988e-11,8.73418668513988e-11,NaN,NaN,10050.4659677692,13506.323351325,2.34385046371366,1.5240428358142,1336503.46227888
2799,ACTIVE_OTHER,HPF,ACTIVE_OTHER_STATE_VARIABLE_HPF,External state-variable/biquad active-filter canonical equation,224193.477488393,77287.1392444786,27015.5738306385,9.06782142065442e-10,1.22971188891759e-11,NaN,NaN,9614.64959849767,10058.5190117501,2.0461659479844,2.76799960274531,11449.9044772664
2721,ACTIVE_OTHER,HPF,ACTIVE_OTHER_STATE_VARIABLE_HPF,External state-variable/biquad active-filter canonical equation,178317.27397032,105698.827379132,8361.04976159245,2.91038355551314e-12,5.51243862386124e-11,NaN,NaN,10103.0019085903,24658.5489486373,3.44071506387332,0.796737472206132,91525.3380136005
2076,MFB,BPF,MFB_BPF_Maheshwari,Maheshwari MFB active-filter equations,5475967.80360922,93684167.6884634,NaN,2.16368635282773e-11,1.58066419140506e-11,NaN,NaN,NaN,NaN,-11553.1257159286,2.04288123078844,379.961529243114
2478,ACTIVE_OTHER,LPF,ACTIVE_OTHER_STATE_VARIABLE_LPF,External state-variable/biquad active-filter canonical equation,3078.78883949878,142883.503385594,47713.5625552997,2.68262948323916e-10,1.57900086429594e-11,NaN,NaN,9546.66383746914,18915.467091458,2.9813693467678,4.56630530692705,116591.691808946
1801,MFB,HPF,MFB_HPF_Maheshwari,Maheshwari MFB active-filter equations,389322.793878754,171618.227392964,NaN,1.31759284429602e-10,3.14293015448909e-10,8.59034414551776e-11,NaN,NaN,NaN,-0.651972586425777,0.713577290435894,3747.23442960056
1711,MFB,LPF,MFB_LPF_Maheshwari,Maheshwari MFB active-filter equations,41214.1379063396,679220.585943072,129968.862341278,1.00822644572947e-10,2.64364398167114e-11,NaN,NaN,NaN,NaN,-3.15350190356125,0.19661507732769,10375.6311951129
1799,MFB,LPF,MFB_LPF_Maheshwari,Maheshwari MFB active-filter equations,3344.9431255128,170898.169713336,8989.57999763135,1.00893351899091e-09,9.83147264600527e-11,NaN,NaN,NaN,NaN,-2.68751355712608,0.196443636804036,12892.6194032057
566,PASSIVE,BPF,PASSIVE_RLC_BPF,Passive RLC second-order equation,14129.0743991173,NaN,NaN,6.95163142478017e-10,NaN,NaN,0.732299847533601,NaN,NaN,1,2.2971396125615,7053.948602057
2798,ACTIVE_OTHER,HPF,ACTIVE_OTHER_STATE_VARIABLE_HPF,External state-variable/biquad active-filter canonical equation,1144.71605133634,905630.997071447,10130.5900455212,5.89987355585803e-11,4.32562286994047e-11,NaN,NaN,10264.6459871937,14282.5815587162,2.3914344027583,0.968111460036171,97847.5436313395
77,PASSIVE,LPF,PASSIVE_RC_LPF,Passive RC first-order equation,21697.6838815214,NaN,NaN,2.03322394601953e-12,NaN,NaN,NaN,NaN,NaN,1,NaN,3607626.24884651
1178,VCVS,HPF,VCVS_HPF_Maheshwari,Maheshwari VCVS equal-component active-filter equations,7057.20471474272,7057.20471474272,NaN,1.11577626098717e-12,1.11577626098717e-12,NaN,NaN,9825.60543793236,9972.24477598097,2.01492420380351,1.01515031011942,20212046.9711806
591,PASSIVE,BPF,PASSIVE_RLC_BPF,Passive RLC second-order equation,122653.07930249,NaN,NaN,1.48914525739011e-11,NaN,NaN,0.483168172287878,NaN,NaN,1,1.4685954279188,59333.8379490651
2240,MFB,BSF,MFB_BSF_1_MINUS_BP,Maheshwari MFB BPF denominator + ADI 1-minus-BP notch construction,81014.547370098,13559844.1951067,NaN,7.51848546974563e-11,4.48634248367648e-10,NaN,NaN,NaN,NaN,1,4.5360298793179,826.798885396937
2838,ACTIVE_OTHER,BPF,ACTIVE_OTHER_STATE_VARIABLE_BPF,External state-variable/biquad active-filter canonical equation,30803.0903367102,917980.063900589,37045.2863241456,6.57820267658398e-12,2.67989104590867e-11,NaN,NaN,9736.66583345378,19742.0719828748,3.02760085644964,3.82507014031583,71284.3457883006
2277,MFB,BSF,MFB_BSF_1_MINUS_BP,Maheshwari MFB BPF denominator + ADI 1-minus-BP notch construction,305.776860397605,342951.489429926,NaN,3.4357981740499e-10,1.38630627133381e-11,NaN,NaN,NaN,NaN,1,6.46622486838294,225194.645593913
890,VCVS,LPF,VCVS_LPF_Maheshwari,Maheshwari VCVS equal-component active-filter equations,119817.693590977,119817.693590977,NaN,9.74975379003822e-12,9.74975379003822e-12,NaN,NaN,9889.76290754731,3758.93817981495,1.38008375073849,0.617315864604655,136240.280013196
1225,VCVS,BPF,VCVS_BPF_Maheshwari,Maheshwari VCVS equal-component active-filter equations,1564.23268859114,1564.23268859114,NaN,3.78616023658476e-11,3.78616023658476e-11,NaN,NaN,9832.35583259033,5899.15027011202,1.59997322824289,0.714272055487156,2687322.47459693
1345,VCVS,BPF,VCVS_BPF_Maheshwari,Maheshwari VCVS equal-component active-filter equations,227049.17640309,227049.17640309,NaN,2.33760818034573e-11,2.33760818034573e-11,NaN,NaN,9855.43594658861,11531.358239135,2.17005054891829,1.20489265785603,29986.6867130637
2920,ACTIVE_OTHER,BPF,ACTIVE_OTHER_STATE_VARIABLE_BPF,External state-variable/biquad active-filter canonical equation,72229.9162277502,12074.6430021701,30670.6851920602,1.46645023286918e-12,9.48951773494967e-12,NaN,NaN,9521.24071136798,11107.7200091733,2.16662526932137,3.16203643762787,1444670.12228601
338,PASSIVE,HPF,PASSIVE_RC_HPF,Passive RC first-order equation,4333.97054255721,NaN,NaN,2.8275577077974e-12,NaN,NaN,NaN,NaN,NaN,1,NaN,12987414.4334997
1838,MFB,HPF,MFB_HPF_Maheshwari,Maheshwari MFB active-filter equations,10655.7880884195,2332.60757369425,NaN,7.24182128841744e-10,3.18077819694969e-10,2.60128841741892e-10,NaN,NaN,NaN,-0.359203619340816,1.31416997263451,110980.213739565
754,PASSIVE,BSF,PASSIVE_RLC_BSF,Passive RLC second-order equation,101038.125340816,NaN,NaN,9.28859344169537e-12,NaN,NaN,0.566040103130957,NaN,NaN,1,2.44322432595728,69409.9215809989
2531,ACTIVE_OTHER,LPF,ACTIVE_OTHER_STATE_VARIABLE_LPF,External state-variable/biquad active-filter canonical equation,56189.768080365,2400.6774908921,21901.8730737499,5.42609783786421e-11,7.23605611042765e-12,NaN,NaN,9746.84267258055,25008.7405770633,3.56582992228006,2.08932426324127,691559.940985557
1888,MFB,HPF,MFB_HPF_Maheshwari,Maheshwari MFB active-filter equations,33948.4433791625,178.408904408396,NaN,5.47603962819278e-11,3.38519795684534e-10,2.29782517258867e-10,NaN,NaN,NaN,-4.19614416367363,1.47153310359208,231873.655779315
3113,ACTIVE_OTHER,BSF,ACTIVE_OTHER_STATE_VARIABLE_BSF,External state-variable/biquad active-filter canonical equation,36484.8854366986,9312.4633139445,38401.8527288138,2.36470811915494e-12,7.80817924306436e-11,NaN,NaN,9735.88726862336,31475.4021598044,4.2329259050937,3.66421032476645,635429.966909481
575,PASSIVE,BPF,PASSIVE_RLC_BPF,Passive RLC second-order equation,1298202.29064019,NaN,NaN,2.71953121933585e-12,NaN,NaN,27.272450652414,NaN,NaN,1,2.4393419629807,18480.3854417001
2554,ACTIVE_OTHER,LPF,ACTIVE_OTHER_STATE_VARIABLE_LPF,External state-variable/biquad active-filter canonical equation,1401.18297327225,7991.79470709786,35295.387933524,1.57158504183851e-10,6.1853112240281e-12,NaN,NaN,9626.37915252146,6680.68047338343,1.69399723068601,3.58473130489495,1525460.00172374
2383,MFB,BSF,MFB_BSF_1_MINUS_BP,Maheshwari MFB BPF denominator + ADI 1-minus-BP notch construction,1030.9106564038,153299.67059591,NaN,2.41568365643666e-11,3.01364792866567e-11,NaN,NaN,NaN,NaN,1,6.06010317080949,469215.898266339
404,PASSIVE,BPF,PASSIVE_RLC_BPF,Passive RLC second-order equation,239812.769557884,NaN,NaN,8.38007421721164e-11,NaN,NaN,20.6285092775589,NaN,NaN,1,2.06889135653064,3827.91492270379
2449,ACTIVE_OTHER,LPF,ACTIVE_OTHER_STATE_VARIABLE_LPF,External state-variable/biquad active-filter canonical equation,19433.9440407156,267980.922907745,34666.5546259007,1.40494380122527e-12,2.22172812885909e-10,NaN,NaN,10465.2968769759,15328.5815491772,2.46470584918624,3.48709048234048,124828.222227353
1648,MFB,LPF,MFB_LPF_Maheshwari,Maheshwari MFB active-filter equations,4369.68099369028,164423.38196746,13009.1650020284,1.62869409084968e-10,1.8645329957242e-11,NaN,NaN,NaN,NaN,-2.9771429586767,0.204951713322103,62446.6054170829
3032,ACTIVE_OTHER,BSF,ACTIVE_OTHER_STATE_VARIABLE_BSF,External state-variable/biquad active-filter canonical equation,12115.3980048485,11369.454505451,40887.6940313497,1.16420872941326e-11,2.38541734443801e-10,NaN,NaN,10042.6401335226,15248.8517226149,2.51841064898002,4.18454411404388,257326.114621882
1920,MFB,HPF,MFB_HPF_Maheshwari,Maheshwari MFB active-filter equations,1080.20182451124,44714.4303260268,NaN,3.75980291324405e-10,1.54129634045953e-10,1.04855194695337e-11,NaN,NaN,NaN,-0.0278884816876919,0.414447379943362,569646.952369542
119,PASSIVE,LPF,PASSIVE_RC_LPF,Passive RC first-order equation,469055.573997262,NaN,NaN,8.88441832114578e-10,NaN,NaN,NaN,NaN,NaN,1,NaN,381.915101494198
154,PASSIVE,LPF,PASSIVE_RC_LPF,Passive RC first-order equation,1059.5723144628,NaN,NaN,2.06024429191521e-12,NaN,NaN,NaN,NaN,NaN,1,NaN,72907265.5538738
1625,MFB,LPF,MFB_LPF_Maheshwari,Maheshwari MFB active-filter equations,4000.87424986289,65748.424886178,6556.07592826564,6.78868096620365e-10,1.45902321118727e-11,NaN,NaN,NaN,NaN,-1.63866083231442,0.786589101795665,77024.9930038561
1135,VCVS,HPF,VCVS_HPF_Maheshwari,Maheshwari VCVS equal-component active-filter equations,7570.13003643793,7570.13003643793,NaN,4.08669745044211e-12,4.08669745044211e-12,NaN,NaN,9831.25798936129,2157.38678420311,1.21944157975894,0.56162156132154,5144513.42729662
1514,VCVS,BSF,VCVS_BSF_Maheshwari,Maheshwari VCVS equal-component active-filter equations,116882.408915683,116882.408915683,NaN,1.98472387594418e-12,1.98472387594418e-12,NaN,NaN,9986.75801354726,3688.45195013967,1.36933426694992,0.792813012975754,686073.877460147
2018,MFB,BPF,MFB_BPF_Maheshwari,Maheshwari MFB active-filter equations,79.7794726242027,13583.7922753427,NaN,2.85739042081416e-10,1.01354425508829e-10,NaN,NaN,NaN,NaN,-123670501.678705,5.7366089118246,898375.46952691
322,PASSIVE,HPF,PASSIVE_RC_HPF,Passive RC first-order equation,647341.607447408,NaN,NaN,1.00840193764558e-10,NaN,NaN,NaN,NaN,NaN,1,NaN,2438.10799293606
1737,MFB,LPF,MFB_LPF_Maheshwari,Maheshwari MFB active-filter equations,44791.9154544772,283.055211784198,111498.511888476,6.9686301040804e-10,4.56299424090106e-11,NaN,NaN,NaN,NaN,-2.48925527647491,0.19517300714963,158873.459140917
2107,MFB,BPF,MFB_BPF_Maheshwari,Maheshwari MFB active-filter equations,344804.437850584,536261183.677113,NaN,1.30341192691269e-11,5.20657726045278e-10,NaN,NaN,NaN,NaN,-5570.25190574819,6.08734890776301,142.078552223131
1120,VCVS,HPF,VCVS_HPF_Maheshwari,Maheshwari VCVS equal-component active-filter equations,5010.99583310522,5010.99583310522,NaN,9.40525205585392e-10,9.40525205585392e-10,NaN,NaN,10164.8620702135,11849.9904109374,2.16577975471618,1.19872420461311,33769.5793685878
238,PASSIVE,HPF,PASSIVE_RC_HPF,Passive RC first-order equation,3690.27675074121,NaN,NaN,5.43924668718376e-10,NaN,NaN,NaN,NaN,NaN,1,NaN,79290.7340847403
1059,VCVS,HPF,VCVS_HPF_Maheshwari,Maheshwari VCVS equal-component active-filter equations,3147.1011645646,3147.1011645646,NaN,4.42052713450606e-12,4.42052713450606e-12,NaN,NaN,10065.635470814,996.746915263758,1.09902473799631,0.526045772392624,11440246.1059465
2114,MFB,BPF,MFB_BPF_Maheshwari,Maheshwari MFB active-filter equations,52814.4292517471,6484716.48140667,NaN,2.6370423590644e-10,3.46517201319544e-11,NaN,NaN,NaN,NaN,-546414.997566449,3.55022142930463,2844.9680118353
452,PASSIVE,BPF,PASSIVE_RLC_BPF,Passive RLC second-order equation,40748.6914262767,NaN,NaN,3.54429540635735e-12,NaN,NaN,0.0986837454861796,NaN,NaN,1,4.0949083838348,269111.5659828
2344,MFB,BSF,MFB_BSF_1_MINUS_BP,Maheshwari MFB BPF denominator + ADI 1-minus-BP notch construction,1235.36764149884,74231.1866282098,NaN,3.91984459353974e-11,1.19350080794235e-10,NaN,NaN,NaN,NaN,1,3.34409543718634,242986.998286531
3024,ACTIVE_OTHER,BSF,ACTIVE_OTHER_STATE_VARIABLE_BSF,External state-variable/biquad active-filter canonical equation,1842.10740101146,21486.7815252576,24733.4728192215,3.62171383096285e-10,1.84248829126565e-12,NaN,NaN,9624.37902001123,33930.2407094975,4.52544726667029,2.48190060878018,979304.025662429
2488,ACTIVE_OTHER,LPF,ACTIVE_OTHER_STATE_VARIABLE_LPF,External state-variable/biquad active-filter canonical equation,4243.77618235411,417511.820069275,35777.2502684579,2.3652286362087e-12,1.99929059624228e-12,NaN,NaN,9566.10057214165,16416.274707106,2.71608845038839,3.57138535106902,1738741.35087754
2901,ACTIVE_OTHER,BPF,ACTIVE_OTHER_STATE_VARIABLE_BPF,External state-variable/biquad active-filter canonical equation,22753.523090593,38192.6821657981,5783.07441594979,8.23476019295986e-12,8.28278643859883e-12,NaN,NaN,9673.56039331494,6540.87105940352,1.67615963445307,0.569216412858699,653720.368136642
495,PASSIVE,BPF,PASSIVE_RLC_BPF,Passive RLC second-order equation,1526922.83150332,NaN,NaN,5.03892161324935e-12,NaN,NaN,4.56895945001884,NaN,NaN,1,0.623623915414001,33169.7866868192
1792,MFB,LPF,MFB_LPF_Maheshwari,Maheshwari MFB active-filter equations,6226.19648381694,912.755305552122,21004.7968184468,4.31205863411929e-10,1.59648920696347e-10,NaN,NaN,NaN,NaN,-3.37361611909329,0.287879462327931,138534.641100017
2384,MFB,BSF,MFB_BSF_1_MINUS_BP,Maheshwari MFB BPF denominator + ADI 1-minus-BP notch construction,516386.166474856,137798645.243573,NaN,7.69547939974566e-11,3.09603348050587e-10,NaN,NaN,NaN,NaN,1,6.52290439562572,122.233344185422
2739,ACTIVE_OTHER,HPF,ACTIVE_OTHER_STATE_VARIABLE_HPF,External state-variable/biquad active-filter canonical equation,320649.269529237,107932.200630026,44840.208220877,5.96129454613748e-11,3.34536539376373e-11,NaN,NaN,10211.1207248769,22308.549535551,3.18473075939662,4.61151889565974,19157.4375199484
704,PASSIVE,BSF,PASSIVE_RLC_BSF,Passive RLC second-order equation,258518.558132714,NaN,NaN,2.98009853864033e-12,NaN,NaN,2.01924847933789,NaN,NaN,1,3.18410840375833,64879.8649409195
2459,ACTIVE_OTHER,LPF,ACTIVE_OTHER_STATE_VARIABLE_LPF,External state-variable/biquad active-filter canonical equation,29110.619271856,444062.902179135,45853.4497353343,1.74587287102046e-12,9.20930278506512e-12,NaN,NaN,10304.8667005441,6237.84947371627,1.60533043803341,4.48010318075464,349102.114018393
2215,MFB,BSF,MFB_BSF_1_MINUS_BP,Maheshwari MFB BPF denominator + ADI 1-minus-BP notch construction,29580.6645391781,1541775.222205,NaN,8.31026047550415e-11,2.52013443118047e-11,NaN,NaN,NaN,NaN,1,3.05057317802475,16284.9513453432
2052,MFB,BPF,MFB_BPF_Maheshwari,Maheshwari MFB active-filter equations,4955.03386251015,660669.363954582,NaN,1.70857142899329e-10,4.5178902245223e-10,NaN,NaN,NaN,NaN,-446701.796390659,5.15242715067975,10011.988151981
2272,MFB,BSF,MFB_BSF_1_MINUS_BP,Maheshwari MFB BPF denominator + ADI 1-minus-BP notch construction,14493.102294586,1091548.12457388,NaN,7.35705701511895e-11,2.55619981024835e-10,NaN,NaN,NaN,NaN,1,3.61528770368602,9227.17057191013
2749,ACTIVE_OTHER,HPF,ACTIVE_OTHER_STATE_VARIABLE_HPF,External state-variable/biquad active-filter canonical equation,354302.747465469,692688.535462084,34369.6041808341,7.82140339253031e-11,1.809356789954e-11,NaN,NaN,9750.74484856975,27255.801082294,3.7952532350687,3.42619696834219,8540.03049979536
1534,VCVS,BSF,VCVS_BSF_Maheshwari,Maheshwari VCVS equal-component active-filter equations,24336.6274166665,24336.6274166665,NaN,4.18086660437418e-11,4.18086660437418e-11,NaN,NaN,10147.5325790792,1112.19509617507,1.10960251543987,0.561546959274043,156420.412654099
2822,ACTIVE_OTHER,BPF,ACTIVE_OTHER_STATE_VARIABLE_BPF,External state-variable/biquad active-filter canonical equation,2269.40163059032,2984.60120875355,44481.8694898573,8.81800021465953e-12,8.37154483829757e-11,NaN,NaN,10285.9629518738,22519.9880676084,3.18939035391975,4.64296065056239,2250782.02783362
2254,MFB,BSF,MFB_BSF_1_MINUS_BP,Maheshwari MFB BPF denominator + ADI 1-minus-BP notch construction,9270.26875999425,816596.735169534,NaN,8.2064586888517e-11,2.42131039624723e-11,NaN,NaN,NaN,NaN,1,3.93657630889476,41036.1890814504
2679,ACTIVE_OTHER,HPF,ACTIVE_OTHER_STATE_VARIABLE_HPF,External state-variable/biquad active-filter canonical equation,401758.791021169,20016.0829871862,34363.855682865,9.47279227596544e-11,3.49220241919164e-10,NaN,NaN,9781.84572509049,31531.9785117685,4.22352032509456,3.39341220577178,9757.96328019457
1434,VCVS,BSF,VCVS_BSF_Maheshwari,Maheshwari VCVS equal-component active-filter equations,55448.6423872759,55448.6423872759,NaN,9.12693958442076e-11,9.12693958442076e-11,NaN,NaN,10150.6035464607,1806.96113751244,1.17801514257174,0.60828371165419,31448.7971041349
1207,VCVS,BPF,VCVS_BPF_Maheshwari,Maheshwari VCVS equal-component active-filter equations,161330.438995762,161330.438995762,NaN,2.08612568743944e-10,2.08612568743944e-10,NaN,NaN,10118.0594756289,9879.36655235217,1.9764092191935,0.976952917856572,4728.93500750926
1535,VCVS,BSF,VCVS_BSF_Maheshwari,Maheshwari VCVS equal-component active-filter equations,1320.72213575917,1320.72213575917,NaN,1.04062740946144e-11,1.04062740946144e-11,NaN,NaN,9822.8419361561,4050.47219323347,1.41235237414586,0.850850029851228,11580129.4454149
1666,MFB,LPF,MFB_LPF_Maheshwari,Maheshwari MFB active-filter equations,35781.7964694768,137653.975101613,53535.7462844038,1.61198908830573e-10,2.72724402946759e-11,NaN,NaN,NaN,NaN,-1.49617267903449,0.525517919567882,27961.5198485393
853,VCVS,LPF,VCVS_LPF_Maheshwari,Maheshwari VCVS equal-component active-filter equations,227096.384503804,227096.384503804,NaN,2.80571826742857e-12,2.80571826742857e-12,NaN,NaN,9936.52315473104,3613.79164833291,1.3636877398723,0.611130298517692,249784.710746172
315,PASSIVE,HPF,PASSIVE_RC_HPF,Passive RC first-order equation,6260.67745708912,NaN,NaN,5.92229524340441e-11,NaN,NaN,NaN,NaN,NaN,1,NaN,429248.461465176
1094,VCVS,HPF,VCVS_HPF_Maheshwari,Maheshwari VCVS equal-component active-filter equations,410727.98330593,410727.98330593,NaN,3.20798282233176e-12,3.20798282233176e-12,NaN,NaN,9874.16010462547,1883.46492344292,1.19074684869254,0.552714250782069,120790.785295137
1785,MFB,LPF,MFB_LPF_Maheshwari,Maheshwari MFB active-filter equations,193306.452635278,228175.588377725,664055.09441901,2.26565403805784e-10,3.65373149663455e-11,NaN,NaN,NaN,NaN,-3.43524535971864,0.57832640843862,4493.84795038563
1541,VCVS,BSF,VCVS_BSF_Maheshwari,Maheshwari VCVS equal-component active-filter equations,29671.2518438312,29671.2518438312,NaN,1.25852049306323e-10,1.25852049306323e-10,NaN,NaN,10024.0006268233,1668.95110993546,1.16649551133003,0.599876793462567,42621.0328681266
19,PASSIVE,LPF,PASSIVE_RC_LPF,Passive RC first-order equation,2068.53525566317,NaN,NaN,6.38009712459653e-10,NaN,NaN,NaN,NaN,NaN,1,NaN,120595.170054146
2927,ACTIVE_OTHER,BPF,ACTIVE_OTHER_STATE_VARIABLE_BPF,External state-variable/biquad active-filter canonical equation,107913.565205224,139246.505066847,22225.6868397896,1.14306480404115e-11,4.47153948132478e-10,NaN,NaN,9645.93720525406,34147.0724114954,4.54004713952479,2.28520144136262,18160.4245954143
2154,MFB,BPF,MFB_BPF_Maheshwari,Maheshwari MFB active-filter equations,65085.7916387574,8896890.41370981,NaN,1.34274610168121e-11,9.20087549888813e-12,NaN,NaN,NaN,NaN,-1669877.65879009,5.74294852042949,18816.8268282219
3152,ACTIVE_OTHER,BSF,ACTIVE_OTHER_STATE_VARIABLE_BSF,External state-variable/biquad active-filter canonical equation,428183.029202142,87443.5671663973,50915.8497474185,1.32623790861659e-10,2.05763159468295e-10,NaN,NaN,9883.26481492191,13716.2805514555,2.38782890151304,4.9296828411733,4979.05524406282
1158,VCVS,HPF,VCVS_HPF_Maheshwari,Maheshwari VCVS equal-component active-filter equations,1004.42490849918,1004.42490849918,NaN,3.74750069662784e-10,3.74750069662784e-10,NaN,NaN,9878.89814991885,1102.74725946819,1.11162654404705,0.529556268039871,422825.270373457
98,PASSIVE,LPF,PASSIVE_RC_LPF,Passive RC first-order equation,13317.0951282647,NaN,NaN,2.32904045407962e-10,NaN,NaN,NaN,NaN,NaN,1,NaN,51313.7315156562
3013,ACTIVE_OTHER,BSF,ACTIVE_OTHER_STATE_VARIABLE_BSF,External state-variable/biquad active-filter canonical equation,40992.1315771114,876220.911079201,37856.958781747,1.33980237842907e-10,1.61913041852492e-11,NaN,NaN,10115.7295589855,22319.5640803514,3.20642158830013,3.83188106518708,18030.2515444287
2126,MFB,BPF,MFB_BPF_Maheshwari,Maheshwari MFB active-filter equations,8024.47616032152,70376.0900709325,NaN,6.33403679953269e-11,2.37729017909729e-10,NaN,NaN,NaN,NaN,-524204.943950864,1.20703264019399,54578.0266988802
518,PASSIVE,BPF,PASSIVE_RLC_BPF,Passive RLC second-order equation,392782.330282087,NaN,NaN,1.6450631771664e-12,NaN,NaN,1.60998644623562,NaN,NaN,1,2.51865032626567,97795.2431989005
1848,MFB,HPF,MFB_HPF_Maheshwari,Maheshwari MFB active-filter equations,145871.344979459,338723.544542193,NaN,8.89427083659802e-11,2.15086848690623e-11,4.60826528253022e-11,NaN,NaN,NaN,-0.518116140962134,0.254742866971582,22742.4255148544
2213,MFB,BSF,MFB_BSF_1_MINUS_BP,Maheshwari MFB BPF denominator + ADI 1-minus-BP notch construction,15636.6839072558,8740668.21821672,NaN,3.83333679956691e-11,6.84408307392547e-10,NaN,NaN,NaN,NaN,1,5.2986229524625,2657.84322421444
1698,MFB,LPF,MFB_LPF_Maheshwari,Maheshwari MFB active-filter equations,18024.3522624696,1679.49497818294,63953.5939004784,7.33628109835163e-10,1.49872571542124e-11,NaN,NaN,NaN,NaN,-3.54817709780577,1.01282127836314,146453.32567189
1329,VCVS,BPF,VCVS_BPF_Maheshwari,Maheshwari VCVS equal-component active-filter equations,8182.06928202662,8182.06928202662,NaN,1.17644695955147e-10,1.17644695955147e-10,NaN,NaN,9912.58222183689,2702.00043122598,1.27258290229095,0.578898982374453,165342.548527584
1512,VCVS,BSF,VCVS_BSF_Maheshwari,Maheshwari VCVS equal-component active-filter equations,220488.553080514,220488.553080514,NaN,1.48139343160512e-10,1.48139343160512e-10,NaN,NaN,10064.4916831428,1305.62986714404,1.12972635958663,0.574531936601579,4872.63263329261
1578,VCVS,BSF,VCVS_BSF_Maheshwari,Maheshwari VCVS equal-component active-filter equations,228139.547434839,228139.547434839,NaN,1.37620128547963e-12,1.37620128547963e-12,NaN,NaN,10108.6874413522,5537.38607482903,1.54778487384791,1.10566845530911,506917.864652275
2392,MFB,BSF,MFB_BSF_1_MINUS_BP,Maheshwari MFB BPF denominator + ADI 1-minus-BP notch construction,7861.32991679238,426938.141573678,NaN,3.15863521120322e-10,4.62906090729617e-10,NaN,NaN,NaN,NaN,1,3.61844231357079,7184.44887869849
572,PASSIVE,BPF,PASSIVE_RLC_BPF,Passive RLC second-order equation,20820.1399457535,NaN,NaN,1.50454514428495e-10,NaN,NaN,1.09340499782878,NaN,NaN,1,4.09453201575895,12408.7202198435
2542,ACTIVE_OTHER,LPF,ACTIVE_OTHER_STATE_VARIABLE_LPF,External state-variable/biquad active-filter canonical equation,458226.787534268,13138.4903004531,48440.3728880822,3.7312324172944e-12,5.23914485267604e-12,NaN,NaN,9868.08644117273,32868.6457892672,4.33080237847623,5.01403030714099,463928.238658098
2485,ACTIVE_OTHER,LPF,ACTIVE_OTHER_STATE_VARIABLE_LPF,External state-variable/biquad active-filter canonical equation,57118.745427737,13087.0212652309,30627.9547539415,3.27238043922755e-11,3.13542934241685e-12,NaN,NaN,10389.0196189043,19117.6367524386,2.84017717298862,3.21162282276762,574685.175786788
2817,ACTIVE_OTHER,BPF,ACTIVE_OTHER_STATE_VARIABLE_BPF,External state-variable/biquad active-filter canonical equation,200194.986816388,9497.82476486246,51035.8914823739,3.68104206603209e-10,3.242494469347e-12,NaN,NaN,9638.05604063633,24764.8811174815,3.56948922200358,5.1776667576391,105646.823643204
2952,ACTIVE_OTHER,BPF,ACTIVE_OTHER_STATE_VARIABLE_BPF,External state-variable/biquad active-filter canonical equation,15899.7079182287,3410.68038675486,47411.655211524,1.16254070520754e-12,4.31323977994393e-11,NaN,NaN,10446.1742427861,23679.3884784551,3.26680006747997,4.78100327167611,3052102.82964383
432,PASSIVE,BPF,PASSIVE_RLC_BPF,Passive RLC second-order equation,1156.23615884308,NaN,NaN,7.48868613480626e-11,NaN,NaN,0.001079328666631,NaN,NaN,1,3.28342797929476,559809.753999412
1513,VCVS,BSF,VCVS_BSF_Maheshwari,Maheshwari VCVS equal-component active-filter equations,34595.1847029072,34595.1847029072,NaN,9.54373781121336e-12,9.54373781121336e-12,NaN,NaN,10182.1879111371,6862.66883277993,1.67398764319343,1.53368419803995,482043.219371746
3129,ACTIVE_OTHER,BSF,ACTIVE_OTHER_STATE_VARIABLE_BSF,External state-variable/biquad active-filter canonical equation,128212.943697009,14446.8545472869,43527.4347293354,1.20356224165906e-12,1.39200918888449e-10,NaN,NaN,9703.73178424161,31375.6935767295,4.23336364548761,4.51294684717068,285701.300608905
1951,MFB,HPF,MFB_HPF_Maheshwari,Maheshwari MFB active-filter equations,585931.823396223,162916.955863531,NaN,1.06992007452377e-09,1.89158906503066e-10,9.14101981950943e-10,NaN,NaN,NaN,-0.854364735943307,0.424729000907944,1238.80435242732
2133,MFB,BPF,MFB_BPF_Maheshwari,Maheshwari MFB active-filter equations,4414.60605221611,1463236.46476747,NaN,1.78584644801291e-11,1.30675206053582e-10,NaN,NaN,NaN,NaN,-1733464.10083956,5.92113579312875,40991.9183267361
2386,MFB,BSF,MFB_BSF_1_MINUS_BP,Maheshwari MFB BPF denominator + ADI 1-minus-BP notch construction,138.024487218584,11880.2874634339,NaN,2.24477860767208e-10,8.84370218486888e-10,NaN,NaN,NaN,NaN,1,3.72792500442345,278948.977487957
216,PASSIVE,HPF,PASSIVE_RC_HPF,Passive RC first-order equation,232504.752326307,NaN,NaN,4.5900216656275e-12,NaN,NaN,NaN,NaN,NaN,1,NaN,149132.93395387
778,PASSIVE,BSF,PASSIVE_RLC_BSF,Passive RLC second-order equation,123504736.742913,NaN,NaN,1.94993372522045e-12,NaN,NaN,619472.968646404,NaN,NaN,1,4.56370580712651,144.810157592761
2783,ACTIVE_OTHER,HPF,ACTIVE_OTHER_STATE_VARIABLE_HPF,External state-variable/biquad active-filter canonical equation,5948.66727475363,3109.4312416029,46953.4626250507,2.13747239529996e-12,1.1592186838187e-12,NaN,NaN,9742.95971670269,31887.7666284945,4.27290346626685,4.6444957211071,23509146.9203348
1879,MFB,HPF,MFB_HPF_Maheshwari,Maheshwari MFB active-filter equations,914259.454168293,915638.354231828,NaN,1.71737894183452e-10,7.53760521096269e-11,1.20697966935638e-11,NaN,NaN,NaN,-0.0702803347563509,1.65461834100641,5767.09018139943
888,VCVS,LPF,VCVS_LPF_Maheshwari,Maheshwari VCVS equal-component active-filter equations,172951.25180518,172951.25180518,NaN,3.37397798608386e-10,3.37397798608386e-10,NaN,NaN,9935.64580582471,11131.9291048842,2.12040317483521,1.13688450366184,2727.43354253732
550,PASSIVE,BPF,PASSIVE_RLC_BPF,Passive RLC second-order equation,40656.119037895,NaN,NaN,3.28585134710145e-10,NaN,NaN,9.90391571001047,NaN,NaN,1,4.27025286269905,2789.9261523942
881,VCVS,LPF,VCVS_LPF_Maheshwari,Maheshwari VCVS equal-component active-filter equations,29190.767607832,29190.767607832,NaN,1.06115225725304e-11,1.06115225725304e-11,NaN,NaN,9815.29771997006,813.849360180426,1.08291642122323,0.521625666752655,513803.329201581
1662,MFB,LPF,MFB_LPF_Maheshwari,Maheshwari MFB active-filter equations,4427.23131822283,7183.71122241223,14977.701291557,3.06177179069994e-11,1.80754984467619e-11,NaN,NaN,NaN,NaN,-3.38308532240175,0.290547286100361,652216.176991314
1437,VCVS,BSF,VCVS_BSF_Maheshwari,Maheshwari VCVS equal-component active-filter equations,833794.25787411,833794.25787411,NaN,3.1930278669655e-11,3.1930278669655e-11,NaN,NaN,9944.14235157879,635.044617911818,1.06386117529894,0.534108816776901,5978.03595633115
2268,MFB,BSF,MFB_BSF_1_MINUS_BP,Maheshwari MFB BPF denominator + ADI 1-minus-BP notch construction,90681.3976510272,832463.491831072,NaN,3.09404650612157e-11,5.20281230429775e-10,NaN,NaN,NaN,NaN,1,0.69739638351448,4565.5797462225
2641,ACTIVE_OTHER,HPF,ACTIVE_OTHER_STATE_VARIABLE_HPF,External state-variable/biquad active-filter canonical equation,2454.02189560167,7645.45884718503,20194.1112840076,5.51623135394352e-10,6.04461150482682e-10,NaN,NaN,10069.4350237976,30418.0195994502,4.02082684158167,2.02045585954939,63631.7261446206
5,PASSIVE,LPF,PASSIVE_RC_LPF,Passive RC first-order equation,7221.75658314444,NaN,NaN,3.29071554998754e-11,NaN,NaN,NaN,NaN,NaN,1,NaN,669710.244305366
1151,VCVS,HPF,VCVS_HPF_Maheshwari,Maheshwari VCVS equal-component active-filter equations,2123.23643424338,2123.23643424338,NaN,1.35613242152264e-11,1.35613242152264e-11,NaN,NaN,9886.21347634202,7048.27677123221,1.71293997323636,0.776964538720495,5527384.47965492
203,PASSIVE,HPF,PASSIVE_RC_HPF,Passive RC first-order equation,97995.5264092183,NaN,NaN,1.41174710364327e-10,NaN,NaN,NaN,NaN,NaN,1,NaN,11504.2146422968
885,VCVS,LPF,VCVS_LPF_Maheshwari,Maheshwari VCVS equal-component active-filter equations,10353.2586611819,10353.2586611819,NaN,2.65912815941095e-10,2.65912815941095e-10,NaN,NaN,10152.8119069031,2136.47335068999,1.21043168831261,0.55879398035222,57810.1103232691
2626,ACTIVE_OTHER,HPF,ACTIVE_OTHER_STATE_VARIABLE_HPF,External state-variable/biquad active-filter canonical equation,8414.33234215855,267701.285764971,16251.0276070223,1.91850992901995e-10,8.53208218533186e-11,NaN,NaN,9808.05055741608,13726.0574261458,2.39946846172884,1.55858767614786,26210.5136368312
743,PASSIVE,BSF,PASSIVE_RLC_BSF,Passive RLC second-order equation,2519101.64037882,NaN,NaN,1.32614686292182e-11,NaN,NaN,156.588924275452,NaN,NaN,1,1.36407741528225,3492.55939226012
2892,ACTIVE_OTHER,BPF,ACTIVE_OTHER_STATE_VARIABLE_BPF,External state-variable/biquad active-filter canonical equation,3055.6808531556,1574.85813507729,43973.8862093683,9.8635084568688e-12,1.11058947182115e-10,NaN,NaN,10004.0261813447,19333.8667212445,2.93260856886779,4.51213866179955,2192062.48395867
69,PASSIVE,LPF,PASSIVE_RC_LPF,Passive RC first-order equation,5675.41947389824,NaN,NaN,5.60130432928961e-12,NaN,NaN,NaN,NaN,NaN,1,NaN,5006485.88720144
109,PASSIVE,LPF,PASSIVE_RC_LPF,Passive RC first-order equation,6112.70212136481,NaN,NaN,7.82943890216385e-10,NaN,NaN,NaN,NaN,NaN,1,NaN,33254.9469668245
2287,MFB,BSF,MFB_BSF_1_MINUS_BP,Maheshwari MFB BPF denominator + ADI 1-minus-BP notch construction,9144.0690727267,463205.046676845,NaN,3.98119459475732e-11,6.32176934298247e-11,NaN,NaN,NaN,NaN,1,3.46561838138321,48745.8576065977
1850,MFB,HPF,MFB_HPF_Maheshwari,Maheshwari MFB active-filter equations,185554.455088656,2965505.82666635,NaN,6.36673466482522e-11,3.36253447483344e-11,1.43995712147784e-11,NaN,NaN,NaN,-0.226168860064686,0.217890631296313,9750.50018589806
2900,ACTIVE_OTHER,BPF,ACTIVE_OTHER_STATE_VARIABLE_BPF,External state-variable/biquad active-filter canonical equation,16189.1488559851,2760.18863959402,46029.4494164458,2.79764824419185e-10,2.65371134873612e-10,NaN,NaN,9534.23210507151,19571.2011603426,3.05272967394324,4.44937374084991,87380.6651516611
924,VCVS,LPF,VCVS_LPF_Maheshwari,Maheshwari VCVS equal-component active-filter equations,4747.4171400996,4747.4171400996,NaN,2.0255617083867e-12,2.0255617083867e-12,NaN,NaN,10087.7628413361,6964.07326482394,1.6903486307477,0.763561985638145,16550734.0356179
1779,MFB,LPF,MFB_LPF_Maheshwari,Maheshwari MFB active-filter equations,900.710116856461,1013.6801695735,1430.41345623698,8.66579363347308e-10,3.19389964646997e-10,NaN,NaN,NaN,NaN,-1.58809524781316,0.489271867336601,251231.480955387
1733,MFB,LPF,MFB_LPF_Maheshwari,Maheshwari MFB active-filter equations,5520.6680562165,1427.96945709196,8555.81603383164,4.46274494432751e-10,1.31574355309307e-10,NaN,NaN,NaN,NaN,-1.54977911127937,0.527787225522058,187907.145324827
1336,VCVS,BPF,VCVS_BPF_Maheshwari,Maheshwari VCVS equal-component active-filter equations,60377.6149973363,60377.6149973363,NaN,1.70835306808297e-12,1.70835306808297e-12,NaN,NaN,9976.11819597096,9447.52185483443,1.9470138253424,0.949680085139935,1543002.20222287
1276,VCVS,BPF,VCVS_BPF_Maheshwari,Maheshwari VCVS equal-component active-filter equations,1483.5927595146,1483.5927595146,NaN,5.48103637931848e-12,5.48103637931848e-12,NaN,NaN,9898.07574799168,12564.3136783207,2.26936931967509,1.36868054809209,19572339.5669828
1773,MFB,LPF,MFB_LPF_Maheshwari,Maheshwari MFB active-filter equations,153597.290910224,606610.352772125,177133.489747006,5.98369489983723e-10,3.82890770858815e-11,NaN,NaN,NaN,NaN,-1.15323316379674,0.873617787834302,3207.69238699171
1704,MFB,LPF,MFB_LPF_Maheshwari,Maheshwari MFB active-filter equations,2742.16783862873,3173.83742090856,8048.55876689427,6.50169708034962e-10,1.26767406542592e-10,NaN,NaN,NaN,NaN,-2.93510800233114,0.557318976168794,109686.092501578
3003,ACTIVE_OTHER,BSF,ACTIVE_OTHER_STATE_VARIABLE_BSF,External state-variable/biquad active-filter canonical equation,5699.19467007899,2773.90454823402,19524.0567010562,2.42818309225379e-11,4.10751858066165e-11,NaN,NaN,9698.31490316351,28882.0630928354,3.97804962833434,1.92220982938241,1267468.41548315
1971,MFB,HPF,MFB_HPF_Maheshwari,Maheshwari MFB active-filter equations,8922.59256893619,280.911783027482,NaN,1.1805528712035e-10,6.85162747233153e-10,2.34978881312191e-11,NaN,NaN,NaN,-0.199041387339684,4.34582413668037,792279.34770409
3077,ACTIVE_OTHER,BSF,ACTIVE_OTHER_STATE_VARIABLE_BSF,External state-variable/biquad active-filter canonical equation,25652.6259016325,40494.6141887556,32713.1549740405,2.43309442302561e-12,6.67452003253583e-12,NaN,NaN,10315.0141708736,18130.0093768733,2.75763300723975,3.36639417345864,1225366.72516249
3030,ACTIVE_OTHER,BSF,ACTIVE_OTHER_STATE_VARIABLE_BSF,External state-variable/biquad active-filter canonical equation,581867.352934497,1956.46768987981,49034.7599980491,1.20019378352902e-12,1.25658520230179e-10,NaN,NaN,10379.8401918832,33257.8083660839,4.20407711017465,4.8047559553963,384105.157984827
599,PASSIVE,BPF,PASSIVE_RLC_BPF,Passive RLC second-order equation,24866094.4973075,NaN,NaN,3.77202826874499e-12,NaN,NaN,28840.7538391742,NaN,NaN,1,3.5164808342734,482.535598406529
677,PASSIVE,BSF,PASSIVE_RLC_BSF,Passive RLC second-order equation,876291.599181129,NaN,NaN,9.44195852946387e-12,NaN,NaN,55.284813664419,NaN,NaN,1,2.76136129079031,6966.04318147665
1325,VCVS,BPF,VCVS_BPF_Maheshwari,Maheshwari VCVS equal-component active-filter equations,8595.62399563209,8595.62399563209,NaN,5.98093190080178e-11,5.98093190080178e-11,NaN,NaN,10114.3507102928,4440.010776148,1.43898129532226,0.640607314315586,309580.69045671
948,VCVS,LPF,VCVS_LPF_Maheshwari,Maheshwari VCVS equal-component active-filter equations,997991.366010505,997991.366010505,NaN,4.64808647385237e-10,4.64808647385237e-10,NaN,NaN,10185.4707440031,13721.8027316553,2.34719377008022,1.53184812608619,343.098759969095
2911,ACTIVE_OTHER,BPF,ACTIVE_OTHER_STATE_VARIABLE_BPF,External state-variable/biquad active-filter canonical equation,1813.196457627,46545.6682384009,33995.67443494,6.32567426222172e-11,8.06284045583147e-11,NaN,NaN,9551.19786671336,6015.74408851322,1.6298418452285,3.31467129570945,242583.144061049
156,PASSIVE,LPF,PASSIVE_RC_LPF,Passive RC first-order equation,290803.602850994,NaN,NaN,1.34625996765355e-12,NaN,NaN,NaN,NaN,NaN,1,NaN,406528.89263347
1153,VCVS,HPF,VCVS_HPF_Maheshwari,Maheshwari VCVS equal-component active-filter equations,32461.335040442,32461.335040442,NaN,3.95767233569004e-12,3.95767233569004e-12,NaN,NaN,10051.3335947685,12395.2509251362,2.2331946610137,1.30411194231117,1238836.29117462
2790,ACTIVE_OTHER,HPF,ACTIVE_OTHER_STATE_VARIABLE_HPF,External state-variable/biquad active-filter canonical equation,4647.58387894349,1765.63385832472,37924.1064370815,2.84050769319855e-10,9.82712158719441e-12,NaN,NaN,9566.07541447739,16496.3277220918,2.72446139167229,3.9101941445029,1051586.59052934
1399,VCVS,BPF,VCVS_BPF_Maheshwari,Maheshwari VCVS equal-component active-filter equations,484876.563254534,484876.563254534,NaN,6.12864333414712e-11,6.12864333414712e-11,NaN,NaN,10154.6198359729,12627.5053574422,2.24352320041653,1.32191760613229,5355.80296327496
1030,VCVS,HPF,VCVS_HPF_Maheshwari,Maheshwari VCVS equal-component active-filter equations,31284.5429380315,31284.5429380315,NaN,1.36321412873039e-12,1.36321412873039e-12,NaN,NaN,10075.7660466793,6328.82673945376,1.6281236295219,0.728928656779402,3731867.69712157
537,PASSIVE,BPF,PASSIVE_RLC_BPF,Passive RLC second-order equation,358677.337289588,NaN,NaN,3.95236942591387e-10,NaN,NaN,185.521132061232,NaN,NaN,1,1.91013468296916,587.752754649885
1843,MFB,HPF,MFB_HPF_Maheshwari,Maheshwari MFB active-filter equations,8683.86670926459,31.2874967894661,NaN,9.04854917720633e-11,5.83139717312083e-10,6.85249351848431e-10,NaN,NaN,NaN,-7.57303008944906,1.02337014308406,483022.677008276
776,PASSIVE,BSF,PASSIVE_RLC_BSF,Passive RLC second-order equation,248781127.270797,NaN,NaN,1.33193632843571e-12,NaN,NaN,271598.773546723,NaN,NaN,1,1.81511747797781,264.615023256949
1932,MFB,HPF,MFB_HPF_Maheshwari,Maheshwari MFB active-filter equations,34418.267583825,9470.40550352485,NaN,6.55075182032328e-11,6.73009289608488e-11,1.15757695298057e-11,NaN,NaN,NaN,-0.176709022831435,2.08553380874548,315831.814644442
1363,VCVS,BPF,VCVS_BPF_Maheshwari,Maheshwari VCVS equal-component active-filter equations,13490.3311952944,13490.3311952944,NaN,2.34974411455708e-11,2.34974411455708e-11,NaN,NaN,10092.6628279888,11977.5841857389,2.18676155043274,1.22965164833527,502084.655870791
2064,MFB,BPF,MFB_BPF_Maheshwari,Maheshwari MFB active-filter equations,32975.7669446953,516957.310671726,NaN,2.78085664101453e-10,1.79344656649612e-11,NaN,NaN,NaN,NaN,-1690895.05081652,0.944587436144976,17260.835637967
828,VCVS,LPF,VCVS_LPF_Maheshwari,Maheshwari VCVS equal-component active-filter equations,195234.119541969,195234.119541969,NaN,2.95392548000934e-10,2.95392548000934e-10,NaN,NaN,9940.90616021879,4790.116704407,1.48185916124789,0.658700414661123,2759.71909436051
1433,VCVS,BSF,VCVS_BSF_Maheshwari,Maheshwari VCVS equal-component active-filter equations,786341.340585854,786341.340585854,NaN,3.05836688982561e-11,3.05836688982561e-11,NaN,NaN,9928.32489879716,4525.86835683406,1.45585417509679,0.918871333964445,6617.88840813004
388,PASSIVE,HPF,PASSIVE_RC_HPF,Passive RC first-order equation,2220.46646445037,NaN,NaN,8.08734927048035e-10,NaN,NaN,NaN,NaN,NaN,1,NaN,88627.747902482
1194,VCVS,HPF,VCVS_HPF_Maheshwari,Maheshwari VCVS equal-component active-filter equations,11624.7362505495,11624.7362505495,NaN,2.77372679786308e-12,2.77372679786308e-12,NaN,NaN,10034.2867488537,3263.812244129,1.32526599307139,0.597109747495937,4935979.42949562
2830,ACTIVE_OTHER,BPF,ACTIVE_OTHER_STATE_VARIABLE_BPF,External state-variable/biquad active-filter canonical equation,75708.3852077504,128920.405228219,34268.8807423197,6.93210818538608e-11,4.71504889592402e-11,NaN,NaN,10283.5741570936,11600.7148233485,2.12808199232426,3.4927147655342,28178.0894048631
2983,ACTIVE_OTHER,BPF,ACTIVE_OTHER_STATE_VARIABLE_BPF,External state-variable/biquad active-filter canonical equation,11839.1341650363,285637.350839029,25458.1485014594,2.48929430313342e-10,7.68607413981001e-11,NaN,NaN,10335.4300840662,6676.57793205166,1.64598936645556,2.53029351453531,19786.19363902
33,PASSIVE,LPF,PASSIVE_RC_LPF,Passive RC first-order equation,643163.264919414,NaN,NaN,1.14151042088977e-10,NaN,NaN,NaN,NaN,NaN,1,NaN,2167.79904154338
1009,VCVS,HPF,VCVS_HPF_Maheshwari,Maheshwari VCVS equal-component active-filter equations,231762.062496445,231762.062496445,NaN,4.8446496813815e-10,4.8446496813815e-10,NaN,NaN,10179.5790650344,3778.93505785915,1.37122704521637,0.613959113861172,1417.47499368402
1965,MFB,HPF,MFB_HPF_Maheshwari,Maheshwari MFB active-filter equations,200140.907853853,235299.228238249,NaN,4.33760276078842e-11,2.8301856070429e-11,1.11110273896157e-11,NaN,NaN,NaN,-0.256155946092124,0.771197543676711,41357.7953107325
531,PASSIVE,BPF,PASSIVE_RLC_BPF,Passive RLC second-order equation,31535.5372389431,NaN,NaN,7.66476924387979e-12,NaN,NaN,0.031327093374092,NaN,NaN,1,2.02726384235126,324795.900191922
852,VCVS,LPF,VCVS_LPF_Maheshwari,Maheshwari VCVS equal-component active-filter equations,1279.27401283139,1279.27401283139,NaN,1.32493860037249e-10,1.32493860037249e-10,NaN,NaN,9878.86073684565,12089.1394225706,2.2237382168453,1.28822521177848,938989.640807765
2028,MFB,BPF,MFB_BPF_Maheshwari,Maheshwari MFB active-filter equations,61439.3309122373,9392410.26671094,NaN,2.48919996483638e-11,7.21737678188369e-11,NaN,NaN,NaN,NaN,-225514.330319821,5.39906775955675,4942.97920544547
1610,MFB,LPF,MFB_LPF_Maheshwari,Maheshwari MFB active-filter equations,148294.270183112,19802.6793948957,214924.390086882,2.90608834989939e-11,5.26000686761879e-11,NaN,NaN,NaN,NaN,-1.4493101440905,0.184079451122983,62397.5790188072
1462,VCVS,BSF,VCVS_BSF_Maheshwari,Maheshwari VCVS equal-component active-filter equations,71750.5279425568,71750.5279425568,NaN,1.14114988160617e-10,1.14114988160617e-10,NaN,NaN,10156.2427124351,4615.14760617567,1.45441485959419,0.916447247130106,19438.0341656256
2894,ACTIVE_OTHER,BPF,ACTIVE_OTHER_STATE_VARIABLE_BPF,External state-variable/biquad active-filter canonical equation,538660.868874883,76887.1786764278,11040.0855311601,1.94355752057501e-12,8.57948325631006e-12,NaN,NaN,10281.8774152195,21711.4678275925,3.11162484737025,1.10511192929115,191516.497568842
2593,ACTIVE_OTHER,LPF,ACTIVE_OTHER_STATE_VARIABLE_LPF,External state-variable/biquad active-filter canonical equation,781350.936803728,54926.1963026444,54848.1683060478,1.67040424668448e-10,3.29608658157756e-12,NaN,NaN,10148.8017249642,20865.1547613796,3.05592298744541,5.5706173894942,32741.396739912
1652,MFB,LPF,MFB_LPF_Maheshwari,Maheshwari MFB active-filter equations,126502.505998155,89685.4948980166,452838.535501973,7.87738299177943e-10,3.43628645947902e-11,NaN,NaN,NaN,NaN,-3.57968035438427,1.11733095502654,4800.11539146224
995,VCVS,LPF,VCVS_LPF_Maheshwari,Maheshwari VCVS equal-component active-filter equations,2252.16594248679,2252.16594248679,NaN,3.12885788657794e-10,3.12885788657794e-10,NaN,NaN,10196.2796031151,8953.73777244146,1.87813772483308,0.891375012900947,225857.182977828
362,PASSIVE,HPF,PASSIVE_RC_HPF,Passive RC first-order equation,1308.18086403159,NaN,NaN,1.09821542854419e-11,NaN,NaN,NaN,NaN,NaN,1,NaN,11078087.6997338
1729,MFB,LPF,MFB_LPF_Maheshwari,Maheshwari MFB active-filter equations,15568.4937010451,25375.0976024489,54362.1833623814,1.25489149048963e-10,1.77778365243035e-11,NaN,NaN,NaN,NaN,-3.4918075188438,0.586168996098473,90724.6463705657
187,PASSIVE,LPF,PASSIVE_RC_LPF,Passive RC first-order equation,21099.5163162009,NaN,NaN,1.67577023421045e-11,NaN,NaN,NaN,NaN,NaN,1,NaN,450125.02650034
1461,VCVS,BSF,VCVS_BSF_Maheshwari,Maheshwari VCVS equal-component active-filter equations,8764.10683285197,8764.10683285197,NaN,4.82093139613205e-12,4.82093139613205e-12,NaN,NaN,10123.4300809749,6129.75986832747,1.60550226744265,1.26743440769287,3766877.676693
2360,MFB,BSF,MFB_BSF_1_MINUS_BP,Maheshwari MFB BPF denominator + ADI 1-minus-BP notch construction,63756.7230032838,2576987.8668034,NaN,9.9793207570437e-12,3.4378953988072e-11,NaN,NaN,NaN,NaN,1,2.65469949558545,21198.4511628873
84,PASSIVE,LPF,PASSIVE_RC_LPF,Passive RC first-order equation,1528.76620125123,NaN,NaN,9.18925969397032e-10,NaN,NaN,NaN,NaN,NaN,1,NaN,113291.814862709
2468,ACTIVE_OTHER,LPF,ACTIVE_OTHER_STATE_VARIABLE_LPF,External state-variable/biquad active-filter canonical equation,229250.659317632,11139.2642792976,53997.7235292055,3.30155349862371e-12,6.59317170018974e-10,NaN,NaN,10252.8604810227,26294.8711714739,3.56463756823218,5.34475021709233,67504.1104578438
1806,MFB,HPF,MFB_HPF_Maheshwari,Maheshwari MFB active-filter equations,15376.3212260477,27321.7593415213,NaN,2.93524493882116e-11,3.4364522213086e-11,1.56435155106926e-11,NaN,NaN,NaN,-0.532954347481996,0.411244298880451,334901.617902117
766,PASSIVE,BSF,PASSIVE_RLC_BSF,Passive RLC second-order equation,45643551.0241691,NaN,NaN,2.84118642224095e-12,NaN,NaN,17745.3702525913,NaN,NaN,1,1.73146310815714,708.80656891896
1050,VCVS,HPF,VCVS_HPF_Maheshwari,Maheshwari VCVS equal-component active-filter equations,363348.273084078,363348.273084078,NaN,1.17664191554985e-10,1.17664191554985e-10,NaN,NaN,9807.41032483007,560.692168780513,1.05717025700056,0.514713141284398,3722.654370022
2465,ACTIVE_OTHER,LPF,ACTIVE_OTHER_STATE_VARIABLE_LPF,External state-variable/biquad active-filter canonical equation,74889.921070879,18508.9977498481,15495.5339335971,9.91262968688387e-13,1.55351207933611e-11,NaN,NaN,10290.79078575,21880.8047237189,3.12625105098997,1.57183460537688,1089344.47619797
1770,MFB,LPF,MFB_LPF_Maheshwari,Maheshwari MFB active-filter equations,2816.53587219725,2900.53042891982,8351.29047855069,4.78699277607373e-10,6.3308256143991e-11,NaN,NaN,NaN,NaN,-2.9650928862609,0.681724473241427,185756.090571757
1077,VCVS,HPF,VCVS_HPF_Maheshwari,Maheshwari VCVS equal-component active-filter equations,856470.826243661,856470.826243661,NaN,7.23612879155365e-11,7.23612879155365e-11,NaN,NaN,9832.47974428816,11637.0953556501,2.18353616364278,1.22479399021719,2568.03695647599
349,PASSIVE,HPF,PASSIVE_RC_HPF,Passive RC first-order equation,140954.877418674,NaN,NaN,9.17081265250963e-12,NaN,NaN,NaN,NaN,NaN,1,NaN,123121.019198116
3101,ACTIVE_OTHER,BSF,ACTIVE_OTHER_STATE_VARIABLE_BSF,External state-variable/biquad active-filter canonical equation,440348.700190451,118727.639262179,44528.3243937842,1.18731570215232e-10,2.15196887059132e-10,NaN,NaN,9925.68090672005,30452.3906777794,4.06804046633838,4.25805016013356,4354.56480320424
2303,MFB,BSF,MFB_BSF_1_MINUS_BP,Maheshwari MFB BPF denominator + ADI 1-minus-BP notch construction,17071.7609000781,19393084.8118835,NaN,4.76930210563533e-10,1.16806028713657e-11,NaN,NaN,NaN,NaN,1,5.14850644070836,3705.9322677898
1404,VCVS,BSF,VCVS_BSF_Maheshwari,Maheshwari VCVS equal-component active-filter equations,9377.53941487512,9377.53941487512,NaN,5.61860603882557e-11,5.61860603882557e-11,NaN,NaN,10085.2267856831,5139.66375588129,1.50962302237739,1.01962372382172,302066.561413035
2156,MFB,BPF,MFB_BPF_Maheshwari,Maheshwari MFB active-filter equations,252520.795906043,20699222.5975477,NaN,4.61199975252711e-10,1.13975376582951e-10,NaN,NaN,NaN,NaN,-34744.9598929035,3.60892894504312,303.629793258384
2208,MFB,BSF,MFB_BSF_1_MINUS_BP,Maheshwari MFB BPF denominator + ADI 1-minus-BP notch construction,5705.1649242635,407589.542025851,NaN,8.60982470808458e-10,4.40453934504652e-11,NaN,NaN,NaN,NaN,1,1.81870753242092,16948.3378264259
2881,ACTIVE_OTHER,BPF,ACTIVE_OTHER_STATE_VARIABLE_BPF,External state-variable/biquad active-filter canonical equation,5672.08333325369,9310.42090636789,5110.86927310561,4.18363080883584e-10,1.10388571928772e-12,NaN,NaN,10362.7448534877,27102.375283575,3.61536645616181,0.503710028807401,1019120.26829907
2453,ACTIVE_OTHER,LPF,ACTIVE_OTHER_STATE_VARIABLE_LPF,External state-variable/biquad active-filter canonical equation,6021.38226372449,6829.45982462639,39818.1660719326,5.87621592756921e-10,1.1221220006284e-12,NaN,NaN,10151.0767802244,31012.6564466965,4.05511002607262,3.87793125091034,966517.992513855
107,PASSIVE,LPF,PASSIVE_RC_LPF,Passive RC first-order equation,1366.55209833761,NaN,NaN,1.26206337369906e-12,NaN,NaN,NaN,NaN,NaN,1,NaN,92281102.6130887
2724,ACTIVE_OTHER,HPF,ACTIVE_OTHER_STATE_VARIABLE_HPF,External state-variable/biquad active-filter canonical equation,177623.113438661,8484.64141112894,15148.5334551055,5.41371026481303e-10,1.29700928417505e-11,NaN,NaN,10035.1574999712,12550.6179900206,2.25066477432533,1.51362344997969,48925.4241475377
969,VCVS,LPF,VCVS_LPF_Maheshwari,Maheshwari VCVS equal-component active-filter equations,33407.2529450909,33407.2529450909,NaN,2.40694741794032e-11,2.40694741794032e-11,NaN,NaN,9963.83424346755,13982.6953261706,2.40334483538181,1.67600996237067,197930.519010493
387,PASSIVE,HPF,PASSIVE_RC_HPF,Passive RC first-order equation,1152.57574774816,NaN,NaN,1.93441662006337e-10,NaN,NaN,NaN,NaN,NaN,1,NaN,713839.605127479
1909,MFB,HPF,MFB_HPF_Maheshwari,Maheshwari MFB active-filter equations,1381.87712947335,144.975838149605,NaN,3.10783143851668e-10,4.83129032295871e-10,4.59115481697261e-10,NaN,NaN,NaN,-1.47728565972802,0.785514666159165,754996.722085817
1990,MFB,HPF,MFB_HPF_Maheshwari,Maheshwari MFB active-filter equations,64523.3984465919,1395.9331318483,NaN,2.16277159491779e-10,1.65012157140929e-11,2.16255939272624e-11,NaN,NaN,NaN,-0.0999901884141606,5.04878680894563,887742.914159307
2324,MFB,BSF,MFB_BSF_1_MINUS_BP,Maheshwari MFB BPF denominator + ADI 1-minus-BP notch construction,430.963549043008,7251.07693650263,NaN,8.80473271926521e-11,2.67854142501789e-10,NaN,NaN,NaN,NaN,1,1.76993972890031,586261.444107646
1642,MFB,LPF,MFB_LPF_Maheshwari,Maheshwari MFB active-filter equations,705.80962975966,8010.52248584119,2020.50877833092,7.40499600977403e-11,2.31274508432634e-11,NaN,NaN,NaN,NaN,-2.86268236240831,0.218392488139966,955945.297643017
1699,MFB,LPF,MFB_LPF_Maheshwari,Maheshwari MFB active-filter equations,214914.709882618,1027250.64641094,244990.313412152,8.37454616480764e-10,3.42923368752879e-11,NaN,NaN,NaN,NaN,-1.13994204280368,1.01467594669478,1872.09671923963
1378,VCVS,BPF,VCVS_BPF_Maheshwari,Maheshwari VCVS equal-component active-filter equations,58090.8902008553,58090.8902008553,NaN,2.83367766648865e-12,2.83367766648865e-12,NaN,NaN,9804.94048663147,12355.2984289073,2.26010947702876,1.35155130246055,966855.679165093
1464,VCVS,BSF,VCVS_BSF_Maheshwari,Maheshwari VCVS equal-component active-filter equations,158055.292485851,158055.292485851,NaN,6.10104715840758e-10,6.10104715840758e-10,NaN,NaN,10162.7183754289,687.803903637904,1.06767912661054,0.536296048143002,1650.46647414095
719,PASSIVE,BSF,PASSIVE_RLC_BSF,Passive RLC second-order equation,67297.0839033354,NaN,NaN,2.23341794526609e-10,NaN,NaN,1.25306201425344,NaN,NaN,1,1.11302529875383,9513.68677038959
986,VCVS,LPF,VCVS_LPF_Maheshwari,Maheshwari VCVS equal-component active-filter equations,313299.671341475,313299.671341475,NaN,1.08830306558312e-12,1.08830306558312e-12,NaN,NaN,10032.8787448163,13531.3609327433,2.34870173126876,1.53539483829436,466777.958054489
2688,ACTIVE_OTHER,HPF,ACTIVE_OTHER_STATE_VARIABLE_HPF,External state-variable/biquad active-filter canonical equation,25674.7385134433,547859.886394813,38740.4203542117,4.96262246898623e-10,8.56262282573442e-11,NaN,NaN,9640.85833896696,29623.3277963722,4.07268572515364,3.88901375937208,6509.88534433849
1675,MFB,LPF,MFB_LPF_Maheshwari,Maheshwari MFB active-filter equations,9257.76232756019,41392.6882590273,32568.4578197258,7.42405818781085e-10,1.87797166553421e-10,NaN,NaN,NaN,NaN,-3.51796218863494,0.332464792701476,11608.9921319479
2963,ACTIVE_OTHER,BPF,ACTIVE_OTHER_STATE_VARIABLE_BPF,External state-variable/biquad active-filter canonical equation,43364.4181913019,358912.991544747,38062.914439578,1.21481935193924e-11,6.28101209131302e-11,NaN,NaN,9725.99917088341,28308.1459227818,3.91056429528881,3.87413199791835,46183.6352780984
2021,MFB,BPF,MFB_BPF_Maheshwari,Maheshwari MFB active-filter equations,11714.5497731888,234537.84942205,NaN,1.97732586990447e-10,5.18540192383534e-11,NaN,NaN,NaN,NaN,-1646235.54107603,1.81531806290781,29986.1372811735
2936,ACTIVE_OTHER,BPF,ACTIVE_OTHER_STATE_VARIABLE_BPF,External state-variable/biquad active-filter canonical equation,3605.98854451482,22577.156216557,7816.23873814165,1.18898755371225e-10,1.71263446163176e-11,NaN,NaN,9514.99010821786,30089.6448253292,4.16234115675449,0.817150090974359,390888.008685872
1355,VCVS,BPF,VCVS_BPF_Maheshwari,Maheshwari VCVS equal-component active-filter equations,79520.2068525822,79520.2068525822,NaN,6.43581103570261e-10,6.43581103570261e-10,NaN,NaN,10097.9353532003,3590.37378330376,1.35555523557258,0.608107989779874,3109.84931664091
2851,ACTIVE_OTHER,BPF,ACTIVE_OTHER_STATE_VARIABLE_BPF,External state-variable/biquad active-filter canonical equation,2638.60842953476,1290.26293000829,37556.7570372889,2.14571835800168e-10,1.174538649739e-10,NaN,NaN,10136.0793277421,23055.064637509,3.27455447930524,3.93144212157594,543342.321843517
3186,ACTIVE_OTHER,BSF,ACTIVE_OTHER_STATE_VARIABLE_BSF,External state-variable/biquad active-filter canonical equation,1455.72261297607,4131.21495564001,26910.0841638998,4.61567076675933e-11,1.86923087983277e-10,NaN,NaN,10481.4273083171,24483.5991419719,3.33590315724883,2.68458513935639,698703.688538619
1338,VCVS,BPF,VCVS_BPF_Maheshwari,Maheshwari VCVS equal-component active-filter equations,42423.3171927285,42423.3171927285,NaN,2.28330261610029e-11,2.28330261610029e-11,NaN,NaN,10081.3551619756,5177.08108574839,1.51353027470702,0.672734858291786,164305.474227818
749,PASSIVE,BSF,PASSIVE_RLC_BSF,Passive RLC second-order equation,4616377.3055509,NaN,NaN,3.07168415819229e-11,NaN,NaN,1912.1229761727,NaN,NaN,1,1.70910338262766,656.710473524418
2661,ACTIVE_OTHER,HPF,ACTIVE_OTHER_STATE_VARIABLE_HPF,External state-variable/biquad active-filter canonical equation,1062.76531963814,6744.83886783657,36270.6771458266,7.45559706891464e-10,2.21739058838312e-11,NaN,NaN,9641.56056420072,26239.7449633197,3.72152467316839,3.78086178110206,462331.347314811
1855,MFB,HPF,MFB_HPF_Maheshwari,Maheshwari MFB active-filter equations,4975.87738295835,21436.7275421244,NaN,4.8232959762924e-10,3.25820272930145e-11,1.17381425412608e-11,NaN,NaN,NaN,-0.0243363513227395,0.735134777785238,787983.840942065
1780,MFB,LPF,MFB_LPF_Maheshwari,Maheshwari MFB active-filter equations,379235.456688713,155119.191871902,415123.08347747,3.44576588961502e-10,7.23731392008116e-10,NaN,NaN,NaN,NaN,-1.09463151758569,0.236602768356727,1255.93549341777
2507,ACTIVE_OTHER,LPF,ACTIVE_OTHER_STATE_VARIABLE_LPF,External state-variable/biquad active-filter canonical equation,256286.894865817,463041.185265671,30645.309179066,4.94736673553338e-12,1.54882299913725e-12,NaN,NaN,10041.3403644053,27961.2614411329,3.78461444651855,3.13300908049924,166901.090615029
126,PASSIVE,LPF,PASSIVE_RC_LPF,Passive RC first-order equation,418961.016721352,NaN,NaN,6.27043597795867e-10,NaN,NaN,NaN,NaN,NaN,1,NaN,605.827214977476
3050,ACTIVE_OTHER,BSF,ACTIVE_OTHER_STATE_VARIABLE_BSF,External state-variable/biquad active-filter canonical equation,37428.2573858926,22581.9269647346,31982.6613068537,2.70650303476924e-12,3.39944947499244e-10,NaN,NaN,9908.44320340821,20415.7150146907,3.06043619523078,3.09242341965758,180480.91086874
1272,VCVS,BPF,VCVS_BPF_Maheshwari,Maheshwari VCVS equal-component active-filter equations,246426.473291265,246426.473291265,NaN,1.01245326368926e-11,1.01245326368926e-11,NaN,NaN,9918.72899875678,762.783615421592,1.07690336287212,0.519994669375267,63790.7613062695
2794,ACTIVE_OTHER,HPF,ACTIVE_OTHER_STATE_VARIABLE_HPF,External state-variable/biquad active-filter canonical equation,2451.03030835768,50623.4672020173,10313.6592751809,1.28345961460243e-12,4.82757736697709e-12,NaN,NaN,10263.4589955417,6878.04137231649,1.6701484728788,0.999728247479268,5740029.47368527
112,PASSIVE,LPF,PASSIVE_RC_LPF,Passive RC first-order equation,469708.194953396,NaN,NaN,6.99624843390799e-12,NaN,NaN,NaN,NaN,NaN,1,NaN,48431.3719287519
1546,VCVS,BSF,VCVS_BSF_Maheshwari,Maheshwari VCVS equal-component active-filter equations,714061.419724164,714061.419724164,NaN,1.29211963308856e-12,1.29211963308856e-12,NaN,NaN,9918.05706398475,1122.41436934925,1.11316877510466,0.563805136720357,172497.115492479
446,PASSIVE,BPF,PASSIVE_RLC_BPF,Passive RLC second-order equation,10377.6261543191,NaN,NaN,2.68122435684265e-10,NaN,NaN,0.597031123556858,NaN,NaN,1,4.54709351921868,12579.2592518643
1588,VCVS,BSF,VCVS_BSF_Maheshwari,Maheshwari VCVS equal-component active-filter equations,354814.923274447,354814.923274447,NaN,1.07208513484955e-11,1.07208513484955e-11,NaN,NaN,10003.7839346334,6050.63872338613,1.60483500672567,1.26529426571167,41839.740251041
2492,ACTIVE_OTHER,LPF,ACTIVE_OTHER_STATE_VARIABLE_LPF,External state-variable/biquad active-filter canonical equation,28630.9574524379,17030.6699583737,50331.2844586849,1.36012473479967e-10,9.03470275911155e-10,NaN,NaN,9815.61478192495,9286.09266051025,1.94605308651784,5.2353108041631,20560.8008106588
251,PASSIVE,HPF,PASSIVE_RC_HPF,Passive RC first-order equation,3401.50486497827,NaN,NaN,2.48175370410783e-12,NaN,NaN,NaN,NaN,NaN,1,NaN,18853429.2891336
1568,VCVS,BSF,VCVS_BSF_Maheshwari,Maheshwari VCVS equal-component active-filter equations,1359.99915955563,1359.99915955563,NaN,2.41628759452595e-11,2.41628759452595e-11,NaN,NaN,10082.1667819281,7075.84063773193,1.70181745559051,1.67682518435204,4843205.17284033
80,PASSIVE,LPF,PASSIVE_RC_LPF,Passive RC first-order equation,92953.1337842535,NaN,NaN,4.91419225899414e-11,NaN,NaN,NaN,NaN,NaN,1,NaN,34842.0702601711
1380,VCVS,BPF,VCVS_BPF_Maheshwari,Maheshwari VCVS equal-component active-filter equations,863844.27351752,863844.27351752,NaN,3.26858083649061e-12,3.26858083649061e-12,NaN,NaN,10197.29689309,8782.21689503706,1.86122989132425,0.878140365980348,56367.0677166282
1556,VCVS,BSF,VCVS_BSF_Maheshwari,Maheshwari VCVS equal-component active-filter equations,15265.904171971,15265.904171971,NaN,2.11965158839811e-11,2.11965158839811e-11,NaN,NaN,10141.0351253193,3885.12789657544,1.38310959863213,0.810516744775605,491850.501875255
2744,ACTIVE_OTHER,HPF,ACTIVE_OTHER_STATE_VARIABLE_HPF,External state-variable/biquad active-filter canonical equation,574564.245818348,157601.739794724,12735.6880704897,1.22904506591948e-10,3.69825300956755e-12,NaN,NaN,10237.3344718393,24768.9677696272,3.41947431118533,1.28971858222655,24807.7922272332
963,VCVS,LPF,VCVS_LPF_Maheshwari,Maheshwari VCVS equal-component active-filter equations,2358.12736791047,2358.12736791047,NaN,9.80378509299369e-12,9.80378509299369e-12,NaN,NaN,10171.7601329734,11926.5905056902,2.17251983430363,1.20848818069064,6884288.94992772
1247,VCVS,BPF,VCVS_BPF_Maheshwari,Maheshwari VCVS equal-component active-filter equations,1289.14433493045,1289.14433493045,NaN,9.590614819427e-10,9.590614819427e-10,NaN,NaN,10003.9718488806,5858.73037594894,1.58564043006623,0.707033784942558,128727.738047075
840,VCVS,LPF,VCVS_LPF_Maheshwari,Maheshwari VCVS equal-component active-filter equations,8423.01413262523,8423.01413262523,NaN,8.79161801739111e-11,8.79161801739111e-11,NaN,NaN,10140.3571867272,14088.6273852998,2.38936204374936,1.63763157819417,214923.444327198
987,VCVS,LPF,VCVS_LPF_Maheshwari,Maheshwari VCVS equal-component active-filter equations,51088.7483129624,51088.7483129624,NaN,3.87415450497927e-10,3.87415450497927e-10,NaN,NaN,10001.5710000225,13988.7756688609,2.39865783773663,1.66294675935601,8041.14571929436
113,PASSIVE,LPF,PASSIVE_RC_LPF,Passive RC first-order equation,44172.3650741588,NaN,NaN,1.79140900234093e-12,NaN,NaN,NaN,NaN,NaN,1,NaN,2011290.1487901
1752,MFB,LPF,MFB_LPF_Maheshwari,Maheshwari MFB active-filter equations,65755.2254796842,4450.10392640561,211185.697576848,2.54241946339365e-10,4.29702182904781e-11,NaN,NaN,NaN,NaN,-3.21169452368612,0.324313447155749,49670.1442633741
2555,ACTIVE_OTHER,LPF,ACTIVE_OTHER_STATE_VARIABLE_LPF,External state-variable/biquad active-filter canonical equation,1154.77749824505,87255.9497882988,46764.3286491274,5.51985547841107e-10,2.11175736141838e-12,NaN,NaN,10111.5115371979,12746.1153253512,2.26055489117143,4.72589967133751,464395.056731154
407,PASSIVE,BPF,PASSIVE_RLC_BPF,Passive RLC second-order equation,784.533171591035,NaN,NaN,5.04955246405302e-10,NaN,NaN,0.00356016460547114,NaN,NaN,1,3.38452154901241,118702.16719933
801,VCVS,LPF,VCVS_LPF_Maheshwari,Maheshwari VCVS equal-component active-filter equations,61211.9691924,61211.9691924,NaN,4.45011619218021e-10,4.45011619218021e-10,NaN,NaN,9904.398317667,8735.44338567228,1.88197617921832,0.894435325448465,5842.68442879192
2994,ACTIVE_OTHER,BPF,ACTIVE_OTHER_STATE_VARIABLE_BPF,External state-variable/biquad active-filter canonical equation,4624.85991030147,6133.65632184159,29788.6895136818,1.75568760201677e-10,1.79112560775649e-12,NaN,NaN,10386.4940896921,6436.94803266133,1.61974213599655,3.01079471530247,1685095.34454757
205,PASSIVE,HPF,PASSIVE_RC_HPF,Passive RC first-order equation,8680.43587890666,NaN,NaN,1.73180783779453e-11,NaN,NaN,NaN,NaN,NaN,1,NaN,1058714.58846429
160,PASSIVE,LPF,PASSIVE_RC_LPF,Passive RC first-order equation,2167.74611711017,NaN,NaN,2.02302512002331e-12,NaN,NaN,NaN,NaN,NaN,1,NaN,36291961.3082869
1614,MFB,LPF,MFB_LPF_Maheshwari,Maheshwari MFB active-filter equations,269320.451946061,18608.9447854281,423867.577046946,2.69615160831886e-11,2.48359936711619e-11,NaN,NaN,NaN,NaN,-1.57384102835175,0.196147384052627,69251.8268240313
1005,VCVS,HPF,VCVS_HPF_Maheshwari,Maheshwari VCVS equal-component active-filter equations,32080.3862437664,32080.3862437664,NaN,1.61044014614121e-12,1.61044014614121e-12,NaN,NaN,9825.92148479671,2863.07075481961,1.29137936418987,0.585267425103908,3080604.56573152
1119,VCVS,HPF,VCVS_HPF_Maheshwari,Maheshwari VCVS equal-component active-filter equations,24459.622241008,24459.622241008,NaN,1.62973259432709e-11,1.62973259432709e-11,NaN,NaN,10032.9130393168,8783.1705316229,1.87543572810843,0.889233301283843,399258.374945268
2965,ACTIVE_OTHER,BPF,ACTIVE_OTHER_STATE_VARIABLE_BPF,External state-variable/biquad active-filter canonical equation,24703.5001419344,2856.61772460285,14357.4397564998,6.41911809759788e-10,2.59895358085859e-10,NaN,NaN,9908.79939175385,11643.6509849338,2.17508191705079,1.39831406808684,46385.0339203248
127,PASSIVE,LPF,PASSIVE_RC_LPF,Passive RC first-order equation,29287.0055160531,NaN,NaN,6.02785182520748e-10,NaN,NaN,NaN,NaN,NaN,1,NaN,9015.35005594006
163,PASSIVE,LPF,PASSIVE_RC_LPF,Passive RC first-order equation,301997.000314306,NaN,NaN,1.86015124945355e-10,NaN,NaN,NaN,NaN,NaN,1,NaN,2833.14788305273
2436,ACTIVE_OTHER,LPF,ACTIVE_OTHER_STATE_VARIABLE_LPF,External state-variable/biquad active-filter canonical equation,497646.116887909,29801.5927685918,37116.65984106,8.02140808942936e-11,1.61834630251124e-10,NaN,NaN,10192.8943714138,10168.918808694,1.9976478160328,3.81246112552688,11470.4128111179
1379,VCVS,BPF,VCVS_BPF_Maheshwari,Maheshwari VCVS equal-component active-filter equations,93013.5722601203,93013.5722601203,NaN,1.0666893930734e-12,1.0666893930734e-12,NaN,NaN,10017.5844486791,4639.89216634744,1.46317474937376,0.650692067684672,1604116.22271276
1927,MFB,HPF,MFB_HPF_Maheshwari,Maheshwari MFB active-filter equations,23302.2749670811,106799.258948368,NaN,6.06294051283738e-10,1.25588390137658e-10,1.73603905891826e-11,NaN,NaN,NaN,-0.0286336152439968,1.01664833270833,68325.4275409187
835,VCVS,LPF,VCVS_LPF_Maheshwari,Maheshwari VCVS equal-component active-filter equations,144002.324467197,144002.324467197,NaN,6.08861338648469e-11,6.08861338648469e-11,NaN,NaN,10108.1454872074,13222.0990174078,2.30806378223793,1.4452199123704,18152.3238464663
2596,ACTIVE_OTHER,LPF,ACTIVE_OTHER_STATE_VARIABLE_LPF,External state-variable/biquad active-filter canonical equation,269524.34813212,1319.40347524321,52349.6153267009,7.29731986131196e-12,9.8796574541275e-11,NaN,NaN,10234.5075218295,5135.3986178515,1.50177290962932,5.26390351900967,314325.548902467
1788,MFB,LPF,MFB_LPF_Maheshwari,Maheshwari MFB active-filter equations,157639.497620686,1057.17630032525,177795.974876771,4.93145740139655e-10,9.4983673926121e-12,NaN,NaN,NaN,NaN,-1.12786438399205,0.54867548353069,169618.545606417
772,PASSIVE,BSF,PASSIVE_RLC_BSF,Passive RLC second-order equation,203976.600298491,NaN,NaN,3.75301655120488e-10,NaN,NaN,152.208874805197,NaN,NaN,1,3.12211861594351,665.901363344711
3124,ACTIVE_OTHER,BSF,ACTIVE_OTHER_STATE_VARIABLE_BSF,External state-variable/biquad active-filter canonical equation,124186.179045859,322635.305768186,34532.5826664616,5.62182771523475e-11,7.72293112578366e-12,NaN,NaN,10223.0660477571,30048.011907,3.93923679712434,3.30902814463068,38159.0634449665
467,PASSIVE,BPF,PASSIVE_RLC_BPF,Passive RLC second-order equation,85292.3704923535,NaN,NaN,1.16920724906479e-10,NaN,NaN,15.5981380598376,NaN,NaN,1,4.28233309870066,3726.81643470027
179,PASSIVE,LPF,PASSIVE_RC_LPF,Passive RC first-order equation,569742.393671251,NaN,NaN,8.30699889248311e-10,NaN,NaN,NaN,NaN,NaN,1,NaN,336.277215950547
556,PASSIVE,BPF,PASSIVE_RLC_BPF,Passive RLC second-order equation,1405.1715065409,NaN,NaN,4.25007129299293e-10,NaN,NaN,0.0202137120184538,NaN,NaN,1,4.90789875021985,54299.8946507621
718,PASSIVE,BSF,PASSIVE_RLC_BSF,Passive RLC second-order equation,17014996.281428,NaN,NaN,6.26219469018293e-12,NaN,NaN,37136.6698686551,NaN,NaN,1,4.52591441463811,330.031482581915
2354,MFB,BSF,MFB_BSF_1_MINUS_BP,Maheshwari MFB BPF denominator + ADI 1-minus-BP notch construction,580.32983278438,12449.8303195122,NaN,1.07486464477702e-10,1.1301226615748e-10,NaN,NaN,NaN,NaN,1,2.31514317920709,537231.273771729
1281,VCVS,BPF,VCVS_BPF_Maheshwari,Maheshwari VCVS equal-component active-filter equations,437660.258073762,437660.258073762,NaN,1.5963453682189e-12,1.5963453682189e-12,NaN,NaN,10000.5771458999,9742.41626124624,1.97418540141361,0.974835025138107,227801.281584557
1362,VCVS,BPF,VCVS_BPF_Maheshwari,Maheshwari VCVS equal-component active-filter equations,1856.19926569396,1856.19926569396,NaN,2.93003605957946e-11,2.93003605957946e-11,NaN,NaN,9965.05137914514,2745.07050143975,1.27546977903041,0.579868063685056,2926325.08325968
2618,ACTIVE_OTHER,HPF,ACTIVE_OTHER_STATE_VARIABLE_HPF,External state-variable/biquad active-filter canonical equation,49715.3491572735,1550.74038699643,9643.90644209012,4.79090169742912e-10,6.49037457969408e-12,NaN,NaN,10321.5300787939,6276.37836449624,1.60808604117633,0.993130805449404,325058.723047579
415,PASSIVE,BPF,PASSIVE_RLC_BPF,Passive RLC second-order equation,721469.458349098,NaN,NaN,7.66667941702977e-11,NaN,NaN,170.029523806119,NaN,NaN,1,2.06414673260742,1393.97283518117
809,VCVS,LPF,VCVS_LPF_Maheshwari,Maheshwari VCVS equal-component active-filter equations,15688.427885902,15688.427885902,NaN,1.62244864782673e-11,1.62244864782673e-11,NaN,NaN,10162.4450730166,10486.4180743543,2.03187943442843,1.03292919865782,625273.101219336
237,PASSIVE,HPF,PASSIVE_RC_HPF,Passive RC first-order equation,61715.4904857833,NaN,NaN,4.48981392120064e-11,NaN,NaN,NaN,NaN,NaN,1,NaN,57437.7745364377
78,PASSIVE,LPF,PASSIVE_RC_LPF,Passive RC first-order equation,337050.869797612,NaN,NaN,2.07016652200266e-10,NaN,NaN,NaN,NaN,NaN,1,NaN,2280.96908101711
3135,ACTIVE_OTHER,BSF,ACTIVE_OTHER_STATE_VARIABLE_BSF,External state-variable/biquad active-filter canonical equation,26245.984221336,124972.752377252,26537.3488042878,4.84475908667535e-10,5.45753042092869e-10,NaN,NaN,10343.1247324588,8117.69447223688,1.7848396574743,2.73949132924335,5404.3921812051
2078,MFB,BPF,MFB_BPF_Maheshwari,Maheshwari MFB active-filter equations,536781.582638444,71289278.0012541,NaN,6.06582068797362e-11,3.47903084329042e-11,NaN,NaN,NaN,NaN,-53548.1060158288,5.54648765893622,560.060955207662
908,VCVS,LPF,VCVS_LPF_Maheshwari,Maheshwari VCVS equal-component active-filter equations,66390.6523116686,66390.6523116686,NaN,5.68801440625541e-10,5.68801440625541e-10,NaN,NaN,9994.20798734755,4467.64305154457,1.44702322156998,0.643924631642561,4214.56259310168
186,PASSIVE,LPF,PASSIVE_RC_LPF,Passive RC first-order equation,79272.4221125705,NaN,NaN,3.96188615424085e-11,NaN,NaN,NaN,NaN,NaN,1,NaN,50675.2630632346
50,PASSIVE,LPF,PASSIVE_RC_LPF,Passive RC first-order equation,1270.92082390139,NaN,NaN,1.91696372985618e-11,NaN,NaN,NaN,NaN,NaN,1,NaN,6532625.17442672
2813,ACTIVE_OTHER,BPF,ACTIVE_OTHER_STATE_VARIABLE_BPF,External state-variable/biquad active-filter canonical equation,2873.87974672556,1331.5778266642,18937.4135544237,4.33290748639328e-11,2.31120010467013e-12,NaN,NaN,10293.3322745628,11633.8456203562,2.13023123222264,1.83211161583048,8130066.08923134
1184,VCVS,HPF,VCVS_HPF_Maheshwari,Maheshwari VCVS equal-component active-filter equations,175859.498254432,175859.498254432,NaN,1.59506446096741e-10,1.59506446096741e-10,NaN,NaN,10091.7433503943,12561.8663886758,2.24476673182389,1.32409421318926,5673.82665349486
42,PASSIVE,LPF,PASSIVE_RC_LPF,Passive RC first-order equation,3197.09127235782,NaN,NaN,2.87236086256135e-11,NaN,NaN,NaN,NaN,NaN,1,NaN,1733109.87218427
1065,VCVS,HPF,VCVS_HPF_Maheshwari,Maheshwari VCVS equal-component active-filter equations,4615.54465987144,4615.54465987144,NaN,4.39899214786836e-11,4.39899214786836e-11,NaN,NaN,10048.8579899693,7707.62976246291,1.76701549272133,0.811040198880605,783869.898439676
2732,ACTIVE_OTHER,HPF,ACTIVE_OTHER_STATE_VARIABLE_HPF,External state-variable/biquad active-filter canonical equation,89928.7425372352,56995.8204461909,47605.768597128,1.48228114607247e-11,6.19899219100805e-10,NaN,NaN,10310.6094539575,27608.5505259106,3.67768366644066,4.78320470330132,23191.2164601458
1966,MFB,HPF,MFB_HPF_Maheshwari,Maheshwari MFB active-filter equations,6229.24202429403,90497.7531257297,NaN,3.82375272117828e-11,4.15751002055298e-11,9.64496467477493e-12,NaN,NaN,NaN,-0.252238190543944,0.232829298987839,334746.972507064
2585,ACTIVE_OTHER,LPF,ACTIVE_OTHER_STATE_VARIABLE_LPF,External state-variable/biquad active-filter canonical equation,55061.7303167309,2092.93282502883,50977.926068502,4.76041946988904e-10,3.40161799677535e-11,NaN,NaN,9647.05257213294,25469.2235126045,3.64010414809768,5.01738441864,116507.042455681
1438,VCVS,BSF,VCVS_BSF_Maheshwari,Maheshwari VCVS equal-component active-filter equations,23951.6435522631,23951.6435522631,NaN,2.64118026699888e-11,2.64118026699888e-11,NaN,NaN,10127.6019257036,3924.56547666058,1.3875118221916,0.816342287273361,251586.172402689
418,PASSIVE,BPF,PASSIVE_RLC_BPF,Passive RLC second-order equation,830551.152020967,NaN,NaN,3.23375286617838e-12,NaN,NaN,59.195840787527,NaN,NaN,1,5.15140622494154,11503.2649172156
2013,MFB,BPF,MFB_BPF_Maheshwari,Maheshwari MFB active-filter equations,1230.72885739891,4469.18432889739,NaN,2.19878208198257e-10,5.1445102097994e-11,NaN,NaN,NaN,NaN,-15794052.6983377,0.746979951912213,638060.257458366
1894,MFB,HPF,MFB_HPF_Maheshwari,Maheshwari MFB active-filter equations,449578.619217978,123.022705255844,NaN,2.08250993296276e-11,2.58738140914261e-11,2.4684774382088e-10,NaN,NaN,NaN,-11.853376539227,1.38846768357078,267781.064027058
805,VCVS,LPF,VCVS_LPF_Maheshwari,Maheshwari VCVS equal-component active-filter equations,1750.45165858042,1750.45165858042,NaN,9.40044092145387e-11,9.40044092145387e-11,NaN,NaN,9940.12739255598,8335.61234394321,1.8385820437458,0.861016479567094,967212.24414629
228,PASSIVE,HPF,PASSIVE_RC_HPF,Passive RC first-order equation,10847.4716362093,NaN,NaN,8.8135897556353e-11,NaN,NaN,NaN,NaN,NaN,1,NaN,166471.072226356
3004,ACTIVE_OTHER,BSF,ACTIVE_OTHER_STATE_VARIABLE_BSF,External state-variable/biquad active-filter canonical equation,116091.112020454,305604.066985965,10385.6417692357,8.42742967119369e-10,6.30125119869185e-10,NaN,NaN,10219.8393413542,19934.0022674812,2.95052012088085,0.989480147205337,1159.5249987806
775,PASSIVE,BSF,PASSIVE_RLC_BSF,Passive RLC second-order equation,12730.0893349594,NaN,NaN,1.45035863821321e-10,NaN,NaN,0.0552074910513256,NaN,NaN,1,1.53260363412975,56244.9355312953
2199,MFB,BPF,MFB_BPF_Maheshwari,Maheshwari MFB active-filter equations,5638.22668923053,1363203.11334996,NaN,6.44769767996258e-11,2.914143650465e-10,NaN,NaN,NaN,NaN,-608620.407934742,5.98893233988697,13243.7437582498
981,VCVS,LPF,VCVS_LPF_Maheshwari,Maheshwari VCVS equal-component active-filter equations,1778.81854996613,1778.81854996613,NaN,3.05926971071757e-12,3.05926971071757e-12,NaN,NaN,10128.7177967032,8383.0077231932,1.82764747635893,0.85298575286401,29246285.4882818
227,PASSIVE,HPF,PASSIVE_RC_HPF,Passive RC first-order equation,1443.0819547872,NaN,NaN,6.40711788320185e-12,NaN,NaN,NaN,NaN,NaN,1,NaN,17213390.4945238
751,PASSIVE,BSF,PASSIVE_RLC_BSF,Passive RLC second-order equation,21847932.0580019,NaN,NaN,3.09302737573229e-11,NaN,NaN,7774.77623426202,NaN,NaN,1,0.725674280025295,324.5520080217
1664,MFB,LPF,MFB_LPF_Maheshwari,Maheshwari MFB active-filter equations,190515.524906804,177381.964598364,521104.875443995,8.554484519661e-10,2.79134127139139e-10,NaN,NaN,NaN,NaN,-2.73523575414081,0.449653236737913,1071.27123152338
1203,VCVS,BPF,VCVS_BPF_Maheshwari,Maheshwari VCVS equal-component active-filter equations,3042.49405037427,3042.49405037427,NaN,6.37823683842135e-12,6.37823683842135e-12,NaN,NaN,10016.6841126742,947.558729822773,1.09459804453889,0.52482364528591,8201433.20956589
425,PASSIVE,BPF,PASSIVE_RLC_BPF,Passive RLC second-order equation,27616.8937576733,NaN,NaN,1.47337691306511e-11,NaN,NaN,0.0654514059761482,NaN,NaN,1,2.41339123239164,162070.402744287
2571,ACTIVE_OTHER,LPF,ACTIVE_OTHER_STATE_VARIABLE_LPF,External state-variable/biquad active-filter canonical equation,5305.56437410542,4544.68472943234,52286.5548376664,1.77861426622621e-10,6.29737865838503e-10,NaN,NaN,10063.2365566591,22425.773039404,3.22848513131337,4.98315891471709,96845.9953889841
1384,VCVS,BPF,VCVS_BPF_Maheshwari,Maheshwari VCVS equal-component active-filter equations,7788.18851408213,7788.18851408213,NaN,1.95926412677102e-11,1.95926412677102e-11,NaN,NaN,9978.98106220917,8936.29523955435,1.89551179462565,0.905396721426345,1043015.32534064
2227,MFB,BSF,MFB_BSF_1_MINUS_BP,Maheshwari MFB BPF denominator + ADI 1-minus-BP notch construction,6186.83698095172,615354.577256598,NaN,4.63739111354186e-10,1.72388575571783e-10,NaN,NaN,NaN,NaN,1,4.43276988120322,9122.88025063357
1405,VCVS,BSF,VCVS_BSF_Maheshwari,Maheshwari VCVS equal-component active-filter equations,8100.87930795713,8100.87930795713,NaN,1.80364937825003e-11,1.80364937825003e-11,NaN,NaN,10105.6786388448,1674.54519210219,1.16570338835687,0.599307240401298,1089270.77921363
793,PASSIVE,BSF,PASSIVE_RLC_BSF,Passive RLC second-order equation,79409.3036452181,NaN,NaN,1.14124353261095e-11,NaN,NaN,0.531754046933588,NaN,NaN,1,2.71828412966772,64606.4034349256
30,PASSIVE,LPF,PASSIVE_RC_LPF,Passive RC first-order equation,69804.7744301017,NaN,NaN,5.88692133262354e-10,NaN,NaN,NaN,NaN,NaN,1,NaN,3872.99352809946
910,VCVS,LPF,VCVS_LPF_Maheshwari,Maheshwari VCVS equal-component active-filter equations,263154.431009754,263154.431009754,NaN,2.15760258267067e-11,2.15760258267067e-11,NaN,NaN,9919.00923363105,8898.50187762975,1.89711599899099,0.906713669873817,28030.9612641396
2561,ACTIVE_OTHER,LPF,ACTIVE_OTHER_STATE_VARIABLE_LPF,External state-variable/biquad active-filter canonical equation,21931.2974710085,4804.0413972043,38791.4976996009,1.95956642928026e-12,4.34725655805915e-12,NaN,NaN,9999.03073585597,16105.7977263856,2.61073589549346,3.79222266685013,5312475.83160533
1012,VCVS,HPF,VCVS_HPF_Maheshwari,Maheshwari VCVS equal-component active-filter equations,172266.999050132,172266.999050132,NaN,5.29494027811342e-12,5.29494027811342e-12,NaN,NaN,10044.6811239463,12282.3010857112,2.22276664974764,1.28661488814822,174484.549856293
412,PASSIVE,BPF,PASSIVE_RLC_BPF,Passive RLC second-order equation,87501718.5277595,NaN,NaN,5.04209869491086e-12,NaN,NaN,151224.003072868,NaN,NaN,1,1.9791928404468,182.265342231334
1725,MFB,LPF,MFB_LPF_Maheshwari,Maheshwari MFB active-filter equations,4037.58438618962,118385.845902157,3411.26199391647,6.53005439112851e-10,2.22143467016676e-10,NaN,NaN,NaN,NaN,-0.844876953057511,0.155328494555985,20793.975637615
2708,ACTIVE_OTHER,HPF,ACTIVE_OTHER_STATE_VARIABLE_HPF,External state-variable/biquad active-filter canonical equation,70972.7063431975,25224.732635322,50441.8176483591,3.64180881052533e-12,1.97929446401725e-12,NaN,NaN,10464.7944805959,27164.5141369388,3.59580005964836,5.17741306706958,1401029.84436594
3173,ACTIVE_OTHER,BSF,ACTIVE_OTHER_STATE_VARIABLE_BSF,External state-variable/biquad active-filter canonical equation,16778.792720103,11742.7732505349,34667.4731538903,7.08494396285168e-12,5.0508357300615e-11,NaN,NaN,9740.40929790548,10544.140909273,2.08251517844741,3.42901130089851,599383.257805676
1189,VCVS,HPF,VCVS_HPF_Maheshwari,Maheshwari VCVS equal-component active-filter equations,174956.60948691,174956.60948691,NaN,3.61051422125264e-12,3.61051422125264e-12,NaN,NaN,9932.72749363775,8137.7809029413,1.81928965716152,0.846947776874688,251953.686881009
571,PASSIVE,BPF,PASSIVE_RLC_BPF,Passive RLC second-order equation,11456.7307361281,NaN,NaN,7.59797390691624e-11,NaN,NaN,0.165778657007296,NaN,NaN,1,4.07713135453333,44844.2664396
2422,ACTIVE_OTHER,LPF,ACTIVE_OTHER_STATE_VARIABLE_LPF,External state-variable/biquad active-filter canonical equation,1860.73122937734,11399.6074351403,51665.9726645003,9.73050553979574e-10,4.08418223974658e-11,NaN,NaN,9825.12869200133,7509.70293355215,1.76433634295964,5.10864495830947,173345.711565155
3079,ACTIVE_OTHER,BSF,ACTIVE_OTHER_STATE_VARIABLE_BSF,External state-variable/biquad active-filter canonical equation,11134.0107499759,40951.046397383,37988.1468773565,1.45425960109774e-10,3.09906808134024e-11,NaN,NaN,10396.691225367,8074.2205553535,1.77661444206914,3.85891116070015,111026.150792471
2041,MFB,BPF,MFB_BPF_Maheshwari,Maheshwari MFB active-filter equations,20740.3704997786,2201495.004651,NaN,7.05314194699156e-10,1.49456967655731e-10,NaN,NaN,NaN,NaN,-322602.198843447,3.9133629650364,2294.05395953505
472,PASSIVE,BPF,PASSIVE_RLC_BPF,Passive RLC second-order equation,3564628.52360786,NaN,NaN,1.84313469494673e-11,NaN,NaN,225.351995903497,NaN,NaN,1,0.980929712022904,2469.5105738282
1419,VCVS,BSF,VCVS_BSF_Maheshwari,Maheshwari VCVS equal-component active-filter equations,15579.4928008702,15579.4928008702,NaN,3.11261439383964e-11,3.11261439383964e-11,NaN,NaN,9932.72055254406,1642.63482145704,1.16537612356731,0.599072245736694,328202.20562207
1250,VCVS,BPF,VCVS_BPF_Maheshwari,Maheshwari VCVS equal-component active-filter equations,7578.40106363213,7578.40106363213,NaN,1.02540809197275e-10,1.02540809197275e-10,NaN,NaN,9839.97916910004,12739.3638779095,2.2946535413321,1.41774299383111,204807.476280085
2546,ACTIVE_OTHER,LPF,ACTIVE_OTHER_STATE_VARIABLE_LPF,External state-variable/biquad active-filter canonical equation,9418.7162451947,1078.01161978727,39132.0744596109,3.58701581034421e-10,1.85876345314856e-11,NaN,NaN,10236.1119804703,10465.3137696694,2.02239148903767,3.93269745932079,611693.47253993
660,PASSIVE,BSF,PASSIVE_RLC_BSF,Passive RLC second-order equation,10076.4328829843,NaN,NaN,7.43167755151375e-12,NaN,NaN,0.0146754688985795,NaN,NaN,1,4.41007268774216,481926.390858237
2788,ACTIVE_OTHER,HPF,ACTIVE_OTHER_STATE_VARIABLE_HPF,External state-variable/biquad active-filter canonical equation,1352.39405807477,10550.9542932156,10069.7328431227,1.13374479371182e-11,4.57635373630064e-11,NaN,NaN,10422.0501345886,20821.8881989155,2.99786874271618,0.998422364696514,1849716.57270663
1058,VCVS,HPF,VCVS_HPF_Maheshwari,Maheshwari VCVS equal-component active-filter equations,12269.5522404804,12269.5522404804,NaN,2.0579501393111e-10,2.0579501393111e-10,NaN,NaN,9807.51361049842,1378.69739845257,1.14057562938039,0.537800846219292,63031.3442441057
3006,ACTIVE_OTHER,BSF,ACTIVE_OTHER_STATE_VARIABLE_BSF,External state-variable/biquad active-filter canonical equation,18375.7597650405,5749.19251096458,43256.5754109474,4.43547887029091e-11,3.68916292687797e-10,NaN,NaN,10052.8462123526,11817.1250954421,2.17550043498344,4.37790013519767,121048.630015723
1973,MFB,HPF,MFB_HPF_Maheshwari,Maheshwari MFB active-filter equations,79823.6660580494,11068.2719018909,NaN,9.61383607299112e-11,1.14400361880464e-11,1.47341789226299e-10,NaN,NaN,NaN,-1.53260143097548,0.282207882632149,130418.054767471
1306,VCVS,BPF,VCVS_BPF_Maheshwari,Maheshwari VCVS equal-component active-filter equations,700240.226429337,700240.226429337,NaN,1.74130491540983e-10,1.74130491540983e-10,NaN,NaN,10066.4092837838,5741.16465345524,1.57032895162566,0.69946160072073,1305.26366856628
2241,MFB,BSF,MFB_BSF_1_MINUS_BP,Maheshwari MFB BPF denominator + ADI 1-minus-BP notch construction,869.882224174321,587508.826085684,NaN,5.65656275990745e-11,8.33534866663912e-10,NaN,NaN,NaN,NaN,1,6.33980818011709,32422.3519136012
3046,ACTIVE_OTHER,BSF,ACTIVE_OTHER_STATE_VARIABLE_BSF,External state-variable/biquad active-filter canonical equation,19791.2955672152,911826.538502023,20915.0269802592,1.18813762845149e-10,9.42005953411199e-12,NaN,NaN,9911.04505281319,21030.5757375623,3.12193321950372,2.03488591561372,35413.3251027892
1963,MFB,HPF,MFB_HPF_Maheshwari,Maheshwari MFB active-filter equations,196211.765134611,3872817.97636539,NaN,4.45107514007738e-10,6.29799055904182e-10,2.12379675289417e-11,NaN,NaN,NaN,-0.0477142417518759,0.497726320996927,1578.65266706267
2580,ACTIVE_OTHER,LPF,ACTIVE_OTHER_STATE_VARIABLE_LPF,External state-variable/biquad active-filter canonical equation,187848.144859738,295988.882053996,31521.6492292064,2.21777712517334e-12,7.92330130332401e-11,NaN,NaN,10474.1210396533,20979.2200752909,3.00295757475658,3.21554863606734,50917.4847142381
23,PASSIVE,LPF,PASSIVE_RC_LPF,Passive RC first-order equation,6173.6393685532,NaN,NaN,3.59720499998292e-11,NaN,NaN,NaN,NaN,NaN,1,NaN,716660.860273979
2279,MFB,BSF,MFB_BSF_1_MINUS_BP,Maheshwari MFB BPF denominator + ADI 1-minus-BP notch construction,807525.075049944,18405853.9657155,NaN,1.35219669560255e-11,5.94213006542604e-11,NaN,NaN,NaN,NaN,1,1.8552642467108,1456.37469814444
911,VCVS,LPF,VCVS_LPF_Maheshwari,Maheshwari VCVS equal-component active-filter equations,1797.5586798132,1797.5586798132,NaN,8.80495190494631e-11,8.80495190494631e-11,NaN,NaN,10145.9570168355,8109.82680484525,1.79931610112169,0.83285867407251,1005564.81092887
2836,ACTIVE_OTHER,BPF,ACTIVE_OTHER_STATE_VARIABLE_BPF,External state-variable/biquad active-filter canonical equation,111886.62298716,198367.417604347,33457.3345937657,2.14458659998322e-10,1.27903138097657e-11,NaN,NaN,9907.76351559386,21205.7814773971,3.14031970424216,3.32350875082085,20397.8073080715
394,PASSIVE,HPF,PASSIVE_RC_HPF,Passive RC first-order equation,13136.2298508655,NaN,NaN,6.88138248209087e-10,NaN,NaN,NaN,NaN,NaN,1,NaN,17606.526924929
3190,ACTIVE_OTHER,BSF,ACTIVE_OTHER_STATE_VARIABLE_BSF,External state-variable/biquad active-filter canonical equation,89013.9929756757,7433.65362742762,17144.0483980059,1.41640712847438e-10,6.58707981539458e-12,NaN,NaN,9999.83916638325,31376.243759423,4.13767484030157,1.72540730608782,202557.960117745
3078,ACTIVE_OTHER,BSF,ACTIVE_OTHER_STATE_VARIABLE_BSF,External state-variable/biquad active-filter canonical equation,224853.146219377,2129.52132818767,21207.1912850417,3.17844071421804e-10,1.32440183660746e-10,NaN,NaN,10424.1342736398,10100.533122316,1.96895654422429,2.08253275712149,35449.7115283224
863,VCVS,LPF,VCVS_LPF_Maheshwari,Maheshwari VCVS equal-component active-filter equations,147672.863109054,147672.863109054,NaN,4.33111082055945e-12,4.33111082055945e-12,NaN,NaN,9888.84087473268,3597.93310068153,1.36383769809409,0.611186310083747,248839.969987229
742,PASSIVE,BSF,PASSIVE_RLC_BSF,Passive RLC second-order equation,158092.81594759,NaN,NaN,2.47839937631202e-10,NaN,NaN,120.606644743957,NaN,NaN,1,4.41253168642723,920.553149634833
2431,ACTIVE_OTHER,LPF,ACTIVE_OTHER_STATE_VARIABLE_LPF,External state-variable/biquad active-filter canonical equation,610853.370313825,1545.28133092034,8790.45370344639,1.53733793612167e-12,1.08668719667231e-12,NaN,NaN,9691.31193918375,6055.93829466969,1.62488322867665,0.850939938125821,4007845.01048644
438,PASSIVE,BPF,PASSIVE_RLC_BPF,Passive RLC second-order equation,694977.373217926,NaN,NaN,2.51775064810059e-12,NaN,NaN,1.60448968060474,NaN,NaN,1,1.14865984884274,79185.4354508269
1157,VCVS,HPF,VCVS_HPF_Maheshwari,Maheshwari VCVS equal-component active-filter equations,41236.6300501611,41236.6300501611,NaN,2.16453980889856e-10,2.16453980889856e-10,NaN,NaN,9850.40069202221,3318.44295647453,1.33688405783961,0.601280989887571,17830.8229445459
603,PASSIVE,BSF,PASSIVE_RLC_BSF,Passive RLC second-order equation,300049.304940203,NaN,NaN,1.54227105170006e-11,NaN,NaN,16.6410685210733,NaN,NaN,1,3.46192476790189,9934.57227665575
1141,VCVS,HPF,VCVS_HPF_Maheshwari,Maheshwari VCVS equal-component active-filter equations,1919.41407493975,1919.41407493975,NaN,3.52079613214581e-12,3.52079613214581e-12,NaN,NaN,9845.0582496851,10469.4087958688,2.06341765892586,1.0677117815964,23551066.4624623
1230,VCVS,BPF,VCVS_BPF_Maheshwari,Maheshwari VCVS equal-component active-filter equations,10802.0041141191,10802.0041141191,NaN,1.30090262907162e-11,1.30090262907162e-11,NaN,NaN,9931.11096466289,6198.49464045339,1.62414916745055,0.726822978438006,1132585.5121647
1954,MFB,HPF,MFB_HPF_Maheshwari,Maheshwari MFB active-filter equations,2599.13683841986,3519.46702467082,NaN,3.61953204132691e-10,2.79792720529396e-10,4.05102395009272e-11,NaN,NaN,NaN,-0.111921207046633,1.19816569096258,494272.5568695
106,PASSIVE,LPF,PASSIVE_RC_LPF,Passive RC first-order equation,76836.842853263,NaN,NaN,8.79685460744787e-12,NaN,NaN,NaN,NaN,NaN,1,NaN,235463.288813301
3125,ACTIVE_OTHER,BSF,ACTIVE_OTHER_STATE_VARIABLE_BSF,External state-variable/biquad active-filter canonical equation,2087.06701311311,5759.14403043782,9208.34094176155,2.67386104407579e-12,5.94814318810762e-10,NaN,NaN,9651.10520755797,14058.854148422,2.45670924169516,0.939570941069316,1151099.43405583
2059,MFB,BPF,MFB_BPF_Maheshwari,Maheshwari MFB active-filter equations,33138.9011727378,6567185.78591087,NaN,1.33684587465229e-10,1.31700148600335e-11,NaN,NaN,NaN,NaN,-2291266.63547898,4.02222943994714,8130.69417107659
744,PASSIVE,BSF,PASSIVE_RLC_BSF,Passive RLC second-order equation,10772796.1981051,NaN,NaN,2.25557739475386e-12,NaN,NaN,2560.14279480397,NaN,NaN,1,3.12733772694075,2094.39778684077
2087,MFB,BPF,MFB_BPF_Maheshwari,Maheshwari MFB active-filter equations,42724.4499476833,7846581.12807204,NaN,3.99453455626355e-10,8.54094504639212e-11,NaN,NaN,NaN,NaN,-274042.292715482,5.16260728050564,1488.18047342877
2189,MFB,BPF,MFB_BPF_Maheshwari,Maheshwari MFB active-filter equations,655599.014060569,36295895.3073504,NaN,1.18488685111726e-11,3.7738523786857e-10,NaN,NaN,NaN,NaN,-4041.81843405865,1.27829066341563,487.911815117715
2356,MFB,BSF,MFB_BSF_1_MINUS_BP,Maheshwari MFB BPF denominator + ADI 1-minus-BP notch construction,20907.3421364859,1054545.85376624,NaN,2.71889357215872e-11,3.33891695102587e-11,NaN,NaN,NaN,NaN,1,3.5323729327983,35574.5218711604
2962,ACTIVE_OTHER,BPF,ACTIVE_OTHER_STATE_VARIABLE_BPF,External state-variable/biquad active-filter canonical equation,31585.1218373895,25440.951958287,52131.604552854,1.02473989931509e-10,2.28074170912052e-12,NaN,NaN,10081.0771046922,30278.4447805687,4.00349302620408,5.18795107685315,367254.646293727
1700,MFB,LPF,MFB_LPF_Maheshwari,Maheshwari MFB active-filter equations,2369.44165035082,181252.296385337,2718.64503739088,4.51894938216378e-10,1.78038705643601e-11,NaN,NaN,NaN,NaN,-1.1473779221313,0.285341260185701,79933.009899095
2563,ACTIVE_OTHER,LPF,ACTIVE_OTHER_STATE_VARIABLE_LPF,External state-variable/biquad active-filter canonical equation,142742.008820068,96432.1726369134,19185.5252920112,7.40602274434976e-10,1.3645296929062e-10,NaN,NaN,9578.3392064849,9838.07006741226,2.02711648181676,1.87426758181088,4267.26130523532
1922,MFB,HPF,MFB_HPF_Maheshwari,Maheshwari MFB active-filter equations,72255.6112949966,86849.8360873532,NaN,6.34152769921207e-10,1.72747324574177e-11,2.20511998450095e-11,NaN,NaN,NaN,-0.0347726934122661,0.760170248169818,102938.55385278
669,PASSIVE,BSF,PASSIVE_RLC_BSF,Passive RLC second-order equation,1741137.72936683,NaN,NaN,1.40387006602502e-12,NaN,NaN,106.01322293192,NaN,NaN,1,4.99095248651061,13045.9784197821
2753,ACTIVE_OTHER,HPF,ACTIVE_OTHER_STATE_VARIABLE_HPF,External state-variable/biquad active-filter canonical equation,2753.32911226804,29293.4580135772,54851.5316012048,9.25523560646091e-11,8.99603485305733e-11,NaN,NaN,9639.79989020666,18941.627828778,2.96493994113107,5.62630312257597,194216.642995675
3102,ACTIVE_OTHER,BSF,ACTIVE_OTHER_STATE_VARIABLE_BSF,External state-variable/biquad active-filter canonical equation,855933.503350217,561720.599234084,12635.310939259,3.27092650203812e-11,2.74958343627706e-11,NaN,NaN,10441.8801673059,8849.93370172386,1.84754216289835,1.25071497024054,7653.69407530309
1656,MFB,LPF,MFB_LPF_Maheshwari,Maheshwari MFB active-filter equations,121462.41416724,7603.12656405134,297398.764609636,2.14769826780417e-10,5.38616948222449e-11,NaN,NaN,NaN,NaN,-2.44848389231052,0.293413177200609,31119.1553544759
2304,MFB,BSF,MFB_BSF_1_MINUS_BP,Maheshwari MFB BPF denominator + ADI 1-minus-BP notch construction,12761.3742214796,3223074.70071259,NaN,1.3469765930227e-10,6.76079353981867e-10,NaN,NaN,NaN,NaN,1,5.91512460127246,2600.50302066646
2104,MFB,BPF,MFB_BPF_Maheshwari,Maheshwari MFB active-filter equations,178763.480334845,20662086.5926939,NaN,8.48836695525785e-10,2.41361377020641e-11,NaN,NaN,NaN,NaN,-231767.973658081,1.76275891479517,578.559037374392
2367,MFB,BSF,MFB_BSF_1_MINUS_BP,Maheshwari MFB BPF denominator + ADI 1-minus-BP notch construction,58811.5024756619,552546.028302104,NaN,5.83052416115612e-10,9.61899167278664e-10,NaN,NaN,NaN,NaN,1,1.48578781972873,1178.92503300933
1557,VCVS,BSF,VCVS_BSF_Maheshwari,Maheshwari VCVS equal-component active-filter equations,12290.7370785235,12290.7370785235,NaN,1.08399422919032e-12,1.08399422919032e-12,NaN,NaN,10170.5973675892,4942.91387769799,1.48600034973852,0.972763307807002,11945799.8256916
1628,MFB,LPF,MFB_LPF_Maheshwari,Maheshwari MFB active-filter equations,11338.6022518602,973.613113723795,39015.2883916822,1.300327033745e-10,2.2818804599952e-11,NaN,NaN,NaN,NaN,-3.44092574420108,0.339477709280713,474063.777678226
90,PASSIVE,LPF,PASSIVE_RC_LPF,Passive RC first-order equation,31362.9846641564,NaN,NaN,8.17434160552138e-10,NaN,NaN,NaN,NaN,NaN,1,NaN,6207.97505322521
1542,VCVS,BSF,VCVS_BSF_Maheshwari,Maheshwari VCVS equal-component active-filter equations,70418.3347525668,70418.3347525668,NaN,1.50079041750263e-12,1.50079041750263e-12,NaN,NaN,9871.17441599463,5000.93365891748,1.50661992668413,1.01341749908877,1505963.10765285
51,PASSIVE,LPF,PASSIVE_RC_LPF,Passive RC first-order equation,110569.825973088,NaN,NaN,4.21616975735711e-11,NaN,NaN,NaN,NaN,NaN,1,NaN,34140.1493659823
2971,ACTIVE_OTHER,BPF,ACTIVE_OTHER_STATE_VARIABLE_BPF,External state-variable/biquad active-filter canonical equation,95153.207473944,104409.847183949,19684.3819277322,3.66239876400062e-10,3.05881407167824e-10,NaN,NaN,10197.3932390826,29231.166029051,3.86653317604929,1.88942238008722,4770.65852132704
3016,ACTIVE_OTHER,BSF,ACTIVE_OTHER_STATE_VARIABLE_BSF,External state-variable/biquad active-filter canonical equation,6449.37794941012,36788.3997945584,7264.2356871865,9.0237366549091e-12,7.41160682902924e-12,NaN,NaN,9625.99968450285,29050.0797319423,4.01787665531621,0.727625351431692,1263445.10169611
2121,MFB,BPF,MFB_BPF_Maheshwari,Maheshwari MFB active-filter equations,1072.67447665164,3530979.52075849,NaN,8.74421329147419e-10,1.13660266492206e-11,NaN,NaN,NaN,NaN,-82020683.2885764,6.45726865186691,25940.2317944732
1547,VCVS,BSF,VCVS_BSF_Maheshwari,Maheshwari VCVS equal-component active-filter equations,1592.97624618387,1592.97624618387,NaN,4.48518097996919e-10,4.48518097996919e-10,NaN,NaN,9822.68697145104,5874.46155245803,1.59805036743324,1.24393695002808,222756.74336746
657,PASSIVE,BSF,PASSIVE_RLC_BSF,Passive RLC second-order equation,22971105.3030968,NaN,NaN,5.22475850241077e-12,NaN,NaN,16303.2086338321,NaN,NaN,1,2.43176464344986,545.318809350032
1570,VCVS,BSF,VCVS_BSF_Maheshwari,Maheshwari VCVS equal-component active-filter equations,98305.8190660632,98305.8190660632,NaN,1.92006230434027e-11,1.92006230434027e-11,NaN,NaN,9897.49228589868,5424.2573812819,1.5480436078753,1.10630142357196,84319.0265874235
819,VCVS,LPF,VCVS_LPF_Maheshwari,Maheshwari VCVS equal-component active-filter equations,37204.500362491,37204.500362491,NaN,1.27106662576689e-10,1.27106662576689e-10,NaN,NaN,9811.46376034331,6216.36259561816,1.63358156820024,0.731840245072561,33655.5226616407
2390,MFB,BSF,MFB_BSF_1_MINUS_BP,Maheshwari MFB BPF denominator + ADI 1-minus-BP notch construction,2067.95638802805,27421.1901552017,NaN,9.26177912083052e-10,6.68512022179226e-11,NaN,NaN,NaN,NaN,1,0.912456777807651,84938.4776754434
2040,MFB,BPF,MFB_BPF_Maheshwari,Maheshwari MFB active-filter equations,1732.44872575442,57178.6212293966,NaN,5.42168652736198e-10,2.11672363187886e-10,NaN,NaN,NaN,NaN,-2726939.178864,2.58170230314486,47203.4581168533
2633,ACTIVE_OTHER,HPF,ACTIVE_OTHER_STATE_VARIABLE_HPF,External state-variable/biquad active-filter canonical equation,81819.0479728134,1984.32945886636,14885.9567192362,3.71490258939026e-11,1.09755366393579e-11,NaN,NaN,10007.4953231716,16021.0944023959,2.60090950682738,1.51385492459875,618585.069839597
240,PASSIVE,HPF,PASSIVE_RC_HPF,Passive RC first-order equation,1426.73418761516,NaN,NaN,1.03354730539522e-11,NaN,NaN,NaN,NaN,NaN,1,NaN,10793112.5180207
96,PASSIVE,LPF,PASSIVE_RC_LPF,Passive RC first-order equation,1459.24406584983,NaN,NaN,4.50821911086297e-11,NaN,NaN,NaN,NaN,NaN,1,NaN,2419285.82062714
978,VCVS,LPF,VCVS_LPF_Maheshwari,Maheshwari VCVS equal-component active-filter equations,7095.73601006861,7095.73601006861,NaN,4.66312491041397e-10,4.66312491041397e-10,NaN,NaN,9984.08107118117,6235.70677148339,1.62456491759493,0.727042673836277,48100.0616520959
46,PASSIVE,LPF,PASSIVE_RC_LPF,Passive RC first-order equation,131658.543490571,NaN,NaN,2.59980519292547e-11,NaN,NaN,NaN,NaN,NaN,1,NaN,46497.5723087741
1321,VCVS,BPF,VCVS_BPF_Maheshwari,Maheshwari VCVS equal-component active-filter equations,8823.20109805132,8823.20109805132,NaN,3.84754586292094e-11,3.84754586292094e-11,NaN,NaN,10012.7840095326,12914.4231037688,2.28979343721724,1.40804105791666,468824.3374417
1828,MFB,HPF,MFB_HPF_Maheshwari,Maheshwari MFB active-filter equations,107560.487227071,9201972.77405361,NaN,2.63854667377646e-10,3.03623892919703e-10,1.90165887879101e-11,NaN,NaN,NaN,-0.0720722092086107,0.194351514529851,2105.32428146334
1866,MFB,HPF,MFB_HPF_Maheshwari,Maheshwari MFB active-filter equations,547645.778405462,710841.404888632,NaN,3.55056437767067e-11,2.86986463652913e-10,1.21666853770261e-11,NaN,NaN,NaN,-0.342669054349268,0.452275677467736,4316.85097252487
130,PASSIVE,LPF,PASSIVE_RC_LPF,Passive RC first-order equation,45230.3948831344,NaN,NaN,1.54131054421073e-10,NaN,NaN,NaN,NaN,NaN,1,NaN,22829.668368197
984,VCVS,LPF,VCVS_LPF_Maheshwari,Maheshwari VCVS equal-component active-filter equations,2867.14702002165,2867.14702002165,NaN,4.8234427478634e-10,4.8234427478634e-10,NaN,NaN,10007.6315649459,9505.24298730511,1.94979945310931,0.952199085175385,115083.494464793
1763,MFB,LPF,MFB_LPF_Maheshwari,Maheshwari MFB active-filter equations,1582.33541305997,2410.01962162753,3152.13133471615,2.86963095183549e-10,1.24508523934116e-10,NaN,NaN,NaN,NaN,-1.9920753265709,0.403772360651068,305488.681473446
2209,MFB,BSF,MFB_BSF_1_MINUS_BP,Maheshwari MFB BPF denominator + ADI 1-minus-BP notch construction,878.849622111842,253893.252284941,NaN,9.3490070171382e-10,3.20052514106664e-11,NaN,NaN,NaN,NaN,1,3.04072695845772,61594.7791917492
2504,ACTIVE_OTHER,LPF,ACTIVE_OTHER_STATE_VARIABLE_LPF,External state-variable/biquad active-filter canonical equation,1681.13739049219,3022.00699747736,33752.8003483467,4.00649988850817e-10,1.39911124728216e-10,NaN,NaN,10313.963899785,10228.4367827847,1.991707638515,3.41133544122385,298237.399390382
1530,VCVS,BSF,VCVS_BSF_Maheshwari,Maheshwari VCVS equal-component active-filter equations,12977.9429022399,12977.9429022399,NaN,4.83951369886234e-12,4.83951369886234e-12,NaN,NaN,10051.0223361864,2858.63771592998,1.28441263190095,0.698726699617746,2534034.64971326
2856,ACTIVE_OTHER,BPF,ACTIVE_OTHER_STATE_VARIABLE_BPF,External state-variable/biquad active-filter canonical equation,12249.3458762865,11761.5470132516,49211.9620791997,1.30382051133523e-10,6.41237213972759e-12,NaN,NaN,10250.5135840187,26646.4626478993,3.5995246413256,4.82301725091331,458577.977542225
509,PASSIVE,BPF,PASSIVE_RLC_BPF,Passive RLC second-order equation,1208642.4419585,NaN,NaN,1.95601821634879e-10,NaN,NaN,4488.44257098503,NaN,NaN,1,3.96336024011636,169.857938028727
2955,ACTIVE_OTHER,BPF,ACTIVE_OTHER_STATE_VARIABLE_BPF,External state-variable/biquad active-filter canonical equation,765469.16657761,93855.9859914635,56146.4063344912,1.11158632563072e-10,1.77057775613894e-11,NaN,NaN,9589.87614973952,14821.7191545302,2.54555897522543,5.60753664486405,13384.3163427548
262,PASSIVE,HPF,PASSIVE_RC_HPF,Passive RC first-order equation,425764.081067267,NaN,NaN,1.06602910344162e-10,NaN,NaN,NaN,NaN,NaN,1,NaN,3506.56626333282
2336,MFB,BSF,MFB_BSF_1_MINUS_BP,Maheshwari MFB BPF denominator + ADI 1-minus-BP notch construction,789719.4946273,398793370.508051,NaN,2.49287791457873e-10,1.30797555124559e-11,NaN,NaN,NaN,NaN,1,4.89077562234122,157.057767199444
802,VCVS,LPF,VCVS_LPF_Maheshwari,Maheshwari VCVS equal-component active-filter equations,375754.98309403,375754.98309403,NaN,6.28247538364414e-11,6.28247538364414e-11,NaN,NaN,10002.0103992249,9239.75189800322,1.92378947123663,0.929186226368794,6741.93540716745
2003,MFB,BPF,MFB_BPF_Maheshwari,Maheshwari MFB active-filter equations,393571.817609042,60043590.6720059,NaN,3.36585751267605e-11,6.11701383907857e-10,NaN,NaN,NaN,NaN,-4153.71356190195,2.74623001977627,228.169301340625
2637,ACTIVE_OTHER,HPF,ACTIVE_OTHER_STATE_VARIABLE_HPF,External state-variable/biquad active-filter canonical equation,6905.60838294861,697846.403269007,14095.772563622,7.15793265830151e-12,2.33417394697276e-12,NaN,NaN,10061.3112965844,16911.5544959386,2.68084994067123,1.36400305818779,560891.454943891
560,PASSIVE,BPF,PASSIVE_RLC_BPF,Passive RLC second-order equation,4200690.19214864,NaN,NaN,2.16999431601089e-12,NaN,NaN,756.724258810544,NaN,NaN,1,4.44548221806767,3927.55255575068
1251,VCVS,BPF,VCVS_BPF_Maheshwari,Maheshwari VCVS equal-component active-filter equations,2283.46661379984,2283.46661379984,NaN,1.01949680579134e-11,1.01949680579134e-11,NaN,NaN,9996.42943109665,2908.72205929165,1.29097610095093,0.585129324731163,6836590.95331564
286,PASSIVE,HPF,PASSIVE_RC_HPF,Passive RC first-order equation,4464.76111919614,NaN,NaN,5.92061256083121e-12,NaN,NaN,NaN,NaN,NaN,1,NaN,6020814.70824314
696,PASSIVE,BSF,PASSIVE_RLC_BSF,Passive RLC second-order equation,2560.35357896259,NaN,NaN,2.98639329538849e-10,NaN,NaN,0.00375260614890302,NaN,NaN,1,1.38450027851771,150341.935747615
3168,ACTIVE_OTHER,BSF,ACTIVE_OTHER_STATE_VARIABLE_BSF,External state-variable/biquad active-filter canonical equation,294251.742304832,4239.07630180897,11536.7138369562,2.58299503076589e-12,1.18142159756575e-10,NaN,NaN,10138.6877150915,14194.4405386989,2.4000273938382,1.16496823315826,257964.981518056
1678,MFB,LPF,MFB_LPF_Maheshwari,Maheshwari MFB active-filter equations,1047.93555723669,549.688818552961,1851.614038922,2.7881233181814e-10,1.60196340585509e-10,NaN,NaN,NaN,NaN,-1.76691593880499,0.394642729238349,746455.913389034
2128,MFB,BPF,MFB_BPF_Maheshwari,Maheshwari MFB active-filter equations,59588.7810920314,166821133.797822,NaN,8.2014803257522e-10,1.1393838561711e-11,NaN,NaN,NaN,NaN,-1472873.45943529,6.15092335572553,522.193175635426
1544,VCVS,BSF,VCVS_BSF_Maheshwari,Maheshwari VCVS equal-component active-filter equations,43828.0456460429,43828.0456460429,NaN,3.36916723684986e-11,3.36916723684986e-11,NaN,NaN,10133.4773711074,3356.02498782646,1.33118196892561,0.747587500290327,107781.806292749
882,VCVS,LPF,VCVS_LPF_Maheshwari,Maheshwari VCVS equal-component active-filter equations,40725.7926995234,40725.7926995234,NaN,2.46470874915044e-10,2.46470874915044e-10,NaN,NaN,9836.02179582817,10426.1699958103,2.05999866737103,1.06382827905492,15855.6838817457
2714,ACTIVE_OTHER,HPF,ACTIVE_OTHER_STATE_VARIABLE_HPF,External state-variable/biquad active-filter canonical equation,14615.8722843708,97725.8240077892,33400.8671993551,4.51146954743904e-10,1.4773957816011e-12,NaN,NaN,10301.6596139368,14401.3922140535,2.397968167631,3.4354236170708,163115.656727472
2266,MFB,BSF,MFB_BSF_1_MINUS_BP,Maheshwari MFB BPF denominator + ADI 1-minus-BP notch construction,14903.0994777081,1255129.19804615,NaN,1.10510542125511e-11,2.3872633747429e-11,NaN,NaN,NaN,NaN,1,4.26813196985759,71644.9514689428
2532,ACTIVE_OTHER,LPF,ACTIVE_OTHER_STATE_VARIABLE_LPF,External state-variable/biquad active-filter canonical equation,673289.124597304,12691.1608620472,52457.8462066239,6.17295540114345e-11,4.10041870053388e-12,NaN,NaN,10340.8604474378,32527.1978941277,4.14550206527419,5.1903548989366,108220.113494929
1045,VCVS,HPF,VCVS_HPF_Maheshwari,Maheshwari VCVS equal-component active-filter equations,40290.8539269756,40290.8539269756,NaN,3.17114859957176e-11,3.17114859957176e-11,NaN,NaN,9936.90750805576,2582.50284610592,1.25988999535442,0.574676312032168,124565.296532174
616,PASSIVE,BSF,PASSIVE_RLC_BSF,Passive RLC second-order equation,278618.285473329,NaN,NaN,8.33254919690633e-10,NaN,NaN,30.74590824494,NaN,NaN,1,0.689437821978138,994.345986222782
1849,MFB,HPF,MFB_HPF_Maheshwari,Maheshwari MFB active-filter equations,330235.628572648,3520.55155300848,NaN,1.47954411442498e-11,1.03163768566545e-10,1.79700478609301e-10,NaN,NaN,NaN,-12.1456654693355,0.364756876130803,34281.8774416895
1718,MFB,LPF,MFB_LPF_Maheshwari,Maheshwari MFB active-filter equations,29019.5129318822,2709.75792177742,50733.3936270443,6.77199990867538e-11,1.02852056358546e-10,NaN,NaN,NaN,NaN,-1.74825103874525,0.163526003130043,162645.842351778
2015,MFB,BPF,MFB_BPF_Maheshwari,Maheshwari MFB active-filter equations,51.5981128850884,6344.6776303316,NaN,5.99165982650979e-10,1.7329088767496e-10,NaN,NaN,NaN,NaN,-111838273.822542,4.62567449400824,863250.830143932
2002,MFB,BPF,MFB_BPF_Maheshwari,Maheshwari MFB active-filter equations,811.634737314343,121046.155927469,NaN,8.91010508647573e-11,1.10450592345165e-10,NaN,NaN,NaN,NaN,-11155044.9452348,6.07107107618003,161859.755396769
934,VCVS,LPF,VCVS_LPF_Maheshwari,Maheshwari VCVS equal-component active-filter equations,5073.30421458407,5073.30421458407,NaN,1.18408951936647e-11,1.18408951936647e-11,NaN,NaN,10002.1605996145,3233.19251655502,1.32324941040035,0.596391619721313,2649382.65961326
185,PASSIVE,LPF,PASSIVE_RC_LPF,Passive RC first-order equation,142088.209965591,NaN,NaN,5.94674065678763e-12,NaN,NaN,NaN,NaN,NaN,1,NaN,188357.574656319
2780,ACTIVE_OTHER,HPF,ACTIVE_OTHER_STATE_VARIABLE_HPF,External state-variable/biquad active-filter canonical equation,22097.6906735746,179043.704245476,36565.7777072328,8.6975316185984e-12,1.48887193553067e-12,NaN,NaN,9800.25120858567,10250.5490022139,2.04594757665332,3.72619150436405,703137.854458293
1647,MFB,LPF,MFB_LPF_Maheshwari,Maheshwari MFB active-filter equations,5745.50807599274,3495.81598499827,12082.5354847418,4.39430270894104e-10,4.82187312712915e-11,NaN,NaN,NaN,NaN,-2.10295335502668,0.855634834105966,168234.063589807
2837,ACTIVE_OTHER,BPF,ACTIVE_OTHER_STATE_VARIABLE_BPF,External state-variable/biquad active-filter canonical equation,10665.1220910944,151487.161673992,22103.4239520698,5.98435663856982e-11,1.05542726749138e-09,NaN,NaN,9687.07970037969,14670.3891048614,2.51442845094857,2.17443780783002,15755.2904121071
1629,MFB,LPF,MFB_LPF_Maheshwari,Maheshwari MFB active-filter equations,510472.834849257,585204.080456477,923342.712635702,2.43569924036199e-10,1.11048142928865e-10,NaN,NaN,NaN,NaN,-1.80879892053093,0.424086783274475,1316.48985097267
2066,MFB,BPF,MFB_BPF_Maheshwari,Maheshwari MFB active-filter equations,6004117.36486157,614858965.604513,NaN,1.47829435640102e-11,2.49705591388857e-11,NaN,NaN,NaN,NaN,-6669.9497165851,4.89082767477855,136.336831620873
364,PASSIVE,HPF,PASSIVE_RC_HPF,Passive RC first-order equation,1069.16120059351,NaN,NaN,4.14935997938903e-12,NaN,NaN,NaN,NaN,NaN,1,NaN,35875323.6518103
2009,MFB,BPF,MFB_BPF_Maheshwari,Maheshwari MFB active-filter equations,2584.42933339865,53098.675472197,NaN,1.53661619268215e-11,1.33166044938875e-10,NaN,NaN,NaN,NaN,-2905640.21090419,1.38044253545433,300342.30087798
3084,ACTIVE_OTHER,BSF,ACTIVE_OTHER_STATE_VARIABLE_BSF,External state-variable/biquad active-filter canonical equation,121402.246804521,10639.2255786374,36691.9109804687,3.29151662983014e-10,2.04046264372372e-10,NaN,NaN,9842.77141823848,21417.8077102443,3.17599360994582,3.65911268671438,17087.9281777404
1694,MFB,LPF,MFB_LPF_Maheshwari,Maheshwari MFB active-filter equations,39643.5471803017,69784.8491739308,127989.500321801,9.5422254043233e-11,1.82251415028333e-11,NaN,NaN,NaN,NaN,-3.22850777554529,0.511139538883562,40382.3973436288
4,PASSIVE,LPF,PASSIVE_RC_LPF,Passive RC first-order equation,607900.134789124,NaN,NaN,3.10647182279792e-10,NaN,NaN,NaN,NaN,NaN,1,NaN,842.792133388834
1493,VCVS,BSF,VCVS_BSF_Maheshwari,Maheshwari VCVS equal-component active-filter equations,7437.81397776039,7437.81397776039,NaN,8.38136232911654e-11,8.38136232911654e-11,NaN,NaN,9966.41775340775,2292.86991062599,1.23005958282674,0.649400900183532,255305.519249305
1728,MFB,LPF,MFB_LPF_Maheshwari,Maheshwari MFB active-filter equations,11038.4981814111,291164.21479793,27699.3702035765,3.94253213092876e-10,3.14577959044548e-11,NaN,NaN,NaN,NaN,-2.50934228083876,0.302933535857216,15913.4527742898
2951,ACTIVE_OTHER,BPF,ACTIVE_OTHER_STATE_VARIABLE_BPF,External state-variable/biquad active-filter canonical equation,1635.24548160102,1322.79087979049,54416.0856421135,2.97657660057711e-10,1.16260878986609e-10,NaN,NaN,10298.9959598024,34143.8801617545,4.31526299214218,5.44740344651635,581711.599770102
2743,ACTIVE_OTHER,HPF,ACTIVE_OTHER_STATE_VARIABLE_HPF,External state-variable/biquad active-filter canonical equation,57717.1843877187,5675.63384660657,17128.9936289191,3.01551336166207e-12,4.15120351605048e-12,NaN,NaN,9567.80694271564,20223.7595722956,3.11372989582454,1.78171047769928,2485379.64348811
2997,ACTIVE_OTHER,BPF,ACTIVE_OTHER_STATE_VARIABLE_BPF,External state-variable/biquad active-filter canonical equation,99796.2883693285,231591.351739527,19119.613508549,9.5475449082629e-12,1.12223056120773e-11,NaN,NaN,10307.1812521759,35357.4911537407,4.43037444367018,1.88977592671399,101138.117913516
1977,MFB,HPF,MFB_HPF_Maheshwari,Maheshwari MFB active-filter equations,26627.3356622759,70789.0998978913,NaN,8.3706363394433e-10,2.07600976337976e-11,1.98341040598922e-10,NaN,NaN,NaN,-0.236948581393171,0.157259126952255,57128.4038929101
1139,VCVS,HPF,VCVS_HPF_Maheshwari,Maheshwari VCVS equal-component active-filter equations,2031.09151465865,2031.09151465865,NaN,8.99474294350372e-10,8.99474294350372e-10,NaN,NaN,9814.16414897441,12402.4723428602,2.26373190366459,1.35820091210967,87116.7937954181
1104,VCVS,HPF,VCVS_HPF_Maheshwari,Maheshwari VCVS equal-component active-filter equations,4353.02326936594,4353.02326936594,NaN,7.95294480479947e-12,7.95294480479947e-12,NaN,NaN,10013.5911032453,8635.61273810639,1.86238919175636,0.879035248921293,4597282.3188172
2098,MFB,BPF,MFB_BPF_Maheshwari,Maheshwari MFB active-filter equations,70.4534163894163,4030.15895406781,NaN,5.25270997732008e-10,1.01988808669994e-09,NaN,NaN,NaN,NaN,-13916993.4757594,3.58265369028607,408075.051874821
2286,MFB,BSF,MFB_BSF_1_MINUS_BP,Maheshwari MFB BPF denominator + ADI 1-minus-BP notch construction,1554462.78734293,5081681.63747576,NaN,8.46557870198699e-11,3.05264792308347e-10,NaN,NaN,NaN,NaN,1,0.745425232456235,352.256937699377
2883,ACTIVE_OTHER,BPF,ACTIVE_OTHER_STATE_VARIABLE_BPF,External state-variable/biquad active-filter canonical equation,203554.637350993,196679.003086285,10136.5244830299,5.69641740447468e-12,2.83878954106157e-12,NaN,NaN,10310.9976518979,9430.22917176872,1.91457970316121,0.984499252120371,197803.117230752
1860,MFB,HPF,MFB_HPF_Maheshwari,Maheshwari MFB active-filter equations,674904.192329866,29068.2276484384,NaN,1.16882488611693e-10,4.07521789856396e-11,1.02494018607889e-10,NaN,NaN,NaN,-0.876897983823693,1.36520900968199,17581.8720062139
1348,VCVS,BPF,VCVS_BPF_Maheshwari,Maheshwari VCVS equal-component active-filter equations,834036.832007528,834036.832007528,NaN,2.75984696093321e-10,2.75984696093321e-10,NaN,NaN,9997.14141203871,2781.21553301255,1.27820107952693,0.580787912054938,691.432678648858
2605,ACTIVE_OTHER,HPF,ACTIVE_OTHER_STATE_VARIABLE_HPF,External state-variable/biquad active-filter canonical equation,208474.995383344,469789.213230199,34030.2456487809,5.2954794103129e-12,2.97098307099173e-10,NaN,NaN,10274.1619961069,31938.6225634762,4.10863529070094,3.4338367150981,12821.5017020174
1565,VCVS,BSF,VCVS_BSF_Maheshwari,Maheshwari VCVS equal-component active-filter equations,140516.13585621,140516.13585621,NaN,1.80441719804564e-10,1.80441719804564e-10,NaN,NaN,9883.21911426234,7461.06337024839,1.75492238753277,2.04017003008321,6277.07005436105
1391,VCVS,BPF,VCVS_BPF_Maheshwari,Maheshwari VCVS equal-component active-filter equations,227191.000503952,227191.000503952,NaN,1.47999171677016e-12,1.47999171677016e-12,NaN,NaN,9830.97675544905,9250.67861236513,1.94097248345519,0.944262528005509,473336.203180855
635,PASSIVE,BSF,PASSIVE_RLC_BSF,Passive RLC second-order equation,1429630.99300383,NaN,NaN,3.74028113067231e-11,NaN,NaN,373.344171580924,NaN,NaN,1,2.2099304708397,1346.83167178289
102,PASSIVE,LPF,PASSIVE_RC_LPF,Passive RC first-order equation,176267.284325819,NaN,NaN,1.48812585349871e-11,NaN,NaN,NaN,NaN,NaN,1,NaN,60674.8562713353
2,PASSIVE,LPF,PASSIVE_RC_LPF,Passive RC first-order equation,635385.849036985,NaN,NaN,4.88373784983532e-11,NaN,NaN,NaN,NaN,NaN,1,NaN,5128.97107257554
1357,VCVS,BPF,VCVS_BPF_Maheshwari,Maheshwari VCVS equal-component active-filter equations,2019.26492680785,2019.26492680785,NaN,1.45533212625127e-10,1.45533212625127e-10,NaN,NaN,9822.13957335081,13062.0668152185,2.32985962148799,1.49222466227213,541582.612949129
1846,MFB,HPF,MFB_HPF_Maheshwari,Maheshwari MFB active-filter equations,37991.514405032,98245.9919796122,NaN,3.72529424577557e-10,4.56070621369315e-10,3.75691854960086e-11,NaN,NaN,NaN,-0.100848907542301,0.931845408792604,19901.5759982565
1854,MFB,HPF,MFB_HPF_Maheshwari,Maheshwari MFB active-filter equations,299580.67352854,379.920078911399,NaN,1.86764070037771e-10,7.10371976015036e-10,1.05715499375527e-09,NaN,NaN,NaN,-5.66037671775665,2.1998265495042,17214.914452086
424,PASSIVE,BPF,PASSIVE_RLC_BPF,Passive RLC second-order equation,3786198.27624434,NaN,NaN,5.43833888036389e-12,NaN,NaN,72.5144224084572,NaN,NaN,1,0.964441099357627,8014.46990466951
1408,VCVS,BSF,VCVS_BSF_Maheshwari,Maheshwari VCVS equal-component active-filter equations,39683.1157655085,39683.1157655085,NaN,3.65569486704548e-10,3.65569486704548e-10,NaN,NaN,9967.37247065084,3576.52473083247,1.35882322461247,0.77981614305633,10970.9548746826
2496,ACTIVE_OTHER,LPF,ACTIVE_OTHER_STATE_VARIABLE_LPF,External state-variable/biquad active-filter canonical equation,654072.376701665,27091.5865981378,25258.2643555822,5.66145784465176e-12,3.80734280243733e-11,NaN,NaN,10170.2427724444,8077.84698509972,1.79426294591375,2.63056778737845,81435.7083053013
520,PASSIVE,BPF,PASSIVE_RLC_BPF,Passive RLC second-order equation,19899191.8806967,NaN,NaN,1.11201481545457e-11,NaN,NaN,100590.945184989,NaN,NaN,1,4.77956880540398,150.482293080227
1562,VCVS,BSF,VCVS_BSF_Maheshwari,Maheshwari VCVS equal-component active-filter equations,894750.598645039,894750.598645039,NaN,2.22800731706501e-11,2.22800731706501e-11,NaN,NaN,10117.0645888909,3946.24951909537,1.39005874524401,0.819751076191795,7983.65058502509
876,VCVS,LPF,VCVS_LPF_Maheshwari,Maheshwari VCVS equal-component active-filter equations,28957.539438589,28957.539438589,NaN,9.10591856696709e-10,9.10591856696709e-10,NaN,NaN,9981.36187183936,7425.31368005393,1.74391789170605,0.796126298907509,6035.79822476054
1944,MFB,HPF,MFB_HPF_Maheshwari,Maheshwari MFB active-filter equations,242645.907467357,1657.12043157332,NaN,1.68904802097802e-10,7.54614492214485e-11,1.76246875510465e-10,NaN,NaN,NaN,-1.04346870735156,3.17958530787927,68822.9566708766
2108,MFB,BPF,MFB_BPF_Maheshwari,Maheshwari MFB active-filter equations,727.373905519344,116951.702297967,NaN,8.8881779835768e-11,1.48026717215199e-10,NaN,NaN,NaN,NaN,-9287571.61105863,6.13931904479795,150439.393609871
899,VCVS,LPF,VCVS_LPF_Maheshwari,Maheshwari VCVS equal-component active-filter equations,28733.0476276331,28733.0476276331,NaN,1.10098454841366e-12,1.10098454841366e-12,NaN,NaN,10099.3030358763,8006.53025364998,1.79278047457413,0.828349756559174,5031033.56675101
1164,VCVS,HPF,VCVS_HPF_Maheshwari,Maheshwari VCVS equal-component active-filter equations,377014.597350807,377014.597350807,NaN,1.14837497145575e-12,1.14837497145575e-12,NaN,NaN,10066.2658613109,11641.5746811145,2.15649386192533,1.18552782826517,367602.323187245
469,PASSIVE,BPF,PASSIVE_RLC_BPF,Passive RLC second-order equation,266283.86368225,NaN,NaN,8.55953331227823e-10,NaN,NaN,584.836204792955,NaN,NaN,1,3.10418239877425,224.945838604507
638,PASSIVE,BSF,PASSIVE_RLC_BSF,Passive RLC second-order equation,1458.89270716886,NaN,NaN,5.53552105109802e-10,NaN,NaN,0.000658472803711188,NaN,NaN,1,0.747594873384419,263616.11602934
2815,ACTIVE_OTHER,BPF,ACTIVE_OTHER_STATE_VARIABLE_BPF,External state-variable/biquad active-filter canonical equation,1143.83253023952,13880.9214995745,7254.37605553082,1.24327405442765e-11,8.16459113672426e-12,NaN,NaN,9870.91552201347,9955.11475696826,2.00853003298093,0.695519887650876,3964414.94704598
1537,VCVS,BSF,VCVS_BSF_Maheshwari,Maheshwari VCVS equal-component active-filter equations,17952.6424636139,17952.6424636139,NaN,1.40406190327016e-10,1.40406190327016e-10,NaN,NaN,9943.93043114948,5232.65551705223,1.52621602225423,1.05533328159166,63140.1332634171
2612,ACTIVE_OTHER,HPF,ACTIVE_OTHER_STATE_VARIABLE_HPF,External state-variable/biquad active-filter canonical equation,13807.942450059,4512.94010150608,47442.2974230841,1.07994828642449e-10,3.0319813183454e-12,NaN,NaN,10001.0003120614,31962.4065148528,4.19592095965696,4.812036912027,1114194.7876996
1577,VCVS,BSF,VCVS_BSF_Maheshwari,Maheshwari VCVS equal-component active-filter equations,169775.163875915,169775.163875915,NaN,1.49370812032374e-10,1.49370812032374e-10,NaN,NaN,10176.9735508352,732.353056248023,1.07196177258296,0.538770909676453,6275.96093040146
1326,VCVS,BPF,VCVS_BPF_Maheshwari,Maheshwari VCVS equal-component active-filter equations,391886.76666724,391886.76666724,NaN,2.47876062854848e-10,2.47876062854848e-10,NaN,NaN,9837.36760436261,10795.5163205911,2.09739889315548,1.1079091222212,1638.41888017086
1739,MFB,LPF,MFB_LPF_Maheshwari,Maheshwari MFB active-filter equations,7065.39413079846,5459.35771773921,16386.5883318185,2.11841426946634e-10,3.19621235698277e-10,NaN,NaN,NaN,NaN,-2.31927448468705,0.223144778468199,64666.8675536997
1053,VCVS,HPF,VCVS_HPF_Maheshwari,Maheshwari VCVS equal-component active-filter equations,558950.865351141,558950.865351141,NaN,2.68984952326586e-11,2.68984952326586e-11,NaN,NaN,9971.15451239707,12380.161315948,2.241597580356,1.31856119402864,10585.6739614559
1622,MFB,LPF,MFB_LPF_Maheshwari,Maheshwari MFB active-filter equations,108642.727185551,17924.9055319181,308319.120795451,1.47236151943671e-11,9.91138567343334e-12,NaN,NaN,NaN,NaN,-2.83791772153208,0.24026842725874,177221.760830217
1877,MFB,HPF,MFB_HPF_Maheshwari,Maheshwari MFB active-filter equations,14175.5141492102,261046.055256751,NaN,1.54045789868685e-10,8.41616958509962e-10,2.21050128309781e-11,NaN,NaN,NaN,-0.143496377601889,0.217632544175594,19181.8075621493
1495,VCVS,BSF,VCVS_BSF_Maheshwari,Maheshwari VCVS equal-component active-filter equations,263754.07539275,263754.07539275,NaN,1.14134268543355e-12,1.14134268543355e-12,NaN,NaN,10197.2258179418,7084.67014318132,1.6947644653231,1.63807926403218,528694.622263149
2343,MFB,BSF,MFB_BSF_1_MINUS_BP,Maheshwari MFB BPF denominator + ADI 1-minus-BP notch construction,28.3650147580288,11889.4224644062,NaN,1.05027082366059e-10,8.14582696685673e-10,NaN,NaN,NaN,NaN,1,6.51183717206135,936979.317145905
1335,VCVS,BPF,VCVS_BPF_Maheshwari,Maheshwari VCVS equal-component active-filter equations,17953.9348402023,17953.9348402023,NaN,4.09551999445009e-12,4.09551999445009e-12,NaN,NaN,10147.3411848633,9012.67831197155,1.88818126322742,0.899427188017024,2164469.33053676
1116,VCVS,HPF,VCVS_HPF_Maheshwari,Maheshwari VCVS equal-component active-filter equations,1788.82603275839,1788.82603275839,NaN,3.90423554618071e-10,3.90423554618071e-10,NaN,NaN,9873.8373893266,7629.4921227164,1.77269776905215,0.814795227111825,227885.143897439
1783,MFB,LPF,MFB_LPF_Maheshwari,Maheshwari MFB active-filter equations,446440.385347637,5583930.75551825,432795.210520208,7.24933419578398e-10,1.157151587198e-11,NaN,NaN,NaN,NaN,-0.969435617217283,1.07651334828396,1117.80155189551
1709,MFB,LPF,MFB_LPF_Maheshwari,Maheshwari MFB active-filter equations,144610.91285157,6054.30660491107,538683.702560848,6.7857320644777e-11,1.44411994062527e-11,NaN,NaN,NaN,NaN,-3.72505568175038,0.218217827753887,89026.8529902346
786,PASSIVE,BSF,PASSIVE_RLC_BSF,Passive RLC second-order equation,1028742.09699659,NaN,NaN,1.31861619117151e-11,NaN,NaN,102.0335068728,NaN,NaN,1,2.70399380835853,4338.99872811315
423,PASSIVE,BPF,PASSIVE_RLC_BPF,Passive RLC second-order equation,358.541727089321,NaN,NaN,7.91388719674587e-10,NaN,NaN,0.00115485175058456,NaN,NaN,1,3.36921313052759,166480.00694864
2964,ACTIVE_OTHER,BPF,ACTIVE_OTHER_STATE_VARIABLE_BPF,External state-variable/biquad active-filter canonical equation,2464.89213395468,1105.26749966623,34896.7163817795,8.91223753591859e-11,2.13523511367714e-10,NaN,NaN,10076.9790865991,14330.5690997477,2.42210963986273,3.66908992701731,698990.453440481
151,PASSIVE,LPF,PASSIVE_RC_LPF,Passive RC first-order equation,35422.2681027956,NaN,NaN,5.19245624324414e-10,NaN,NaN,NaN,NaN,NaN,1,NaN,8653.08401495695
1370,VCVS,BPF,VCVS_BPF_Maheshwari,Maheshwari VCVS equal-component active-filter equations,2658.31223978482,2658.31223978482,NaN,4.49678807183374e-10,4.49678807183374e-10,NaN,NaN,10192.1286180409,3675.60459377242,1.36063169250693,0.609991052913061,133140.97115171
546,PASSIVE,BPF,PASSIVE_RLC_BPF,Passive RLC second-order equation,35531785.257592,NaN,NaN,8.54588362712127e-12,NaN,NaN,183215.363862386,NaN,NaN,1,4.12083692797162,127.1922645557
1255,VCVS,BPF,VCVS_BPF_Maheshwari,Maheshwari VCVS equal-component active-filter equations,170888.121075763,170888.121075763,NaN,2.89719375016967e-12,2.89719375016967e-12,NaN,NaN,9831.05686622058,11837.80434247,2.20412327011805,1.25647598736594,321462.795624204
646,PASSIVE,BSF,PASSIVE_RLC_BSF,Passive RLC second-order equation,25122.5834607011,NaN,NaN,2.09698527079908e-10,NaN,NaN,0.979447208087599,NaN,NaN,1,2.72037345632307,11105.3416858718
2207,MFB,BSF,MFB_BSF_1_MINUS_BP,Maheshwari MFB BPF denominator + ADI 1-minus-BP notch construction,32559.0710617295,3262537.02201735,NaN,9.44300139956312e-11,9.58572961614263e-11,NaN,NaN,NaN,NaN,1,5.00494729851297,5132.61619750494
3150,ACTIVE_OTHER,BSF,ACTIVE_OTHER_STATE_VARIABLE_BSF,External state-variable/biquad active-filter canonical equation,11302.4681154003,21128.8427067508,5496.390684797,1.02343798394653e-12,1.89466153147913e-10,NaN,NaN,9987.38223010486,18496.5346623513,2.85199026493623,0.552933229790399,739603.652000734
2265,MFB,BSF,MFB_BSF_1_MINUS_BP,Maheshwari MFB BPF denominator + ADI 1-minus-BP notch construction,981.610457217919,46502.7077240282,NaN,7.6657338407473e-10,5.67875780296676e-10,NaN,NaN,NaN,NaN,1,3.403071233148,35703.2607259002
784,PASSIVE,BSF,PASSIVE_RLC_BSF,Passive RLC second-order equation,12093125.3625603,NaN,NaN,3.18668741695983e-12,NaN,NaN,7178.71086206217,NaN,NaN,1,3.92477661347044,1052.2699495801
2649,ACTIVE_OTHER,HPF,ACTIVE_OTHER_STATE_VARIABLE_HPF,External state-variable/biquad active-filter canonical equation,901464.507202535,3376.19816718812,10046.7844126667,3.62583940588423e-11,4.40595891381865e-11,NaN,NaN,10005.1273348865,24676.3663382139,3.46637204227984,0.959016554365636,72178.4159838399
1075,VCVS,HPF,VCVS_HPF_Maheshwari,Maheshwari VCVS equal-component active-filter equations,1609.34921218916,1609.34921218916,NaN,9.85323603180659e-13,9.85323603180659e-13,NaN,NaN,9939.23754365515,10233.863051042,2.02964266686381,1.03054819688743,100367002.406019
1575,VCVS,BSF,VCVS_BSF_Maheshwari,Maheshwari VCVS equal-component active-filter equations,244119.604121541,244119.604121541,NaN,3.14060009298641e-10,3.14060009298641e-10,NaN,NaN,10131.7391536831,3439.37962428512,1.33946586781548,0.756963153965109,2075.89238329575
136,PASSIVE,LPF,PASSIVE_RC_LPF,Passive RC first-order equation,8191.36153575401,NaN,NaN,3.48390076252568e-11,NaN,NaN,NaN,NaN,NaN,1,NaN,557696.939700245
530,PASSIVE,BPF,PASSIVE_RLC_BPF,Passive RLC second-order equation,66399.9870776754,NaN,NaN,6.60317893696493e-10,NaN,NaN,26.7779256364559,NaN,NaN,1,3.0328011607164,1196.89246514433
1626,MFB,LPF,MFB_LPF_Maheshwari,Maheshwari MFB active-filter equations,42140.2107621145,2818.29454993801,122950.449225099,1.27550113487317e-10,7.4381470696391e-11,NaN,NaN,NaN,NaN,-2.91765150200994,0.181923540443152,87778.6861345172
2222,MFB,BSF,MFB_BSF_1_MINUS_BP,Maheshwari MFB BPF denominator + ADI 1-minus-BP notch construction,23580.1865175817,1890815.06003765,NaN,3.3878297421824e-10,9.83641571355593e-11,NaN,NaN,NaN,NaN,1,3.73940497264514,4128.97983230591
271,PASSIVE,HPF,PASSIVE_RC_HPF,Passive RC first-order equation,4129.38271977832,NaN,NaN,3.82723494843282e-10,NaN,NaN,NaN,NaN,NaN,1,NaN,100704.730561882
1555,VCVS,BSF,VCVS_BSF_Maheshwari,Maheshwari VCVS equal-component active-filter equations,3325.35682583557,3325.35682583557,NaN,1.62367159070513e-12,1.62367159070513e-12,NaN,NaN,9983.98681040345,3478.97724618533,1.34845571335893,0.767407542743827,29477027.4469169
1710,MFB,LPF,MFB_LPF_Maheshwari,Maheshwari MFB active-filter equations,160353.255220739,174536.213551505,201423.263895572,2.00319349737294e-10,2.35850806421865e-10,NaN,NaN,NaN,NaN,-1.25612207633887,0.290321165438401,3905.19215739458
1293,VCVS,BPF,VCVS_BPF_Maheshwari,Maheshwari VCVS equal-component active-filter equations,2080.85636353882,2080.85636353882,NaN,9.58927919233637e-10,9.58927919233637e-10,NaN,NaN,9927.0241358463,6032.19998276593,1.60765440883575,0.718212494330393,79761.2709096472
2245,MFB,BSF,MFB_BSF_1_MINUS_BP,Maheshwari MFB BPF denominator + ADI 1-minus-BP notch construction,31873085.9116856,122012393.126183,NaN,2.44880738307698e-11,1.12392258903577e-11,NaN,NaN,NaN,NaN,1,0.908521555108234,153.836924644674
1813,MFB,HPF,MFB_HPF_Maheshwari,Maheshwari MFB active-filter equations,121537.090445842,15021.0587390909,NaN,6.07822479596595e-10,9.33601405131904e-11,2.14872473796586e-11,NaN,NaN,NaN,-0.0353511890411152,4.98690750352733,83165.7103872741
1212,VCVS,BPF,VCVS_BPF_Maheshwari,Maheshwari VCVS equal-component active-filter equations,84755.3010208747,84755.3010208747,NaN,6.51790129851925e-11,6.51790129851925e-11,NaN,NaN,9839.95728978865,2231.15376534041,1.22674425301173,0.563934447525923,28810.1474744281
1529,VCVS,BSF,VCVS_BSF_Maheshwari,Maheshwari VCVS equal-component active-filter equations,436371.493144787,436371.493144787,NaN,1.33991795980309e-10,1.33991795980309e-10,NaN,NaN,10007.6789068933,6185.76925429379,1.6181022904355,1.30925110959733,2721.98389728783
2872,ACTIVE_OTHER,BPF,ACTIVE_OTHER_STATE_VARIABLE_BPF,External state-variable/biquad active-filter canonical equation,98000.1509877174,11375.763330175,19974.7536149498,2.13642982624162e-11,4.31562479205675e-11,NaN,NaN,10081.6634726504,20481.5296460745,3.03156251958189,2.05435125422059,156982.1704228
817,VCVS,LPF,VCVS_LPF_Maheshwari,Maheshwari VCVS equal-component active-filter equations,63704.3786909878,63704.3786909878,NaN,2.23282470805428e-12,2.23282470805428e-12,NaN,NaN,9839.73231009061,12718.8521870595,2.29260144343727,1.41363025231354,1118912.73778042
2363,MFB,BSF,MFB_BSF_1_MINUS_BP,Maheshwari MFB BPF denominator + ADI 1-minus-BP notch construction,93.5799185057287,11369.5103878987,NaN,4.1264590585185e-10,2.73147049335177e-10,NaN,NaN,NaN,NaN,1,5.39602008517173,459590.340150393
2537,ACTIVE_OTHER,LPF,ACTIVE_OTHER_STATE_VARIABLE_LPF,External state-variable/biquad active-filter canonical equation,16788.3709298917,319197.864098955,41164.9047132639,8.31093922059896e-10,1.25187437574528e-12,NaN,NaN,9965.18961181794,9294.72466173824,1.93271929825755,4.26965891545197,67403.1878521682
665,PASSIVE,BSF,PASSIVE_RLC_BSF,Passive RLC second-order equation,1814724.66903467,NaN,NaN,1.45209284493901e-11,NaN,NaN,231.943227278085,NaN,NaN,1,2.20233262350874,2742.40815103291
604,PASSIVE,BSF,PASSIVE_RLC_BSF,Passive RLC second-order equation,35127155.7182611,NaN,NaN,1.66778156586321e-12,NaN,NaN,47275.1685982771,NaN,NaN,1,4.79296185455117,566.805432232227
1446,VCVS,BSF,VCVS_BSF_Maheshwari,Maheshwari VCVS equal-component active-filter equations,304299.553174041,304299.553174041,NaN,2.62977476286975e-12,2.62977476286975e-12,NaN,NaN,10185.002009271,4165.98137464942,1.40903098211049,0.846068042256455,198884.191288224
1093,VCVS,HPF,VCVS_HPF_Maheshwari,Maheshwari VCVS equal-component active-filter equations,14788.3633045856,14788.3633045856,NaN,3.56842792214111e-12,3.56842792214111e-12,NaN,NaN,9991.529875313,11947.5083645309,2.19576366318542,1.24341559094533,3015942.73655349
441,PASSIVE,BPF,PASSIVE_RLC_BPF,Passive RLC second-order equation,2956.35163903716,NaN,NaN,4.11793970405248e-11,NaN,NaN,0.0105566532760706,NaN,NaN,1,5.41585524383159,241388.741839983
2801,ACTIVE_OTHER,BPF,ACTIVE_OTHER_STATE_VARIABLE_BPF,External state-variable/biquad active-filter canonical equation,7686.58170117062,1318.48104126085,33503.1890129465,2.07385128819067e-12,1.22234331198943e-12,NaN,NaN,10159.9150031111,23738.8506770671,3.33652059783945,3.25755901072007,31400109.1277399
250,PASSIVE,HPF,PASSIVE_RC_HPF,Passive RC first-order equation,14539.9388993697,NaN,NaN,3.04044353941547e-12,NaN,NaN,NaN,NaN,NaN,1,NaN,3600150.09202206
1235,VCVS,BPF,VCVS_BPF_Maheshwari,Maheshwari VCVS equal-component active-filter equations,132995.166952585,132995.166952585,NaN,3.72384610037699e-10,3.72384610037699e-10,NaN,NaN,10124.693682224,2003.54741377946,1.19788721285436,0.554904225269883,3213.60540050208
528,PASSIVE,BPF,PASSIVE_RLC_BPF,Passive RLC second-order equation,23248229.0500152,NaN,NaN,3.06823948518539e-12,NaN,NaN,27598.8721764069,NaN,NaN,1,4.07953970581824,546.927595955643
1600,VCVS,BSF,VCVS_BSF_Maheshwari,Maheshwari VCVS equal-component active-filter equations,49224.5077008561,49224.5077008561,NaN,1.10549169456777e-10,1.10549169456777e-10,NaN,NaN,9993.19412672548,4627.15596336805,1.46303072918331,0.931151980521224,29247.1307143893
320,PASSIVE,HPF,PASSIVE_RC_HPF,Passive RC first-order equation,145389.961570418,NaN,NaN,5.14311584985161e-10,NaN,NaN,NaN,NaN,NaN,1,NaN,2128.43015310895
2825,ACTIVE_OTHER,BPF,ACTIVE_OTHER_STATE_VARIABLE_BPF,External state-variable/biquad active-filter canonical equation,2318.05122889576,28824.9262742657,11498.7360040204,3.37370870884616e-10,2.22117277790753e-11,NaN,NaN,9766.24413561028,17237.5753418654,2.76501581391076,1.10338705946953,224920.765024574
1303,VCVS,BPF,VCVS_BPF_Maheshwari,Maheshwari VCVS equal-component active-filter equations,75523.7426459906,75523.7426459906,NaN,7.86860671448031e-10,7.86860671448031e-10,NaN,NaN,9868.52146766429,11862.7829024266,2.2020831024482,1.25326334492758,2678.17399568815
2257,MFB,BSF,MFB_BSF_1_MINUS_BP,Maheshwari MFB BPF denominator + ADI 1-minus-BP notch construction,8151.41372857413,5015090.46952033,NaN,2.09032989506617e-11,4.92749964617451e-10,NaN,NaN,NaN,NaN,1,4.90087451382842,7756.10287324976
1767,MFB,LPF,MFB_LPF_Maheshwari,Maheshwari MFB active-filter equations,13348.4741858143,2993.80842806784,29300.6619527191,9.18856537106996e-11,9.84671890474492e-11,NaN,NaN,NaN,NaN,-2.19505701886569,0.232786822502117,178648.67007686
34,PASSIVE,LPF,PASSIVE_RC_LPF,Passive RC first-order equation,64029.8493657619,NaN,NaN,1.10149578510565e-12,NaN,NaN,NaN,NaN,NaN,1,NaN,2256601.18501112
2832,ACTIVE_OTHER,BPF,ACTIVE_OTHER_STATE_VARIABLE_BPF,External state-variable/biquad active-filter canonical equation,90110.7854901646,433846.208234256,32636.7119020526,4.56378275216075e-11,8.02016929495512e-10,NaN,NaN,10477.122632964,25842.6608909232,3.46657997584326,3.26398217453057,4207.35920476728
1738,MFB,LPF,MFB_LPF_Maheshwari,Maheshwari MFB active-filter equations,159404.461570624,1866810.4272876,442862.01737396,1.63518890443671e-10,5.71091411426809e-11,NaN,NaN,NaN,NaN,-2.7782284950522,0.205248598524713,1811.33602763975
1908,MFB,HPF,MFB_HPF_Maheshwari,Maheshwari MFB active-filter equations,156043.710903007,5364.94520300979,NaN,3.11293012094446e-11,2.01180905323196e-11,1.83825245585247e-10,NaN,NaN,NaN,-5.90521593621494,0.236264560821293,90452.0460142779
2607,ACTIVE_OTHER,HPF,ACTIVE_OTHER_STATE_VARIABLE_HPF,External state-variable/biquad active-filter canonical equation,1467.96234579381,10661.6052128887,10823.0623191878,5.76415757729692e-10,1.06694337599155e-10,NaN,NaN,9623.19801339581,23365.3591648908,3.42802435659803,1.12385856229391,162223.12644189
894,VCVS,LPF,VCVS_LPF_Maheshwari,Maheshwari VCVS equal-component active-filter equations,1284.47734842518,1284.47734842518,NaN,1.65342113912156e-11,1.65342113912156e-11,NaN,NaN,9902.07001153982,5460.91353394613,1.5514921150408,0.690365589572309,7493939.72857182
61,PASSIVE,LPF,PASSIVE_RC_LPF,Passive RC first-order equation,49735.4709604552,NaN,NaN,4.28168411354522e-11,NaN,NaN,NaN,NaN,NaN,1,NaN,74737.6216522137
2988,ACTIVE_OTHER,BPF,ACTIVE_OTHER_STATE_VARIABLE_BPF,External state-variable/biquad active-filter canonical equation,42944.0948936328,4608.54320879012,13924.5207375994,7.55315734898882e-11,1.97070999021669e-10,NaN,NaN,10299.5769224267,34672.9828449541,4.3664472925539,1.33260981514981,92728.0117252443
1735,MFB,LPF,MFB_LPF_Maheshwari,Maheshwari MFB active-filter equations,128900.539317877,20139.2494072698,245097.572179118,4.70873777915603e-10,3.41006014457887e-10,NaN,NaN,NaN,NaN,-1.90144722028425,0.271994412089307,5653.21775586688
2695,ACTIVE_OTHER,HPF,ACTIVE_OTHER_STATE_VARIABLE_HPF,External state-variable/biquad active-filter canonical equation,2735.66563140334,326638.619377555,8421.51210541465,9.84263817747116e-11,1.66006306098823e-12,NaN,NaN,9649.27635939609,22752.1901390119,3.35791672780277,0.826865893877552,416520.907221608
325,PASSIVE,HPF,PASSIVE_RC_HPF,Passive RC first-order equation,38976.9458274295,NaN,NaN,8.55386111872437e-11,NaN,NaN,NaN,NaN,NaN,1,NaN,47736.4513834713
256,PASSIVE,HPF,PASSIVE_RC_HPF,Passive RC first-order equation,777560.490346251,NaN,NaN,3.17278604018613e-10,NaN,NaN,NaN,NaN,NaN,1,NaN,645.126914108959
2194,MFB,BPF,MFB_BPF_Maheshwari,Maheshwari MFB active-filter equations,51.522733511276,11413.5738255305,NaN,1.53481452094811e-10,9.08145063061712e-10,NaN,NaN,NaN,NaN,-21372035.0345931,5.23413818314169,555909.754341991
2074,MFB,BPF,MFB_BPF_Maheshwari,Maheshwari MFB active-filter equations,1070.40736027456,15055.3041168722,NaN,9.18171408772069e-11,6.20916166679238e-11,NaN,NaN,NaN,NaN,-15045892.1921043,1.83986203105788,525076.347566326
2779,ACTIVE_OTHER,HPF,ACTIVE_OTHER_STATE_VARIABLE_HPF,External state-variable/biquad active-filter canonical equation,360544.257439228,1717.52653193332,15584.6157470172,5.00239191833204e-11,2.80252008676079e-10,NaN,NaN,10422.7172724587,13631.8046232376,2.30789354319902,1.48504379474488,54016.4313757791
2195,MFB,BPF,MFB_BPF_Maheshwari,Maheshwari MFB active-filter equations,457871.75569858,390326124.649571,NaN,1.37527715949776e-11,4.75774580286038e-10,NaN,NaN,NaN,NaN,-4590.44629429411,4.8245926690296,147.17656480487
2623,ACTIVE_OTHER,HPF,ACTIVE_OTHER_STATE_VARIABLE_HPF,External state-variable/biquad active-filter canonical equation,203045.227990459,205098.855838798,47200.0129006379,4.53984018638258e-10,7.69185473704798e-12,NaN,NaN,10242.8462225494,16597.0490229216,2.62035518861774,4.83637646084497,13197.9445663749
1769,MFB,LPF,MFB_LPF_Maheshwari,Maheshwari MFB active-filter equations,7703.29558540506,159.055567996084,25864.0523323391,5.36073155168459e-10,2.8362840266572e-11,NaN,NaN,NaN,NaN,-3.35753081854239,0.332030944075603,636371.202783791
2699,ACTIVE_OTHER,HPF,ACTIVE_OTHER_STATE_VARIABLE_HPF,External state-variable/biquad active-filter canonical equation,231981.83909607,26621.2272408353,30539.7892389897,1.36765787624613e-11,3.14145887077306e-10,NaN,NaN,10296.7137035917,27396.5015810466,3.66070344089397,2.98654128886461,30897.5950747988
734,PASSIVE,BSF,PASSIVE_RLC_BSF,Passive RLC second-order equation,14427.5738994307,NaN,NaN,1.98534240213915e-11,NaN,NaN,0.0207549663153774,NaN,NaN,1,2.24104202073508,247937.036605376
693,PASSIVE,BSF,PASSIVE_RLC_BSF,Passive RLC second-order equation,935843.929281976,NaN,NaN,4.09761976451015e-10,NaN,NaN,113.823418504434,NaN,NaN,1,0.563179135708759,736.950794300426
74,PASSIVE,LPF,PASSIVE_RC_LPF,Passive RC first-order equation,3765.43363752711,NaN,NaN,1.20472933010027e-12,NaN,NaN,NaN,NaN,NaN,1,NaN,35084528.9481313
485,PASSIVE,BPF,PASSIVE_RLC_BPF,Passive RLC second-order equation,2159.16882447981,NaN,NaN,1.69590910395248e-10,NaN,NaN,0.000274464537559412,NaN,NaN,1,0.589189817622299,737693.108582778
2067,MFB,BPF,MFB_BPF_Maheshwari,Maheshwari MFB active-filter equations,4621.72958228478,454468.060538083,NaN,9.91596791631872e-10,2.35508027374257e-10,NaN,NaN,NaN,NaN,-918733.926197417,3.90515404547796,7186.14156892847
12,PASSIVE,LPF,PASSIVE_RC_LPF,Passive RC first-order equation,109680.850221158,NaN,NaN,1.69118351628568e-11,NaN,NaN,NaN,NaN,NaN,1,NaN,85802.232174286
3158,ACTIVE_OTHER,BSF,ACTIVE_OTHER_STATE_VARIABLE_BSF,External state-variable/biquad active-filter canonical equation,55998.4866760662,5950.45918225574,39533.0813557688,7.85740787880363e-12,4.14252361641841e-11,NaN,NaN,10260.3426762208,28389.6612230699,3.76693109761969,4.01249341011954,483264.173977713
1482,VCVS,BSF,VCVS_BSF_Maheshwari,Maheshwari VCVS equal-component active-filter equations,2200.14479428053,2200.14479428053,NaN,1.77956576096958e-10,1.77956576096958e-10,NaN,NaN,10035.4652946847,3378.45748266747,1.33665180272776,0.753751954186435,406494.643490327
1297,VCVS,BPF,VCVS_BPF_Maheshwari,Maheshwari VCVS equal-component active-filter equations,2887.79200357659,2887.79200357659,NaN,2.55302417171314e-11,2.55302417171314e-11,NaN,NaN,9847.44248767105,9981.26003275373,2.01358906591739,1.01377627259376,2158734.81412436
252,PASSIVE,HPF,PASSIVE_RC_HPF,Passive RC first-order equation,9370.58108747278,NaN,NaN,9.40946656782051e-10,NaN,NaN,NaN,NaN,NaN,1,NaN,18050.4737560701
2234,MFB,BSF,MFB_BSF_1_MINUS_BP,Maheshwari MFB BPF denominator + ADI 1-minus-BP notch construction,20130.6112678314,8257150.79031814,NaN,3.99958251755214e-10,2.43104835973705e-11,NaN,NaN,NaN,NaN,1,4.70705992035366,3958.88068381242
477,PASSIVE,BPF,PASSIVE_RLC_BPF,Passive RLC second-order equation,73838.6597322699,NaN,NaN,1.01393750829226e-10,NaN,NaN,6.12879579302509,NaN,NaN,1,3.32964686773141,6384.50103183897
1994,MFB,HPF,MFB_HPF_Maheshwari,Maheshwari MFB active-filter equations,430482.310855147,375.905943035234,NaN,4.06073855797789e-10,1.15070234689288e-10,3.65402324856853e-10,NaN,NaN,NaN,-0.899842035235115,8.69836157808575,61014.8752941098
65,PASSIVE,LPF,PASSIVE_RC_LPF,Passive RC first-order equation,9022.91070100418,NaN,NaN,2.14989401543978e-10,NaN,NaN,NaN,NaN,NaN,1,NaN,82045.8127758342
896,VCVS,LPF,VCVS_LPF_Maheshwari,Maheshwari VCVS equal-component active-filter equations,77046.3777318515,77046.3777318515,NaN,5.77245437030237e-12,5.77245437030237e-12,NaN,NaN,9816.70481675415,11688.4393351973,2.19066831012873,1.23558735252176,357855.253662529
2122,MFB,BPF,MFB_BPF_Maheshwari,Maheshwari MFB active-filter equations,697592.78732199,29014519.6674896,NaN,2.67441809806692e-11,3.07456782819263e-11,NaN,NaN,NaN,NaN,-46624.4734218788,3.21678582863829,1233.68634477388
999,VCVS,LPF,VCVS_LPF_Maheshwari,Maheshwari VCVS equal-component active-filter equations,15968.8338744657,15968.8338744657,NaN,1.25669852935506e-11,1.25669852935506e-11,NaN,NaN,10024.8319549562,2263.87602418909,1.22582683025124,0.563642837717814,793077.852415855
22,PASSIVE,LPF,PASSIVE_RC_LPF,Passive RC first-order equation,98140.8931106036,NaN,NaN,6.95116956783515e-11,NaN,NaN,NaN,NaN,NaN,1,NaN,23329.8659222638
1751,MFB,LPF,MFB_LPF_Maheshwari,Maheshwari MFB active-filter equations,138764.132452614,280409.710921324,139094.573144283,2.86593701416418e-10,1.22070611314582e-10,NaN,NaN,NaN,NaN,-1.00238131198479,0.431937158039027,4308.53507962376
2443,ACTIVE_OTHER,LPF,ACTIVE_OTHER_STATE_VARIABLE_LPF,External state-variable/biquad active-filter canonical equation,265956.654866574,31838.7143974487,35949.7690351926,8.47030687025954e-10,8.83069980721309e-11,NaN,NaN,9600.06110167886,19950.7417288082,3.07818903624678,3.76945400295503,6323.97007256122
405,PASSIVE,BPF,PASSIVE_RLC_BPF,Passive RLC second-order equation,71582.9902352157,NaN,NaN,7.84897638962782e-12,NaN,NaN,0.0921202927419292,NaN,NaN,1,1.51342640584242,187169.881586932
1804,MFB,HPF,MFB_HPF_Maheshwari,Maheshwari MFB active-filter equations,513673.418928381,3085973.4598097,NaN,3.19803586256567e-10,1.89869696894854e-10,1.60180488144069e-11,NaN,NaN,NaN,-0.050087145681838,0.854521489311561,2292.17545070079
54,PASSIVE,LPF,PASSIVE_RC_LPF,Passive RC first-order equation,124010.260264659,NaN,NaN,4.76084286147266e-10,NaN,NaN,NaN,NaN,NaN,1,NaN,2695.744113106
1824,MFB,HPF,MFB_HPF_Maheshwari,Maheshwari MFB active-filter equations,1524.68588331595,102750.504390058,NaN,2.07973947297219e-10,3.30706929812876e-10,1.73829304600227e-11,NaN,NaN,NaN,-0.0835822500170199,0.198720497293672,167708.400392973
1096,VCVS,HPF,VCVS_HPF_Maheshwari,Maheshwari VCVS equal-component active-filter equations,5157.72630683287,5157.72630683287,NaN,3.18852697461519e-10,3.18852697461519e-10,NaN,NaN,9958.04651773186,8058.76150329795,1.80927132534961,0.839821884942522,96776.9082497682
2966,ACTIVE_OTHER,BPF,ACTIVE_OTHER_STATE_VARIABLE_BPF,External state-variable/biquad active-filter canonical equation,6318.01938027866,340617.57664525,52551.7329273486,1.92756675984898e-10,1.4428828286702e-10,NaN,NaN,10068.5119478825,30743.0170333671,4.05338238584826,5.45346254414764,20571.9699198502
3116,ACTIVE_OTHER,BSF,ACTIVE_OTHER_STATE_VARIABLE_BSF,External state-variable/biquad active-filter canonical equation,33383.1803727804,873266.747506409,48418.1885862876,1.41449632048738e-12,1.60157932192788e-10,NaN,NaN,10286.0716930591,28610.7210171102,3.7815012252361,4.73369678889415,61930.9408718367
172,PASSIVE,LPF,PASSIVE_RC_LPF,Passive RC first-order equation,126007.80664777,NaN,NaN,2.89981171656116e-11,NaN,NaN,NaN,NaN,NaN,1,NaN,43556.4904416636
725,PASSIVE,BSF,PASSIVE_RLC_BSF,Passive RLC second-order equation,5419.16067843775,NaN,NaN,5.85636497203885e-11,NaN,NaN,0.00683938528524114,NaN,NaN,1,1.99417119881137,251476.570830755
1262,VCVS,BPF,VCVS_BPF_Maheshwari,Maheshwari VCVS equal-component active-filter equations,1446.74133674758,1446.74133674758,NaN,1.24458161976598e-10,1.24458161976598e-10,NaN,NaN,9831.12854291723,8866.59025305412,1.90188936238068,0.910655052179421,883905.544779924
3025,ACTIVE_OTHER,BSF,ACTIVE_OTHER_STATE_VARIABLE_BSF,External state-variable/biquad active-filter canonical equation,63183.4947061175,60613.6047654885,39241.0568275298,1.0056911948277e-10,3.94782369737275e-12,NaN,NaN,10139.2970309639,5687.81272651506,1.5609671665743,3.84510782576173,129069.032597343
746,PASSIVE,BSF,PASSIVE_RLC_BSF,Passive RLC second-order equation,2474853.41960461,NaN,NaN,8.5849376730212e-12,NaN,NaN,286.351166022255,NaN,NaN,1,2.33362690380943,3209.97818118301
1615,MFB,LPF,MFB_LPF_Maheshwari,Maheshwari MFB active-filter equations,293456.378370655,3994.94142380416,423158.12760243,1.79416395029247e-10,2.26451435926245e-11,NaN,NaN,NaN,NaN,-1.44197965623345,0.267330648547599,60728.8389037955
1480,VCVS,BSF,VCVS_BSF_Maheshwari,Maheshwari VCVS equal-component active-filter equations,927587.201499063,927587.201499063,NaN,6.97065768266001e-11,6.97065768266001e-11,NaN,NaN,10183.9502762485,4569.10092616232,1.44865703408024,0.90687653766634,2461.45345621035
3199,ACTIVE_OTHER,BSF,ACTIVE_OTHER_STATE_VARIABLE_BSF,External state-variable/biquad active-filter canonical equation,71524.6206889008,9781.61893802511,35000.2218938987,9.17396193680636e-12,9.48274499104685e-10,NaN,NaN,10007.700664886,12812.1101123888,2.28022515275088,3.5935650419663,64512.1442469593
1114,VCVS,HPF,VCVS_HPF_Maheshwari,Maheshwari VCVS equal-component active-filter equations,613458.999643255,613458.999643255,NaN,6.58960864687936e-12,6.58960864687936e-12,NaN,NaN,9852.41045330739,11069.9798789692,2.12358086697993,1.14100658272267,39370.8659166061
475,PASSIVE,BPF,PASSIVE_RLC_BPF,Passive RLC second-order equation,104165062.961644,NaN,NaN,5.66472576883842e-12,NaN,NaN,296225.498790381,NaN,NaN,1,2.19532940144507,122.862533571071
1566,VCVS,BSF,VCVS_BSF_Maheshwari,Maheshwari VCVS equal-component active-filter equations,3379.48220292055,3379.48220292055,NaN,2.06604259705715e-11,2.06604259705715e-11,NaN,NaN,10084.5243182297,6748.2518643133,1.6691690804012,1.51134603925883,2279453.28653688
492,PASSIVE,BPF,PASSIVE_RLC_BPF,Passive RLC second-order equation,14270.6268662926,NaN,NaN,2.06074376741497e-10,NaN,NaN,0.0773049593215376,NaN,NaN,1,1.35721493385028,39875.3452352878
825,VCVS,LPF,VCVS_LPF_Maheshwari,Maheshwari VCVS equal-component active-filter equations,3684.76929240304,3684.76929240304,NaN,4.1139134781041e-12,4.1139134781041e-12,NaN,NaN,10050.3549470766,12312.3654165231,2.22506771963356,1.29043533910749,10499162.9631163
2670,ACTIVE_OTHER,HPF,ACTIVE_OTHER_STATE_VARIABLE_HPF,External state-variable/biquad active-filter canonical equation,974.829429203374,3820.21495516302,52792.3712506878,2.08063377695112e-12,8.60328917242002e-12,NaN,NaN,10083.6133623345,22314.0671138528,3.21290387800895,5.03655506896213,19493141.3977174
1914,MFB,HPF,MFB_HPF_Maheshwari,Maheshwari MFB active-filter equations,3400.85959289149,9698.5740643906,NaN,6.04127026963884e-10,4.07916297604763e-11,2.01307891014809e-10,NaN,NaN,NaN,-0.333221130705752,0.190299284861885,305812.976041653
329,PASSIVE,HPF,PASSIVE_RC_HPF,Passive RC first-order equation,1759.26671942901,NaN,NaN,1.63640616738447e-12,NaN,NaN,NaN,NaN,NaN,1,NaN,55283729.9574904
2764,ACTIVE_OTHER,HPF,ACTIVE_OTHER_STATE_VARIABLE_HPF,External state-variable/biquad active-filter canonical equation,263862.493696505,281369.273660749,44801.0150497483,6.74286151409563e-12,1.83992391253919e-12,NaN,NaN,9717.69201199944,12313.1203914708,2.26708279870019,4.59150859718561,165832.983306014
365,PASSIVE,HPF,PASSIVE_RC_HPF,Passive RC first-order equation,565881.953985596,NaN,NaN,5.59390225915481e-10,NaN,NaN,NaN,NaN,NaN,1,NaN,502.781643640237
1089,VCVS,HPF,VCVS_HPF_Maheshwari,Maheshwari VCVS equal-component active-filter equations,64788.8702473141,64788.8702473141,NaN,1.24322438150225e-11,1.24322438150225e-11,NaN,NaN,9906.18875022657,9403.5477719309,1.94925990297892,0.951710135394151,197592.386174841
2397,MFB,BSF,MFB_BSF_1_MINUS_BP,Maheshwari MFB BPF denominator + ADI 1-minus-BP notch construction,2736.10118009845,434200.442111064,NaN,3.02108183722175e-11,2.2664062963021e-11,NaN,NaN,NaN,NaN,1,6.23418631133294,176465.087295206
2057,MFB,BPF,MFB_BPF_Maheshwari,Maheshwari MFB active-filter equations,358.853643971551,104679.754452088,NaN,2.98752663536418e-10,1.08503434409772e-11,NaN,NaN,NaN,NaN,-256826098.551816,3.14083507828406,456092.014317867
2536,ACTIVE_OTHER,LPF,ACTIVE_OTHER_STATE_VARIABLE_LPF,External state-variable/biquad active-filter canonical equation,46634.1471668045,1688.6919558815,37325.9687103563,1.60107658620639e-12,1.46892703810705e-11,NaN,NaN,10074.9013681592,15111.3917753845,2.49990468622777,3.66074250282295,3698168.79053427
2393,MFB,BSF,MFB_BSF_1_MINUS_BP,Maheshwari MFB BPF denominator + ADI 1-minus-BP notch construction,311.241569464196,13514.5561909328,NaN,7.13708781338793e-10,1.11823958115236e-10,NaN,NaN,NaN,NaN,1,2.25499583867414,274689.771950996
875,VCVS,LPF,VCVS_LPF_Maheshwari,Maheshwari VCVS equal-component active-filter equations,4737.45714310763,4737.45714310763,NaN,4.54043621091292e-10,4.54043621091292e-10,NaN,NaN,10123.1062948784,6113.86528715691,1.60395150550282,0.716307495005878,73990.7209202604
3110,ACTIVE_OTHER,BSF,ACTIVE_OTHER_STATE_VARIABLE_BSF,External state-variable/biquad active-filter canonical equation,7200.87904577517,527277.963452714,46462.054673825,8.54633990764802e-10,4.01882420820133e-12,NaN,NaN,9722.85952484875,26734.564282153,3.74966065423731,4.5620159417223,44072.5295172784
1392,VCVS,BPF,VCVS_BPF_Maheshwari,Maheshwari VCVS equal-component active-filter equations,1934.09649938309,1934.09649938309,NaN,7.76638664954086e-11,7.76638664954086e-11,NaN,NaN,10142.7831229842,12107.0217995111,2.19365874757548,1.24016971349685,1059553.72993319
595,PASSIVE,BPF,PASSIVE_RLC_BPF,Passive RLC second-order equation,600777.413165286,NaN,NaN,1.88329691205604e-10,NaN,NaN,39.0252107524384,NaN,NaN,1,0.757704095772799,1856.47072831424
116,PASSIVE,LPF,PASSIVE_RC_LPF,Passive RC first-order equation,818531.77294276,NaN,NaN,6.86829718265873e-10,NaN,NaN,NaN,NaN,NaN,1,NaN,283.097159147578
565,PASSIVE,BPF,PASSIVE_RLC_BPF,Passive RLC second-order equation,214673.269319901,NaN,NaN,3.6113197619024e-12,NaN,NaN,0.0537482765254962,NaN,NaN,1,0.568291720586651,361247.531383673
1283,VCVS,BPF,VCVS_BPF_Maheshwari,Maheshwari VCVS equal-component active-filter equations,294432.9210185,294432.9210185,NaN,1.86115917997157e-12,1.86115917997157e-12,NaN,NaN,9983.04421836605,3214.33589683943,1.32197953114601,0.59594028711876,290435.865233382
202,PASSIVE,HPF,PASSIVE_RC_HPF,Passive RC first-order equation,21870.3621259473,NaN,NaN,2.62311965954061e-12,NaN,NaN,NaN,NaN,NaN,1,NaN,2774252.94159497
2740,ACTIVE_OTHER,HPF,ACTIVE_OTHER_STATE_VARIABLE_HPF,External state-variable/biquad active-filter canonical equation,26950.6765979632,2266.40569208538,17116.7285494735,9.44917059481003e-11,3.07800369089551e-10,NaN,NaN,10110.6389471036,34566.3383237014,4.41880849514496,1.63113172285054,119408.44868519
2273,MFB,BSF,MFB_BSF_1_MINUS_BP,Maheshwari MFB BPF denominator + ADI 1-minus-BP notch construction,986.214413499865,59026.5581762854,NaN,3.49808481475307e-11,1.02771479657011e-10,NaN,NaN,NaN,NaN,1,3.36736802121614,347903.867360454
391,PASSIVE,HPF,PASSIVE_RC_HPF,Passive RC first-order equation,760066.438396622,NaN,NaN,1.51463666320914e-12,NaN,NaN,NaN,NaN,NaN,1,NaN,138248.398910608
939,VCVS,LPF,VCVS_LPF_Maheshwari,Maheshwari VCVS equal-component active-filter equations,256035.303658668,256035.303658668,NaN,3.82984095679745e-10,3.82984095679745e-10,NaN,NaN,10170.2654854355,9121.81793439517,1.89691050321727,0.906544757172102,1623.07855584142
1527,VCVS,BSF,VCVS_BSF_Maheshwari,Maheshwari VCVS equal-component active-filter equations,673905.486291312,673905.486291312,NaN,2.42331019712436e-11,2.42331019712436e-11,NaN,NaN,9995.28100815943,3806.08977481028,1.38078867134433,0.807478766716883,9745.67961086931
1278,VCVS,BPF,VCVS_BPF_Maheshwari,Maheshwari VCVS equal-component active-filter equations,2806.11915952274,2806.11915952274,NaN,6.57933843671078e-12,6.57933843671078e-12,NaN,NaN,10073.4134834657,8510.97794022916,1.84489512459693,0.865722257168252,8620486.89199874
1039,VCVS,HPF,VCVS_HPF_Maheshwari,Maheshwari VCVS equal-component active-filter equations,8509.47410280047,8509.47410280047,NaN,2.0955799908872e-12,2.0955799908872e-12,NaN,NaN,10123.6057635591,5800.37214877326,1.57295515888739,0.700748828060888,8925101.57988885
3111,ACTIVE_OTHER,BSF,ACTIVE_OTHER_STATE_VARIABLE_BSF,External state-variable/biquad active-filter canonical equation,85080.1467764384,304220.116139412,22810.1661385285,2.52152983774552e-10,1.77561555632895e-10,NaN,NaN,9751.58811914819,30291.0541378336,4.10626882182956,2.36344697298194,4675.25739766325
497,PASSIVE,BPF,PASSIVE_RLC_BPF,Passive RLC second-order equation,226.828824722095,NaN,NaN,3.07057793833201e-10,NaN,NaN,0.000242494407960484,NaN,NaN,1,3.91780267854006,583255.986436931
3169,ACTIVE_OTHER,BSF,ACTIVE_OTHER_STATE_VARIABLE_BSF,External state-variable/biquad active-filter canonical equation,81585.1314564355,1153.16944767397,29450.3336794941,1.38219676863843e-11,1.74196270777445e-10,NaN,NaN,9876.96565755661,19440.1362030907,2.9682296038174,2.88371330451961,334398.018793463
1876,MFB,HPF,MFB_HPF_Maheshwari,Maheshwari MFB active-filter equations,3626.42480895684,2995.07981301197,NaN,9.26174477635022e-11,8.16656382184657e-11,7.6032639571174e-11,NaN,NaN,NaN,-0.820932139755381,0.421948512169718,612853.793876516
3090,ACTIVE_OTHER,BSF,ACTIVE_OTHER_STATE_VARIABLE_BSF,External state-variable/biquad active-filter canonical equation,5719.92887224815,3651.93952183603,31758.9628111833,3.43786752767417e-10,1.09204670371172e-10,NaN,NaN,10061.3496535915,24443.3686942306,3.42943238589321,3.08887280100625,179720.59759096
1723,MFB,LPF,MFB_LPF_Maheshwari,Maheshwari MFB active-filter equations,65100.234619096,4120.83381200171,98340.1612718316,3.67550704232559e-10,1.64468039803639e-10,NaN,NaN,NaN,NaN,-1.51059611147677,0.276887041691568,32156.0529860221
2435,ACTIVE_OTHER,LPF,ACTIVE_OTHER_STATE_VARIABLE_LPF,External state-variable/biquad active-filter canonical equation,16562.0954349303,83050.9767804698,52253.2797576043,7.4838567201139e-10,2.75481903111647e-11,NaN,NaN,9522.34588159696,27277.9677070013,3.86462685205745,5.32850291504508,29886.8984890743
2523,ACTIVE_OTHER,LPF,ACTIVE_OTHER_STATE_VARIABLE_LPF,External state-variable/biquad active-filter canonical equation,8274.6602785042,268189.044369391,43863.2249115154,4.72549094486002e-12,1.86704729731113e-12,NaN,NaN,10040.4363457418,7982.88454667583,1.79507346810295,4.31968242216477,1137426.65462178
3015,ACTIVE_OTHER,BSF,ACTIVE_OTHER_STATE_VARIABLE_BSF,External state-variable/biquad active-filter canonical equation,41203.9710788944,7720.75591759343,55517.971753176,1.09210466375545e-12,1.45398834375763e-12,NaN,NaN,10454.5274605271,17651.5081954194,2.68840803776792,5.43833216158235,7081220.04404118
2117,MFB,BPF,MFB_BPF_Maheshwari,Maheshwari MFB active-filter equations,142587.011193853,3655270.81079291,NaN,2.84596295632799e-11,1.04269766258762e-10,NaN,NaN,NaN,NaN,-67260.7389433198,2.07800457922675,4046.93797366945
195,PASSIVE,LPF,PASSIVE_RC_LPF,Passive RC first-order equation,19587.9792628214,NaN,NaN,1.72592922805102e-10,NaN,NaN,NaN,NaN,NaN,1,NaN,47076.8626758635
3141,ACTIVE_OTHER,BSF,ACTIVE_OTHER_STATE_VARIABLE_BSF,External state-variable/biquad active-filter canonical equation,312432.074347991,2157.05457077669,47893.1076974679,3.32291222011361e-11,3.47840777913206e-10,NaN,NaN,9535.40492550115,21405.5865147558,3.24485343642926,4.67113119861079,57024.5777407935
2999,ACTIVE_OTHER,BPF,ACTIVE_OTHER_STATE_VARIABLE_BPF,External state-variable/biquad active-filter canonical equation,59190.7417024456,33035.4264202828,23980.6060372857,4.49625740498713e-11,1.53034147801325e-10,NaN,NaN,10009.6449225758,9049.11987955418,1.90404004832827,2.47703075173494,43389.3879835289
2068,MFB,BPF,MFB_BPF_Maheshwari,Maheshwari MFB active-filter equations,501163.789021003,286744155.963842,NaN,4.48256966130612e-10,2.38229021868301e-11,NaN,NaN,NaN,NaN,-83757.8746008895,5.23603839784704,128.476040722179
2613,ACTIVE_OTHER,HPF,ACTIVE_OTHER_STATE_VARIABLE_HPF,External state-variable/biquad active-filter canonical equation,1301.71842048604,2171.94938229973,37659.9577460079,3.35748597427796e-11,2.48069550995549e-11,NaN,NaN,10084.7660091778,34320.0946084223,4.40316221290496,3.61987755994887,3279766.47777145
1758,MFB,LPF,MFB_LPF_Maheshwari,Maheshwari MFB active-filter equations,229573.777601162,3359721.9560635,307886.601626586,3.29608895678149e-10,1.15346701280898e-11,NaN,NaN,NaN,NaN,-1.34112268763324,0.665182420751126,2537.87960876014
138,PASSIVE,LPF,PASSIVE_RC_LPF,Passive RC first-order equation,171330.855563433,NaN,NaN,4.42017714441102e-12,NaN,NaN,NaN,NaN,NaN,1,NaN,210157.490279984
503,PASSIVE,BPF,PASSIVE_RLC_BPF,Passive RLC second-order equation,918365685.749013,NaN,NaN,1.13404212650756e-12,NaN,NaN,330759.932029494,NaN,NaN,1,0.588066181864631,259.865778135957
1123,VCVS,HPF,VCVS_HPF_Maheshwari,Maheshwari VCVS equal-component active-filter equations,534712.525575828,534712.525575828,NaN,2.1691313983989e-11,2.1691313983989e-11,NaN,NaN,10158.4226602676,3116.19476619367,1.30675970772332,0.590583631018745,13721.8893599645
2877,ACTIVE_OTHER,BPF,ACTIVE_OTHER_STATE_VARIABLE_BPF,External state-variable/biquad active-filter canonical equation,16978.1063615872,455451.004780258,11453.5590344449,1.61993161074542e-10,1.62838249830478e-12,NaN,NaN,10038.4148041857,26578.1252021972,3.64764165664035,1.10811886365163,111436.668847976
474,PASSIVE,BPF,PASSIVE_RLC_BPF,Passive RLC second-order equation,105798.141506233,NaN,NaN,2.32410657144263e-12,NaN,NaN,0.0364916745503128,NaN,NaN,1,1.18437938177514,546506.354190878
3001,ACTIVE_OTHER,BSF,ACTIVE_OTHER_STATE_VARIABLE_BSF,External state-variable/biquad active-filter canonical equation,428439.944815063,77102.8810617813,19876.7383077053,5.57490561068868e-12,6.18110301756956e-12,NaN,NaN,10023.4473399751,26243.1237788971,3.61817345757237,2.06406411525895,149172.270774184
2771,ACTIVE_OTHER,HPF,ACTIVE_OTHER_STATE_VARIABLE_HPF,External state-variable/biquad active-filter canonical equation,318280.741337606,34119.5161375864,23960.8400414874,1.18537157232792e-10,7.14404767537859e-11,NaN,NaN,9540.45507057003,23030.9640135787,3.41403201872661,2.42502028822452,16596.4076403902
2178,MFB,BPF,MFB_BPF_Maheshwari,Maheshwari MFB active-filter equations,321707.931851408,4479804.9535099,NaN,3.33566064175802e-10,2.36771487452525e-10,NaN,NaN,NaN,NaN,-13128.3101676587,1.83874850686496,471.741477447572
2506,ACTIVE_OTHER,LPF,ACTIVE_OTHER_STATE_VARIABLE_LPF,External state-variable/biquad active-filter canonical equation,5049.68408923407,19277.7669580311,52770.5398322826,2.12862552378645e-11,5.67316557613603e-11,NaN,NaN,10386.4252085375,8973.50137153927,1.86396437574722,5.17125258116326,464191.626337708
2588,ACTIVE_OTHER,LPF,ACTIVE_OTHER_STATE_VARIABLE_LPF,External state-variable/biquad active-filter canonical equation,54965.6321733365,48522.123814191,9584.47950152514,4.62224971727833e-11,5.45390225044908e-10,NaN,NaN,10154.1225723546,28110.5151692443,3.76838446344714,0.961845220575553,19409.9421028521
3144,ACTIVE_OTHER,BSF,ACTIVE_OTHER_STATE_VARIABLE_BSF,External state-variable/biquad active-filter canonical equation,623225.279601036,1634.29825476041,21291.2435619476,2.24260543532907e-11,1.02453564026949e-09,NaN,NaN,9986.48005573974,7899.3405517088,1.79100348747692,2.05058754704592,32899.7025962931
6,PASSIVE,LPF,PASSIVE_RC_LPF,Passive RC first-order equation,5372.59389279218,NaN,NaN,2.41782733976375e-10,NaN,NaN,NaN,NaN,NaN,1,NaN,122521.084826382
1458,VCVS,BSF,VCVS_BSF_Maheshwari,Maheshwari VCVS equal-component active-filter equations,6001.17410951849,6001.17410951849,NaN,2.4061763048742e-12,2.4061763048742e-12,NaN,NaN,9930.22336720585,6386.44269228874,1.64313182655888,1.4010775888999,11021899.8112311
1880,MFB,HPF,MFB_HPF_Maheshwari,Maheshwari MFB active-filter equations,139344.365542091,16946.2724762732,NaN,2.48441355585243e-11,2.23286199204434e-10,8.56963891722055e-11,NaN,NaN,NaN,-3.44936087513828,0.344476882751784,23676.9703687506
3197,ACTIVE_OTHER,BSF,ACTIVE_OTHER_STATE_VARIABLE_BSF,External state-variable/biquad active-filter canonical equation,3351.76277353947,37006.3860442952,31184.7466400722,6.35582391986205e-10,1.47480054345545e-12,NaN,NaN,10342.6676941142,9991.13109192896,1.96601103191343,3.10999073604002,466758.875114723
2404,ACTIVE_OTHER,LPF,ACTIVE_OTHER_STATE_VARIABLE_LPF,External state-variable/biquad active-filter canonical equation,245562.519792385,13005.4315171234,33317.8268460303,3.39838284948377e-10,1.4457304103107e-10,NaN,NaN,10072.7053890076,5798.10778131177,1.57562566931018,3.18296161691198,12705.6502990094
690,PASSIVE,BSF,PASSIVE_RLC_BSF,Passive RLC second-order equation,46924670.1347159,NaN,NaN,1.38351094406069e-12,NaN,NaN,31967.8328154258,NaN,NaN,1,3.23939621067645,756.784510474823
2100,MFB,BPF,MFB_BPF_Maheshwari,Maheshwari MFB active-filter equations,41620.6108129375,1843325.10234491,NaN,3.29799627716527e-10,1.61284728011544e-10,NaN,NaN,NaN,NaN,-148969.823882755,3.12544850837435,2491.39870632895
1081,VCVS,HPF,VCVS_HPF_Maheshwari,Maheshwari VCVS equal-component active-filter equations,8546.69003982699,8546.69003982699,NaN,2.3907926087657e-10,2.3907926087657e-10,NaN,NaN,9840.61433590922,5322.77971691399,1.54089912836953,0.685353575920046,77889.7434349577
2957,ACTIVE_OTHER,BPF,ACTIVE_OTHER_STATE_VARIABLE_BPF,External state-variable/biquad active-filter canonical equation,25795.627871521,242221.557999264,34471.5230383376,2.04945898340402e-10,1.95454171070615e-12,NaN,NaN,10107.0045846231,9130.43712329798,1.90337716252638,3.40520063075649,100600.142633961
278,PASSIVE,HPF,PASSIVE_RC_HPF,Passive RC first-order equation,18035.1447326823,NaN,NaN,6.20383322999048e-12,NaN,NaN,NaN,NaN,NaN,1,NaN,1422461.0556467
1945,MFB,HPF,MFB_HPF_Maheshwari,Maheshwari MFB active-filter equations,222768.101603759,831.795171358535,NaN,6.04620441004091e-10,2.17594766952129e-11,1.13387766833087e-10,NaN,NaN,NaN,-0.187535450579183,5.85931567404444,235384.633700983
2022,MFB,BPF,MFB_BPF_Maheshwari,Maheshwari MFB active-filter equations,21902.9654251334,2242285.11287918,NaN,1.54044452730757e-10,4.51177347310586e-10,NaN,NaN,NaN,NaN,-101192.842622023,4.40733507916651,2724.1221720274
226,PASSIVE,HPF,PASSIVE_RC_HPF,Passive RC first-order equation,476507.855912179,NaN,NaN,2.06837035956451e-11,NaN,NaN,NaN,NaN,NaN,1,NaN,16148.1123033158
2916,ACTIVE_OTHER,BPF,ACTIVE_OTHER_STATE_VARIABLE_BPF,External state-variable/biquad active-filter canonical equation,97974.6068927401,21208.4785272048,50600.7242673868,6.03080691619097e-10,5.46869971466581e-10,NaN,NaN,9975.08656178329,17518.7206751813,2.75624748383631,4.85419665699399,6079.65393741615
822,VCVS,LPF,VCVS_LPF_Maheshwari,Maheshwari VCVS equal-component active-filter equations,4656.04537481566,4656.04537481566,NaN,1.36547084209e-10,1.36547084209e-10,NaN,NaN,10144.9620283721,5864.79007003738,1.57809876997425,0.703283729476688,250334.379283243
792,PASSIVE,BSF,PASSIVE_RLC_BSF,Passive RLC second-order equation,7034662.57226806,NaN,NaN,5.56526394698201e-12,NaN,NaN,281.401432577707,NaN,NaN,1,1.01082738219445,4021.74097837709
2819,ACTIVE_OTHER,BPF,ACTIVE_OTHER_STATE_VARIABLE_BPF,External state-variable/biquad active-filter canonical equation,35480.7276618712,222328.598924467,21548.4751636878,2.36881013946887e-12,4.59114633416678e-12,NaN,NaN,10245.2240757454,25784.0944373426,3.51669404658353,2.11831091348824,543376.075406411
884,VCVS,LPF,VCVS_LPF_Maheshwari,Maheshwari VCVS equal-component active-filter equations,1188.32850882433,1188.32850882433,NaN,8.99937149763213e-12,8.99937149763213e-12,NaN,NaN,10005.6975287527,4950.51558276157,1.49476966183873,0.664350149374187,14882347.3053144
1919,MFB,HPF,MFB_HPF_Maheshwari,Maheshwari MFB active-filter equations,164107.602031428,71.0366532413757,NaN,1.22228146892132e-11,5.76762791512725e-10,1.5315157223517e-11,NaN,NaN,NaN,-1.25299757976638,5.96594267383105,495969.749315847
2738,ACTIVE_OTHER,HPF,ACTIVE_OTHER_STATE_VARIABLE_HPF,External state-variable/biquad active-filter canonical equation,153052.29027522,2611.53082443602,48503.0962047219,1.17591059648976e-12,7.92437681981544e-11,NaN,NaN,9855.40770754063,17529.9721020823,2.77871607368102,4.97240069908249,824675.18334341
1606,MFB,LPF,MFB_LPF_Maheshwari,Maheshwari MFB active-filter equations,8446.37649143516,988.279547530512,21545.2895364489,7.30772153030426e-10,7.91189865853987e-10,NaN,NaN,NaN,NaN,-2.55083224839626,0.17700310761796,45359.9646729022
1539,VCVS,BSF,VCVS_BSF_Maheshwari,Maheshwari VCVS equal-component active-filter equations,55127.2860318624,55127.2860318624,NaN,5.12059299629008e-10,5.12059299629008e-10,NaN,NaN,9886.70260276863,788.113941754634,1.07971453915625,0.543309680826191,5638.10632279695
273,PASSIVE,HPF,PASSIVE_RC_HPF,Passive RC first-order equation,921154.821596825,NaN,NaN,1.21602306884509e-10,NaN,NaN,NaN,NaN,NaN,1,NaN,1420.84167850669
416,PASSIVE,BPF,PASSIVE_RLC_BPF,Passive RLC second-order equation,10548.3240019647,NaN,NaN,1.00004066955025e-11,NaN,NaN,0.0356866082390167,NaN,NaN,1,5.6631797243826,266414.994216151
545,PASSIVE,BPF,PASSIVE_RLC_BPF,Passive RLC second-order equation,383701.85344364,NaN,NaN,6.56480276889754e-11,NaN,NaN,12.0875497623827,NaN,NaN,1,1.11831564099775,5649.89208527414
1816,MFB,HPF,MFB_HPF_Maheshwari,Maheshwari MFB active-filter equations,160497.724303966,302.944790024362,NaN,8.26263683734804e-11,9.48353220824466e-11,1.2057141869265e-10,NaN,NaN,NaN,-1.45923657382173,5.65939130364656,213450.266274919
242,PASSIVE,HPF,PASSIVE_RC_HPF,Passive RC first-order equation,78788.244120791,NaN,NaN,3.12981366709315e-10,NaN,NaN,NaN,NaN,NaN,1,NaN,6454.16742530253
3042,ACTIVE_OTHER,BSF,ACTIVE_OTHER_STATE_VARIABLE_BSF,External state-variable/biquad active-filter canonical equation,153964.350338074,171302.648544495,38781.1951309874,2.35280950570713e-11,4.7051964123888e-10,NaN,NaN,9957.16328895058,9823.28747260217,1.98655482365173,3.71356109748304,9314.20396956742
2341,MFB,BSF,MFB_BSF_1_MINUS_BP,Maheshwari MFB BPF denominator + ADI 1-minus-BP notch construction,13686.9840851551,4202830.87609743,NaN,4.40293449943466e-10,1.38853180993414e-11,NaN,NaN,NaN,NaN,1,3.01674969201112,8486.84488014777
310,PASSIVE,HPF,PASSIVE_RC_HPF,Passive RC first-order equation,1042.81879022808,NaN,NaN,4.08711179410379e-12,NaN,NaN,NaN,NaN,NaN,1,NaN,37341758.5588729
992,VCVS,LPF,VCVS_LPF_Maheshwari,Maheshwari VCVS equal-component active-filter equations,3882.50585477376,3882.50585477376,NaN,6.11256484461306e-10,6.11256484461306e-10,NaN,NaN,9877.91108458064,12308.965564674,2.24611018051056,1.32645377898488,67063.2402315984
3162,ACTIVE_OTHER,BSF,ACTIVE_OTHER_STATE_VARIABLE_BSF,External state-variable/biquad active-filter canonical equation,2936.02386613448,14894.2403464773,13293.5824446359,1.09895201952293e-11,2.06219407872927e-12,NaN,NaN,9940.85633312573,7883.49229900135,1.79303955663571,1.384321145583,5055650.32834762
2726,ACTIVE_OTHER,HPF,ACTIVE_OTHER_STATE_VARIABLE_HPF,External state-variable/biquad active-filter canonical equation,190120.791397436,4055.62084620522,37300.4551288331,4.5023300121175e-11,5.60831291887356e-12,NaN,NaN,9706.52215853512,30782.271939452,4.17129775595109,3.82724182331823,360696.452113421
2954,ACTIVE_OTHER,BPF,ACTIVE_OTHER_STATE_VARIABLE_BPF,External state-variable/biquad active-filter canonical equation,134521.813678877,20850.1530797999,52937.1300805762,5.2228757266682e-12,8.89065985143887e-12,NaN,NaN,9648.63772918102,20626.9191348906,3.13780636332808,5.25998994157173,441008.852323696
548,PASSIVE,BPF,PASSIVE_RLC_BPF,Passive RLC second-order equation,17323407.048498,NaN,NaN,1.05857303236622e-12,NaN,NaN,9069.48535956309,NaN,NaN,1,5.34315286033081,1624.30804989214
2831,ACTIVE_OTHER,BPF,ACTIVE_OTHER_STATE_VARIABLE_BPF,External state-variable/biquad active-filter canonical equation,2298.37720203022,29202.1219223142,33876.3220251898,1.74620250030975e-11,2.16151181513543e-10,NaN,NaN,9761.42163584547,26000.6745873638,3.66361556311483,3.43418272753212,316210.410781588
2137,MFB,BPF,MFB_BPF_Maheshwari,Maheshwari MFB active-filter equations,92709.1259292078,15958661.9712758,NaN,1.65209977310029e-11,5.83535804707937e-11,NaN,NaN,NaN,NaN,-184845.977744676,5.44069644650019,4214.13806818293
3163,ACTIVE_OTHER,BSF,ACTIVE_OTHER_STATE_VARIABLE_BSF,External state-variable/biquad active-filter canonical equation,514071.236004862,13566.2765690649,30919.3526536132,5.58114509126931e-11,3.72240006122617e-12,NaN,NaN,10412.808556665,29235.7668706463,3.80767352165839,3.24256120575258,132222.37885318
2185,MFB,BPF,MFB_BPF_Maheshwari,Maheshwari MFB active-filter equations,186382.551971656,91662304.190889,NaN,5.37339212465258e-10,3.858249789961e-11,NaN,NaN,NaN,NaN,-139060.697995555,5.54432583866012,267.42541703804
39,PASSIVE,LPF,PASSIVE_RC_LPF,Passive RC first-order equation,483245.41441923,NaN,NaN,1.85576090531483e-10,NaN,NaN,NaN,NaN,NaN,1,NaN,1774.72214575225
2684,ACTIVE_OTHER,HPF,ACTIVE_OTHER_STATE_VARIABLE_HPF,External state-variable/biquad active-filter canonical equation,755645.359020261,623886.071568702,33401.6922649811,8.44756887121841e-12,3.64034444654608e-12,NaN,NaN,10112.8974032634,14596.3584691616,2.44334090291981,3.43459961755477,41799.5269918259
2026,MFB,BPF,MFB_BPF_Maheshwari,Maheshwari MFB active-filter equations,2060774.13914856,169667421.42068,NaN,1.85007901742215e-11,2.7854737017866e-10,NaN,NaN,NaN,NaN,-1742.08981518233,2.19281420012552,118.566236252526
1193,VCVS,HPF,VCVS_HPF_Maheshwari,Maheshwari VCVS equal-component active-filter equations,1928.1379318385,1928.1379318385,NaN,1.00788872899446e-12,1.00788872899446e-12,NaN,NaN,9817.8817767687,3485.49039193639,1.35501450019329,0.607908094094145,81897273.6779742
1007,VCVS,HPF,VCVS_HPF_Maheshwari,Maheshwari VCVS equal-component active-filter equations,6650.35463143468,6650.35463143468,NaN,1.0878754093405e-10,1.0878754093405e-10,NaN,NaN,9832.1967521408,12462.7023287463,2.2675399651693,1.3652622019591,219986.569306698
2858,ACTIVE_OTHER,BPF,ACTIVE_OTHER_STATE_VARIABLE_BPF,External state-variable/biquad active-filter canonical equation,56722.2154799828,25790.0147058381,34289.9381311331,1.75097922425402e-10,1.16398259887753e-12,NaN,NaN,10065.8925565516,21760.8156701972,3.16183667249991,3.4568575984028,291476.807155383
956,VCVS,LPF,VCVS_LPF_Maheshwari,Maheshwari VCVS equal-component active-filter equations,2169.43750527229,2169.43750527229,NaN,1.02319170966686e-12,1.02319170966686e-12,NaN,NaN,10051.1015540873,7455.52848305369,1.74176232753532,0.79476240608912,71699474.891603
1027,VCVS,HPF,VCVS_HPF_Maheshwari,Maheshwari VCVS equal-component active-filter equations,14226.0547399408,14226.0547399408,NaN,3.96156232948356e-11,3.96156232948356e-11,NaN,NaN,9886.77381028601,1410.02294701415,1.14261709371233,0.53839194740878,282402.906941636
1047,VCVS,HPF,VCVS_HPF_Maheshwari,Maheshwari VCVS equal-component active-filter equations,496132.340566284,496132.340566284,NaN,3.36365000383238e-11,3.36365000383238e-11,NaN,NaN,9967.0661645143,13095.1940656182,2.313846406703,1.45739964021023,9537.00024929026
3149,ACTIVE_OTHER,BSF,ACTIVE_OTHER_STATE_VARIABLE_BSF,External state-variable/biquad active-filter canonical equation,5326.88838016462,1805.8616240656,5575.251314889,4.59525275866694e-10,6.30546044201359e-12,NaN,NaN,9542.3474894481,6379.20542055939,1.66851531319872,0.532978294602258,953296.489775239
1603,MFB,LPF,MFB_LPF_Maheshwari,Maheshwari MFB active-filter equations,182441.761302728,559.409221006581,703528.131057778,7.24105162324354e-10,1.57468040555784e-11,NaN,NaN,NaN,NaN,-3.85617923239847,0.190482437055423,75130.7205252347
783,PASSIVE,BSF,PASSIVE_RLC_BSF,Passive RLC second-order equation,3093431.2738602,NaN,NaN,1.87633917798366e-11,NaN,NaN,1107.98680172995,NaN,NaN,1,2.48411186037825,1103.81721937242
2645,ACTIVE_OTHER,HPF,ACTIVE_OTHER_STATE_VARIABLE_HPF,External state-variable/biquad active-filter canonical equation,106629.12845074,1209.58252472705,40938.3749989297,3.79595940897314e-11,2.30665903328359e-12,NaN,NaN,10014.4847690082,11393.4787395633,2.13769994187047,3.95614672473834,1497655.6487024
1421,VCVS,BSF,VCVS_BSF_Maheshwari,Maheshwari VCVS equal-component active-filter equations,61180.0232551076,61180.0232551076,NaN,1.93591606669483e-10,1.93591606669483e-10,NaN,NaN,10138.2220081566,2152.19851697839,1.21228559753839,0.634747820323583,13437.6699439547
1775,MFB,LPF,MFB_LPF_Maheshwari,Maheshwari MFB active-filter equations,251529.86728466,4336.30592344465,848120.993603129,1.69472404638838e-10,2.8752135807107e-11,NaN,NaN,NaN,NaN,-3.37185004213952,0.169802781374707,37596.439394405
141,PASSIVE,LPF,PASSIVE_RC_LPF,Passive RC first-order equation,13067.5527701878,NaN,NaN,1.81386417501799e-10,NaN,NaN,NaN,NaN,NaN,1,NaN,67146.1483722823
765,PASSIVE,BSF,PASSIVE_RLC_BSF,Passive RLC second-order equation,16398.9803152717,NaN,NaN,2.40776786891534e-10,NaN,NaN,0.919714171526023,NaN,NaN,1,3.76879302393501,10695.1378143906
2855,ACTIVE_OTHER,BPF,ACTIVE_OTHER_STATE_VARIABLE_BPF,External state-variable/biquad active-filter canonical equation,70318.8008558326,107526.500333312,10909.1216021516,3.52220007433222e-11,1.77106896401151e-10,NaN,NaN,10209.4052826771,15155.8211130871,2.48449598125005,1.081787115831,23174.0479269248
148,PASSIVE,LPF,PASSIVE_RC_LPF,Passive RC first-order equation,834826.312768766,NaN,NaN,4.76615000588251e-10,NaN,NaN,NaN,NaN,NaN,1,NaN,399.996596229805
1997,MFB,HPF,MFB_HPF_Maheshwari,Maheshwari MFB active-filter equations,785514.625489219,81.5200946838535,NaN,6.56036449589832e-11,9.55240025571536e-10,3.90629925926106e-10,NaN,NaN,NaN,-5.95439363423078,7.13466377102894,32559.0440070124
2149,MFB,BPF,MFB_BPF_Maheshwari,Maheshwari MFB active-filter equations,156.152053775902,5428.80062355424,NaN,9.38414955087273e-11,8.51346552882505e-10,NaN,NaN,NaN,NaN,-7522218.03459751,1.76323632949923,611566.494711185
1998,MFB,HPF,MFB_HPF_Maheshwari,Maheshwari MFB active-filter equations,714304.861873428,3429.95159202073,NaN,3.40078778953307e-10,9.04255725948472e-10,7.27020745580943e-10,NaN,NaN,NaN,-2.13780097605197,2.77641689401295,3965.65836414015
464,PASSIVE,BPF,PASSIVE_RLC_BPF,Passive RLC second-order equation,3308495.83886264,NaN,NaN,1.68460449815793e-11,NaN,NaN,867.244534478689,NaN,NaN,1,2.16865873084185,1316.74102810978
1619,MFB,LPF,MFB_LPF_Maheshwari,Maheshwari MFB active-filter equations,42221.9464646203,219106.957149145,168819.959297324,5.69816072014493e-11,2.34409682273439e-11,NaN,NaN,NaN,NaN,-3.99839357095452,0.237231049181676,22642.5341692609
2709,ACTIVE_OTHER,HPF,ACTIVE_OTHER_STATE_VARIABLE_HPF,External state-variable/biquad active-filter canonical equation,26163.2865336656,97042.429029561,44668.2618804504,6.0151502426509e-11,2.13740889478441e-12,NaN,NaN,9936.77727499118,15468.3776916949,2.55667952129968,4.33870013558145,278564.7169112
2395,MFB,BSF,MFB_BSF_1_MINUS_BP,Maheshwari MFB BPF denominator + ADI 1-minus-BP notch construction,805.210460189374,126516.608679514,NaN,1.76463687769455e-10,6.40200132681267e-10,NaN,NaN,NaN,NaN,1,5.15894985220637,46914.3929636226
596,PASSIVE,BPF,PASSIVE_RLC_BPF,Passive RLC second-order equation,5126.96236076577,NaN,NaN,1.09568935303294e-10,NaN,NaN,0.0235643363753584,NaN,NaN,1,2.86038015890745,99048.7055234247
1374,VCVS,BPF,VCVS_BPF_Maheshwari,Maheshwari VCVS equal-component active-filter equations,132123.767607414,132123.767607414,NaN,5.44952947602455e-10,5.44952947602455e-10,NaN,NaN,10136.1450012396,11107.3652424117,2.09581751652658,1.10597143638361,2210.44735610316
1483,VCVS,BSF,VCVS_BSF_Maheshwari,Maheshwari VCVS equal-component active-filter equations,1370.31068567763,1370.31068567763,NaN,2.31262262259086e-11,2.31262262259086e-11,NaN,NaN,10120.8239129917,6834.16354020062,1.67525762714119,1.53968204271695,5022226.7577742
1310,VCVS,BPF,VCVS_BPF_Maheshwari,Maheshwari VCVS equal-component active-filter equations,1449.3818863942,1449.3818863942,NaN,2.05293491936297e-11,2.05293491936297e-11,NaN,NaN,9990.93973974168,2194.30523387224,1.21962951344244,0.561680845391655,5348870.95401735
1682,MFB,LPF,MFB_LPF_Maheshwari,Maheshwari MFB active-filter equations,13334.8751178293,744.866686453021,42637.479160767,5.06626749308586e-11,2.73423894069425e-11,NaN,NaN,NaN,NaN,-3.1974412046618,0.167624215680389,758792.108774209
913,VCVS,LPF,VCVS_LPF_Maheshwari,Maheshwari VCVS equal-component active-filter equations,71267.4384375518,71267.4384375518,NaN,2.32100769599959e-12,2.32100769599959e-12,NaN,NaN,9811.11049292524,1402.73208752769,1.14297383446443,0.538495374248858,962171.307611976
2683,ACTIVE_OTHER,HPF,ACTIVE_OTHER_STATE_VARIABLE_HPF,External state-variable/biquad active-filter canonical equation,33139.9257885052,141653.249565972,32794.807637226,1.9253386657247e-11,3.71584818242331e-11,NaN,NaN,9893.51223248684,20753.4873867739,3.09768653427513,3.19456589823527,86845.7455284077
1257,VCVS,BPF,VCVS_BPF_Maheshwari,Maheshwari VCVS equal-component active-filter equations,23137.1200397254,23137.1200397254,NaN,1.35239057161826e-11,1.35239057161826e-11,NaN,NaN,10093.8504329684,7192.45695170355,1.71255830462988,0.776734203650687,508637.87655286
1426,VCVS,BSF,VCVS_BSF_Maheshwari,Maheshwari VCVS equal-component active-filter equations,11857.4973169359,11857.4973169359,NaN,5.11241053631945e-12,5.11241053631945e-12,NaN,NaN,9957.04054768701,2066.00529333587,1.20749190318561,0.630908380633369,2625435.63344224
2989,ACTIVE_OTHER,BPF,ACTIVE_OTHER_STATE_VARIABLE_BPF,External state-variable/biquad active-filter canonical equation,59160.6917519755,4041.94591890934,16536.9433539778,7.09948549749914e-12,4.47876557658748e-10,NaN,NaN,10353.6025229427,16751.0664097274,2.61789738138087,1.62723324717864,182522.183994742
2763,ACTIVE_OTHER,HPF,ACTIVE_OTHER_STATE_VARIABLE_HPF,External state-variable/biquad active-filter canonical equation,319490.455919302,491548.952074715,15996.289311183,6.73286424739033e-10,1.90763123872251e-12,NaN,NaN,10209.1514539813,28164.1354503286,3.75871462748704,1.56977532449412,11206.2590584826
360,PASSIVE,HPF,PASSIVE_RC_HPF,Passive RC first-order equation,27764.3373313159,NaN,NaN,1.21870869328813e-12,NaN,NaN,NaN,NaN,NaN,1,NaN,4703627.38528323
2159,MFB,BPF,MFB_BPF_Maheshwari,Maheshwari MFB active-filter equations,7219.96596103705,976083.333125989,NaN,3.71335627131327e-10,9.60152815557995e-11,NaN,NaN,NaN,NaN,-1442528.79194355,4.69771073654137,10040.506432837
1029,VCVS,HPF,VCVS_HPF_Maheshwari,Maheshwari VCVS equal-component active-filter equations,16162.5695222949,16162.5695222949,NaN,4.72913602419121e-12,4.72913602419121e-12,NaN,NaN,9923.52605033309,4396.81807724995,1.44307014008417,0.642289691877358,2082226.26270946
1496,VCVS,BSF,VCVS_BSF_Maheshwari,Maheshwari VCVS equal-component active-filter equations,71683.0986803316,71683.0986803316,NaN,3.01874890046511e-11,3.01874890046511e-11,NaN,NaN,9936.36049045196,6664.03503461386,1.67067162478832,1.51824148064562,73548.9320794269
1327,VCVS,BPF,VCVS_BPF_Maheshwari,Maheshwari VCVS equal-component active-filter equations,1906.08317475437,1906.08317475437,NaN,2.44603108674865e-11,2.44603108674865e-11,NaN,NaN,9942.96182470507,12581.151239246,2.26533234875607,1.36115970031729,3413628.93933761
1561,VCVS,BSF,VCVS_BSF_Maheshwari,Maheshwari VCVS equal-component active-filter equations,513221.737439925,513221.737439925,NaN,1.99293558825835e-10,1.99293558825835e-10,NaN,NaN,10089.4687737193,3313.05616258095,1.32836775026359,0.744455020133757,1556.04383248563
1744,MFB,LPF,MFB_LPF_Maheshwari,Maheshwari MFB active-filter equations,41505.015773134,878.72970767747,104318.841194304,1.10713775778123e-10,9.80947896105627e-12,NaN,NaN,NaN,NaN,-2.51340324177949,0.299472984138077,504414.193975601
1925,MFB,HPF,MFB_HPF_Maheshwari,Maheshwari MFB active-filter equations,32457.6028685794,3027.71839603564,NaN,2.4849593466823e-10,2.22142801926193e-10,4.78187948828668e-10,NaN,NaN,NaN,-1.92432906182994,0.584453129101665,49259.3565527001
1130,VCVS,HPF,VCVS_HPF_Maheshwari,Maheshwari VCVS equal-component active-filter equations,1382.52846768318,1382.52846768318,NaN,9.77045500164786e-10,9.77045500164786e-10,NaN,NaN,9899.58356687154,5307.73737070897,1.53615764085987,0.683133667881701,117823.321103158
2665,ACTIVE_OTHER,HPF,ACTIVE_OTHER_STATE_VARIABLE_HPF,External state-variable/biquad active-filter canonical equation,28660.3873370835,6519.20701984991,22246.8894503596,1.42982501748432e-12,3.12099972771792e-12,NaN,NaN,10320.3807485578,25750.1907623468,3.49508146934842,2.13451584801812,5511799.44196978
694,PASSIVE,BSF,PASSIVE_RLC_BSF,Passive RLC second-order equation,13936970.2992893,NaN,NaN,2.38070298800454e-12,NaN,NaN,1800.36219710122,NaN,NaN,1,1.97314481055193,2431.01467482835
312,PASSIVE,HPF,PASSIVE_RC_HPF,Passive RC first-order equation,309918.708742663,NaN,NaN,1.67066544235042e-12,NaN,NaN,NaN,NaN,NaN,1,NaN,307385.125792577
1836,MFB,HPF,MFB_HPF_Maheshwari,Maheshwari MFB active-filter equations,871948.994368057,1113.81043316591,NaN,1.20834612731782e-10,3.33078037738374e-11,7.18302757974022e-11,NaN,NaN,NaN,-0.594451160751803,10.1881311299242,104410.021348506
214,PASSIVE,HPF,PASSIVE_RC_HPF,Passive RC first-order equation,22596.0577545885,NaN,NaN,7.94362734469499e-10,NaN,NaN,NaN,NaN,NaN,1,NaN,8866.83431621433
2179,MFB,BPF,MFB_BPF_Maheshwari,Maheshwari MFB active-filter equations,563.600088070164,82162.7701532014,NaN,2.11906102567937e-11,7.01772404169397e-11,NaN,NaN,NaN,NaN,-25283236.1613388,5.09598894165299,606494.956484911
1719,MFB,LPF,MFB_LPF_Maheshwari,Maheshwari MFB active-filter equations,2299.42762868486,140.761313411329,4673.16155545851,8.94022518401555e-10,4.95049630793399e-10,NaN,NaN,NaN,NaN,-2.03231512797438,0.213711172873441,294967.71194052
1351,VCVS,BPF,VCVS_BPF_Maheshwari,Maheshwari VCVS equal-component active-filter equations,69535.2310660817,69535.2310660817,NaN,6.14668291658526e-11,6.14668291658526e-11,NaN,NaN,10146.3896390986,5838.37851234319,1.57541438087941,0.701958511007088,37236.9772422381
947,VCVS,LPF,VCVS_LPF_Maheshwari,Maheshwari VCVS equal-component active-filter equations,140741.449094871,140741.449094871,NaN,3.3388192539978e-12,3.3388192539978e-12,NaN,NaN,9914.49374702478,2498.90721838717,1.25204587164494,0.572097393048332,338692.207033316
1415,VCVS,BSF,VCVS_BSF_Maheshwari,Maheshwari VCVS equal-component active-filter equations,711895.825255504,711895.825255504,NaN,1.14940050837182e-11,1.14940050837182e-11,NaN,NaN,10136.8098787026,2503.04900512114,1.24692669933369,0.663945992452002,19450.5685560832
167,PASSIVE,LPF,PASSIVE_RC_LPF,Passive RC first-order equation,540930.54714812,NaN,NaN,1.6334928107198e-12,NaN,NaN,NaN,NaN,NaN,1,NaN,180119.775439522
2643,ACTIVE_OTHER,HPF,ACTIVE_OTHER_STATE_VARIABLE_HPF,External state-variable/biquad active-filter canonical equation,40039.3026763923,67714.0639505083,6137.23128828413,1.08924709139936e-12,2.61991761331883e-12,NaN,NaN,9916.15821751814,17235.8306593682,2.73815607630372,0.64492954540449,1809382.63341676
2996,ACTIVE_OTHER,BPF,ACTIVE_OTHER_STATE_VARIABLE_BPF,External state-variable/biquad active-filter canonical equation,689037.288577089,121862.701072938,47191.470481205,1.73079028641893e-11,5.79630929954801e-10,NaN,NaN,10495.9484480402,17481.8192039553,2.66557784563239,4.51628652003752,5483.59495813083
613,PASSIVE,BSF,PASSIVE_RLC_BSF,Passive RLC second-order equation,342.800341123731,NaN,NaN,9.57864579413806e-10,NaN,NaN,0.00165593225493544,NaN,NaN,1,3.83555293092332,126370.816601937
1890,MFB,HPF,MFB_HPF_Maheshwari,Maheshwari MFB active-filter equations,997.884060546423,117429.427383283,NaN,3.55207193977595e-10,3.06116217802381e-10,1.44023865830148e-11,NaN,NaN,NaN,-0.0405464383244537,0.22340287691351,221427.326241253
1471,VCVS,BSF,VCVS_BSF_Maheshwari,Maheshwari VCVS equal-component active-filter equations,29990.753172301,29990.753172301,NaN,1.38110152311558e-12,1.38110152311558e-12,NaN,NaN,9829.09314506887,5015.7969552489,1.51030109097758,1.02103556039801,3842440.53259629
1201,VCVS,BPF,VCVS_BPF_Maheshwari,Maheshwari VCVS equal-component active-filter equations,115643.022868575,115643.022868575,NaN,2.51051162845595e-10,2.51051162845595e-10,NaN,NaN,10144.1802982103,8046.73868628914,1.79323695456288,0.828663094864473,5481.99277545532
2517,ACTIVE_OTHER,LPF,ACTIVE_OTHER_STATE_VARIABLE_LPF,External state-variable/biquad active-filter canonical equation,116175.284607557,3038.04502120569,5439.74905072378,8.75195130596466e-12,1.60713586088221e-12,NaN,NaN,10441.8673720258,26611.2193204613,3.54851152311644,0.528702694590503,2258850.11321563
131,PASSIVE,LPF,PASSIVE_RC_LPF,Passive RC first-order equation,1173.89894267863,NaN,NaN,2.98106249783815e-11,NaN,NaN,NaN,NaN,NaN,1,NaN,4547977.83132825
496,PASSIVE,BPF,PASSIVE_RLC_BPF,Passive RLC second-order equation,110186333.442741,NaN,NaN,1.95852838727714e-12,NaN,NaN,471130.6432167,NaN,NaN,1,4.45120923312566,165.685506619446
2668,ACTIVE_OTHER,HPF,ACTIVE_OTHER_STATE_VARIABLE_HPF,External state-variable/biquad active-filter canonical equation,171426.186928682,30674.6772413302,35403.6397823017,3.93923169708579e-10,5.43167840166959e-11,NaN,NaN,10457.5199022631,34080.0289825901,4.2589016613026,3.57447182671649,15004.4044107536
1420,VCVS,BSF,VCVS_BSF_Maheshwari,Maheshwari VCVS equal-component active-filter equations,1728.57185441749,1728.57185441749,NaN,3.05061372768089e-11,3.05061372768089e-11,NaN,NaN,10098.5010152305,4887.30979648916,1.483963886236,0.968924435061279,3018182.34329356
58,PASSIVE,LPF,PASSIVE_RC_LPF,Passive RC first-order equation,552206.036747657,NaN,NaN,1.42839305942244e-11,NaN,NaN,NaN,NaN,NaN,1,NaN,20177.6809323142
563,PASSIVE,BPF,PASSIVE_RLC_BPF,Passive RLC second-order equation,78160.7915383884,NaN,NaN,2.24313887869118e-12,NaN,NaN,0.403408069126028,NaN,NaN,1,5.42569354500457,167309.175813229
2226,MFB,BSF,MFB_BSF_1_MINUS_BP,Maheshwari MFB BPF denominator + ADI 1-minus-BP notch construction,11282.780849487,183764.865379585,NaN,1.28222518707118e-11,3.08055531328819e-11,NaN,NaN,NaN,NaN,1,1.83846962145211,175866.91989361
318,PASSIVE,HPF,PASSIVE_RC_HPF,Passive RC first-order equation,20197.1373287101,NaN,NaN,1.40049179556881e-10,NaN,NaN,NaN,NaN,NaN,1,NaN,56266.4796716904
957,VCVS,LPF,VCVS_LPF_Maheshwari,Maheshwari VCVS equal-component active-filter equations,13860.1993356376,13860.1993356376,NaN,7.04372415447868e-10,7.04372415447868e-10,NaN,NaN,10128.3830016617,8030.93927147849,1.79291425592426,0.828441562588161,16302.2787770281
3132,ACTIVE_OTHER,BSF,ACTIVE_OTHER_STATE_VARIABLE_BSF,External state-variable/biquad active-filter canonical equation,5893.65935225852,32417.306240129,20716.0607683588,1.79252861108129e-12,7.89905840227276e-10,NaN,NaN,10478.4191253836,6847.06124936349,1.65344410902373,2.08873508449572,305997.898574312
703,PASSIVE,BSF,PASSIVE_RLC_BSF,Passive RLC second-order equation,305288.988272788,NaN,NaN,4.36452311896801e-12,NaN,NaN,10.7742078121695,NaN,NaN,1,5.14651372330047,23209.1405492707
1358,VCVS,BPF,VCVS_BPF_Maheshwari,Maheshwari VCVS equal-component active-filter equations,339353.757373577,339353.757373577,NaN,1.07809077462955e-12,1.07809077462955e-12,NaN,NaN,10035.6544159867,9247.11062116575,1.9214257723378,0.927149911756642,435022.920601104
3134,ACTIVE_OTHER,BSF,ACTIVE_OTHER_STATE_VARIABLE_BSF,External state-variable/biquad active-filter canonical equation,523895.7932215,9388.64792002126,54765.2985060902,3.1748667301638e-10,5.03155145052893e-10,NaN,NaN,9910.83354031411,20390.1392004938,3.05735865884067,5.63866131549286,5677.83072509391
3096,ACTIVE_OTHER,BSF,ACTIVE_OTHER_STATE_VARIABLE_BSF,External state-variable/biquad active-filter canonical equation,18954.0496023148,4207.66423407209,23005.6354133012,2.23093289594563e-12,6.11713895793882e-12,NaN,NaN,9555.44124181947,23751.4351855936,3.48564504605451,2.31912508113834,4824265.04901667
403,PASSIVE,BPF,PASSIVE_RLC_BPF,Passive RLC second-order equation,46961.5414115346,NaN,NaN,3.1288551477805e-11,NaN,NaN,1.42695863970338,NaN,NaN,1,4.54747814513339,23818.9004959889
600,PASSIVE,BPF,PASSIVE_RLC_BPF,Passive RLC second-order equation,14472551.3000083,NaN,NaN,9.21195382915954e-12,NaN,NaN,1883.30099106045,NaN,NaN,1,0.987958935499679,1208.32674401852
2284,MFB,BSF,MFB_BSF_1_MINUS_BP,Maheshwari MFB BPF denominator + ADI 1-minus-BP notch construction,700708.189755811,8284863.69932376,NaN,3.66970974227892e-10,8.37099252836253e-11,NaN,NaN,NaN,NaN,1,1.3372397242426,376.881236744055
1895,MFB,HPF,MFB_HPF_Maheshwari,Maheshwari MFB active-filter equations,119206.85991567,8603.42605787169,NaN,7.91159330641189e-11,3.65632841352814e-10,4.10424007415755e-11,NaN,NaN,NaN,-0.518762771947757,1.80940365153602,40569.0478814535
2337,MFB,BSF,MFB_BSF_1_MINUS_BP,Maheshwari MFB BPF denominator + ADI 1-minus-BP notch construction,1912.25796179011,721583.65553662,NaN,2.95954476242691e-10,1.30888004322058e-11,NaN,NaN,NaN,NaN,1,3.91212915812349,68840.048798331
241,PASSIVE,HPF,PASSIVE_RC_HPF,Passive RC first-order equation,118043.962406472,NaN,NaN,8.44081644997314e-11,NaN,NaN,NaN,NaN,NaN,1,NaN,15973.1987723938
436,PASSIVE,BPF,PASSIVE_RLC_BPF,Passive RLC second-order equation,753107.963836997,NaN,NaN,3.09304750702809e-12,NaN,NaN,45.7352119973989,NaN,NaN,1,5.10592948679753,13381.398003318
1052,VCVS,HPF,VCVS_HPF_Maheshwari,Maheshwari VCVS equal-component active-filter equations,1014050.84190961,1014050.84190961,NaN,8.65400736926007e-10,8.65400736926007e-10,NaN,NaN,10123.243021881,9684.86575437526,1.95669596525953,0.958493369815017,181.360682306458
717,PASSIVE,BSF,PASSIVE_RLC_BSF,Passive RLC second-order equation,16248.5556609472,NaN,NaN,1.22933981310434e-10,NaN,NaN,0.10033683116183,NaN,NaN,1,1.75824525740219,45316.2503849657
1993,MFB,HPF,MFB_HPF_Maheshwari,Maheshwari MFB active-filter equations,274435.101294431,22773.6357667367,NaN,2.5068696376803e-10,1.42387801498157e-10,1.14137484357349e-11,NaN,NaN,NaN,-0.0455298842196536,7.59891252350525,49938.2796245485
1436,VCVS,BSF,VCVS_BSF_Maheshwari,Maheshwari VCVS equal-component active-filter equations,529093.14164639,529093.14164639,NaN,1.48233298305826e-11,1.48233298305826e-11,NaN,NaN,9897.46656838131,4918.55115211411,1.49695051942151,0.993938010680411,20292.8117930515
208,PASSIVE,HPF,PASSIVE_RC_HPF,Passive RC first-order equation,411327.938784137,NaN,NaN,1.88315661005542e-10,NaN,NaN,NaN,NaN,NaN,1,NaN,2054.6861021271
2419,ACTIVE_OTHER,LPF,ACTIVE_OTHER_STATE_VARIABLE_LPF,External state-variable/biquad active-filter canonical equation,7448.87075166872,673544.818995377,23920.9884924382,2.53372513201941e-11,6.54244398207569e-12,NaN,NaN,10032.6829488901,11285.0336630358,2.12482709964279,2.48351063273778,174518.674731753
1382,VCVS,BPF,VCVS_BPF_Maheshwari,Maheshwari VCVS equal-component active-filter equations,7041.79708020454,7041.79708020454,NaN,4.44817520867241e-11,4.44817520867241e-11,NaN,NaN,9948.94959215321,2104.23457612424,1.21150319002358,0.55912875797256,508106.487807929
2551,ACTIVE_OTHER,LPF,ACTIVE_OTHER_STATE_VARIABLE_LPF,External state-variable/biquad active-filter canonical equation,121437.119147285,1251.26441311404,16344.3408487075,3.27251879680449e-10,5.11785352324995e-10,NaN,NaN,9798.21883333104,25083.8400885685,3.5600408110135,1.59424205252172,31548.9461153496
1389,VCVS,BPF,VCVS_BPF_Maheshwari,Maheshwari VCVS equal-component active-filter equations,119917.676586529,119917.676586529,NaN,1.34904248435625e-12,1.34904248435625e-12,NaN,NaN,10176.2293951291,10677.3817124479,2.04924734868483,1.05179827646729,983810.151226294
2660,ACTIVE_OTHER,HPF,ACTIVE_OTHER_STATE_VARIABLE_HPF,External state-variable/biquad active-filter canonical equation,12144.9645727923,18792.2458173026,36585.8280558593,1.38857670029505e-11,2.12813042702655e-11,NaN,NaN,10123.2897447548,20569.242358891,3.03187332157006,3.5270155242937,612842.11925193
2770,ACTIVE_OTHER,HPF,ACTIVE_OTHER_STATE_VARIABLE_HPF,External state-variable/biquad active-filter canonical equation,18369.8754768608,265039.691604848,29484.369947417,7.33917584055044e-12,2.67777467342231e-11,NaN,NaN,10111.7615484654,27976.9743330221,3.76677552164666,2.84717109087014,162705.002271247
2884,ACTIVE_OTHER,BPF,ACTIVE_OTHER_STATE_VARIABLE_BPF,External state-variable/biquad active-filter canonical equation,16626.9479413936,68374.2599907081,30335.9422809173,3.07304303053713e-10,7.98872746021294e-11,NaN,NaN,9553.00069805191,24890.6788116442,3.60553511910871,2.93408716438219,30126.2045296764
81,PASSIVE,LPF,PASSIVE_RC_LPF,Passive RC first-order equation,132815.859353078,NaN,NaN,1.005581182863e-12,NaN,NaN,NaN,NaN,NaN,1,NaN,1191661.90784176
1740,MFB,LPF,MFB_LPF_Maheshwari,Maheshwari MFB active-filter equations,8126.72824161653,1746.01028675972,6125.66906228224,1.70826294818609e-10,1.5263662786942e-10,NaN,NaN,NaN,NaN,-0.753768168463297,0.376563483044564,301379.165050774
2425,ACTIVE_OTHER,LPF,ACTIVE_OTHER_STATE_VARIABLE_LPF,External state-variable/biquad active-filter canonical equation,25255.8830873292,3027.99590765419,45125.1053843874,8.67927642042421e-10,5.19996927551509e-10,NaN,NaN,10238.8964779474,23459.9880567877,3.29126137834442,4.3519412856595,27090.6273062304
1453,VCVS,BSF,VCVS_BSF_Maheshwari,Maheshwari VCVS equal-component active-filter equations,1587.11262174944,1587.11262174944,NaN,2.37310674435342e-12,2.37310674435342e-12,NaN,NaN,10111.8444528772,5788.10371300003,1.57240830196444,1.16933982183728,42256654.6981104
1375,VCVS,BPF,VCVS_BPF_Maheshwari,Maheshwari VCVS equal-component active-filter equations,188140.716022912,188140.716022912,NaN,2.41489621849346e-11,2.41489621849346e-11,NaN,NaN,10183.2304321768,9515.95078185785,1.93447269461658,0.938502462534419,35029.8975914892
1955,MFB,HPF,MFB_HPF_Maheshwari,Maheshwari MFB active-filter equations,246036.424839574,463886.737828791,NaN,8.08248873513055e-10,1.0398265417468e-09,3.76019670268265e-10,NaN,NaN,NaN,-0.465227583471777,0.44010940591048,753.405381632023
2929,ACTIVE_OTHER,BPF,ACTIVE_OTHER_STATE_VARIABLE_BPF,External state-variable/biquad active-filter canonical equation,17864.0368639349,23561.1872167252,47997.3153305496,3.88339305655799e-12,1.23244909838639e-10,NaN,NaN,9875.26427929303,28040.5491083524,3.8394732855048,4.97939281718455,354602.320121196
1121,VCVS,HPF,VCVS_HPF_Maheshwari,Maheshwari VCVS equal-component active-filter equations,6888.01035223477,6888.01035223477,NaN,2.85139280372537e-12,2.85139280372537e-12,NaN,NaN,10194.6675039247,14015.2771891436,2.37476550203801,1.59939991036898,8103437.58245733
2288,MFB,BSF,MFB_BSF_1_MINUS_BP,Maheshwari MFB BPF denominator + ADI 1-minus-BP notch construction,6656.09305826276,429588.147329574,NaN,4.85712307676606e-10,4.51617578479942e-10,NaN,NaN,NaN,NaN,1,4.0141995806623,6354.90877774475
1549,VCVS,BSF,VCVS_BSF_Maheshwari,Maheshwari VCVS equal-component active-filter equations,760685.09230249,760685.09230249,NaN,6.80628879725617e-12,6.80628879725617e-12,NaN,NaN,9915.28758309609,5633.52414712347,1.56816548182906,1.15785093354227,30740.0701196181
1385,VCVS,BPF,VCVS_BPF_Maheshwari,Maheshwari VCVS equal-component active-filter equations,187233.863193885,187233.863193885,NaN,2.67350094030612e-10,2.67350094030612e-10,NaN,NaN,9870.05224527167,5777.73525532925,1.58538041256034,0.70690382692206,3179.47483724203
1069,VCVS,HPF,VCVS_HPF_Maheshwari,Maheshwari VCVS equal-component active-filter equations,573676.098742825,573676.098742825,NaN,2.04694474673275e-12,2.04694474673275e-12,NaN,NaN,9890.91033510229,8108.62386096212,1.81980561811233,0.847318048066403,135533.687873199
3187,ACTIVE_OTHER,BSF,ACTIVE_OTHER_STATE_VARIABLE_BSF,External state-variable/biquad active-filter canonical equation,78130.2399692373,168127.258730458,32572.3803984405,1.83683889985815e-12,9.59608922283687e-10,NaN,NaN,10494.6139247051,18717.798953848,2.78356241479116,3.2879658811382,33075.6824564295
2624,ACTIVE_OTHER,HPF,ACTIVE_OTHER_STATE_VARIABLE_HPF,External state-variable/biquad active-filter canonical equation,185887.228270515,25830.2149604516,35490.4669183818,1.08408469935815e-10,4.40876755278687e-12,NaN,NaN,9832.30465972653,12497.6308716178,2.27107848100035,3.43374590465265,105060.904929716
2278,MFB,BSF,MFB_BSF_1_MINUS_BP,Maheshwari MFB BPF denominator + ADI 1-minus-BP notch construction,24622.5837260491,2109144.43535181,NaN,1.1436026169562e-10,3.13548839503137e-10,NaN,NaN,NaN,NaN,1,4.09567035648866,3688.16201239011
2693,ACTIVE_OTHER,HPF,ACTIVE_OTHER_STATE_VARIABLE_HPF,External state-variable/biquad active-filter canonical equation,11142.6296101096,1312.50392717424,30354.8402954848,3.43467713160539e-12,2.54638768637161e-11,NaN,NaN,10173.0886746391,15292.5040165086,2.50323117251813,3.0033156019334,4450110.10669615
75,PASSIVE,LPF,PASSIVE_RC_LPF,Passive RC first-order equation,9618.1333873196,NaN,NaN,2.15507164607727e-10,NaN,NaN,NaN,NaN,NaN,1,NaN,76783.4502085653
2311,MFB,BSF,MFB_BSF_1_MINUS_BP,Maheshwari MFB BPF denominator + ADI 1-minus-BP notch construction,157862.598125205,1366581.66376319,NaN,3.56972222222634e-10,2.76234314102715e-11,NaN,NaN,NaN,NaN,1,0.759678480135313,3450.69591287712
1501,VCVS,BSF,VCVS_BSF_Maheshwari,Maheshwari VCVS equal-component active-filter equations,7616.12515320879,7616.12515320879,NaN,3.44868651941057e-11,3.44868651941057e-11,NaN,NaN,10039.9037990729,1362.53629838384,1.13571208705303,0.578510925017043,605943.791662347
2313,MFB,BSF,MFB_BSF_1_MINUS_BP,Maheshwari MFB BPF denominator + ADI 1-minus-BP notch construction,1644886.91308106,203977581.011393,NaN,6.63212830133455e-11,2.38561673261731e-11,NaN,NaN,NaN,NaN,1,4.91192853679657,218.440969142777
257,PASSIVE,HPF,PASSIVE_RC_HPF,Passive RC first-order equation,48629.0560505449,NaN,NaN,1.65900930535382e-10,NaN,NaN,NaN,NaN,NaN,1,NaN,19727.6552672105
1646,MFB,LPF,MFB_LPF_Maheshwari,Maheshwari MFB active-filter equations,142932.923351708,4263.55897686214,229903.503553735,2.46362760774429e-10,4.97529373531521e-11,NaN,NaN,NaN,NaN,-1.60847128962739,0.28905150469776,45916.027282288
2604,ACTIVE_OTHER,HPF,ACTIVE_OTHER_STATE_VARIABLE_HPF,External state-variable/biquad active-filter canonical equation,348295.56853608,1157.38653420244,24395.6660251781,6.76762314555538e-12,2.75698427129343e-10,NaN,NaN,9691.09057128033,14379.7456558309,2.48381088279635,2.50922779615315,183515.062888217
1195,VCVS,HPF,VCVS_HPF_Maheshwari,Maheshwari VCVS equal-component active-filter equations,3340.61416207679,3340.61416207679,NaN,3.07102136237819e-10,3.07102136237819e-10,NaN,NaN,9889.6686583387,12535.6798551011,2.26755306857843,1.36528662637598,155135.423741598
317,PASSIVE,HPF,PASSIVE_RC_HPF,Passive RC first-order equation,219079.878754769,NaN,NaN,3.21831953842313e-12,NaN,NaN,NaN,NaN,NaN,1,NaN,225729.582269444
846,VCVS,LPF,VCVS_LPF_Maheshwari,Maheshwari VCVS equal-component active-filter equations,169901.224456372,169901.224456372,NaN,1.67330411578427e-10,1.67330411578427e-10,NaN,NaN,10091.5791402274,6123.52776312163,1.60679579261404,0.7177698679767,5598.20430106611
2446,ACTIVE_OTHER,LPF,ACTIVE_OTHER_STATE_VARIABLE_LPF,External state-variable/biquad active-filter canonical equation,1127.21692591777,58696.343485642,8065.22358589632,3.91006475128734e-12,4.17754390932188e-12,NaN,NaN,9739.10857496836,22508.6607270876,3.31116231571129,0.783371853341556,4841259.59560002
2162,MFB,BPF,MFB_BPF_Maheshwari,Maheshwari MFB active-filter equations,331.646544354397,74565.1730763951,NaN,3.37888502433858e-10,1.09684571306903e-11,NaN,NaN,NaN,NaN,-274902684.812307,2.61663028464923,525720.485387644
2902,ACTIVE_OTHER,BPF,ACTIVE_OTHER_STATE_VARIABLE_BPF,External state-variable/biquad active-filter canonical equation,1113.57946156039,8437.51381519718,20387.0678182498,4.05500347898401e-12,7.32937554735634e-10,NaN,NaN,10303.5605803005,17980.1919473932,2.74504646304208,1.97027056610301,952408.305329879
2049,MFB,BPF,MFB_BPF_Maheshwari,Maheshwari MFB active-filter equations,1614703.29052099,78094072.9084533,NaN,4.16122086724895e-11,1.57583834225892e-10,NaN,NaN,NaN,NaN,-3930.02765507868,2.82714563118318,175.024366441218
1885,MFB,HPF,MFB_HPF_Maheshwari,Maheshwari MFB active-filter equations,20724.6707926729,1072.70795733095,NaN,1.62416501164856e-11,1.45160551019405e-10,1.21654701921549e-10,NaN,NaN,NaN,-7.49029199921421,0.275498553892231,254007.655942721
579,PASSIVE,BPF,PASSIVE_RLC_BPF,Passive RLC second-order equation,127822.146261716,NaN,NaN,1.0186947017808e-10,NaN,NaN,5.4582052137412,NaN,NaN,1,1.81090972398472,6749.52449768823
562,PASSIVE,BPF,PASSIVE_RLC_BPF,Passive RLC second-order equation,1218.31739384633,NaN,NaN,5.35166617987163e-10,NaN,NaN,0.00452587368175687,NaN,NaN,1,2.38696615840536,102264.384673936
1295,VCVS,BPF,VCVS_BPF_Maheshwari,Maheshwari VCVS equal-component active-filter equations,3814.96740475319,3814.96740475319,NaN,2.49406293960873e-10,2.49406293960873e-10,NaN,NaN,9896.5418538073,8460.38129409006,1.85488258616673,0.873272895791977,167271.47669335
1967,MFB,HPF,MFB_HPF_Maheshwari,Maheshwari MFB active-filter equations,111672.844929103,7680.95954627064,NaN,4.7884468973163e-10,2.3284693104438e-10,3.60396528753148e-10,NaN,NaN,NaN,-0.752637622347098,1.36891092875979,18759.1451536452
2255,MFB,BSF,MFB_BSF_1_MINUS_BP,Maheshwari MFB BPF denominator + ADI 1-minus-BP notch construction,36661.9435605474,7802279.52340765,NaN,1.9490617834975e-11,8.10027239250041e-10,NaN,NaN,NaN,NaN,1,2.20973342791042,2368.31258091506
2467,ACTIVE_OTHER,LPF,ACTIVE_OTHER_STATE_VARIABLE_LPF,External state-variable/biquad active-filter canonical equation,53587.1992102207,140750.932162291,17648.2253781524,4.80437391360898e-12,3.7547790057488e-12,NaN,NaN,9822.98589102978,33119.3831653086,4.37162076101043,1.81650106137795,431472.749098706
3039,ACTIVE_OTHER,BSF,ACTIVE_OTHER_STATE_VARIABLE_BSF,External state-variable/biquad active-filter canonical equation,68176.1352520091,15725.6439084567,43526.676615155,5.35054575383648e-12,2.18923511299232e-10,NaN,NaN,10031.9437415126,25860.3781396927,3.57780334559506,4.5054645516346,142021.625858181
1830,MFB,HPF,MFB_HPF_Maheshwari,Maheshwari MFB active-filter equations,160360.375104912,645883.567211888,NaN,1.26922532031356e-10,2.42376698525165e-11,6.08573847266112e-11,NaN,NaN,NaN,-0.479484483587016,0.188246558452883,12876.3391475389
1899,MFB,HPF,MFB_HPF_Maheshwari,Maheshwari MFB active-filter equations,18525.1899594228,4933.35294460333,NaN,5.93806874701981e-11,6.68870576813983e-10,5.17954047190573e-11,NaN,NaN,NaN,-0.872260105527613,0.530103054431007,89443.9647178565
2252,MFB,BSF,MFB_BSF_1_MINUS_BP,Maheshwari MFB BPF denominator + ADI 1-minus-BP notch construction,24939.3440264011,4628571.88515717,NaN,1.72235902234726e-10,9.90761583373008e-12,NaN,NaN,NaN,NaN,1,3.08968137055701,11339.859940619
2712,ACTIVE_OTHER,HPF,ACTIVE_OTHER_STATE_VARIABLE_HPF,External state-variable/biquad active-filter canonical equation,993299.374620137,4757.7424378668,38574.48814812,1.35552190409885e-11,5.34673500847485e-12,NaN,NaN,10453.9417471244,25173.5413990914,3.40804301458979,3.97877252418796,271945.568842544
3176,ACTIVE_OTHER,BSF,ACTIVE_OTHER_STATE_VARIABLE_BSF,External state-variable/biquad active-filter canonical equation,13417.1728061266,219005.547582511,36807.9599614763,8.6766576150251e-10,2.61169605591429e-10,NaN,NaN,9982.32376798308,33601.9004349623,4.36614011085632,3.64321410325133,6167.71816357627
323,PASSIVE,HPF,PASSIVE_RC_HPF,Passive RC first-order equation,51033.9182838745,NaN,NaN,3.0203948163651e-12,NaN,NaN,NaN,NaN,NaN,1,NaN,1032517.69092959
2340,MFB,BSF,MFB_BSF_1_MINUS_BP,Maheshwari MFB BPF denominator + ADI 1-minus-BP notch construction,105.111997895127,2771.23380258643,NaN,1.22417522934456e-10,7.88195590218695e-10,NaN,NaN,NaN,NaN,1,1.7515209347711,949333.066507078
1750,MFB,LPF,MFB_LPF_Maheshwari,Maheshwari MFB active-filter equations,886.66141395334,912.120112572548,2189.59153251493,8.51222060998004e-10,1.47855775156279e-10,NaN,NaN,NaN,NaN,-2.46947876388603,0.633311634717731,317447.551398167
1056,VCVS,HPF,VCVS_HPF_Maheshwari,Maheshwari VCVS equal-component active-filter equations,418210.237400009,418210.237400009,NaN,1.60898671808857e-12,1.60898671808857e-12,NaN,NaN,10194.5279835866,8020.0216799997,1.78669867726217,0.824197568451904,236522.80065416
2876,ACTIVE_OTHER,BPF,ACTIVE_OTHER_STATE_VARIABLE_BPF,External state-variable/biquad active-filter canonical equation,848817.514894867,96934.768603262,30955.668420667,5.71923349608055e-10,3.86358552610676e-11,NaN,NaN,9705.39359537948,28153.3870662579,3.90079807578964,3.04065481986491,3732.5789064544
2424,ACTIVE_OTHER,LPF,ACTIVE_OTHER_STATE_VARIABLE_LPF,External state-variable/biquad active-filter canonical equation,1511.58466734269,14492.2089514854,18309.5705095636,7.97871411574731e-11,3.56301498896658e-11,NaN,NaN,9594.28986648076,34361.8474509701,4.58148939933729,1.84603486619249,637765.940467476
2622,ACTIVE_OTHER,HPF,ACTIVE_OTHER_STATE_VARIABLE_HPF,External state-variable/biquad active-filter canonical equation,3533.43746974448,234410.342643216,51231.2598272235,8.63966081818231e-11,1.59915059510989e-12,NaN,NaN,10295.6499788944,9649.02917966,1.93719475695464,5.34689461304374,470478.750754783
720,PASSIVE,BSF,PASSIVE_RLC_BSF,Passive RLC second-order equation,208139.409021785,NaN,NaN,1.24724696057413e-10,NaN,NaN,5.50691688287283,NaN,NaN,1,1.00954043078016,6072.80930260066
808,VCVS,LPF,VCVS_LPF_Maheshwari,Maheshwari VCVS equal-component active-filter equations,328292.393403658,328292.393403658,NaN,3.06488673019041e-11,3.06488673019041e-11,NaN,NaN,9855.67238655544,2560.98201600289,1.25984853346956,0.574662619452218,15817.7563898417
3114,ACTIVE_OTHER,BSF,ACTIVE_OTHER_STATE_VARIABLE_BSF,External state-variable/biquad active-filter canonical equation,1550.5216833283,2983.94215369062,16331.9506183575,3.18632723609405e-11,5.43444200204976e-11,NaN,NaN,9722.35025212012,9431.73242453972,1.97010827422957,1.6669740231459,1778129.31818134
2981,ACTIVE_OTHER,BPF,ACTIVE_OTHER_STATE_VARIABLE_BPF,External state-variable/biquad active-filter canonical equation,13166.9586322656,715030.756458931,48496.0351028989,2.75420425515639e-10,5.79358737854813e-11,NaN,NaN,10078.9761030806,19932.9177945851,2.97767288965916,5.0497456923099,12985.0367003177
523,PASSIVE,BPF,PASSIVE_RLC_BPF,Passive RLC second-order equation,5591986.70129156,NaN,NaN,7.45444737217215e-11,NaN,NaN,1707.65008349856,NaN,NaN,1,0.855905043361688,446.080216939886
1947,MFB,HPF,MFB_HPF_Maheshwari,Maheshwari MFB active-filter equations,576960.032933106,1075.03140667333,NaN,5.781263341897e-10,9.11487531743855e-11,1.03871722823776e-10,NaN,NaN,NaN,-0.179669592407276,16.2274310095719,65676.9017312805
2244,MFB,BSF,MFB_BSF_1_MINUS_BP,Maheshwari MFB BPF denominator + ADI 1-minus-BP notch construction,237.81363301839,32344.6151672427,NaN,2.81132404889115e-11,1.42721143585621e-10,NaN,NaN,NaN,NaN,1,4.32421168972035,905943.579348065
606,PASSIVE,BSF,PASSIVE_RLC_BSF,Passive RLC second-order equation,1201462.517982,NaN,NaN,1.54551230367688e-12,NaN,NaN,45.3511233479788,NaN,NaN,1,4.5086608121906,19010.3395381299
2657,ACTIVE_OTHER,HPF,ACTIVE_OTHER_STATE_VARIABLE_HPF,External state-variable/biquad active-filter canonical equation,2099.58525989746,2690.43719616165,6167.29488305056,5.24390841628363e-10,1.43039889964613e-12,NaN,NaN,9658.49928825958,13912.0972262809,2.44039946694325,0.593103762626015,2445039.11916175
2918,ACTIVE_OTHER,BPF,ACTIVE_OTHER_STATE_VARIABLE_BPF,External state-variable/biquad active-filter canonical equation,17647.2760317331,33170.6450071691,15751.2929373997,2.84941121702941e-11,5.92234392242222e-11,NaN,NaN,9775.80006645622,11847.7822968726,2.2119501438584,1.56861515592495,160132.674465346
258,PASSIVE,HPF,PASSIVE_RC_HPF,Passive RC first-order equation,20158.0927026006,NaN,NaN,1.04153184645279e-10,NaN,NaN,NaN,NaN,NaN,1,NaN,75805.0502263765
340,PASSIVE,HPF,PASSIVE_RC_HPF,Passive RC first-order equation,152516.843144174,NaN,NaN,1.5720100504075e-10,NaN,NaN,NaN,NaN,NaN,1,NaN,6638.14914490853
82,PASSIVE,LPF,PASSIVE_RC_LPF,Passive RC first-order equation,873945.140486744,NaN,NaN,1.64857524374305e-12,NaN,NaN,NaN,NaN,NaN,1,NaN,110465.63310295
2418,ACTIVE_OTHER,LPF,ACTIVE_OTHER_STATE_VARIABLE_LPF,External state-variable/biquad active-filter canonical equation,5128.97628497739,110274.882747383,23592.5249024795,4.63398538894763e-11,3.14703138374686e-12,NaN,NaN,10480.3788203683,35365.2571998086,4.37442546743418,2.45119433940977,554164.392197803
1636,MFB,LPF,MFB_LPF_Maheshwari,Maheshwari MFB active-filter equations,9193.09469375574,4043.32796890008,27984.9147698008,7.73978782159879e-10,3.82008281580134e-11,NaN,NaN,NaN,NaN,-3.04412341023846,1.07993326272497,87013.7199632491
1473,VCVS,BSF,VCVS_BSF_Maheshwari,Maheshwari VCVS equal-component active-filter equations,5427.68743299786,5427.68743299786,NaN,3.95109665001414e-12,3.95109665001414e-12,NaN,NaN,10172.3541217958,1706.18524269882,1.1677276687648,0.600764895377376,7421430.90670484
2309,MFB,BSF,MFB_BSF_1_MINUS_BP,Maheshwari MFB BPF denominator + ADI 1-minus-BP notch construction,34148.7874442769,7589915.76606128,NaN,2.74660910405576e-10,8.01505792553384e-11,NaN,NaN,NaN,NaN,1,6.23426013194438,2106.98890940514
1412,VCVS,BSF,VCVS_BSF_Maheshwari,Maheshwari VCVS equal-component active-filter equations,8426.02515100876,8426.02515100876,NaN,2.87651872050301e-10,2.87651872050301e-10,NaN,NaN,9907.64797809973,6296.97387018653,1.63556697655242,1.37199421520569,65664.4295486172
1518,VCVS,BSF,VCVS_BSF_Maheshwari,Maheshwari VCVS equal-component active-filter equations,41086.8852883464,41086.8852883464,NaN,9.09520108469649e-12,9.09520108469649e-12,NaN,NaN,10168.6095125237,3781.31555455326,1.37186161489397,0.796002937976159,425897.025393773
1346,VCVS,BPF,VCVS_BPF_Maheshwari,Maheshwari VCVS equal-component active-filter equations,2466.23841324076,2466.23841324076,NaN,2.93068024876509e-12,2.93068024876509e-12,NaN,NaN,10173.6009088019,10861.7891560046,2.06764450988118,1.07255227281662,22019965.608455
13,PASSIVE,LPF,PASSIVE_RC_LPF,Passive RC first-order equation,80821.4874862232,NaN,NaN,1.14226994247558e-11,NaN,NaN,NaN,NaN,NaN,1,NaN,172394.95145595
2628,ACTIVE_OTHER,HPF,ACTIVE_OTHER_STATE_VARIABLE_HPF,External state-variable/biquad active-filter canonical equation,12841.1407107149,7578.09973888515,50335.179716936,1.99169130164742e-10,1.12748763659081e-11,NaN,NaN,9657.93466390362,23575.0140453944,3.44099953725154,5.17979780121858,340464.051734406
1324,VCVS,BPF,VCVS_BPF_Maheshwari,Maheshwari VCVS equal-component active-filter equations,210384.366101679,210384.366101679,NaN,8.38963774382098e-12,8.38963774382098e-12,NaN,NaN,10025.2087725882,3427.72683650384,1.34191076856935,0.603103850531115,90170.28846608
2941,ACTIVE_OTHER,BPF,ACTIVE_OTHER_STATE_VARIABLE_BPF,External state-variable/biquad active-filter canonical equation,6121.96557021308,7020.56137536591,52721.190495991,5.65643020284108e-12,9.11810323983914e-12,NaN,NaN,9903.13264465323,36232.04794793,4.65864512250999,5.05002070820169,3380378.26912175
2919,ACTIVE_OTHER,BPF,ACTIVE_OTHER_STATE_VARIABLE_BPF,External state-variable/biquad active-filter canonical equation,7956.70323529757,598600.884698127,10249.4768336536,2.23853929635488e-12,1.85844126003777e-11,NaN,NaN,9938.98005258536,21699.5717976795,3.18327954004042,1.06462349925615,357542.846686781
2218,MFB,BSF,MFB_BSF_1_MINUS_BP,Maheshwari MFB BPF denominator + ADI 1-minus-BP notch construction,47466.6004019676,7881395.38877254,NaN,3.6679064437093e-11,3.18026375366437e-10,NaN,NaN,NaN,NaN,1,3.92356036982983,2409.26080385938
1273,VCVS,BPF,VCVS_BPF_Maheshwari,Maheshwari VCVS equal-component active-filter equations,1407.04246111495,1407.04246111495,NaN,5.63461910199295e-10,5.63461910199295e-10,NaN,NaN,9806.20796766023,5427.06122324963,1.55343117759153,0.691290994599929,200746.676894884
2180,MFB,BPF,MFB_BPF_Maheshwari,Maheshwari MFB active-filter equations,282.963099955303,14798.1320645418,NaN,3.83112699713545e-11,4.25940248232165e-10,NaN,NaN,NaN,NaN,-8297008.13044086,1.98986140466016,608855.405044364
2757,ACTIVE_OTHER,HPF,ACTIVE_OTHER_STATE_VARIABLE_HPF,External state-variable/biquad active-filter canonical equation,121719.70655064,6751.14658507349,10344.2633009608,9.0883202769893e-10,6.14449350623633e-12,NaN,NaN,10278.5181690211,25231.0806111472,3.45473911669412,1.02886127693362,74296.1069894933
3049,ACTIVE_OTHER,BSF,ACTIVE_OTHER_STATE_VARIABLE_BSF,External state-variable/biquad active-filter canonical equation,725808.097305261,293069.829742208,42082.3669853803,1.07321053227117e-12,2.32164823932922e-12,NaN,NaN,9973.51652870018,33565.9730548346,4.36551034514695,4.23314085142957,218616.530971574
967,VCVS,LPF,VCVS_LPF_Maheshwari,Maheshwari VCVS equal-component active-filter equations,10470.8735680977,10470.8735680977,NaN,1.92779826923772e-10,1.92779826923772e-10,NaN,NaN,9935.43716018972,12035.2724910911,2.21134805615955,1.26798647719089,78845.2673152054
2200,MFB,BPF,MFB_BPF_Maheshwari,Maheshwari MFB active-filter equations,7679.87525194563,2929928.0805032,NaN,3.21783118418006e-10,1.78792539089427e-11,NaN,NaN,NaN,NaN,-7282767.44854999,4.36174510881002,13988.0844220138
2719,ACTIVE_OTHER,HPF,ACTIVE_OTHER_STATE_VARIABLE_HPF,External state-variable/biquad active-filter canonical equation,1376.99372444405,76417.0649496246,31256.5281560761,2.8052179430166e-12,6.83486951035589e-11,NaN,NaN,10126.659934283,18348.2993007347,2.81188066152177,3.02306660330669,1120496.63528796
2917,ACTIVE_OTHER,BPF,ACTIVE_OTHER_STATE_VARIABLE_BPF,External state-variable/biquad active-filter canonical equation,412975.080584867,666637.308627228,15616.3416424526,9.035374323206e-11,1.37964937908545e-11,NaN,NaN,10341.3225850081,10078.3849232219,1.97457407796491,1.51230643623074,8591.24216692985
1878,MFB,HPF,MFB_HPF_Maheshwari,Maheshwari MFB active-filter equations,973083.770188581,228.580483712163,NaN,1.37631319031404e-11,4.98753063346151e-11,1.9799399090332e-11,NaN,NaN,NaN,-1.43858238296868,17.0815217128872,339591.374245238
177,PASSIVE,LPF,PASSIVE_RC_LPF,Passive RC first-order equation,556083.685118427,NaN,NaN,4.72328958228172e-10,NaN,NaN,NaN,NaN,NaN,1,NaN,605.948068334105
1470,VCVS,BSF,VCVS_BSF_Maheshwari,Maheshwari VCVS equal-component active-filter equations,1186.57582393787,1186.57582393787,NaN,6.67314533768969e-12,6.67314533768969e-12,NaN,NaN,10072.2006226858,6434.56474488264,1.63884398116435,1.38444321546122,20099907.2076962
2805,ACTIVE_OTHER,BPF,ACTIVE_OTHER_STATE_VARIABLE_BPF,External state-variable/biquad active-filter canonical equation,491788.24606511,80712.4928311954,54035.3168616668,5.90029596063507e-10,5.40549742760916e-12,NaN,NaN,9567.43891254353,25316.0061945386,3.64605882785912,5.62936720407389,14145.0975900294
1044,VCVS,HPF,VCVS_HPF_Maheshwari,Maheshwari VCVS equal-component active-filter equations,1223.81225196047,1223.81225196047,NaN,2.26703266468815e-12,2.26703266468815e-12,NaN,NaN,9888.77011128084,8556.89509509196,1.86531439186057,0.881301386768907,57365073.8703082
1198,VCVS,HPF,VCVS_HPF_Maheshwari,Maheshwari VCVS equal-component active-filter equations,5640.21340152653,5640.21340152653,NaN,1.32375429820186e-12,1.32375429820186e-12,NaN,NaN,9908.05772439536,9676.86978978759,1.97666667463609,0.977198704678539,21316564.4823675
1870,MFB,HPF,MFB_HPF_Maheshwari,Maheshwari MFB active-filter equations,2591.58244191308,10177.9254573993,NaN,1.55359188872042e-10,2.32076175232169e-10,1.26867818902361e-11,NaN,NaN,NaN,-0.081660968896312,0.837986032075757,571106.322752605
1504,VCVS,BSF,VCVS_BSF_Maheshwari,Maheshwari VCVS equal-component active-filter equations,16289.9847632321,16289.9847632321,NaN,3.08092069282739e-12,3.08092069282739e-12,NaN,NaN,10075.9624875297,7492.9924216283,1.74365028957798,1.9504605609925,3171165.69285018
2000,MFB,HPF,MFB_HPF_Maheshwari,Maheshwari MFB active-filter equations,288802.66324472,60326.2237693973,NaN,1.1496578671288e-10,3.73768847074867e-11,1.29815204946579e-11,NaN,NaN,NaN,-0.112916380306069,2.58177566115068,54739.6646203548
395,PASSIVE,HPF,PASSIVE_RC_HPF,Passive RC first-order equation,3679.54648389322,NaN,NaN,1.53048090652551e-11,NaN,NaN,NaN,NaN,NaN,1,NaN,2826167.65684422
2874,ACTIVE_OTHER,BPF,ACTIVE_OTHER_STATE_VARIABLE_BPF,External state-variable/biquad active-filter canonical equation,8635.2084289851,2826.78396992272,49479.761214166,6.51596550128512e-10,1.33851266775735e-11,NaN,NaN,9814.81135337475,7898.05395264118,1.8047076676543,4.87030006497728,344934.614492178
1150,VCVS,HPF,VCVS_HPF_Maheshwari,Maheshwari VCVS equal-component active-filter equations,374500.797767098,374500.797767098,NaN,3.46870256652208e-11,3.46870256652208e-11,NaN,NaN,10056.7700831814,11456.9195143147,2.13922456410482,1.16174318910486,12251.8119640344
2689,ACTIVE_OTHER,HPF,ACTIVE_OTHER_STATE_VARIABLE_HPF,External state-variable/biquad active-filter canonical equation,423195.69140925,11801.7546851671,47973.993190274,1.35474600334393e-12,1.75949749512396e-10,NaN,NaN,10408.5213004002,19377.3832484612,2.86168454569201,5.01714716430873,145865.62450251
3145,ACTIVE_OTHER,BSF,ACTIVE_OTHER_STATE_VARIABLE_BSF,External state-variable/biquad active-filter canonical equation,65140.3828090462,1767.01197529186,5395.04960422283,2.82965095090846e-12,2.77643366286328e-10,NaN,NaN,9767.57201745926,12689.9640238241,2.2991932899129,0.542440715381754,529255.217331081
3137,ACTIVE_OTHER,BSF,ACTIVE_OTHER_STATE_VARIABLE_BSF,External state-variable/biquad active-filter canonical equation,1386.85651228347,29833.436779232,19311.869033827,3.76095554184923e-10,1.49964427121276e-11,NaN,NaN,10402.1860986714,32098.9512810414,4.08578898479247,1.93276045820249,329465.16084158
1455,VCVS,BSF,VCVS_BSF_Maheshwari,Maheshwari VCVS equal-component active-filter equations,203348.586164389,203348.586164389,NaN,1.19489976376681e-11,1.19489976376681e-11,NaN,NaN,9996.13959001811,3113.40667618039,1.31146090429643,0.726175177444478,65500.9349627301
2477,ACTIVE_OTHER,LPF,ACTIVE_OTHER_STATE_VARIABLE_LPF,External state-variable/biquad active-filter canonical equation,1903.46223222764,185521.898389194,26397.4842533559,3.45221655060831e-10,4.43391397032533e-10,NaN,NaN,9544.37491574437,25385.006637751,3.65968246866288,2.62040022775315,21647.5007514583
1368,VCVS,BPF,VCVS_BPF_Maheshwari,Maheshwari VCVS equal-component active-filter equations,63694.238406933,63694.238406933,NaN,1.76248713999724e-11,1.76248713999724e-11,NaN,NaN,9828.98831049269,910.015774392957,1.09258488723824,0.524269726767601,141773.162015574
1041,VCVS,HPF,VCVS_HPF_Maheshwari,Maheshwari VCVS equal-component active-filter equations,19036.2560390501,19036.2560390501,NaN,1.56482169941655e-10,1.56482169941655e-10,NaN,NaN,10121.3264939414,11191.2212694765,2.10570697192463,1.11820171756469,53428.5926059572
1552,VCVS,BSF,VCVS_BSF_Maheshwari,Maheshwari VCVS equal-component active-filter equations,19794.2751440094,19794.2751440094,NaN,1.16108234342989e-10,1.16108234342989e-10,NaN,NaN,9982.22437909059,4393.15898104992,1.44009819998157,0.893013739165587,69249.638098569
621,PASSIVE,BSF,PASSIVE_RLC_BSF,Passive RLC second-order equation,135784.05701158,NaN,NaN,6.12277987170566e-10,NaN,NaN,60.8972875392211,NaN,NaN,1,2.32260775076203,824.226994795901
2497,ACTIVE_OTHER,LPF,ACTIVE_OTHER_STATE_VARIABLE_LPF,External state-variable/biquad active-filter canonical equation,23361.0036006602,85417.4857567352,45113.0760117262,3.86616603976867e-12,3.95331014307844e-11,NaN,NaN,10333.6625344698,12629.2783240856,2.22214928946618,4.71862713923882,288190.922568202
2105,MFB,BPF,MFB_BPF_Maheshwari,Maheshwari MFB active-filter equations,371.960154198804,21403.9237804925,NaN,1.86360833163794e-10,3.41778829388945e-11,NaN,NaN,NaN,NaN,-78660811.5879358,2.74513398914346,706765.470393577
1492,VCVS,BSF,VCVS_BSF_Maheshwari,Maheshwari VCVS equal-component active-filter equations,3522.68453103783,3522.68453103783,NaN,2.51776709978174e-12,2.51776709978174e-12,NaN,NaN,9891.53495990552,3657.66062939547,1.36977684901499,0.793369775798496,17944477.8252501
2960,ACTIVE_OTHER,BPF,ACTIVE_OTHER_STATE_VARIABLE_BPF,External state-variable/biquad active-filter canonical equation,18567.6889050327,22079.9302532297,28401.9206880357,1.9497115483782e-10,1.35164100208562e-11,NaN,NaN,9662.1444617618,22595.4448225841,3.33855381815147,2.98458097742252,153118.087740651
2249,MFB,BSF,MFB_BSF_1_MINUS_BP,Maheshwari MFB BPF denominator + ADI 1-minus-BP notch construction,415.107173797597,14657.9711685577,NaN,2.17247968636937e-10,8.97898017560867e-11,NaN,NaN,NaN,NaN,1,2.70306430126846,461967.807100337
48,PASSIVE,LPF,PASSIVE_RC_LPF,Passive RC first-order equation,633436.04100196,NaN,NaN,5.51007399144877e-10,NaN,NaN,NaN,NaN,NaN,1,NaN,455.994842688978
2717,ACTIVE_OTHER,HPF,ACTIVE_OTHER_STATE_VARIABLE_HPF,External state-variable/biquad active-filter canonical equation,90932.4753891981,276627.447766958,25715.8031877957,3.20904678830461e-11,1.46348853906251e-12,NaN,NaN,9726.94430389395,12455.2671494823,2.28049125813295,2.53488457797491,146430.08092342
2843,ACTIVE_OTHER,BPF,ACTIVE_OTHER_STATE_VARIABLE_BPF,External state-variable/biquad active-filter canonical equation,806073.494550737,62152.1630584763,43337.1782487919,1.39709165583341e-12,1.41876340332744e-12,NaN,NaN,10347.6822892681,10795.6702655921,2.04329355732043,4.35990100122536,505053.341943946
3087,ACTIVE_OTHER,BSF,ACTIVE_OTHER_STATE_VARIABLE_BSF,External state-variable/biquad active-filter canonical equation,881454.406168689,337325.746544324,51879.0901521997,7.81148399934798e-11,3.35489112635407e-10,NaN,NaN,10103.8194841811,14780.6244831331,2.4628749559782,4.94710877245524,1802.97402841358
337,PASSIVE,HPF,PASSIVE_RC_HPF,Passive RC first-order equation,143219.430769524,NaN,NaN,3.20556099123595e-12,NaN,NaN,NaN,NaN,NaN,1,NaN,346668.310464105
1795,MFB,LPF,MFB_LPF_Maheshwari,Maheshwari MFB active-filter equations,1894.44003697527,6130.70617150927,4276.7391058221,6.87700404453995e-10,4.1446744840595e-11,NaN,NaN,NaN,NaN,-2.25752149571885,0.860194118378009,184104.179600844
2574,ACTIVE_OTHER,LPF,ACTIVE_OTHER_STATE_VARIABLE_LPF,External state-variable/biquad active-filter canonical equation,7728.21332105214,8814.98749592826,51213.5756905569,5.94766780157289e-11,1.01043491796068e-09,NaN,NaN,9855.53720781755,15902.8070749895,2.61359109500141,5.34317291692916,78657.8743596811
1113,VCVS,HPF,VCVS_HPF_Maheshwari,Maheshwari VCVS equal-component active-filter equations,42665.7398958413,42665.7398958413,NaN,4.75948221516743e-11,4.75948221516743e-11,NaN,NaN,9994.00303893402,5989.30725001565,1.59929011695142,0.713923712613171,78375.6475199215
168,PASSIVE,LPF,PASSIVE_RC_LPF,Passive RC first-order equation,30159.9642353681,NaN,NaN,3.35209141490395e-10,NaN,NaN,NaN,NaN,NaN,1,NaN,15742.4910721102
1705,MFB,LPF,MFB_LPF_Maheshwari,Maheshwari MFB active-filter equations,311045.891207609,8264909.03745956,244969.709793946,1.56503599654609e-10,3.59486050938706e-11,NaN,NaN,NaN,NaN,-0.787567740704987,0.19767592695915,1491.21997216816
844,VCVS,LPF,VCVS_LPF_Maheshwari,Maheshwari VCVS equal-component active-filter equations,735420.074057731,735420.074057731,NaN,1.154464247348e-12,1.154464247348e-12,NaN,NaN,9989.24434654904,6460.5510251092,1.64675072517784,0.738962154723057,187458.079614193
1901,MFB,HPF,MFB_HPF_Maheshwari,Maheshwari MFB active-filter equations,331717.300922229,3084.71764015781,NaN,1.89464034312839e-11,3.38403511367076e-11,2.31232467488822e-10,NaN,NaN,NaN,-12.2045573624288,0.264635695422698,56245.33715855
2145,MFB,BPF,MFB_BPF_Maheshwari,Maheshwari MFB active-filter equations,1570.65211868023,158077.383848431,NaN,1.68401334108756e-11,9.84966017128196e-11,NaN,NaN,NaN,NaN,-6463961.31449783,3.54250605692412,248005.819744403
2768,ACTIVE_OTHER,HPF,ACTIVE_OTHER_STATE_VARIABLE_HPF,External state-variable/biquad active-filter canonical equation,34197.0681343539,46593.413598709,30171.8721542469,3.59991826506688e-10,1.84292811269728e-11,NaN,NaN,10002.8584033634,24666.3835571426,3.46593349245537,2.92519153265945,48951.1514985312
527,PASSIVE,BPF,PASSIVE_RLC_BPF,Passive RLC second-order equation,83300.7920025966,NaN,NaN,5.84705624743721e-10,NaN,NaN,68.2349144049248,NaN,NaN,1,4.10096024402996,796.79788062662
389,PASSIVE,HPF,PASSIVE_RC_HPF,Passive RC first-order equation,803565.119264158,NaN,NaN,4.31473420221097e-12,NaN,NaN,NaN,NaN,NaN,1,NaN,45903.4161890345
2636,ACTIVE_OTHER,HPF,ACTIVE_OTHER_STATE_VARIABLE_HPF,External state-variable/biquad active-filter canonical equation,721815.032803313,198123.811754491,44384.681958342,2.72791001143623e-11,2.17342641167417e-11,NaN,NaN,9622.71228596576,26446.515815992,3.74834319369217,4.37841096148767,17284.2819801002
2261,MFB,BSF,MFB_BSF_1_MINUS_BP,Maheshwari MFB BPF denominator + ADI 1-minus-BP notch construction,1280305.50266318,235704802.950099,NaN,5.19886337459995e-11,1.04217952699026e-10,NaN,NaN,NaN,NaN,1,6.39371890694419,124.466832802559
1560,VCVS,BSF,VCVS_BSF_Maheshwari,Maheshwari VCVS equal-component active-filter equations,11539.1632120846,11539.1632120846,NaN,5.58874762772714e-12,5.58874762772714e-12,NaN,NaN,9998.31793166332,1686.40182405727,1.16866855360907,0.601444829460807,2467921.36074495
2787,ACTIVE_OTHER,HPF,ACTIVE_OTHER_STATE_VARIABLE_HPF,External state-variable/biquad active-filter canonical equation,4719.65644603941,84109.7969315153,12148.7477460043,1.61420748216993e-10,5.99372270857293e-10,NaN,NaN,10393.3925057589,25748.6141522066,3.47740226667468,1.16506050644006,25681.101340021
826,VCVS,LPF,VCVS_LPF_Maheshwari,Maheshwari VCVS equal-component active-filter equations,838202.254901498,838202.254901498,NaN,2.99376669626218e-10,2.99376669626218e-10,NaN,NaN,9964.05640397478,9953.87475403705,1.99897816215355,0.998979205240271,634.239599152683
158,PASSIVE,LPF,PASSIVE_RC_LPF,Passive RC first-order equation,1168.55263428465,NaN,NaN,1.45925449726151e-12,NaN,NaN,NaN,NaN,NaN,1,NaN,93334200.6631094
1292,VCVS,BPF,VCVS_BPF_Maheshwari,Maheshwari VCVS equal-component active-filter equations,214443.713770029,214443.713770029,NaN,2.92286778171148e-11,2.92286778171148e-11,NaN,NaN,10003.1641644739,5013.91113604445,1.50123251539261,0.66721490175773,25392.0428151799
2852,ACTIVE_OTHER,BPF,ACTIVE_OTHER_STATE_VARIABLE_BPF,External state-variable/biquad active-filter canonical equation,257378.159906265,443008.515811815,27598.547031435,1.60839206934979e-12,1.60111905580642e-12,NaN,NaN,9685.82931235219,29548.6961115554,4.05071410600561,2.6643065344445,293711.177137263
400,PASSIVE,HPF,PASSIVE_RC_HPF,Passive RC first-order equation,15576.5569474443,NaN,NaN,1.41918007059261e-12,NaN,NaN,NaN,NaN,NaN,1,NaN,7199646.29127323
2325,MFB,BSF,MFB_BSF_1_MINUS_BP,Maheshwari MFB BPF denominator + ADI 1-minus-BP notch construction,8293312.30174277,312120788.901939,NaN,3.83779896085728e-11,1.01665852252755e-11,NaN,NaN,NaN,NaN,1,2.49623403047266,158.367518028537
2329,MFB,BSF,MFB_BSF_1_MINUS_BP,Maheshwari MFB BPF denominator + ADI 1-minus-BP notch construction,77.0042951694582,11304.085576196,NaN,7.44342770779599e-10,1.07941776860542e-10,NaN,NaN,NaN,NaN,1,4.02955323387335,601815.916444978
1459,VCVS,BSF,VCVS_BSF_Maheshwari,Maheshwari VCVS equal-component active-filter equations,26248.0829432034,26248.0829432034,NaN,3.73454814727789e-12,3.73454814727789e-12,NaN,NaN,10151.4395692933,5840.68035879064,1.57535488626243,1.17745379335507,1623620.32379883
2251,MFB,BSF,MFB_BSF_1_MINUS_BP,Maheshwari MFB BPF denominator + ADI 1-minus-BP notch construction,167756.214784185,60721237.2507015,NaN,4.55828557977333e-11,5.81571065585522e-10,NaN,NaN,NaN,NaN,1,4.93922733624841,306.272748226148
667,PASSIVE,BSF,PASSIVE_RLC_BSF,Passive RLC second-order equation,137773.835620804,NaN,NaN,2.11187250882343e-10,NaN,NaN,59.2103802697244,NaN,NaN,1,3.84324727040765,1423.27020578498
247,PASSIVE,HPF,PASSIVE_RC_HPF,Passive RC first-order equation,176929.229872332,NaN,NaN,1.05478224415031e-12,NaN,NaN,NaN,NaN,NaN,1,NaN,852820.70178214
960,VCVS,LPF,VCVS_LPF_Maheshwari,Maheshwari VCVS equal-component active-filter equations,25524.0217230096,25524.0217230096,NaN,2.87954438641204e-12,2.87954438641204e-12,NaN,NaN,10049.1526792195,11838.3082610503,2.17804044171112,1.21660486810538,2165445.45464858
2147,MFB,BPF,MFB_BPF_Maheshwari,Maheshwari MFB active-filter equations,8799.13989897057,3340730.99605835,NaN,1.90939790849659e-11,4.83991984299315e-10,NaN,NaN,NaN,NaN,-234812.714022668,3.72328042894159,9656.32693369089
2718,ACTIVE_OTHER,HPF,ACTIVE_OTHER_STATE_VARIABLE_HPF,External state-variable/biquad active-filter canonical equation,852491.152936341,192465.732107764,22384.7060645253,2.59032505700573e-12,2.30389947431996e-10,NaN,NaN,10102.0963370645,28163.3927131935,3.78787607774657,2.23583837613532,16083.8341865754
1991,MFB,HPF,MFB_HPF_Maheshwari,Maheshwari MFB active-filter equations,100930.93763303,137711.984041542,NaN,2.1360832701026e-10,2.38018533100698e-10,1.26250929055704e-10,NaN,NaN,NaN,-0.591039360790648,0.434506780562781,7787.52460044261
153,PASSIVE,LPF,PASSIVE_RC_LPF,Passive RC first-order equation,177205.078016838,NaN,NaN,5.38720271627248e-12,NaN,NaN,NaN,NaN,NaN,1,NaN,166717.293258839
1270,VCVS,BPF,VCVS_BPF_Maheshwari,Maheshwari VCVS equal-component active-filter equations,33885.4898342981,33885.4898342981,NaN,1.68218684763752e-12,1.68218684763752e-12,NaN,NaN,10063.5333320986,8589.47048178615,1.85352432374713,0.872238304495384,2792107.47015865
2656,ACTIVE_OTHER,HPF,ACTIVE_OTHER_STATE_VARIABLE_HPF,External state-variable/biquad active-filter canonical equation,3993.06796030739,145746.08809113,14121.0854526257,5.94772352446149e-11,1.83498578505219e-10,NaN,NaN,9538.84847160799,35478.128434722,4.71933033010444,1.47850466838325,63150.470260674
1317,VCVS,BPF,VCVS_BPF_Maheshwari,Maheshwari VCVS equal-component active-filter equations,142173.310798432,142173.310798432,NaN,4.43622632878686e-11,4.43622632878686e-11,NaN,NaN,10104.8525319959,4324.66741617168,1.42797927060074,0.636123927183929,25234.1313678672
915,VCVS,LPF,VCVS_LPF_Maheshwari,Maheshwari VCVS equal-component active-filter equations,22627.6130348581,22627.6130348581,NaN,5.69311981639865e-11,5.69311981639865e-11,NaN,NaN,9996.39957568463,2029.98638404445,1.20307175285212,0.556505248101708,123546.675801147
1018,VCVS,HPF,VCVS_HPF_Maheshwari,Maheshwari VCVS equal-component active-filter equations,44563.7714890259,44563.7714890259,NaN,4.7501290494297e-11,4.7501290494297e-11,NaN,NaN,10019.7346498458,6355.99807792007,1.63434794433582,0.732250938921374,75185.2736083053
1621,MFB,LPF,MFB_LPF_Maheshwari,Maheshwari MFB active-filter equations,6964.04738728531,4039.03609902848,20088.0050352517,9.84372725231586e-11,2.20341107776439e-10,NaN,NaN,NaN,NaN,-2.88453020465191,0.168277524027467,119973.494762981
2720,ACTIVE_OTHER,HPF,ACTIVE_OTHER_STATE_VARIABLE_HPF,External state-variable/biquad active-filter canonical equation,23093.4554412187,109259.956881877,20451.3456836781,1.35301448499469e-11,5.39466110374453e-12,NaN,NaN,10362.5075393986,22500.2461569281,3.17131288651722,2.12706649397277,370861.586887377
2163,MFB,BPF,MFB_BPF_Maheshwari,Maheshwari MFB active-filter equations,55273.4353833298,387472.254929684,NaN,1.81260951908047e-10,2.54232005677772e-10,NaN,NaN,NaN,NaN,-71162.8476363825,1.3051131928731,5066.10699271987
236,PASSIVE,HPF,PASSIVE_RC_HPF,Passive RC first-order equation,58173.4869634725,NaN,NaN,8.53429026944899e-10,NaN,NaN,NaN,NaN,NaN,1,NaN,3205.73504598581
2416,ACTIVE_OTHER,LPF,ACTIVE_OTHER_STATE_VARIABLE_LPF,External state-variable/biquad active-filter canonical equation,1633.45048841005,14666.5948666233,8603.28414088224,5.30711336282605e-12,3.54184604043176e-11,NaN,NaN,9533.9240838532,6658.95447058743,1.6984484470424,0.902018343725001,2371693.01479861
2276,MFB,BSF,MFB_BSF_1_MINUS_BP,Maheshwari MFB BPF denominator + ADI 1-minus-BP notch construction,315866.363997809,14920979.5826773,NaN,1.21897100956652e-11,3.87055762564927e-10,NaN,NaN,NaN,NaN,1,1.18247082648935,1067.29952373138
123,PASSIVE,LPF,PASSIVE_RC_LPF,Passive RC first-order equation,486911.488278296,NaN,NaN,7.57161700691941e-12,NaN,NaN,NaN,NaN,NaN,1,NaN,43169.9426894904
2483,ACTIVE_OTHER,LPF,ACTIVE_OTHER_STATE_VARIABLE_LPF,External state-variable/biquad active-filter canonical equation,511463.083226539,2296.13650553268,15231.5625869784,2.73626962354599e-12,6.37395824576022e-11,NaN,NaN,9684.55857330889,27601.9654641447,3.85010052396368,1.55152119740628,351665.757485813
790,PASSIVE,BSF,PASSIVE_RLC_BSF,Passive RLC second-order equation,6777.85299554807,NaN,NaN,1.85692729503375e-10,NaN,NaN,0.0124310212095563,NaN,NaN,1,1.20715714293872,104753.677406522
2663,ACTIVE_OTHER,HPF,ACTIVE_OTHER_STATE_VARIABLE_HPF,External state-variable/biquad active-filter canonical equation,43845.1200085566,13032.1476883722,23491.2448267817,7.57306913408316e-11,1.5344481314074e-11,NaN,NaN,10457.9363874591,10493.0959256167,2.00336199579486,2.42728795163224,195316.72630998
2448,ACTIVE_OTHER,LPF,ACTIVE_OTHER_STATE_VARIABLE_LPF,External state-variable/biquad active-filter canonical equation,3873.61450992979,8044.37149846731,32482.1439412873,7.42581418218542e-12,6.02071028983927e-12,NaN,NaN,10297.227628919,35520.1793773636,4.44948957694281,3.35656363861323,4264027.22717378
470,PASSIVE,BPF,PASSIVE_RLC_BPF,Passive RLC second-order equation,6142.87063397024,NaN,NaN,1.2947985058539e-10,NaN,NaN,0.0284208215501024,NaN,NaN,1,2.41182531739587,82966.1090455989
795,PASSIVE,BSF,PASSIVE_RLC_BSF,Passive RLC second-order equation,12537.3040200358,NaN,NaN,9.86873373979019e-11,NaN,NaN,0.243695716140073,NaN,NaN,1,3.96359319637372,32453.7934871572
20,PASSIVE,LPF,PASSIVE_RC_LPF,Passive RC first-order equation,1166.30927029723,NaN,NaN,8.1983148193199e-12,NaN,NaN,NaN,NaN,NaN,1,NaN,16644923.8507016
540,PASSIVE,BPF,PASSIVE_RLC_BPF,Passive RLC second-order equation,934.560720839049,NaN,NaN,1.07373634550413e-10,NaN,NaN,0.000407685264372888,NaN,NaN,1,2.08500046551225,760691.9098693
1028,VCVS,HPF,VCVS_HPF_Maheshwari,Maheshwari VCVS equal-component active-filter equations,1016105.79401776,1016105.79401776,NaN,1.86144901085765e-11,1.86144901085765e-11,NaN,NaN,10034.8228188878,8712.62284344096,1.86823883198434,0.883578645619484,8414.53380258034
2755,ACTIVE_OTHER,HPF,ACTIVE_OTHER_STATE_VARIABLE_HPF,External state-variable/biquad active-filter canonical equation,260366.768272806,36288.0700393955,14325.6056946358,8.97271029903044e-11,2.75963028176164e-11,NaN,NaN,10496.1754062891,29265.2141676806,3.78817883989873,1.43422597332045,32904.7159340127
2054,MFB,BPF,MFB_BPF_Maheshwari,Maheshwari MFB active-filter equations,1450665.12781124,38443778.0772635,NaN,5.16576989750871e-10,1.57622896216734e-11,NaN,NaN,NaN,NaN,-43733.428523699,0.872605835404304,236.181749386149
2139,MFB,BPF,MFB_BPF_Maheshwari,Maheshwari MFB active-filter equations,154.02785473409,57488.0136280445,NaN,2.41754420919165e-11,5.73489048126358e-10,NaN,NaN,NaN,NaN,-11320760.5529744,3.80611005047964,454236.543269488
1449,VCVS,BSF,VCVS_BSF_Maheshwari,Maheshwari VCVS equal-component active-filter equations,64535.9125300178,64535.9125300178,NaN,5.93404090874003e-10,5.93404090874003e-10,NaN,NaN,10095.4934219503,5493.34706387443,1.54413854125549,1.09682446368038,4155.92920007445
796,PASSIVE,BSF,PASSIVE_RLC_BSF,Passive RLC second-order equation,1597728.7663542,NaN,NaN,1.89584117704603e-12,NaN,NaN,7.88040662641952,NaN,NaN,1,1.27605761436079,41176.0651121828
1727,MFB,LPF,MFB_LPF_Maheshwari,Maheshwari MFB active-filter equations,249413.194351366,55074.6448853234,337595.416809801,5.00375693953902e-10,5.13337628876684e-11,NaN,NaN,NaN,NaN,-1.35355877096946,0.911175843713784,7282.76598330061
2821,ACTIVE_OTHER,BPF,ACTIVE_OTHER_STATE_VARIABLE_BPF,External state-variable/biquad active-filter canonical equation,1511.99265942437,2053.02006500638,12667.1283772136,5.45492404056622e-11,2.2461753210329e-11,NaN,NaN,9526.29534786695,14580.3903545691,2.53054149825765,1.27338824487113,2580670.2420123
2925,ACTIVE_OTHER,BPF,ACTIVE_OTHER_STATE_VARIABLE_BPF,External state-variable/biquad active-filter canonical equation,658603.548567312,2255.92356943053,38900.1567468683,6.63000228131221e-10,1.13924503961112e-12,NaN,NaN,10184.1399681848,28525.499071699,3.80097280288885,3.93699128013352,150238.242848895
1983,MFB,HPF,MFB_HPF_Maheshwari,Maheshwari MFB active-filter equations,31513.9816039028,799.446037856461,NaN,1.46565843190248e-11,6.44073997216433e-11,2.63390096197592e-11,NaN,NaN,NaN,-1.79707693460134,1.36522756628558,769850.351452471
3107,ACTIVE_OTHER,BSF,ACTIVE_OTHER_STATE_VARIABLE_BSF,External state-variable/biquad active-filter canonical equation,68050.2362264888,479808.441563956,25556.0044121904,6.94658028793046e-11,9.44638398221623e-11,NaN,NaN,9665.04248170166,9925.43167993506,2.02694134027102,2.51535369496183,10873.0915183484
1979,MFB,HPF,MFB_HPF_Maheshwari,Maheshwari MFB active-filter equations,2952.59825285565,3232.71200300377,NaN,1.16557894906735e-10,8.1774596723642e-10,9.97210998482755e-11,NaN,NaN,NaN,-0.855549938749912,0.308492790653589,180397.996153203
2680,ACTIVE_OTHER,HPF,ACTIVE_OTHER_STATE_VARIABLE_HPF,External state-variable/biquad active-filter canonical equation,587262.264461587,12033.76590002,45783.3545956197,1.90291423045545e-11,6.08134075557451e-10,NaN,NaN,9775.51972365404,18237.3359110745,2.86561292152531,4.59495244619813,17599.2446372709
2048,MFB,BPF,MFB_BPF_Maheshwari,Maheshwari MFB active-filter equations,1947.27895205795,2800385.05417081,NaN,1.17562460028954e-11,7.08738413786804e-10,NaN,NaN,NaN,NaN,-724579.192033879,4.80442417138091,23611.2974569598
17,PASSIVE,LPF,PASSIVE_RC_LPF,Passive RC first-order equation,216773.855935611,NaN,NaN,6.7483358469702e-12,NaN,NaN,NaN,NaN,NaN,1,NaN,108796.904928125
1507,VCVS,BSF,VCVS_BSF_Maheshwari,Maheshwari VCVS equal-component active-filter equations,149604.34365482,149604.34365482,NaN,1.26315682899099e-11,1.26315682899099e-11,NaN,NaN,9943.56651572099,4382.17657103882,1.44070470732111,0.893982135277988,84220.6626553998
1165,VCVS,HPF,VCVS_HPF_Maheshwari,Maheshwari VCVS equal-component active-filter equations,10179.1767733255,10179.1767733255,NaN,2.22346065076239e-12,2.22346065076239e-12,NaN,NaN,10072.8363017499,13373.9647103181,2.3277258072778,1.48748830585147,7031986.48146387
2502,ACTIVE_OTHER,LPF,ACTIVE_OTHER_STATE_VARIABLE_LPF,External state-variable/biquad active-filter canonical equation,65043.4219265236,13759.7342981453,5914.42836046498,2.77769594060318e-12,3.11419649357613e-10,NaN,NaN,9765.29359816243,7595.41739164123,1.77779713587623,0.58329355068441,180883.127885096
358,PASSIVE,HPF,PASSIVE_RC_HPF,Passive RC first-order equation,330428.929351328,NaN,NaN,1.8944795962012e-12,NaN,NaN,NaN,NaN,NaN,1,NaN,254244.833398173
2629,ACTIVE_OTHER,HPF,ACTIVE_OTHER_STATE_VARIABLE_HPF,External state-variable/biquad active-filter canonical equation,1298.10507935338,3776.56349134763,52623.0504426198,7.15916926258794e-12,7.56315330440001e-12,NaN,NaN,9845.13469089005,28452.0246264572,3.88995788475953,5.37984609070962,9768638.64494497
430,PASSIVE,BPF,PASSIVE_RLC_BPF,Passive RLC second-order equation,7366956.71720192,NaN,NaN,5.05245434952386e-11,NaN,NaN,16849.3001115953,NaN,NaN,1,2.47885780798338,172.495591269386
2818,ACTIVE_OTHER,BPF,ACTIVE_OTHER_STATE_VARIABLE_BPF,External state-variable/biquad active-filter canonical equation,37759.2850938938,7327.74261566231,23362.8662729034,5.00520353567163e-10,1.97108572901073e-12,NaN,NaN,10477.6235449772,29514.7727518741,3.81693388058621,2.36952283466625,304620.775011968
685,PASSIVE,BSF,PASSIVE_RLC_BSF,Passive RLC second-order equation,5069866.7518884,NaN,NaN,4.62050249614583e-12,NaN,NaN,343.62031532467,NaN,NaN,1,1.70097631435623,3994.25797538141
608,PASSIVE,BSF,PASSIVE_RLC_BSF,Passive RLC second-order equation,13510003.5816993,NaN,NaN,3.48019640703951e-11,NaN,NaN,34121.4361846834,NaN,NaN,1,2.3176951391701,146.051022979036
218,PASSIVE,HPF,PASSIVE_RC_HPF,Passive RC first-order equation,3361.56667004645,NaN,NaN,5.81717272890569e-12,NaN,NaN,NaN,NaN,NaN,1,NaN,8138913.69267925
336,PASSIVE,HPF,PASSIVE_RC_HPF,Passive RC first-order equation,1363.69767156481,NaN,NaN,2.64504812873759e-10,NaN,NaN,NaN,NaN,NaN,1,NaN,441233.475326522
2378,MFB,BSF,MFB_BSF_1_MINUS_BP,Maheshwari MFB BPF denominator + ADI 1-minus-BP notch construction,33168.7327595293,883841.160131491,NaN,8.58050630230144e-11,3.25827089167687e-11,NaN,NaN,NaN,NaN,1,2.30550397901799,17579.9861708716
2685,ACTIVE_OTHER,HPF,ACTIVE_OTHER_STATE_VARIABLE_HPF,External state-variable/biquad active-filter canonical equation,13500.9215809699,28623.8570386991,29723.4934073239,2.25519947973998e-12,1.66499720231652e-11,NaN,NaN,9741.31088556628,16467.7879043185,2.69051045570456,3.08014881517998,1321219.91667735
1447,VCVS,BSF,VCVS_BSF_Maheshwari,Maheshwari VCVS equal-component active-filter equations,55260.2236439308,55260.2236439308,NaN,3.65599234252063e-11,3.65599234252063e-11,NaN,NaN,10029.2904983144,7041.11090724483,1.7020547374142,1.67816059789173,78777.5039201729
1756,MFB,LPF,MFB_LPF_Maheshwari,Maheshwari MFB active-filter equations,103404.420378939,1111046.26785453,99934.4603093399,1.32506740528263e-10,1.05583981111562e-11,NaN,NaN,NaN,NaN,-0.966442826555356,0.516661667263726,12769.6331615043
989,VCVS,LPF,VCVS_LPF_Maheshwari,Maheshwari VCVS equal-component active-filter equations,9173.91650032075,9173.91650032075,NaN,3.18160168886016e-10,3.18160168886016e-10,NaN,NaN,9855.06760816432,10061.4011866893,2.0209367999012,1.02138452338837,54527.9964158039
2844,ACTIVE_OTHER,BPF,ACTIVE_OTHER_STATE_VARIABLE_BPF,External state-variable/biquad active-filter canonical equation,714866.674150773,14125.118793097,52328.9301432211,1.80519153017521e-10,3.25284150490889e-11,NaN,NaN,10397.5421257889,30509.3606622907,3.93428584305695,5.20588960860727,20668.9519894686
966,VCVS,LPF,VCVS_LPF_Maheshwari,Maheshwari VCVS equal-component active-filter equations,136342.760722456,136342.760722456,NaN,5.17530384253819e-12,5.17530384253819e-12,NaN,NaN,10079.6869776586,8746.09113366579,1.86769471641841,0.883154052621661,225554.863406929
2125,MFB,BPF,MFB_BPF_Maheshwari,Maheshwari MFB active-filter equations,107.537398119265,14939.9677367947,NaN,6.78892014855578e-11,2.50229174980916e-10,NaN,NaN,NaN,NaN,-37162295.4290718,4.82920489873031,963376.875177804
1595,VCVS,BSF,VCVS_BSF_Maheshwari,Maheshwari VCVS equal-component active-filter equations,494404.865486171,494404.865486171,NaN,1.69897958726833e-11,1.69897958726833e-11,NaN,NaN,10077.173601953,5884.0855264209,1.58390236775126,1.20164106029113,18947.3830281035
1155,VCVS,HPF,VCVS_HPF_Maheshwari,Maheshwari VCVS equal-component active-filter equations,40218.6444003124,40218.6444003124,NaN,2.90100418879681e-11,2.90100418879681e-11,NaN,NaN,9864.85027707749,3825.3236926704,1.3877731121332,0.62026009336883,136409.415326596
1450,VCVS,BSF,VCVS_BSF_Maheshwari,Maheshwari VCVS equal-component active-filter equations,7951.42755861286,7951.42755861286,NaN,8.43953432428425e-12,8.43953432428425e-12,NaN,NaN,9855.21692196314,4333.16935904239,1.43968279880127,0.892351687455447,2371682.45678766
499,PASSIVE,BPF,PASSIVE_RLC_BPF,Passive RLC second-order equation,2769.33260625259,NaN,NaN,4.62857777668187e-10,NaN,NaN,0.00176633281254176,NaN,NaN,1,0.705403103946417,176019.215216735
612,PASSIVE,BSF,PASSIVE_RLC_BSF,Passive RLC second-order equation,52426.1078846028,NaN,NaN,1.10202600082e-10,NaN,NaN,7.90880547569556,NaN,NaN,1,5.10989421431126,5390.99295297138
1,PASSIVE,LPF,PASSIVE_RC_LPF,Passive RC first-order equation,436691.111894291,NaN,NaN,2.48363765082455e-12,NaN,NaN,NaN,NaN,NaN,1,NaN,146743.050859023
1010,VCVS,HPF,VCVS_HPF_Maheshwari,Maheshwari VCVS equal-component active-filter equations,2982.12695076213,2982.12695076213,NaN,5.81768411807845e-11,5.81768411807845e-11,NaN,NaN,10026.4387679344,671.156439826281,1.06693866639596,0.517314159988695,917368.592348225
135,PASSIVE,LPF,PASSIVE_RC_LPF,Passive RC first-order equation,13450.1348886276,NaN,NaN,1.74664103368703e-12,NaN,NaN,NaN,NaN,NaN,1,NaN,6774696.32913858
1645,MFB,LPF,MFB_LPF_Maheshwari,Maheshwari MFB active-filter equations,120423.309212292,21351.3385784859,286527.513350536,5.77877242556605e-10,1.92701705109157e-11,NaN,NaN,NaN,NaN,-2.37933598756552,1.19416003796876,19282.5221053096
1670,MFB,LPF,MFB_LPF_Maheshwari,Maheshwari MFB active-filter equations,246502.458748871,282396.100046273,479679.307142223,6.31093855831448e-11,8.92606716795783e-11,NaN,NaN,NaN,NaN,-1.94594126799727,0.235949896720019,5761.5354855619
953,VCVS,LPF,VCVS_LPF_Maheshwari,Maheshwari VCVS equal-component active-filter equations,854701.324250116,854701.324250116,NaN,6.00943040531117e-12,6.00943040531117e-12,NaN,NaN,9838.73346389046,2883.00418120479,1.29302594605147,0.585831985955983,30986.4943195973
1021,VCVS,HPF,VCVS_HPF_Maheshwari,Maheshwari VCVS equal-component active-filter equations,9178.80565295569,9178.80565295569,NaN,2.93537194111215e-11,2.93537194111215e-11,NaN,NaN,9947.38050604533,13575.7654344082,2.36475783007976,1.57420279595979,590705.233559841
1394,VCVS,BPF,VCVS_BPF_Maheshwari,Maheshwari VCVS equal-component active-filter equations,10439.7625633813,10439.7625633813,NaN,5.07110831630974e-12,5.07110831630974e-12,NaN,NaN,9924.03433229608,9404.72032779049,1.94767107941016,0.95027322772759,3006260.58785293
246,PASSIVE,HPF,PASSIVE_RC_HPF,Passive RC first-order equation,113867.849325461,NaN,NaN,6.11897440939409e-11,NaN,NaN,NaN,NaN,NaN,1,NaN,22842.3287004725
1859,MFB,HPF,MFB_HPF_Maheshwari,Maheshwari MFB active-filter equations,83551.4356828461,7246.68399623348,NaN,4.16265640256891e-11,8.27970999740101e-11,4.30508509988734e-11,NaN,NaN,NaN,-1.03421581882918,1.17043102374673,108336.569206007
1016,VCVS,HPF,VCVS_HPF_Maheshwari,Maheshwari VCVS equal-component active-filter equations,5945.70183859702,5945.70183859702,NaN,3.21619759045499e-11,3.21619759045499e-11,NaN,NaN,9959.95761008388,928.646713618042,1.09323801867167,0.524449307146012,832289.24518357
1867,MFB,HPF,MFB_HPF_Maheshwari,Maheshwari MFB active-filter equations,680100.870140418,228.227220163163,NaN,8.86961134081935e-11,3.88065871007797e-10,3.87578987136613e-10,NaN,NaN,NaN,-4.36974036678375,5.60525078313893,32939.4929415975
2103,MFB,BPF,MFB_BPF_Maheshwari,Maheshwari MFB active-filter equations,36086.6317773254,4653509.78034347,NaN,6.08598574752213e-11,1.50999373814786e-11,NaN,NaN,NaN,NaN,-1835179.31524596,4.53196343168901,12811.6068626719
1502,VCVS,BSF,VCVS_BSF_Maheshwari,Maheshwari VCVS equal-component active-filter equations,262414.480855877,262414.480855877,NaN,4.97445281697428e-10,4.97445281697428e-10,NaN,NaN,9830.29553607626,6388.60398803373,1.64988931050833,1.42811977756509,1219.23386967215
1287,VCVS,BPF,VCVS_BPF_Maheshwari,Maheshwari VCVS equal-component active-filter equations,51523.2639590329,51523.2639590329,NaN,3.60602674443961e-10,3.60602674443961e-10,NaN,NaN,9895.52098742382,12315.3869802908,2.24454154520437,1.32369952795158,8566.19232546552
601,PASSIVE,BSF,PASSIVE_RLC_BSF,Passive RLC second-order equation,25196153.314012,NaN,NaN,2.15439128260226e-11,NaN,NaN,82393.3281361266,NaN,NaN,1,2.45442343551449,119.457058687645
3147,ACTIVE_OTHER,BSF,ACTIVE_OTHER_STATE_VARIABLE_BSF,External state-variable/biquad active-filter canonical equation,511123.109655772,100321.639607538,29758.8589014964,2.75868881382241e-10,1.65005391828177e-10,NaN,NaN,9693.20421305675,33064.0276304873,4.41105241401497,2.84913828289057,3294.27338419104
951,VCVS,LPF,VCVS_LPF_Maheshwari,Maheshwari VCVS equal-component active-filter equations,62224.7950983135,62224.7950983135,NaN,2.39689091494616e-10,2.39689091494616e-10,NaN,NaN,10043.735343781,12978.7610640632,2.2922245180524,1.41287742441753,10671.0802801058
3062,ACTIVE_OTHER,BSF,ACTIVE_OTHER_STATE_VARIABLE_BSF,External state-variable/biquad active-filter canonical equation,28459.5443242552,5305.11925178703,8046.24074086334,1.72273692845052e-10,4.91051655334364e-11,NaN,NaN,9522.42597510927,32867.9265337954,4.45163371389907,0.821425727193494,140826.865798824
1651,MFB,LPF,MFB_LPF_Maheshwari,Maheshwari MFB active-filter equations,8493.49757039614,95084.0560514216,9623.70245547196,7.67012948254207e-10,6.29797236164969e-11,NaN,NaN,NaN,NaN,-1.1330670758081,0.496913374112491,23938.3088244946
2630,ACTIVE_OTHER,HPF,ACTIVE_OTHER_STATE_VARIABLE_HPF,External state-variable/biquad active-filter canonical equation,772378.729772331,350819.53332986,23755.9969127587,2.29736760813868e-10,3.97243645807312e-10,NaN,NaN,9798.8395017431,6352.6136255919,1.6483026509886,2.39669371605105,1012.09054908536
128,PASSIVE,LPF,PASSIVE_RC_LPF,Passive RC first-order equation,19888.2140317463,NaN,NaN,1.10232026789133e-12,NaN,NaN,NaN,NaN,NaN,1,NaN,7259664.55540927
381,PASSIVE,HPF,PASSIVE_RC_HPF,Passive RC first-order equation,25809.4869579078,NaN,NaN,4.46287797963373e-11,NaN,NaN,NaN,NaN,NaN,1,NaN,138173.814480057
954,VCVS,LPF,VCVS_LPF_Maheshwari,Maheshwari VCVS equal-component active-filter equations,5607.71572753068,5607.71572753068,NaN,2.92734567905399e-12,2.92734567905399e-12,NaN,NaN,10148.6193056117,6203.31218879403,1.61124690975096,0.720070404898737,9695275.00353689
2364,MFB,BSF,MFB_BSF_1_MINUS_BP,Maheshwari MFB BPF denominator + ADI 1-minus-BP notch construction,209793.257773661,212223993.116551,NaN,4.77549062867682e-10,1.3067145788937e-11,NaN,NaN,NaN,NaN,1,5.12104924600198,301.944943029948
2889,ACTIVE_OTHER,BPF,ACTIVE_OTHER_STATE_VARIABLE_BPF,External state-variable/biquad active-filter canonical equation,172038.361848181,16594.1080366564,14315.6227613705,4.56450047083872e-10,9.27760778586925e-11,NaN,NaN,10116.4228874507,12978.9794777696,2.28296134139172,1.45333931441992,14474.910706969
2083,MFB,BPF,MFB_BPF_Maheshwari,Maheshwari MFB active-filter equations,13868.5022739332,1742336.09629813,NaN,2.68464491583737e-10,3.56507786677766e-11,NaN,NaN,NaN,NaN,-2022560.01864722,3.60571083093335,10465.5353175167
532,PASSIVE,BPF,PASSIVE_RLC_BPF,Passive RLC second-order equation,220185.624848347,NaN,NaN,2.33349447947958e-12,NaN,NaN,0.52347715894241,NaN,NaN,1,2.15107977764059,144001.784633156
2047,MFB,BPF,MFB_BPF_Maheshwari,Maheshwari MFB active-filter equations,271.247661611926,87686.5279752141,NaN,9.64845735897896e-12,4.74402727908137e-10,NaN,NaN,NaN,NaN,-7771177.33476888,2.51301266580717,482356.531264053
943,VCVS,LPF,VCVS_LPF_Maheshwari,Maheshwari VCVS equal-component active-filter equations,59502.6629615492,59502.6629615492,NaN,3.60739973661979e-10,3.60739973661979e-10,NaN,NaN,10016.0850598743,4654.26228516066,1.46467878990028,0.651329502531297,7414.62958942503
129,PASSIVE,LPF,PASSIVE_RC_LPF,Passive RC first-order equation,20739.1009102221,NaN,NaN,5.47802267732012e-10,NaN,NaN,NaN,NaN,NaN,1,NaN,14008.97567298
2765,ACTIVE_OTHER,HPF,ACTIVE_OTHER_STATE_VARIABLE_HPF,External state-variable/biquad active-filter canonical equation,1172.76200011264,11457.9573662274,17980.8349342325,1.47066468707773e-11,1.34893522525123e-10,NaN,NaN,9982.39903148532,12301.2591294887,2.23229487127188,1.7658800513427,974785.830901064
686,PASSIVE,BSF,PASSIVE_RLC_BSF,Passive RLC second-order equation,303724.558626598,NaN,NaN,7.82023998027055e-10,NaN,NaN,381.480173976745,NaN,NaN,1,2.29956683314477,291.38963898093
181,PASSIVE,LPF,PASSIVE_RC_LPF,Passive RC first-order equation,94450.9161731211,NaN,NaN,2.40834987546042e-10,NaN,NaN,NaN,NaN,NaN,1,NaN,6996.7181091888
1393,VCVS,BPF,VCVS_BPF_Maheshwari,Maheshwari VCVS equal-component active-filter equations,8490.16964962467,8490.16964962467,NaN,2.99943818179492e-10,2.99943818179492e-10,NaN,NaN,10154.2822079417,9242.53028294199,1.91021010581264,0.917608068613704,62497.6730444169
369,PASSIVE,HPF,PASSIVE_RC_HPF,Passive RC first-order equation,396203.426835311,NaN,NaN,8.55304421471619e-12,NaN,NaN,NaN,NaN,NaN,1,NaN,46965.7418904515
1841,MFB,HPF,MFB_HPF_Maheshwari,Maheshwari MFB active-filter equations,5569.96707112283,36.1382872082573,NaN,1.05456990835845e-11,5.15575167392689e-10,2.46367711154077e-10,NaN,NaN,NaN,-23.3619136295644,0.245177120959313,995341.575869824
869,VCVS,LPF,VCVS_LPF_Maheshwari,Maheshwari VCVS equal-component active-filter equations,11951.0846347988,11951.0846347988,NaN,2.74643758715042e-10,2.74643758715042e-10,NaN,NaN,10142.5134377972,5121.28763925197,1.504932793105,0.668866252559195,48488.9830169975
309,PASSIVE,HPF,PASSIVE_RC_HPF,Passive RC first-order equation,2091.83009813944,NaN,NaN,2.97507205406991e-12,NaN,NaN,NaN,NaN,NaN,1,NaN,25573857.1889948
488,PASSIVE,BPF,PASSIVE_RLC_BPF,Passive RLC second-order equation,143.762342642558,NaN,NaN,2.5077963603581e-10,NaN,NaN,0.00014910120467883,NaN,NaN,1,5.36351255093587,823063.649542559
343,PASSIVE,HPF,PASSIVE_RC_HPF,Passive RC first-order equation,42625.2234110897,NaN,NaN,3.55044048107029e-10,NaN,NaN,NaN,NaN,NaN,1,NaN,10516.5000143355
961,VCVS,LPF,VCVS_LPF_Maheshwari,Maheshwari VCVS equal-component active-filter equations,10304.5425773344,10304.5425773344,NaN,2.50230994953555e-12,2.50230994953555e-12,NaN,NaN,10145.6076112129,7445.81627224349,1.73389554944096,0.789824251512946,6172346.67895678
1706,MFB,LPF,MFB_LPF_Maheshwari,Maheshwari MFB active-filter equations,13980.3940461462,26188.6439616497,25971.3801903772,4.42546392052649e-10,6.43177907598016e-11,NaN,NaN,NaN,NaN,-1.85770015527827,0.678596090673703,36171.8856768633
370,PASSIVE,HPF,PASSIVE_RC_HPF,Passive RC first-order equation,445026.234115524,NaN,NaN,2.14708953429602e-10,NaN,NaN,NaN,NaN,NaN,1,NaN,1665.6523558216
1853,MFB,HPF,MFB_HPF_Maheshwari,Maheshwari MFB active-filter equations,75598.469799605,278.097076029235,NaN,5.27433173337547e-10,8.35724245710575e-11,9.05165230072518e-11,NaN,NaN,NaN,-0.171617045690304,11.9111016818472,399089.209261119
1343,VCVS,BPF,VCVS_BPF_Maheshwari,Maheshwari VCVS equal-component active-filter equations,58297.9190124599,58297.9190124599,NaN,2.66528086947258e-10,2.66528086947258e-10,NaN,NaN,10027.835674182,771.060554001651,1.07689202127502,0.519991602688374,10242.9274580543
739,PASSIVE,BSF,PASSIVE_RLC_BSF,Passive RLC second-order equation,108261644.012538,NaN,NaN,3.89146321939698e-12,NaN,NaN,311891.759931269,NaN,NaN,1,2.61499502935067,144.464692044004
1808,MFB,HPF,MFB_HPF_Maheshwari,Maheshwari MFB active-filter equations,4331.22258371759,4917.36501250936,NaN,3.07480421822137e-10,6.40480076402339e-11,2.17058036402072e-11,NaN,NaN,NaN,-0.0705924738608658,1.26057896288299,924927.963050053
950,VCVS,LPF,VCVS_LPF_Maheshwari,Maheshwari VCVS equal-component active-filter equations,639771.797894624,639771.797894624,NaN,8.01607690345028e-10,8.01607690345028e-10,NaN,NaN,10196.4056855653,1610.44047973486,1.15794197773189,0.542871064815162,310.33671937409
1982,MFB,HPF,MFB_HPF_Maheshwari,Maheshwari MFB active-filter equations,14769.8768308275,914.264183117271,NaN,4.82669163371855e-10,8.68121575479543e-10,2.53498972228423e-11,NaN,NaN,NaN,-0.0525202336228643,8.24976336439695,291956.040580644
308,PASSIVE,HPF,PASSIVE_RC_HPF,Passive RC first-order equation,217941.905834858,NaN,NaN,2.4109084425626e-10,NaN,NaN,NaN,NaN,NaN,1,NaN,3028.99578861892
700,PASSIVE,BSF,PASSIVE_RLC_BSF,Passive RLC second-order equation,38651.6705129284,NaN,NaN,2.20034237641833e-10,NaN,NaN,7.46269245822487,NaN,NaN,1,4.76468695215771,3927.59978829824
632,PASSIVE,BSF,PASSIVE_RLC_BSF,Passive RLC second-order equation,595182.117910111,NaN,NaN,4.36444371843195e-12,NaN,NaN,3.37051743845329,NaN,NaN,1,1.47650174997519,41496.1107135267
332,PASSIVE,HPF,PASSIVE_RC_HPF,Passive RC first-order equation,1295.97112797057,NaN,NaN,7.86818670902361e-10,NaN,NaN,NaN,NaN,NaN,1,NaN,156081.039332288
1829,MFB,HPF,MFB_HPF_Maheshwari,Maheshwari MFB active-filter equations,2443.57835814883,190852.410115335,NaN,1.00825728442539e-09,1.75638139068162e-10,3.65692040403444e-11,NaN,NaN,NaN,-0.0362697146901203,0.204862346052133,91958.3150155421
1274,VCVS,BPF,VCVS_BPF_Maheshwari,Maheshwari VCVS equal-component active-filter equations,2744.71858261164,2744.71858261164,NaN,5.73374563588107e-10,5.73374563588107e-10,NaN,NaN,9894.27020236386,9784.35035130318,1.9888905549563,0.98901261866541,101130.903311537
501,PASSIVE,BPF,PASSIVE_RLC_BPF,Passive RLC second-order equation,7277947.70748623,NaN,NaN,3.95027282238521e-12,NaN,NaN,1482.25908519065,NaN,NaN,1,2.66158036632366,2079.90991750453
1126,VCVS,HPF,VCVS_HPF_Maheshwari,Maheshwari VCVS equal-component active-filter equations,168828.752863698,168828.752863698,NaN,3.18757289857619e-11,3.18757289857619e-11,NaN,NaN,10159.2772882296,8687.06979795863,1.85508737988905,0.873429100557121,29574.2400448095
2891,ACTIVE_OTHER,BPF,ACTIVE_OTHER_STATE_VARIABLE_BPF,External state-variable/biquad active-filter canonical equation,211541.340513537,2933.19308980222,47799.7783561679,8.2304697692692e-12,1.62431582318508e-11,NaN,NaN,9501.97124229912,19395.8098098303,3.04124063473142,4.99666670435527,552592.046084691
2545,ACTIVE_OTHER,LPF,ACTIVE_OTHER_STATE_VARIABLE_LPF,External state-variable/biquad active-filter canonical equation,7991.49904020918,1326.99088951651,53029.4894971993,6.14090566347262e-12,1.11105962358402e-11,NaN,NaN,9984.22161235718,9461.75282891092,1.94767055422732,5.12342113115508,5916803.40768291
190,PASSIVE,LPF,PASSIVE_RC_LPF,Passive RC first-order equation,61766.8717124114,NaN,NaN,4.07539386817069e-11,NaN,NaN,NaN,NaN,NaN,1,NaN,63225.8879960771
2616,ACTIVE_OTHER,HPF,ACTIVE_OTHER_STATE_VARIABLE_HPF,External state-variable/biquad active-filter canonical equation,3178.1253662872,6112.91577129284,15940.7078754249,6.24452942839643e-10,1.413635075082e-12,NaN,NaN,9734.22123440079,5146.28041140155,1.52867921197584,1.53682070849055,1215323.50912446
2908,ACTIVE_OTHER,BPF,ACTIVE_OTHER_STATE_VARIABLE_BPF,External state-variable/biquad active-filter canonical equation,162950.584228242,21400.1454997183,41924.8260065189,2.66769890596703e-11,5.50155019309606e-12,NaN,NaN,10460.2989896965,11933.6211419555,2.14084895218676,4.10177481335114,222470.72110259
1862,MFB,HPF,MFB_HPF_Maheshwari,Maheshwari MFB active-filter equations,15552.7223509417,117073.19695701,NaN,5.75988803515606e-10,9.66827338102404e-10,9.95432956854639e-11,NaN,NaN,NaN,-0.17282158104097,0.398371953165746,12022.8579097715
117,PASSIVE,LPF,PASSIVE_RC_LPF,Passive RC first-order equation,518382.183677087,NaN,NaN,8.25744172162993e-12,NaN,NaN,NaN,NaN,NaN,1,NaN,37181.2980542371
649,PASSIVE,BSF,PASSIVE_RLC_BSF,Passive RLC second-order equation,77746.6488253679,NaN,NaN,9.94675105092705e-10,NaN,NaN,72.7017146641779,NaN,NaN,1,3.47736296375882,591.843906426588
1950,MFB,HPF,MFB_HPF_Maheshwari,Maheshwari MFB active-filter equations,75889.7038399742,35358.8026309889,NaN,8.2949330688915e-10,1.13238097444923e-10,2.2001776430241e-11,NaN,NaN,NaN,-0.0265243567940943,2.85769406398517,61553.786242767
3000,ACTIVE_OTHER,BPF,ACTIVE_OTHER_STATE_VARIABLE_BPF,External state-variable/biquad active-filter canonical equation,50069.5255772452,402778.14502919,20776.2966984699,5.28740444664512e-12,7.286464496517e-11,NaN,NaN,9740.11918235616,12889.7810846278,2.32336995505939,2.13415139494879,57097.9810597834
737,PASSIVE,BSF,PASSIVE_RLC_BSF,Passive RLC second-order equation,4106350.00016795,NaN,NaN,5.10498521080135e-12,NaN,NaN,191.852495944651,NaN,NaN,1,1.49289931736317,5085.56442831463
515,PASSIVE,BPF,PASSIVE_RLC_BPF,Passive RLC second-order equation,42721433.2968089,NaN,NaN,1.97677450192436e-12,NaN,NaN,84912.866404446,NaN,NaN,1,4.85134735133868,388.467611711764
2136,MFB,BPF,MFB_BPF_Maheshwari,Maheshwari MFB active-filter equations,1322.0170778306,246458.555316093,NaN,7.22759435179216e-11,7.98647679982459e-10,NaN,NaN,NaN,NaN,-947125.872190259,3.76658565289024,36699.077502612
574,PASSIVE,BPF,PASSIVE_RLC_BPF,Passive RLC second-order equation,60732.407664902,NaN,NaN,1.24102327192879e-11,NaN,NaN,0.166148335686701,NaN,NaN,1,1.90518667914502,110836.338722534
2131,MFB,BPF,MFB_BPF_Maheshwari,Maheshwari MFB active-filter equations,1345055.08187259,77758975.7729527,NaN,8.52668301585767e-11,9.61122691475514e-11,NaN,NaN,NaN,NaN,-7735.37013803934,3.79487490624333,171.907710599577
1961,MFB,HPF,MFB_HPF_Maheshwari,Maheshwari MFB active-filter equations,29245.7870371089,196.656703999802,NaN,2.43539591463077e-10,1.99875556661603e-10,3.83273516603058e-11,NaN,NaN,NaN,-0.157376266544804,14.078530540785,758228.052458869
1503,VCVS,BSF,VCVS_BSF_Maheshwari,Maheshwari VCVS equal-component active-filter equations,587725.935841925,587725.935841925,NaN,1.26398150595916e-12,1.26398150595916e-12,NaN,NaN,10072.3686761609,6370.93125765537,1.6325156934271,1.36060231976415,214241.971364233
930,VCVS,LPF,VCVS_LPF_Maheshwari,Maheshwari VCVS equal-component active-filter equations,372006.869767231,372006.869767231,NaN,5.86024355124751e-12,5.86024355124751e-12,NaN,NaN,10197.6558933978,8501.31794258526,1.83365412909149,0.857378608646392,73005.1514133274
2079,MFB,BPF,MFB_BPF_Maheshwari,Maheshwari MFB active-filter equations,856259.698108353,4567194.69474085,NaN,9.5896016261672e-11,2.0011918299102e-11,NaN,NaN,NaN,NaN,-58358.7223686882,0.872877879445827,1837.16419869279
877,VCVS,LPF,VCVS_LPF_Maheshwari,Maheshwari VCVS equal-component active-filter equations,15872.3440600167,15872.3440600167,NaN,9.97930884091545e-11,9.97930884091545e-11,NaN,NaN,10150.872156283,8648.36067644916,1.85198203103131,0.871066505081224,100479.762350727
2806,ACTIVE_OTHER,BPF,ACTIVE_OTHER_STATE_VARIABLE_BPF,External state-variable/biquad active-filter canonical equation,29519.5739354414,3033.61482538606,22964.0086187277,5.70180305621212e-12,1.22782642351549e-12,NaN,NaN,10157.6575819659,19444.676869414,2.91428749320478,2.18929149789675,6356386.20180339
2840,ACTIVE_OTHER,BPF,ACTIVE_OTHER_STATE_VARIABLE_BPF,External state-variable/biquad active-filter canonical equation,1092.34596411907,452895.933984924,44973.2744957357,4.15641831980183e-11,2.18200707646229e-11,NaN,NaN,10208.6902698363,33292.5381038829,4.26119582668235,4.48214309013503,237603.653381899
1118,VCVS,HPF,VCVS_HPF_Maheshwari,Maheshwari VCVS equal-component active-filter equations,2578.50666621578,2578.50666621578,NaN,5.81093943169981e-10,5.81093943169981e-10,NaN,NaN,10178.4770720632,8531.28454890198,1.8381690589369,0.860710422365733,106219.811009645
1958,MFB,HPF,MFB_HPF_Maheshwari,Maheshwari MFB active-filter equations,6430.19066746357,239211.96153098,NaN,3.86894682936127e-10,1.94336022782832e-11,1.3177796428505e-11,NaN,NaN,NaN,-0.0340604226672212,0.183624335572036,253582.16641695
1748,MFB,LPF,MFB_LPF_Maheshwari,Maheshwari MFB active-filter equations,129794.130742464,5772332.84606364,393691.614474034,6.41395017658365e-11,9.37192846981228e-12,NaN,NaN,NaN,NaN,-3.03320043997362,0.166578211378673,4306.14939561463
1319,VCVS,BPF,VCVS_BPF_Maheshwari,Maheshwari VCVS equal-component active-filter equations,56991.3286716448,56991.3286716448,NaN,2.10244119504171e-10,2.10244119504171e-10,NaN,NaN,9880.77520911271,2996.57275278431,1.3032730417772,0.589370019232455,13282.7345062074
510,PASSIVE,BPF,PASSIVE_RLC_BPF,Passive RLC second-order equation,100866.282653206,NaN,NaN,3.47470556585867e-10,NaN,NaN,41.2661976061028,NaN,NaN,1,3.4165848142768,1329.11910272293
567,PASSIVE,BPF,PASSIVE_RLC_BPF,Passive RLC second-order equation,902341.503727165,NaN,NaN,3.3562485443085e-11,NaN,NaN,465.795583259917,NaN,NaN,1,4.12857037858671,1272.90323791864
282,PASSIVE,HPF,PASSIVE_RC_HPF,Passive RC first-order equation,1208.76867114242,NaN,NaN,8.14935248152619e-12,NaN,NaN,NaN,NaN,NaN,1,NaN,16156743.6224603
1643,MFB,LPF,MFB_LPF_Maheshwari,Maheshwari MFB active-filter equations,153549.944474244,221798.964848114,164174.695941024,6.16748486293854e-11,3.8970997889877e-11,NaN,NaN,NaN,NaN,-1.06919410816565,0.385251726981167,17012.2773549667
453,PASSIVE,BPF,PASSIVE_RLC_BPF,Passive RLC second-order equation,29055914.2259452,NaN,NaN,1.9694763866013e-11,NaN,NaN,34689.0580620521,NaN,NaN,1,1.44439614212313,192.552201744106
862,VCVS,LPF,VCVS_LPF_Maheshwari,Maheshwari VCVS equal-component active-filter equations,656226.903087422,656226.903087422,NaN,4.08397324586788e-12,4.08397324586788e-12,NaN,NaN,10126.6348616821,2747.10096916871,1.27127481208623,0.578460941618375,59385.8821718833
2224,MFB,BSF,MFB_BSF_1_MINUS_BP,Maheshwari MFB BPF denominator + ADI 1-minus-BP notch construction,12156.9674028616,1341339.18240671,NaN,6.94254990638811e-10,8.14588234581255e-10,NaN,NaN,NaN,NaN,1,5.23529470496269,1657.33242889755
2552,ACTIVE_OTHER,LPF,ACTIVE_OTHER_STATE_VARIABLE_LPF,External state-variable/biquad active-filter canonical equation,885332.716636718,2004.63834872929,35508.365800959,1.14327650878711e-12,9.13294277057257e-12,NaN,NaN,9839.62457967945,10966.0151315424,2.11447495204127,3.65129856711225,1169143.58133254
3073,ACTIVE_OTHER,BSF,ACTIVE_OTHER_STATE_VARIABLE_BSF,External state-variable/biquad active-filter canonical equation,7338.15038358257,1371.48606491775,40795.6971871327,1.10066245033253e-10,9.28881784733595e-12,NaN,NaN,9786.86968218623,24130.7465014181,3.46562458528902,4.13895964608832,1569003.20109442
1746,MFB,LPF,MFB_LPF_Maheshwari,Maheshwari MFB active-filter equations,2861.73091502174,25773.7274593126,7666.02806525422,1.26211855674758e-10,3.32804092209043e-11,NaN,NaN,NaN,NaN,-2.67880813846399,0.267103339963851,174703.621734468
2081,MFB,BPF,MFB_BPF_Maheshwari,Maheshwari MFB active-filter equations,42520.7680253611,154910.071107267,NaN,5.75034673218024e-11,1.96053272008107e-11,NaN,NaN,NaN,NaN,-1199567.8149569,0.831130895254715,58404.4167488969
2333,MFB,BSF,MFB_BSF_1_MINUS_BP,Maheshwari MFB BPF denominator + ADI 1-minus-BP notch construction,51569.7761331488,21340274.9513877,NaN,2.1227325342299e-11,8.97253116503057e-10,NaN,NaN,NaN,NaN,1,3.05659286670877,1099.30290952741
2318,MFB,BSF,MFB_BSF_1_MINUS_BP,Maheshwari MFB BPF denominator + ADI 1-minus-BP notch construction,8863.28445947501,181860.063477693,NaN,2.15933145038585e-10,2.62170221659915e-10,NaN,NaN,NaN,NaN,1,2.25424367133767,16661.0659244455
2314,MFB,BSF,MFB_BSF_1_MINUS_BP,Maheshwari MFB BPF denominator + ADI 1-minus-BP notch construction,397.340668007357,27694.063882707,NaN,6.17907274093204e-10,1.89233012163072e-10,NaN,NaN,NaN,NaN,1,3.5369011045813,140308.884835291
3123,ACTIVE_OTHER,BSF,ACTIVE_OTHER_STATE_VARIABLE_BSF,External state-variable/biquad active-filter canonical equation,187182.001999338,72464.8144661105,41510.2559239979,4.70718833413154e-10,1.59126088475489e-12,NaN,NaN,10212.9768128579,27364.9535521248,3.67942971511235,4.18275397787278,49931.3162003373
2321,MFB,BSF,MFB_BSF_1_MINUS_BP,Maheshwari MFB BPF denominator + ADI 1-minus-BP notch construction,319.441221153283,68189.1433612199,NaN,1.84251615451168e-10,6.13465893851609e-10,NaN,NaN,NaN,NaN,1,6.15763408449174,101429.940827932
2634,ACTIVE_OTHER,HPF,ACTIVE_OTHER_STATE_VARIABLE_HPF,External state-variable/biquad active-filter canonical equation,201075.522955226,127325.396170615,44773.378551728,8.34947020482723e-12,2.5994123047308e-10,NaN,NaN,9694.77590261643,33308.1245040677,4.43567761015275,4.37687376983548,21350.889126138
529,PASSIVE,BPF,PASSIVE_RLC_BPF,Passive RLC second-order equation,56262.2052442307,NaN,NaN,8.92277026713087e-11,NaN,NaN,7.31931709275627,NaN,NaN,1,5.09059650240956,6227.80484085099
1369,VCVS,BPF,VCVS_BPF_Maheshwari,Maheshwari VCVS equal-component active-filter equations,137539.567251895,137539.567251895,NaN,2.80861935773371e-11,2.80861935773371e-11,NaN,NaN,10077.4244165403,13221.0709721727,2.31194940549221,1.45338149255632,41200.2255222905
1597,VCVS,BSF,VCVS_BSF_Maheshwari,Maheshwari VCVS equal-component active-filter equations,5945.87869234072,5945.87869234072,NaN,1.09500860935753e-12,1.09500860935753e-12,NaN,NaN,9892.56516507507,3217.79829900646,1.3252744101567,0.741041999186836,24444803.6601887
2042,MFB,BPF,MFB_BPF_Maheshwari,Maheshwari MFB active-filter equations,4144.18325526194,297406.519551842,NaN,4.50812343740882e-11,3.50036375131202e-10,NaN,NaN,NaN,NaN,-689362.842371019,2.69329465522314,36088.6740000646
120,PASSIVE,LPF,PASSIVE_RC_LPF,Passive RC first-order equation,9224.84841699041,NaN,NaN,8.76104061069987e-12,NaN,NaN,NaN,NaN,NaN,1,NaN,1969269.70416496
268,PASSIVE,HPF,PASSIVE_RC_HPF,Passive RC first-order equation,69222.3927571831,NaN,NaN,4.20667377325294e-10,NaN,NaN,NaN,NaN,NaN,1,NaN,5465.56030651551
1486,VCVS,BSF,VCVS_BSF_Maheshwari,Maheshwari VCVS equal-component active-filter equations,20374.1629480469,20374.1629480469,NaN,1.34669828857596e-10,1.34669828857596e-10,NaN,NaN,9916.31274936958,4424.74661382453,1.44620886065799,0.902867461176935,58005.6166669514
199,PASSIVE,LPF,PASSIVE_RC_LPF,Passive RC first-order equation,77007.884854532,NaN,NaN,1.30923201878502e-11,NaN,NaN,NaN,NaN,NaN,1,NaN,157858.626128212
121,PASSIVE,LPF,PASSIVE_RC_LPF,Passive RC first-order equation,25188.8284571683,NaN,NaN,1.55568610379834e-10,NaN,NaN,NaN,NaN,NaN,1,NaN,40615.3491038144
2766,ACTIVE_OTHER,HPF,ACTIVE_OTHER_STATE_VARIABLE_HPF,External state-variable/biquad active-filter canonical equation,3499.96998540194,48307.7295500537,38255.2386287219,1.902987476243e-12,2.25219313273323e-11,NaN,NaN,9743.90671961037,29427.9222279543,4.02013587309167,3.94963072006665,1869643.82065545
539,PASSIVE,BPF,PASSIVE_RLC_BPF,Passive RLC second-order equation,15794.2384586891,NaN,NaN,8.37175411944129e-12,NaN,NaN,0.0567592152496139,NaN,NaN,1,5.21328260712374,230883.931098546
2859,ACTIVE_OTHER,BPF,ACTIVE_OTHER_STATE_VARIABLE_BPF,External state-variable/biquad active-filter canonical equation,52128.1192037458,48377.4826327252,45759.7001709718,8.74310472460226e-12,2.90209825820218e-12,NaN,NaN,10084.1347543725,17379.3628090011,2.72343619282411,4.64305705645657,629178.066487763
2127,MFB,BPF,MFB_BPF_Maheshwari,Maheshwari MFB active-filter equations,249.424656367064,2601.17297018228,NaN,5.74129108865524e-10,6.41188093330589e-10,NaN,NaN,NaN,NaN,-6252809.08051201,1.61221436916626,325662.922824133
1311,VCVS,BPF,VCVS_BPF_Maheshwari,Maheshwari VCVS equal-component active-filter equations,68398.4078872816,68398.4078872816,NaN,1.4670453343758e-11,1.4670453343758e-11,NaN,NaN,10123.3310644144,11946.152696154,2.18006144619208,1.21960358536117,158610.014326902
714,PASSIVE,BSF,PASSIVE_RLC_BSF,Passive RLC second-order equation,340350.738669615,NaN,NaN,4.1516544905689e-11,NaN,NaN,117.089610354237,NaN,NaN,1,4.93425830959217,2282.70794048311
2975,ACTIVE_OTHER,BPF,ACTIVE_OTHER_STATE_VARIABLE_BPF,External state-variable/biquad active-filter canonical equation,3076.08005026315,18018.7364603494,15425.2309696192,8.31247286550573e-12,1.48399447495361e-10,NaN,NaN,10407.2216939772,25033.3099051427,3.4053787496071,1.50204052609756,608664.378808203
1376,VCVS,BPF,VCVS_BPF_Maheshwari,Maheshwari VCVS equal-component active-filter equations,111155.712558044,111155.712558044,NaN,1.08503601236671e-12,1.08503601236671e-12,NaN,NaN,10196.1284995959,1741.37627376395,1.17078798818914,0.546683486410104,1319605.7277545
586,PASSIVE,BPF,PASSIVE_RLC_BPF,Passive RLC second-order equation,2317176.5214965,NaN,NaN,2.93826833452033e-11,NaN,NaN,231.728798011857,NaN,NaN,1,1.21195126871371,1928.78757531657
454,PASSIVE,BPF,PASSIVE_RLC_BPF,Passive RLC second-order equation,88764.3346807758,NaN,NaN,3.15568922005769e-11,NaN,NaN,0.210132901009858,NaN,NaN,1,0.919308790214385,61805.3386476666
827,VCVS,LPF,VCVS_LPF_Maheshwari,Maheshwari VCVS equal-component active-filter equations,1350.49066660304,1350.49066660304,NaN,1.210364856016e-11,1.210364856016e-11,NaN,NaN,10016.023256272,6688.04657905908,1.66773472943676,0.750601266951311,9736710.09847295
2382,MFB,BSF,MFB_BSF_1_MINUS_BP,Maheshwari MFB BPF denominator + ADI 1-minus-BP notch construction,14889.4911525351,687478.89567565,NaN,1.15830686273316e-11,3.00570189307772e-10,NaN,NaN,NaN,NaN,1,1.28441879638555,26660.3441410322
1339,VCVS,BPF,VCVS_BPF_Maheshwari,Maheshwari VCVS equal-component active-filter equations,54464.4417525709,54464.4417525709,NaN,3.83845901054472e-11,3.83845901054472e-11,NaN,NaN,10093.579264466,3866.23599968972,1.38303914779771,0.618444162478027,76129.0074764498
2484,ACTIVE_OTHER,LPF,ACTIVE_OTHER_STATE_VARIABLE_LPF,External state-variable/biquad active-filter canonical equation,160367.22003638,66936.2650050676,28834.0130095095,5.10076621631009e-10,8.59930875823164e-10,NaN,NaN,10128.857006266,28541.539029352,3.81784400862757,3.01669749094261,2319.43450050196
614,PASSIVE,BSF,PASSIVE_RLC_BSF,Passive RLC second-order equation,6680.57049744419,NaN,NaN,2.50625438623511e-10,NaN,NaN,0.113587434158814,NaN,NaN,1,3.18668413595998,29829.2553559458
1372,VCVS,BPF,VCVS_BPF_Maheshwari,Maheshwari VCVS equal-component active-filter equations,128789.133372817,128789.133372817,NaN,4.85300392965617e-10,4.85300392965617e-10,NaN,NaN,10161.0442897133,4684.31593866837,1.46100733400115,0.649775676059492,2546.42135555779
1014,VCVS,HPF,VCVS_HPF_Maheshwari,Maheshwari VCVS equal-component active-filter equations,353349.71752839,353349.71752839,NaN,2.57288489949198e-11,2.57288489949198e-11,NaN,NaN,10021.7999243509,3541.7318361759,1.35340276825625,0.607313057936456,17506.3265459047
1593,VCVS,BSF,VCVS_BSF_Maheshwari,Maheshwari VCVS equal-component active-filter equations,498022.975566359,498022.975566359,NaN,2.19072250406321e-12,2.19072250406321e-12,NaN,NaN,10019.964732452,1601.3836200698,1.15981928707626,0.59511006657134,145875.844525526
1332,VCVS,BPF,VCVS_BPF_Maheshwari,Maheshwari VCVS equal-component active-filter equations,24832.5790760085,24832.5790760085,NaN,3.23133801953746e-12,3.23133801953746e-12,NaN,NaN,9805.62789302441,12947.2073070453,2.3203853387355,1.47142205281356,1983425.59858484
348,PASSIVE,HPF,PASSIVE_RC_HPF,Passive RC first-order equation,16323.6069053872,NaN,NaN,1.22027197138219e-11,NaN,NaN,NaN,NaN,NaN,1,NaN,799001.08269012
787,PASSIVE,BSF,PASSIVE_RLC_BSF,Passive RLC second-order equation,330032.713608356,NaN,NaN,1.77730174268106e-12,NaN,NaN,1.00747717031652,NaN,NaN,1,2.28128756499253,118938.358784266
3157,ACTIVE_OTHER,BSF,ACTIVE_OTHER_STATE_VARIABLE_BSF,External state-variable/biquad active-filter canonical equation,26147.3576584212,38224.4393332452,6624.18426957075,3.05203109542016e-12,5.2723798753229e-12,NaN,NaN,9952.18331286352,12469.7776913357,2.25296905204893,0.645890400114585,1254982.99750144
681,PASSIVE,BSF,PASSIVE_RLC_BSF,Passive RLC second-order equation,106515.025308669,NaN,NaN,2.26470800448118e-10,NaN,NaN,25.8996642529891,NaN,NaN,1,3.17490024720258,2078.10246258247
709,PASSIVE,BSF,PASSIVE_RLC_BSF,Passive RLC second-order equation,28016.4264379385,NaN,NaN,1.0306098711356e-10,NaN,NaN,2.19580754574042,NaN,NaN,1,5.20999430410516,10579.760736686
3082,ACTIVE_OTHER,BSF,ACTIVE_OTHER_STATE_VARIABLE_BSF,External state-variable/biquad active-filter canonical equation,20033.8036492206,1563.53298976041,44367.6992716039,1.26679792120766e-11,4.74450553858439e-10,NaN,NaN,9766.25862256689,15910.6335154595,2.62914316836694,4.49617384168678,366805.425371742
374,PASSIVE,HPF,PASSIVE_RC_HPF,Passive RC first-order equation,24147.2447181442,NaN,NaN,2.25446593169322e-11,NaN,NaN,NaN,NaN,NaN,1,NaN,292353.886286353
2760,ACTIVE_OTHER,HPF,ACTIVE_OTHER_STATE_VARIABLE_HPF,External state-variable/biquad active-filter canonical equation,698857.505828739,3243.17164932589,7350.3873751023,4.68786164259317e-12,5.62386819100447e-10,NaN,NaN,10017.0224365852,9457.08596549472,1.94410150574831,0.763347825191307,65108.2298229386
3014,ACTIVE_OTHER,BSF,ACTIVE_OTHER_STATE_VARIABLE_BSF,External state-variable/biquad active-filter canonical equation,23894.3839679239,11900.3706949796,30858.7274848033,1.05497927044072e-12,4.80077051542596e-12,NaN,NaN,10438.1621436257,23787.1856671,3.27886723158695,2.98878044697406,4193865.81903707
1111,VCVS,HPF,VCVS_HPF_Maheshwari,Maheshwari VCVS equal-component active-filter equations,18406.6224164958,18406.6224164958,NaN,7.77210975278509e-11,7.77210975278509e-11,NaN,NaN,10069.6776422678,2642.64558820708,1.26243596687887,0.575518358424887,111251.814584059
2184,MFB,BPF,MFB_BPF_Maheshwari,Maheshwari MFB active-filter equations,246916.977158653,32470589.2214033,NaN,4.26422563996806e-11,4.16559092158145e-10,NaN,NaN,NaN,NaN,-9722.37639068067,3.32831829224943,421.736484397636
895,VCVS,LPF,VCVS_LPF_Maheshwari,Maheshwari VCVS equal-component active-filter equations,64642.2409903114,64642.2409903114,NaN,2.98772877752406e-10,2.98772877752406e-10,NaN,NaN,9827.90176101387,10813.7844081958,2.10031466239242,1.11149971906752,8240.6706534632
3179,ACTIVE_OTHER,BSF,ACTIVE_OTHER_STATE_VARIABLE_BSF,External state-variable/biquad active-filter canonical equation,1593.11292629086,162682.780799657,11781.5301090253,1.92155183044757e-12,5.09509723918566e-11,NaN,NaN,10180.9328593558,29428.7257655893,3.89057261963431,1.16253256863139,999134.067022583
558,PASSIVE,BPF,PASSIVE_RLC_BPF,Passive RLC second-order equation,17363.3555084644,NaN,NaN,1.85387396780152e-11,NaN,NaN,0.110369192940323,NaN,NaN,1,4.44375567816444,111264.365376777
1589,VCVS,BSF,VCVS_BSF_Maheshwari,Maheshwari VCVS equal-component active-filter equations,103557.209362916,103557.209362916,NaN,1.18746193676452e-11,1.18746193676452e-11,NaN,NaN,10019.0165036145,2529.63090173497,1.25248295586921,0.668881069569988,129425.572725828
3133,ACTIVE_OTHER,BSF,ACTIVE_OTHER_STATE_VARIABLE_BSF,External state-variable/biquad active-filter canonical equation,424564.382342734,104313.489091043,37464.5462561515,5.71116316729399e-10,3.62453753409214e-11,NaN,NaN,9950.69891464888,26842.6446225128,3.69756374429102,3.73948776250395,5256.41362272529
408,PASSIVE,BPF,PASSIVE_RLC_BPF,Passive RLC second-order equation,15249.5593397654,NaN,NaN,1.92752169983564e-10,NaN,NaN,0.597574278932724,NaN,NaN,1,3.65122852644139,14829.4329794314
2487,ACTIVE_OTHER,LPF,ACTIVE_OTHER_STATE_VARIABLE_LPF,External state-variable/biquad active-filter canonical equation,12559.5403594614,2320.48169559719,50892.0179127738,2.05449192522586e-12,1.76323067068853e-12,NaN,NaN,10385.5660088347,34284.9728931455,4.30121370987196,5.29862836203656,15489500.0388116
831,VCVS,LPF,VCVS_LPF_Maheshwari,Maheshwari VCVS equal-component active-filter equations,2636.07635578829,2636.07635578829,NaN,5.08714197079827e-12,5.08714197079827e-12,NaN,NaN,9829.04312233372,3529.8417552038,1.35912364115925,0.609430439174883,11868293.7768168
858,VCVS,LPF,VCVS_LPF_Maheshwari,Maheshwari VCVS equal-component active-filter equations,682214.707267377,682214.707267377,NaN,2.14509412368421e-10,2.14509412368421e-10,NaN,NaN,9995.66987801686,3102.18364991391,1.31035275151858,0.591839510228395,1087.55868452453
879,VCVS,LPF,VCVS_LPF_Maheshwari,Maheshwari VCVS equal-component active-filter equations,12358.0442705642,12358.0442705642,NaN,2.14390844520949e-11,2.14390844520949e-11,NaN,NaN,9837.41350322936,5620.75875383055,1.57136550699891,0.699969099793558,600709.015510924
16,PASSIVE,LPF,PASSIVE_RC_LPF,Passive RC first-order equation,770727.664409572,NaN,NaN,3.7502842042981e-10,NaN,NaN,NaN,NaN,NaN,1,NaN,550.623830266014
676,PASSIVE,BSF,PASSIVE_RLC_BSF,Passive RLC second-order equation,34451192.2286924,NaN,NaN,1.12363078705007e-12,NaN,NaN,3034.86954362405,NaN,NaN,1,1.50852996995327,2725.45052618203
1798,MFB,LPF,MFB_LPF_Maheshwari,Maheshwari MFB active-filter equations,78726.8052428451,1764600.71378047,133444.666599311,1.76610537315447e-10,3.0694809568975e-11,NaN,NaN,NaN,NaN,-1.69503469863511,0.238078578936277,4454.56723444939
2533,ACTIVE_OTHER,LPF,ACTIVE_OTHER_STATE_VARIABLE_LPF,External state-variable/biquad active-filter canonical equation,932342.37712822,238340.918322349,39717.8410626443,2.17864585379639e-11,1.15791044837919e-11,NaN,NaN,10298.5972464883,10963.2658637442,2.06453972335724,4.13557952505847,21257.0164642329
2664,ACTIVE_OTHER,HPF,ACTIVE_OTHER_STATE_VARIABLE_HPF,External state-variable/biquad active-filter canonical equation,308876.881719791,78091.5165578561,57353.9910497106,1.18935837956681e-11,1.01073985104706e-09,NaN,NaN,9937.69225690899,22289.328594786,3.24290791247734,5.72080126137755,9346.50920558931
2228,MFB,BSF,MFB_BSF_1_MINUS_BP,Maheshwari MFB BPF denominator + ADI 1-minus-BP notch construction,4450.23224732878,400994.385164722,NaN,7.92526914429964e-10,1.97672779200447e-10,NaN,NaN,NaN,NaN,1,3.79433318420038,9518.73428236705
479,PASSIVE,BPF,PASSIVE_RLC_BPF,Passive RLC second-order equation,4585541.13416376,NaN,NaN,3.00877114178395e-11,NaN,NaN,394.546822792669,NaN,NaN,1,0.789703575129454,1460.75129144375
2426,ACTIVE_OTHER,LPF,ACTIVE_OTHER_STATE_VARIABLE_LPF,External state-variable/biquad active-filter canonical equation,1078.72841990383,15963.0376696607,43746.3008624706,8.42211194051159e-12,3.37051724865863e-10,NaN,NaN,9786.88706059556,23021.4043900058,3.35227036415856,4.16908158132526,719859.135194957
507,PASSIVE,BPF,PASSIVE_RLC_BPF,Passive RLC second-order equation,242.858484932521,NaN,NaN,3.79339764915329e-10,NaN,NaN,0.000512541116407072,NaN,NaN,1,4.78626663250408,360945.466166832
2597,ACTIVE_OTHER,LPF,ACTIVE_OTHER_STATE_VARIABLE_LPF,External state-variable/biquad active-filter canonical equation,5168.45529844988,5627.36178410046,43162.7887271816,1.88578965726086e-12,1.46413671398025e-11,NaN,NaN,10402.7974557255,24509.9391579955,3.35609116320012,4.4843824493988,5616294.73350069
1584,VCVS,BSF,VCVS_BSF_Maheshwari,Maheshwari VCVS equal-component active-filter equations,21382.5676887393,21382.5676887393,NaN,1.28455862461329e-10,1.28455862461329e-10,NaN,NaN,9971.9467042088,3124.38828671395,1.31331778833066,0.728138855941078,57943.7164250684
1842,MFB,HPF,MFB_HPF_Maheshwari,Maheshwari MFB active-filter equations,774802.202706043,5462257.09109639,NaN,3.27682429176885e-10,6.66706563824391e-10,3.785028867671e-11,NaN,NaN,NaN,-0.115509057875905,0.501781787869405,487.008651374566
727,PASSIVE,BSF,PASSIVE_RLC_BSF,Passive RLC second-order equation,1129278.9168065,NaN,NaN,1.16124165374612e-11,NaN,NaN,246.124450954882,NaN,NaN,1,4.07675729746818,2977.01791871531
2479,ACTIVE_OTHER,LPF,ACTIVE_OTHER_STATE_VARIABLE_LPF,External state-variable/biquad active-filter canonical equation,44633.676269397,7236.74395144485,26807.776877683,1.0000656011506e-10,1.58199990563819e-10,NaN,NaN,10415.2398836943,5819.83926737317,1.55878110656717,2.63286257256652,70404.3879549679
302,PASSIVE,HPF,PASSIVE_RC_HPF,Passive RC first-order equation,555013.886839643,NaN,NaN,3.05621993876543e-10,NaN,NaN,NaN,NaN,NaN,1,NaN,938.278310771519
1814,MFB,HPF,MFB_HPF_Maheshwari,Maheshwari MFB active-filter equations,162299.166274666,803.84131740112,NaN,3.50867572902388e-10,1.96056094798485e-11,9.74796918297068e-10,NaN,NaN,NaN,-2.77824738898929,0.525581203172557,100792.815552039
1724,MFB,LPF,MFB_LPF_Maheshwari,Maheshwari MFB active-filter equations,600453.439125425,10360361.7023573,806635.547428883,3.13114976389159e-10,1.44015555342219e-10,NaN,NaN,NaN,NaN,-1.34337734596669,0.16992663554847,259.261107723577
1907,MFB,HPF,MFB_HPF_Maheshwari,Maheshwari MFB active-filter equations,1620.60196703288,9258.96767259457,NaN,1.49038314361332e-10,9.07327359116039e-11,5.69735047341269e-11,NaN,NaN,NaN,-0.382274215716095,0.26516585718652,571455.208764046
2256,MFB,BSF,MFB_BSF_1_MINUS_BP,Maheshwari MFB BPF denominator + ADI 1-minus-BP notch construction,52824.2701265451,4581731.41119489,NaN,9.46208356659699e-10,1.6915136219842e-10,NaN,NaN,NaN,NaN,1,3.34052129192566,808.644107770792
829,VCVS,LPF,VCVS_LPF_Maheshwari,Maheshwari VCVS equal-component active-filter equations,1156.43646140342,1156.43646140342,NaN,4.12451272394158e-10,4.12451272394158e-10,NaN,NaN,9919.17126362185,13247.5702663805,2.33555212570685,1.50500895358242,333676.566330035
2594,ACTIVE_OTHER,LPF,ACTIVE_OTHER_STATE_VARIABLE_LPF,External state-variable/biquad active-filter canonical equation,724126.889366643,9695.17750850082,24405.0077783487,3.45499509884319e-10,3.85385656522115e-11,NaN,NaN,9886.09486057117,33269.3197639285,4.36526406363112,2.54339912543282,16461.2731183454
735,PASSIVE,BSF,PASSIVE_RLC_BSF,Passive RLC second-order equation,3285.23521643826,NaN,NaN,6.27120026828412e-10,NaN,NaN,0.038652629638852,NaN,NaN,1,2.38972385059418,32326.246026767
377,PASSIVE,HPF,PASSIVE_RC_HPF,Passive RC first-order equation,734274.779720773,NaN,NaN,6.50549222265397e-10,NaN,NaN,NaN,NaN,NaN,1,NaN,333.181867398422
597,PASSIVE,BPF,PASSIVE_RLC_BPF,Passive RLC second-order equation,2090.02702882454,NaN,NaN,2.29189762449485e-11,NaN,NaN,0.00118499189823025,NaN,NaN,1,3.44039399329172,965750.260274256
1793,MFB,LPF,MFB_LPF_Maheshwari,Maheshwari MFB active-filter equations,20269.3911448767,570.983285775692,25134.9571106033,2.49128719469478e-10,2.65594405999463e-11,NaN,NaN,NaN,NaN,-1.24004499843876,0.439257590718005,516473.448868205
2866,ACTIVE_OTHER,BPF,ACTIVE_OTHER_STATE_VARIABLE_BPF,External state-variable/biquad active-filter canonical equation,21470.4918813482,14596.7129581331,15777.091604124,5.95872562134072e-11,1.64235074947751e-12,NaN,NaN,9779.21017075473,28619.6947813046,3.92658550962463,1.57648957080426,908786.674013404
1489,VCVS,BSF,VCVS_BSF_Maheshwari,Maheshwari VCVS equal-component active-filter equations,10791.1543208159,10791.1543208159,NaN,1.18221217785257e-10,1.18221217785257e-10,NaN,NaN,9825.70474419531,1711.46270766707,1.17418218359127,0.605460417618954,124754.66653695
2099,MFB,BPF,MFB_BPF_Maheshwari,Maheshwari MFB active-filter equations,20039.965146374,526904.680412401,NaN,1.96329461347487e-10,9.68365507716926e-11,NaN,NaN,NaN,NaN,-515304.252266984,2.41166133873677,11232.9345665643
760,PASSIVE,BSF,PASSIVE_RLC_BSF,Passive RLC second-order equation,15525.8085926465,NaN,NaN,3.81492433202801e-10,NaN,NaN,2.31298140592396,NaN,NaN,1,5.01520718336288,5357.85673550569
326,PASSIVE,HPF,PASSIVE_RC_HPF,Passive RC first-order equation,13231.1679532146,NaN,NaN,5.065660661074e-10,NaN,NaN,NaN,NaN,NaN,1,NaN,23745.7480489699
259,PASSIVE,HPF,PASSIVE_RC_HPF,Passive RC first-order equation,2647.73685111322,NaN,NaN,3.15397255027726e-10,NaN,NaN,NaN,NaN,NaN,1,NaN,190584.423340926
49,PASSIVE,LPF,PASSIVE_RC_LPF,Passive RC first-order equation,23087.678621989,NaN,NaN,8.72311989191548e-11,NaN,NaN,NaN,NaN,NaN,1,NaN,79025.6399883434
2559,ACTIVE_OTHER,LPF,ACTIVE_OTHER_STATE_VARIABLE_LPF,External state-variable/biquad active-filter canonical equation,5951.75149806398,445626.251735042,7630.89849361856,5.59003234375528e-10,3.90932142378702e-11,NaN,NaN,10151.8643614128,26032.0415453848,3.56426215113083,0.760160344397851,20905.2084819661
2879,ACTIVE_OTHER,BPF,ACTIVE_OTHER_STATE_VARIABLE_BPF,External state-variable/biquad active-filter canonical equation,157127.784422177,8307.73013044756,28397.1592183905,2.90648358654927e-10,2.54128172713029e-12,NaN,NaN,9716.59790233015,9783.74238233155,2.00691028698278,2.70459004891694,162084.7307132
462,PASSIVE,BPF,PASSIVE_RLC_BPF,Passive RLC second-order equation,926085.158004523,NaN,NaN,1.06058626864826e-09,NaN,NaN,561.59447905783,NaN,NaN,1,0.785755610764376,206.222342998574
2469,ACTIVE_OTHER,LPF,ACTIVE_OTHER_STATE_VARIABLE_LPF,External state-variable/biquad active-filter canonical equation,33169.1626658952,333005.789459649,52104.3720971466,4.78141669165218e-12,1.96368065276042e-11,NaN,NaN,10161.4711788305,26829.4928110355,3.64031579078132,5.06023231139749,156283.546607197
1889,MFB,HPF,MFB_HPF_Maheshwari,Maheshwari MFB active-filter equations,591935.031073068,21667.845152028,NaN,1.55295285003729e-10,2.12574524717915e-11,1.96927564999667e-10,NaN,NaN,NaN,-1.26808463627816,0.714039242835163,21720.3282822123
3174,ACTIVE_OTHER,BSF,ACTIVE_OTHER_STATE_VARIABLE_BSF,External state-variable/biquad active-filter canonical equation,1765.63874172973,1905.02172665767,50183.1143160441,8.48046525573233e-11,3.08490716337775e-12,NaN,NaN,10313.6103813699,31129.3513689832,4.01827878094115,4.91596756615844,5365230.08509449
756,PASSIVE,BSF,PASSIVE_RLC_BSF,Passive RLC second-order equation,13250.5797322292,NaN,NaN,7.76183916290178e-11,NaN,NaN,0.0791740139610163,NaN,NaN,1,2.41031682504511,64201.6929657506
1356,VCVS,BPF,VCVS_BPF_Maheshwari,Maheshwari VCVS equal-component active-filter equations,5761.24601665332,5761.24601665332,NaN,2.37937804879192e-11,2.37937804879192e-11,NaN,NaN,9994.01945274972,1339.65412049284,1.13404557864096,0.53591877087312,1161021.49462621
89,PASSIVE,LPF,PASSIVE_RC_LPF,Passive RC first-order equation,8707.5412313266,NaN,NaN,1.96858282572894e-12,NaN,NaN,NaN,NaN,NaN,1,NaN,9284764.65886788
2220,MFB,BSF,MFB_BSF_1_MINUS_BP,Maheshwari MFB BPF denominator + ADI 1-minus-BP notch construction,98702.488887948,1081630.8008404,NaN,5.02424488255941e-10,4.29602234831098e-10,NaN,NaN,NaN,NaN,1,1.65012092545225,1048.45040385426
1442,VCVS,BSF,VCVS_BSF_Maheshwari,Maheshwari VCVS equal-component active-filter equations,7251.57056915179,7251.57056915179,NaN,2.79386508293447e-11,2.79386508293447e-11,NaN,NaN,10061.322021998,1637.95991062846,1.16279768275454,0.597227205062073,785565.901268584
628,PASSIVE,BSF,PASSIVE_RLC_BSF,Passive RLC second-order equation,160388.633865695,NaN,NaN,1.35554276199021e-11,NaN,NaN,0.567090036427746,NaN,NaN,1,1.27525140017423,57403.3861968751
949,VCVS,LPF,VCVS_LPF_Maheshwari,Maheshwari VCVS equal-component active-filter equations,493790.129177267,493790.129177267,NaN,3.04298533745228e-11,3.04298533745228e-11,NaN,NaN,10185.7726900271,10137.7714338464,1.99528742122552,0.9953095254563,10591.9974549399
2887,ACTIVE_OTHER,BPF,ACTIVE_OTHER_STATE_VARIABLE_BPF,External state-variable/biquad active-filter canonical equation,562885.485207709,17674.5194634951,7484.71712568767,1.02378374025295e-10,1.11536604659233e-12,NaN,NaN,10195.9511248189,18218.884721405,2.78687446598844,0.759462318084174,149321.889020044
3076,ACTIVE_OTHER,BSF,ACTIVE_OTHER_STATE_VARIABLE_BSF,External state-variable/biquad active-filter canonical equation,271820.452836019,7369.15733844898,19835.7385344688,6.4045452657194e-10,7.90271367910734e-11,NaN,NaN,10401.3078420231,8493.10572827598,1.81654209809678,1.94912815803775,15806.5786912059
2070,MFB,BPF,MFB_BPF_Maheshwari,Maheshwari MFB active-filter equations,823.619654914498,23515.6393774049,NaN,1.49309314156081e-11,1.72358396752555e-10,NaN,NaN,NaN,NaN,-7044348.80538378,1.44731041062871,712883.744297359
414,PASSIVE,BPF,PASSIVE_RLC_BPF,Passive RLC second-order equation,392750.090726453,NaN,NaN,5.13636506893912e-12,NaN,NaN,3.47828254303235,NaN,NaN,1,2.09526130524271,37653.8823395471
1243,VCVS,BPF,VCVS_BPF_Maheshwari,Maheshwari VCVS equal-component active-filter equations,6243.73911261513,6243.73911261513,NaN,4.7502154582716e-12,4.7502154582716e-12,NaN,NaN,10135.0630274213,8421.23976571423,1.83090156843917,0.855359970558622,5366140.93569553
2745,ACTIVE_OTHER,HPF,ACTIVE_OTHER_STATE_VARIABLE_HPF,External state-variable/biquad active-filter canonical equation,476862.694121556,4455.51712965052,19548.1588603671,6.37177200892803e-10,1.37002023424372e-10,NaN,NaN,10289.891437818,10518.9667439173,2.02226216938086,1.95861947696781,11686.4012645454
1037,VCVS,HPF,VCVS_HPF_Maheshwari,Maheshwari VCVS equal-component active-filter equations,567805.876610216,567805.876610216,NaN,1.83129473902088e-12,1.83129473902088e-12,NaN,NaN,10026.2757883663,5413.95081284808,1.5399762511151,0.684920365688402,153060.102863907
891,VCVS,LPF,VCVS_LPF_Maheshwari,Maheshwari VCVS equal-component active-filter equations,2679.44376567384,2679.44376567384,NaN,6.78155538548928e-12,6.78155538548928e-12,NaN,NaN,10055.5403412131,7224.70170354638,1.71847970953243,0.780323189135883,8758831.50474356
2697,ACTIVE_OTHER,HPF,ACTIVE_OTHER_STATE_VARIABLE_HPF,External state-variable/biquad active-filter canonical equation,13332.1961726166,18350.3839871127,16797.2918744201,2.58656430981899e-11,1.14564949667108e-10,NaN,NaN,9810.75282448394,6910.69135024474,1.70439970039794,1.68791509049672,186921.467114364
791,PASSIVE,BSF,PASSIVE_RLC_BSF,Passive RLC second-order equation,3848788.50274459,NaN,NaN,2.39526072848025e-12,NaN,NaN,422.845658028258,NaN,NaN,1,3.45215664572549,5000.95327548188
2281,MFB,BSF,MFB_BSF_1_MINUS_BP,Maheshwari MFB BPF denominator + ADI 1-minus-BP notch construction,27096.5076083977,1778048.42489955,NaN,1.25614024360005e-10,1.13734267116862e-10,NaN,NaN,NaN,NaN,1,4.0452888028735,6066.34280027892
774,PASSIVE,BSF,PASSIVE_RLC_BSF,Passive RLC second-order equation,233606.097280656,NaN,NaN,6.63728000060242e-12,NaN,NaN,0.927822816823363,NaN,NaN,1,1.60049116323476,64134.621768625
2654,ACTIVE_OTHER,HPF,ACTIVE_OTHER_STATE_VARIABLE_HPF,External state-variable/biquad active-filter canonical equation,1965.95441158636,13296.8860617306,42776.2085061971,3.93063126788483e-10,1.39339137570814e-10,NaN,NaN,9529.95294924251,24872.2875789247,3.60990665026334,4.20765401784756,133011.969832095
525,PASSIVE,BPF,PASSIVE_RLC_BPF,Passive RLC second-order equation,89269.3835910416,NaN,NaN,1.62574716262768e-12,NaN,NaN,0.0493800646371697,NaN,NaN,1,1.95230105387162,561717.303340716
2063,MFB,BPF,MFB_BPF_Maheshwari,Maheshwari MFB active-filter equations,3669.18608313904,1880403.35276733,NaN,7.85411371961706e-10,2.12429559475056e-11,NaN,NaN,NaN,NaN,-12829664.9232848,3.62501024398045,14833.843322158
2201,MFB,BSF,MFB_BSF_1_MINUS_BP,Maheshwari MFB BPF denominator + ADI 1-minus-BP notch construction,20294.3516223064,2489863.62676461,NaN,1.15894998836575e-10,3.81892444497899e-10,NaN,NaN,NaN,NaN,1,4.68122088060795,3365.44021522378
1928,MFB,HPF,MFB_HPF_Maheshwari,Maheshwari MFB active-filter equations,148859.455770378,667.511875680869,NaN,1.88968582943131e-10,1.41363543920543e-10,6.27777830568879e-10,NaN,NaN,NaN,-3.32212805320027,1.39765084819269,53595.7953742404
629,PASSIVE,BSF,PASSIVE_RLC_BSF,Passive RLC second-order equation,121.210412260935,NaN,NaN,7.84374219507594e-10,NaN,NaN,0.000257299089394995,NaN,NaN,1,4.72517111809478,354274.057667997
1935,MFB,HPF,MFB_HPF_Maheshwari,Maheshwari MFB active-filter equations,344122.498198959,104.813501489435,NaN,5.04046905736252e-11,1.09245532857132e-10,2.42552211400655e-10,NaN,NaN,NaN,-4.81209602995903,4.81918280655931,162798.545474096
997,VCVS,LPF,VCVS_LPF_Maheshwari,Maheshwari VCVS equal-component active-filter equations,226455.072324584,226455.072324584,NaN,5.96529503621501e-10,5.96529503621501e-10,NaN,NaN,10094.723627875,13045.4903367599,2.2923078251233,1.41304374345275,1178.16509144474
1435,VCVS,BSF,VCVS_BSF_Maheshwari,Maheshwari VCVS equal-component active-filter equations,5505.00025221958,5505.00025221958,NaN,3.4771594119891e-10,3.4771594119891e-10,NaN,NaN,9936.54740186134,2456.41353928471,1.24720996538743,0.664195827535536,83145.3923201506
304,PASSIVE,HPF,PASSIVE_RC_HPF,Passive RC first-order equation,763470.49051636,NaN,NaN,6.53102636484667e-11,NaN,NaN,NaN,NaN,NaN,1,NaN,3191.87914533163
1759,MFB,LPF,MFB_LPF_Maheshwari,Maheshwari MFB active-filter equations,11369.8089602057,174.860777460529,13464.0596689132,2.70393324368247e-10,7.53256027904889e-11,NaN,NaN,NaN,NaN,-1.18419401029845,0.209960158595616,726802.855279518
367,PASSIVE,HPF,PASSIVE_RC_HPF,Passive RC first-order equation,13241.8551033587,NaN,NaN,2.37400174542352e-10,NaN,NaN,NaN,NaN,NaN,1,NaN,50627.941118865
1938,MFB,HPF,MFB_HPF_Maheshwari,Maheshwari MFB active-filter equations,17198.191927453,556038.968682176,NaN,1.12551752133988e-10,6.51760124980715e-11,1.90552243021273e-11,NaN,NaN,NaN,-0.169301889493848,0.186033153993681,46182.2614387978
2535,ACTIVE_OTHER,LPF,ACTIVE_OTHER_STATE_VARIABLE_LPF,External state-variable/biquad active-filter canonical equation,1278.55996605081,135228.587506354,42182.9928010635,6.47672724035393e-11,4.88927034219769e-11,NaN,NaN,9687.18716075286,22468.3469008006,3.31938812866443,4.27876385969021,215092.612927583
1611,MFB,LPF,MFB_LPF_Maheshwari,Maheshwari MFB active-filter equations,10354.3934728469,31444.6734341734,11300.8301970856,1.67182212812649e-10,2.07331087021434e-10,NaN,NaN,NaN,NaN,-1.09140436151289,0.219653425334053,45348.6293976227
653,PASSIVE,BSF,PASSIVE_RLC_BSF,Passive RLC second-order equation,2797.74752061628,NaN,NaN,6.91249524754382e-10,NaN,NaN,0.00652726498415892,NaN,NaN,1,1.09834728173626,74926.7830645645
1671,MFB,LPF,MFB_LPF_Maheshwari,Maheshwari MFB active-filter equations,656342.24783158,60668.8547672591,917303.839117682,2.21558449270652e-10,1.43624848210405e-11,NaN,NaN,NaN,NaN,-1.39759986828254,0.871830884806305,11959.7383338629
935,VCVS,LPF,VCVS_LPF_Maheshwari,Maheshwari VCVS equal-component active-filter equations,19516.1762056691,19516.1762056691,NaN,9.63258483674774e-13,9.63258483674774e-13,NaN,NaN,9853.89324862545,4143.64098211735,1.42050800405163,0.633114952506977,8466083.71180926
2644,ACTIVE_OTHER,HPF,ACTIVE_OTHER_STATE_VARIABLE_HPF,External state-variable/biquad active-filter canonical equation,297736.7973696,13127.3425502496,26236.8146117385,4.85164287838414e-10,6.84497311898307e-10,NaN,NaN,10352.2517811744,7374.24083499035,1.71233205981335,2.56290268962778,4417.58769969316
2169,MFB,BPF,MFB_BPF_Maheshwari,Maheshwari MFB active-filter equations,7058.92781413965,624007.229644555,NaN,3.30639135980279e-10,3.37266888855032e-10,NaN,NaN,NaN,NaN,-420037.004646269,4.70082475561909,7181.1164383045
2785,ACTIVE_OTHER,HPF,ACTIVE_OTHER_STATE_VARIABLE_HPF,External state-variable/biquad active-filter canonical equation,11919.0200347832,1066.17921144067,19440.0220880439,1.04091335209083e-11,4.49870418324271e-11,NaN,NaN,10058.2739666811,33152.956839552,4.29608807131063,1.86940892455932,2063163.96367051
2548,ACTIVE_OTHER,LPF,ACTIVE_OTHER_STATE_VARIABLE_LPF,External state-variable/biquad active-filter canonical equation,130087.547877656,192855.481361494,12598.4402273119,6.36571528899931e-11,1.59740113305951e-12,NaN,NaN,10332.5899572763,22107.3309105756,3.13957304044641,1.30100721615781,99645.0375350259
24,PASSIVE,LPF,PASSIVE_RC_LPF,Passive RC first-order equation,8415.59976939344,NaN,NaN,1.43247802501418e-10,NaN,NaN,NaN,NaN,NaN,1,NaN,132022.237913078
698,PASSIVE,BSF,PASSIVE_RLC_BSF,Passive RLC second-order equation,7020.77312349871,NaN,NaN,2.34412446080167e-10,NaN,NaN,0.090227918351212,NaN,NaN,1,2.79444262089256,34606.6315667643
663,PASSIVE,BSF,PASSIVE_RLC_BSF,Passive RLC second-order equation,2084.75772942522,NaN,NaN,5.72797201682391e-11,NaN,NaN,0.00102880129982366,NaN,NaN,1,2.0328705092975,655622.630110059
799,PASSIVE,BSF,PASSIVE_RLC_BSF,Passive RLC second-order equation,717.449179461865,NaN,NaN,1.02156138720119e-10,NaN,NaN,0.00117637914759413,NaN,NaN,1,4.729881725567,459107.342231976
314,PASSIVE,HPF,PASSIVE_RC_HPF,Passive RC first-order equation,185113.492885428,NaN,NaN,6.17525738515013e-12,NaN,NaN,NaN,NaN,NaN,1,NaN,139228.130731017
175,PASSIVE,LPF,PASSIVE_RC_LPF,Passive RC first-order equation,25880.225260616,NaN,NaN,1.13479721273236e-10,NaN,NaN,NaN,NaN,NaN,1,NaN,54191.8302752533
2004,MFB,BPF,MFB_BPF_Maheshwari,Maheshwari MFB active-filter equations,325409.357928515,62251536.5618753,NaN,6.72713855559244e-11,2.37854855213688e-10,NaN,NaN,NaN,NaN,-12919.8639713874,5.73392036763818,279.549601840571
1714,MFB,LPF,MFB_LPF_Maheshwari,Maheshwari MFB active-filter equations,9098.47676443045,25714.2689835305,18762.3109670034,1.03772852122061e-10,1.33441261597617e-11,NaN,NaN,NaN,NaN,-2.06213759212451,0.628216514480939,194716.578342748
1797,MFB,LPF,MFB_LPF_Maheshwari,Maheshwari MFB active-filter equations,268768.118993123,17161868.6279649,387244.02579866,1.06305631005402e-10,1.52096761692508e-11,NaN,NaN,NaN,NaN,-1.44081086421031,0.161212118395244,1535.34989359674
2020,MFB,BPF,MFB_BPF_Maheshwari,Maheshwari MFB active-filter equations,907681.385709902,182624744.50147,NaN,1.19765526204617e-11,4.18042745365331e-11,NaN,NaN,NaN,NaN,-26353.9598278899,5.90149274645303,552.455558150717
1175,VCVS,HPF,VCVS_HPF_Maheshwari,Maheshwari VCVS equal-component active-filter equations,8874.1547172256,8874.1547172256,NaN,3.26992808538671e-11,3.26992808538671e-11,NaN,NaN,9829.81041155348,5391.70406916457,1.54850539770609,0.68894503528957,548472.596921755
759,PASSIVE,BSF,PASSIVE_RLC_BSF,Passive RLC second-order equation,523847.775282826,NaN,NaN,2.09533120792884e-12,NaN,NaN,0.773771273110122,NaN,NaN,1,1.16004505334254,124993.517482364
108,PASSIVE,LPF,PASSIVE_RC_LPF,Passive RC first-order equation,364977.961584099,NaN,NaN,6.39105272972954e-11,NaN,NaN,NaN,NaN,NaN,1,NaN,6823.08983857436
2415,ACTIVE_OTHER,LPF,ACTIVE_OTHER_STATE_VARIABLE_LPF,External state-variable/biquad active-filter canonical equation,31150.0343135693,41629.7757333348,9938.12159159473,7.98652272100829e-11,5.45757665232016e-10,NaN,NaN,9572.0676138461,5030.16997808452,1.52550506128982,0.97893627700194,21169.4728434905
1988,MFB,HPF,MFB_HPF_Maheshwari,Maheshwari MFB active-filter equations,240795.413242398,1859.71200792077,NaN,3.79887628437762e-10,4.19259849014281e-11,4.85888028255166e-10,NaN,NaN,NaN,-1.27903093410364,1.39890049672615,52694.2761221499
410,PASSIVE,BPF,PASSIVE_RLC_BPF,Passive RLC second-order equation,25861.4849759373,NaN,NaN,3.74889293859332e-10,NaN,NaN,4.52661166237777,NaN,NaN,1,4.24895020454373,3863.50958174685
1653,MFB,LPF,MFB_LPF_Maheshwari,Maheshwari MFB active-filter equations,218014.84381112,102298561.239187,428053.613695473,9.48950895928784e-10,1.39528878887252e-11,NaN,NaN,NaN,NaN,-1.96341499602808,0.17976240557948,209.017362120412
2368,MFB,BSF,MFB_BSF_1_MINUS_BP,Maheshwari MFB BPF denominator + ADI 1-minus-BP notch construction,31122.5472015266,648634.424390841,NaN,1.77270021597202e-11,1.23876754985199e-11,NaN,NaN,NaN,NaN,1,2.24645006730253,75590.9857152692
878,VCVS,LPF,VCVS_LPF_Maheshwari,Maheshwari VCVS equal-component active-filter equations,8278.40752545034,8278.40752545034,NaN,2.35238681073883e-12,2.35238681073883e-12,NaN,NaN,10157.698427293,12079.2233845436,2.18916932521718,1.23330311876502,8172681.87315354
3089,ACTIVE_OTHER,BSF,ACTIVE_OTHER_STATE_VARIABLE_BSF,External state-variable/biquad active-filter canonical equation,3192.9018744522,19082.7437309222,33072.7986184462,1.57782596318196e-12,8.41214511931106e-11,NaN,NaN,10072.5582580191,24907.4541675506,3.47280318758355,3.19097372450427,1769799.26159552
1070,VCVS,HPF,VCVS_HPF_Maheshwari,Maheshwari VCVS equal-component active-filter equations,1662.4081354285,1662.4081354285,NaN,5.6409679144326e-12,5.6409679144326e-12,NaN,NaN,9947.6906715188,2356.29997069969,1.23686904312837,0.567172844480212,16971836.7857604
1892,MFB,HPF,MFB_HPF_Maheshwari,Maheshwari MFB active-filter equations,62080.5821591469,677.307252442581,NaN,6.83090574740079e-11,2.58801744782556e-10,1.41270585070949e-11,NaN,NaN,NaN,-0.206810912483609,8.20283239396989,405919.492013086
1124,VCVS,HPF,VCVS_HPF_Maheshwari,Maheshwari VCVS equal-component active-filter equations,8628.90593550887,8628.90593550887,NaN,1.42798480096447e-11,1.42798480096447e-11,NaN,NaN,10095.3072668495,7900.22926082228,1.7825645175521,0.821398763562646,1291637.99543205
724,PASSIVE,BSF,PASSIVE_RLC_BSF,Passive RLC second-order equation,7119930.45125395,NaN,NaN,2.0619712469041e-12,NaN,NaN,3100.20007735062,NaN,NaN,1,5.44600213798672,1990.59985348428
2933,ACTIVE_OTHER,BPF,ACTIVE_OTHER_STATE_VARIABLE_BPF,External state-variable/biquad active-filter canonical equation,2103.2940370997,199303.693692741,42869.9665000078,4.02533608920204e-11,9.4340667426987e-11,NaN,NaN,9665.51748112708,9782.86461560442,2.01214080205291,4.24951773713843,126142.640267603
2538,ACTIVE_OTHER,LPF,ACTIVE_OTHER_STATE_VARIABLE_LPF,External state-variable/biquad active-filter canonical equation,29528.1571867799,408655.384338003,11855.3832014964,3.38109039111014e-12,6.95704914464889e-10,NaN,NaN,9692.58736947504,10806.6423138751,2.11493886017562,1.18407609410856,29873.2463656106
1558,VCVS,BSF,VCVS_BSF_Maheshwari,Maheshwari VCVS equal-component active-filter equations,1197.54028143959,1197.54028143959,NaN,1.81073418140563e-10,1.81073418140563e-10,NaN,NaN,10102.3531993374,5323.07512633247,1.5269143754231,1.05689112926899,733964.916482328
484,PASSIVE,BPF,PASSIVE_RLC_BPF,Passive RLC second-order equation,543141.745774353,NaN,NaN,1.8388702086839e-10,NaN,NaN,185.197571630682,NaN,NaN,1,1.84768920536452,862.436144293224
3022,ACTIVE_OTHER,BSF,ACTIVE_OTHER_STATE_VARIABLE_BSF,External state-variable/biquad active-filter canonical equation,246714.109491468,1283.64181625191,25903.3080495913,1.51772139484167e-11,2.38279653189879e-11,NaN,NaN,9666.86642613492,21976.1223600269,3.27334499012143,2.53290190144076,470285.622747656
2407,ACTIVE_OTHER,LPF,ACTIVE_OTHER_STATE_VARIABLE_LPF,External state-variable/biquad active-filter canonical equation,19125.8696139106,25438.5803792398,44793.4758771487,4.28971101067711e-12,6.79192984833634e-10,NaN,NaN,9542.4001939785,12530.7652119629,2.31316701848977,4.34074845151456,133675.706138526
1076,VCVS,HPF,VCVS_HPF_Maheshwari,Maheshwari VCVS equal-component active-filter equations,274069.429193137,274069.429193137,NaN,3.15391999544841e-12,3.15391999544841e-12,NaN,NaN,10059.9854127888,691.991193267041,1.06878650066305,0.517809139353744,184123.348241684
3086,ACTIVE_OTHER,BSF,ACTIVE_OTHER_STATE_VARIABLE_BSF,External state-variable/biquad active-filter canonical equation,33433.7974118839,46850.3299138313,48554.7335072664,2.7340982544223e-11,1.92226186158986e-12,NaN,NaN,9557.12100485925,26266.4029519472,3.74835935828293,5.07295929759043,554699.300323164
3127,ACTIVE_OTHER,BSF,ACTIVE_OTHER_STATE_VARIABLE_BSF,External state-variable/biquad active-filter canonical equation,66702.0664838751,64021.4438483851,27998.2824618931,7.10011898624717e-10,7.79012747034604e-10,NaN,NaN,10280.2975295139,19112.6418314183,2.85915259519945,2.9021436427183,3274.78399756715
1805,MFB,HPF,MFB_HPF_Maheshwari,Maheshwari MFB active-filter equations,651075.197958643,2148.76187875571,NaN,1.57577431733465e-11,5.7794747450097e-11,1.07786730444539e-11,NaN,NaN,NaN,-0.684023906588703,7.53162851910869,170483.98023766
816,VCVS,LPF,VCVS_LPF_Maheshwari,Maheshwari VCVS equal-component active-filter equations,52933.3158828201,52933.3158828201,NaN,2.78640527857176e-12,2.78640527857176e-12,NaN,NaN,10127.2579935881,3463.05222841561,1.34195359006438,0.603119426577949,1079062.86582592
494,PASSIVE,BPF,PASSIVE_RLC_BPF,Passive RLC second-order equation,3785581.88244466,NaN,NaN,3.77076311365875e-10,NaN,NaN,2508.99016799443,NaN,NaN,1,0.681400127094927,163.627398973243
2734,ACTIVE_OTHER,HPF,ACTIVE_OTHER_STATE_VARIABLE_HPF,External state-variable/biquad active-filter canonical equation,11430.2284830452,198684.941100671,40302.9583983609,1.07536511252559e-12,1.55980453519826e-12,NaN,NaN,10151.9728255716,22542.3777341666,3.22049232415054,4.19342654106269,2578678.14214209
93,PASSIVE,LPF,PASSIVE_RC_LPF,Passive RC first-order equation,6477.15716196404,NaN,NaN,5.16281436185689e-11,NaN,NaN,NaN,NaN,NaN,1,NaN,475936.691464138
3031,ACTIVE_OTHER,BSF,ACTIVE_OTHER_STATE_VARIABLE_BSF,External state-variable/biquad active-filter canonical equation,1660.55360213999,1137.46428146037,11123.6340189827,1.22012785536232e-12,9.50857545989191e-12,NaN,NaN,9967.86794005835,22189.4008218228,3.2260929774811,1.12014274551295,33998863.3868439
2928,ACTIVE_OTHER,BPF,ACTIVE_OTHER_STATE_VARIABLE_BPF,External state-variable/biquad active-filter canonical equation,245827.394822553,33227.5024660853,10545.9328609689,3.24317400983621e-12,2.49904288508791e-12,NaN,NaN,10256.1816069358,20349.0062850643,2.9840723443609,1.08266920827337,618563.319322613
898,VCVS,LPF,VCVS_LPF_Maheshwari,Maheshwari VCVS equal-component active-filter equations,5263.98799275413,5263.98799275413,NaN,1.07029929101293e-12,1.07029929101293e-12,NaN,NaN,10188.5573412231,10954.3745480916,2.07516443999093,1.08127330224002,28248800.0045491
627,PASSIVE,BSF,PASSIVE_RLC_BSF,Passive RLC second-order equation,11983023.6982838,NaN,NaN,6.52663356110352e-11,NaN,NaN,29187.0280922082,NaN,NaN,1,1.76475290281399,115.313612739002
2923,ACTIVE_OTHER,BPF,ACTIVE_OTHER_STATE_VARIABLE_BPF,External state-variable/biquad active-filter canonical equation,34148.3506009457,142576.361317923,50822.829740505,8.1852567717138e-10,5.94284938748563e-11,NaN,NaN,10390.0329142155,12077.2705979084,2.16239002297908,5.17525908971591,10341.8440972967
1576,VCVS,BSF,VCVS_BSF_Maheshwari,Maheshwari VCVS equal-component active-filter equations,4206.94728783765,4206.94728783765,NaN,2.87204774267033e-10,2.87204774267033e-10,NaN,NaN,9918.33571386518,2883.0348540244,1.29067728066455,0.704897765672075,131722.937207059
1999,MFB,HPF,MFB_HPF_Maheshwari,Maheshwari MFB active-filter equations,57532.1836818593,539.6917962063,NaN,1.91764480836425e-10,5.48760658614339e-11,3.49434934606155e-11,NaN,NaN,NaN,-0.182220885266142,8.81152297242405,652254.598006182
916,VCVS,LPF,VCVS_LPF_Maheshwari,Maheshwari VCVS equal-component active-filter equations,7498.97695632217,7498.97695632217,NaN,3.80563071814334e-10,3.80563071814334e-10,NaN,NaN,10143.1320403794,13400.5733105561,2.32114747764389,1.47307399923813,55768.8216939036
522,PASSIVE,BPF,PASSIVE_RLC_BPF,Passive RLC second-order equation,8697878.79227791,NaN,NaN,2.12570968613118e-11,NaN,NaN,30496.9213615917,NaN,NaN,1,4.35474443533242,197.669724035735
2723,ACTIVE_OTHER,HPF,ACTIVE_OTHER_STATE_VARIABLE_HPF,External state-variable/biquad active-filter canonical equation,94388.7141481827,9454.6672079339,49755.3383785814,1.07352467577029e-10,9.50645687615262e-12,NaN,NaN,9760.25414682461,30952.2941591217,4.17125903624053,5.07473998680033,166771.416057019
701,PASSIVE,BSF,PASSIVE_RLC_BSF,Passive RLC second-order equation,162340675.034382,NaN,NaN,1.37751540725704e-12,NaN,NaN,839290.87184245,NaN,NaN,1,4.80817947096909,148.018380859
76,PASSIVE,LPF,PASSIVE_RC_LPF,Passive RC first-order equation,7400.74347696598,NaN,NaN,6.29233921174734e-12,NaN,NaN,NaN,NaN,NaN,1,NaN,3417689.89044948
162,PASSIVE,LPF,PASSIVE_RC_LPF,Passive RC first-order equation,70851.3579789785,NaN,NaN,3.4470900674678e-10,NaN,NaN,NaN,NaN,NaN,1,NaN,6516.57385999543
1639,MFB,LPF,MFB_LPF_Maheshwari,Maheshwari MFB active-filter equations,2412.72044249511,11833.8458086141,4321.71227250077,9.37520134106511e-11,1.51912200803849e-10,NaN,NaN,NaN,NaN,-1.79121965246478,0.150405702444137,186484.450141134
2347,MFB,BSF,MFB_BSF_1_MINUS_BP,Maheshwari MFB BPF denominator + ADI 1-minus-BP notch construction,19713.4544110668,859757.435211721,NaN,1.83208991717273e-10,2.57862337990447e-11,NaN,NaN,NaN,NaN,1,2.17188881742889,17786.2111904833
1275,VCVS,BPF,VCVS_BPF_Maheshwari,Maheshwari VCVS equal-component active-filter equations,629509.072960496,629509.072960496,NaN,2.34294398573401e-10,2.34294398573401e-10,NaN,NaN,9881.23607413768,11436.7106289015,2.15741700158698,1.18682670061402,1079.0864322004
1073,VCVS,HPF,VCVS_HPF_Maheshwari,Maheshwari VCVS equal-component active-filter equations,2250.55959835468,2250.55959835468,NaN,1.20628797874256e-10,1.20628797874256e-10,NaN,NaN,9832.56093310046,3051.6517778829,1.3103618476047,0.591842696368073,586244.273532174
1048,VCVS,HPF,VCVS_HPF_Maheshwari,Maheshwari VCVS equal-component active-filter equations,99129.2752743122,99129.2752743122,NaN,2.85913885513099e-12,2.85913885513099e-12,NaN,NaN,10151.3620801631,4820.19810322095,1.47483264463989,0.655665751358734,561542.916148455
1633,MFB,LPF,MFB_LPF_Maheshwari,Maheshwari MFB active-filter equations,5221.1512263055,30825.062337263,10894.140607702,1.10891863877743e-10,7.67679911075997e-11,NaN,NaN,NaN,NaN,-2.08653994789779,0.207706979736403,94130.7961963626
859,VCVS,LPF,VCVS_LPF_Maheshwari,Maheshwari VCVS equal-component active-filter equations,24383.5328827502,24383.5328827502,NaN,1.50224153349931e-11,1.50224153349931e-11,NaN,NaN,10119.9982723048,3678.76279372482,1.36351417211131,0.611065481263685,434493.953066477
1221,VCVS,BPF,VCVS_BPF_Maheshwari,Maheshwari VCVS equal-component active-filter equations,409408.294069082,409408.294069082,NaN,1.14614031952472e-11,1.14614031952472e-11,NaN,NaN,9863.3026584095,8199.58130426847,1.83132208229233,0.855667746303852,33917.6460970316
1952,MFB,HPF,MFB_HPF_Maheshwari,Maheshwari MFB active-filter equations,361222.438584818,3691.26226630413,NaN,7.23930816825575e-10,3.59400682567661e-11,3.80382112532452e-11,NaN,NaN,NaN,-0.052543986758351,8.72414675452541,117881.547418373
938,VCVS,LPF,VCVS_LPF_Maheshwari,Maheshwari VCVS equal-component active-filter equations,3622.66803775448,3622.66803775448,NaN,3.29839320251705e-10,3.29839320251705e-10,NaN,NaN,10174.741050518,6003.50385554753,1.59003996521778,0.709239960942906,133195.381306672
2742,ACTIVE_OTHER,HPF,ACTIVE_OTHER_STATE_VARIABLE_HPF,External state-variable/biquad active-filter canonical equation,86106.9619497605,33141.5370767648,43059.3889328657,1.56314858555669e-11,4.16826262540898e-10,NaN,NaN,9822.14841040237,27279.9188725016,3.77738817747961,4.36837666348532,36909.4018248105
3103,ACTIVE_OTHER,BSF,ACTIVE_OTHER_STATE_VARIABLE_BSF,External state-variable/biquad active-filter canonical equation,61637.4481255195,8374.05941564821,23737.500863057,1.95498130529116e-11,2.10450272391054e-11,NaN,NaN,10263.3546441961,17976.3842900447,2.75151155867057,2.47378331194396,345369.305405652
47,PASSIVE,LPF,PASSIVE_RC_LPF,Passive RC first-order equation,573827.216427617,NaN,NaN,6.48857306828378e-10,NaN,NaN,NaN,NaN,NaN,1,NaN,427.45439737969
732,PASSIVE,BSF,PASSIVE_RLC_BSF,Passive RLC second-order equation,37528.9288939357,NaN,NaN,9.14450822670463e-10,NaN,NaN,5.17908197091672,NaN,NaN,1,2.00530319350796,2312.66944097683
1949,MFB,HPF,MFB_HPF_Maheshwari,Maheshwari MFB active-filter equations,28764.5596146608,5906.16891850796,NaN,1.70603179463252e-10,1.19664351828132e-10,1.37998603110986e-11,NaN,NaN,NaN,-0.0808886467093722,3.64618127245283,300482.09153537
2934,ACTIVE_OTHER,BPF,ACTIVE_OTHER_STATE_VARIABLE_BPF,External state-variable/biquad active-filter canonical equation,210209.433889682,3883.14721125933,20781.4179370871,5.01226741508872e-11,2.29242928592328e-10,NaN,NaN,10354.3665680765,15909.0329844382,2.53645641960246,2.05155199674715,51968.1207190688
2520,ACTIVE_OTHER,LPF,ACTIVE_OTHER_STATE_VARIABLE_LPF,External state-variable/biquad active-filter canonical equation,309745.119618093,785280.363257629,31793.9575359091,2.07909510212956e-12,9.73362710208684e-10,NaN,NaN,9859.79216498826,9668.91129121816,1.9806404769415,3.22887946615376,7173.49825311033
363,PASSIVE,HPF,PASSIVE_RC_HPF,Passive RC first-order equation,72089.0068467662,NaN,NaN,1.43039254000502e-11,NaN,NaN,NaN,NaN,NaN,1,NaN,154346.168426529
2727,ACTIVE_OTHER,HPF,ACTIVE_OTHER_STATE_VARIABLE_HPF,External state-variable/biquad active-filter canonical equation,692955.995486829,16563.731754703,49859.642201982,2.95749137570725e-10,7.00959814081232e-10,NaN,NaN,9892.05553850672,8006.78171195066,1.8094153617297,4.80351766537415,3262.72075234202
445,PASSIVE,BPF,PASSIVE_RLC_BPF,Passive RLC second-order equation,188443.331333469,NaN,NaN,5.61987092321706e-10,NaN,NaN,518.678292266958,NaN,NaN,1,5.09806176193678,294.786726933703
2101,MFB,BPF,MFB_BPF_Maheshwari,Maheshwari MFB active-filter equations,193368.383177634,14962987.1059805,NaN,2.44354966392445e-11,9.60317076440642e-11,NaN,NaN,NaN,NaN,-53851.757624245,3.53724789767943,1931.52501438509
2557,ACTIVE_OTHER,LPF,ACTIVE_OTHER_STATE_VARIABLE_LPF,External state-variable/biquad active-filter canonical equation,60072.5714479136,118343.518139626,48166.6656399612,1.00180916946396e-11,2.27297871104993e-11,NaN,NaN,9535.75825434531,16892.8026551162,2.7715216980693,4.91159389229539,125089.137232841
155,PASSIVE,LPF,PASSIVE_RC_LPF,Passive RC first-order equation,6208.52828975814,NaN,NaN,7.49769928716507e-11,NaN,NaN,NaN,NaN,NaN,1,NaN,341903.423346982
2642,ACTIVE_OTHER,HPF,ACTIVE_OTHER_STATE_VARIABLE_HPF,External state-variable/biquad active-filter canonical equation,72005.6202138292,55496.6781761531,47391.7717823022,1.09574770541427e-10,7.0269191632567e-12,NaN,NaN,10470.0743479958,19714.5897743962,2.88294649294158,4.9492291005302,90733.0846609598
2860,ACTIVE_OTHER,BPF,ACTIVE_OTHER_STATE_VARIABLE_BPF,External state-variable/biquad active-filter canonical equation,46286.4425665871,4864.91661422448,20088.9016950984,1.73225953962063e-11,2.80609987355747e-10,NaN,NaN,10273.1665314854,21213.5053635439,3.06494319921014,1.96084247566209,152123.91249227
692,PASSIVE,BSF,PASSIVE_RLC_BSF,Passive RLC second-order equation,660.636618444777,NaN,NaN,2.86641382483852e-10,NaN,NaN,0.00350790760156665,NaN,NaN,1,5.29531726092098,158718.157762563
1506,VCVS,BSF,VCVS_BSF_Maheshwari,Maheshwari VCVS equal-component active-filter equations,655944.101972618,655944.101972618,NaN,8.60071125814219e-10,8.60071125814219e-10,NaN,NaN,10019.8900837232,4128.28272320147,1.41200878340049,0.850352838417588,282.110293272145
533,PASSIVE,BPF,PASSIVE_RLC_BPF,Passive RLC second-order equation,734998.335477342,NaN,NaN,4.80432738080651e-12,NaN,NaN,1.9173745930655,NaN,NaN,1,0.859509797747996,52438.5109103298
468,PASSIVE,BPF,PASSIVE_RLC_BPF,Passive RLC second-order equation,534115.744803608,NaN,NaN,6.53519269698179e-12,NaN,NaN,0.474006246927255,NaN,NaN,1,0.504228574474006,90427.1618215822
63,PASSIVE,LPF,PASSIVE_RC_LPF,Passive RC first-order equation,69502.0756489545,NaN,NaN,3.18075878785248e-12,NaN,NaN,NaN,NaN,NaN,1,NaN,719932.237585659
396,PASSIVE,HPF,PASSIVE_RC_HPF,Passive RC first-order equation,168731.292841311,NaN,NaN,2.73994561388315e-11,NaN,NaN,NaN,NaN,NaN,1,NaN,34425.6821835782
552,PASSIVE,BPF,PASSIVE_RLC_BPF,Passive RLC second-order equation,102209.755773017,NaN,NaN,4.99880529888988e-12,NaN,NaN,0.116891190278347,NaN,NaN,1,1.49611655709712,208207.385364323
1684,MFB,LPF,MFB_LPF_Maheshwari,Maheshwari MFB active-filter equations,4907.20242756424,17530.4970904484,4054.35640397696,4.34552911562334e-10,4.96054884401865e-11,NaN,NaN,NaN,NaN,-0.82620524908515,0.691806678584177,128580.72118098
2401,ACTIVE_OTHER,LPF,ACTIVE_OTHER_STATE_VARIABLE_LPF,External state-variable/biquad active-filter canonical equation,14097.3097599437,23495.0468299598,47694.0745131376,4.54249264422602e-11,2.30054060843485e-12,NaN,NaN,10167.4117373692,19785.7614285083,2.94599785467405,4.7829280539219,855464.091685132
2299,MFB,BSF,MFB_BSF_1_MINUS_BP,Maheshwari MFB BPF denominator + ADI 1-minus-BP notch construction,38573.2126668191,1783127.07953228,NaN,7.48327004913239e-11,2.52369376440065e-11,NaN,NaN,NaN,NaN,1,2.95263626026021,13964.3923282958
254,PASSIVE,HPF,PASSIVE_RC_HPF,Passive RC first-order equation,5744.84221839613,NaN,NaN,3.36989134752922e-12,NaN,NaN,NaN,NaN,NaN,1,NaN,8221028.00804742
3182,ACTIVE_OTHER,BSF,ACTIVE_OTHER_STATE_VARIABLE_BSF,External state-variable/biquad active-filter canonical equation,1486.77251158777,165587.848248265,25117.3813104977,1.50454980616174e-11,1.61755179185564e-12,NaN,NaN,9569.81136341674,8207.19108604218,1.85761262937914,2.56741715522698,2056133.25262672
376,PASSIVE,HPF,PASSIVE_RC_HPF,Passive RC first-order equation,1471.44222646551,NaN,NaN,6.23822577886411e-11,NaN,NaN,NaN,NaN,NaN,1,NaN,1733867.18644247
3104,ACTIVE_OTHER,BSF,ACTIVE_OTHER_STATE_VARIABLE_BSF,External state-variable/biquad active-filter canonical equation,1315.15530644655,6979.42639405719,49562.2486007949,3.99717339901783e-11,1.10230902709324e-10,NaN,NaN,9640.39030582584,14261.1979480182,2.47931748566237,4.79434993035766,791395.486086316
2328,MFB,BSF,MFB_BSF_1_MINUS_BP,Maheshwari MFB BPF denominator + ADI 1-minus-BP notch construction,23052.446289427,89681.5768821277,NaN,3.38643929205184e-11,5.25592510401249e-11,NaN,NaN,NaN,NaN,1,0.962845856627481,82968.6021210133
2153,MFB,BPF,MFB_BPF_Maheshwari,Maheshwari MFB active-filter equations,155.999455539653,3008.15137072857,NaN,6.06657722490306e-10,8.33442779952273e-11,NaN,NaN,NaN,NaN,-76913243.9221869,1.43102661629932,1033234.71111234
276,PASSIVE,HPF,PASSIVE_RC_HPF,Passive RC first-order equation,18167.3784413817,NaN,NaN,8.29696523926944e-11,NaN,NaN,NaN,NaN,NaN,1,NaN,105586.549600094
3119,ACTIVE_OTHER,BSF,ACTIVE_OTHER_STATE_VARIABLE_BSF,External state-variable/biquad active-filter canonical equation,2733.40721444809,14426.0963734234,14069.4569532618,6.88311473416724e-10,4.58148469471918e-12,NaN,NaN,9665.89945096223,13990.6969002303,2.44742835068883,1.4386360446193,451333.868337606
1265,VCVS,BPF,VCVS_BPF_Maheshwari,Maheshwari VCVS equal-component active-filter equations,374110.021934731,374110.021934731,NaN,7.38229216293182e-11,7.38229216293182e-11,NaN,NaN,10116.7132301606,4712.51440978265,1.46581476637426,0.651811774798993,5762.74709102154
1602,MFB,LPF,MFB_LPF_Maheshwari,Maheshwari MFB active-filter equations,160451.173334249,24223.8964430583,126247.572766056,1.36665010837612e-10,1.35436337247229e-10,NaN,NaN,NaN,NaN,-0.786828604257442,0.327675615191005,21153.8949012319
1430,VCVS,BSF,VCVS_BSF_Maheshwari,Maheshwari VCVS equal-component active-filter equations,59240.5803011734,59240.5803011734,NaN,2.69667250673183e-12,2.69667250673183e-12,NaN,NaN,10181.8688893294,3361.41470837176,1.33013730042178,0.746421617914878,996259.831314748
2906,ACTIVE_OTHER,BPF,ACTIVE_OTHER_STATE_VARIABLE_BPF,External state-variable/biquad active-filter canonical equation,843211.179397716,13193.9753510993,36174.1331758502,8.57808717048344e-10,5.56848071899735e-12,NaN,NaN,10139.8374829399,25044.1137185936,3.46987328551666,3.58582539315721,21832.3523519871
2498,ACTIVE_OTHER,LPF,ACTIVE_OTHER_STATE_VARIABLE_LPF,External state-variable/biquad active-filter canonical equation,220903.474655518,4466.88597780138,10674.8679249577,1.89228318880885e-11,2.63917264540228e-11,NaN,NaN,10373.6453808361,25416.0302612372,3.45005775001619,1.04671787248268,226719.804597569
666,PASSIVE,BSF,PASSIVE_RLC_BSF,Passive RLC second-order equation,2217503.23375493,NaN,NaN,9.12723905612317e-12,NaN,NaN,134.317446580043,NaN,NaN,1,1.72994477342793,4545.5266185055
1227,VCVS,BPF,VCVS_BPF_Maheshwari,Maheshwari VCVS equal-component active-filter equations,2302.79062900014,2302.79062900014,NaN,4.72146282916598e-12,4.72146282916598e-12,NaN,NaN,10114.9402268344,8704.00349967839,1.86050963272992,0.877585303678995,14638248.0863558
2924,ACTIVE_OTHER,BPF,ACTIVE_OTHER_STATE_VARIABLE_BPF,External state-variable/biquad active-filter canonical equation,408636.845787554,41240.3971691609,15691.1530944843,2.27044954861677e-11,8.92148235150099e-12,NaN,NaN,10245.8964988853,11945.6391133502,2.16589496240274,1.56860034955724,86142.1113371244
716,PASSIVE,BSF,PASSIVE_RLC_BSF,Passive RLC second-order equation,8506009.6486705,NaN,NaN,1.36547362196121e-11,NaN,NaN,4741.7572557311,NaN,NaN,1,2.19079696312422,625.473357710196
2967,ACTIVE_OTHER,BPF,ACTIVE_OTHER_STATE_VARIABLE_BPF,External state-variable/biquad active-filter canonical equation,14073.7911669925,53260.8696540608,34993.8083549771,1.82938230106012e-10,5.35243821895469e-10,NaN,NaN,9954.71762598142,8447.72125797946,1.8486148553256,3.480205401737,18577.291066314
1607,MFB,LPF,MFB_LPF_Maheshwari,Maheshwari MFB active-filter equations,4312.80798105433,6789.78767571608,10730.8119334155,2.88230530979886e-10,3.62264316935523e-10,NaN,NaN,NaN,NaN,-2.48812652465743,0.221238528848014,57702.27990157
2953,ACTIVE_OTHER,BPF,ACTIVE_OTHER_STATE_VARIABLE_BPF,External state-variable/biquad active-filter canonical equation,1026.47968915895,1981.72164794387,40498.1970877327,2.87249807680848e-11,2.20438620216959e-11,NaN,NaN,9848.82179349335,19356.0768486218,2.96531902540966,4.09881806082604,4434553.6082016
1252,VCVS,BPF,VCVS_BPF_Maheshwari,Maheshwari VCVS equal-component active-filter equations,262075.459629623,262075.459629623,NaN,2.78205458017644e-12,2.78205458017644e-12,NaN,NaN,10175.6242841292,1881.44407789094,1.18489716457254,0.550932972216142,218287.129302518
2795,ACTIVE_OTHER,HPF,ACTIVE_OTHER_STATE_VARIABLE_HPF,External state-variable/biquad active-filter canonical equation,1582.06361757573,565379.879661916,24947.8563417638,9.69271507349385e-11,1.47573466190502e-11,NaN,NaN,10339.4352881867,7193.30595108761,1.69571555414698,2.56494315522713,140705.516019242
1387,VCVS,BPF,VCVS_BPF_Maheshwari,Maheshwari VCVS equal-component active-filter equations,141562.520343367,141562.520343367,NaN,2.42353884720956e-11,2.42353884720956e-11,NaN,NaN,10148.4911770591,1024.16186856529,1.10091764881073,0.526570108649458,46389.7316279561
2796,ACTIVE_OTHER,HPF,ACTIVE_OTHER_STATE_VARIABLE_HPF,External state-variable/biquad active-filter canonical equation,10019.4679791297,3412.82833584556,19151.6250974718,2.9894788705943e-11,8.43794775409099e-10,NaN,NaN,9942.84109460663,8224.41756772707,1.82716976862763,1.90316912993811,171365.904951316
1308,VCVS,BPF,VCVS_BPF_Maheshwari,Maheshwari VCVS equal-component active-filter equations,236274.770029174,236274.770029174,NaN,8.90670399404087e-12,8.90670399404087e-12,NaN,NaN,10177.2757005902,4545.50950896313,1.44663322903786,0.643762966154226,75628.5481588607
1753,MFB,LPF,MFB_LPF_Maheshwari,Maheshwari MFB active-filter equations,377.625323603568,207.746784414252,1249.50316457016,8.22311158973067e-10,5.93508682800996e-10,NaN,NaN,NaN,NaN,-3.30884367776641,0.279629921883417,447149.414008262
1916,MFB,HPF,MFB_HPF_Maheshwari,Maheshwari MFB active-filter equations,47780.6360087692,33077.8193847333,NaN,1.45496812736901e-10,2.76146005580856e-11,9.34065381308308e-12,NaN,NaN,NaN,-0.0641983397256517,1.64794595090125,249268.678761998
1587,VCVS,BSF,VCVS_BSF_Maheshwari,Maheshwari VCVS equal-component active-filter equations,23315.1133818685,23315.1133818685,NaN,1.07643000604956e-10,1.07643000604956e-10,NaN,NaN,10004.0571052631,2996.22099505496,1.29950058896392,0.713776474501909,63415.7020062098
636,PASSIVE,BSF,PASSIVE_RLC_BSF,Passive RLC second-order equation,1053061.05290324,NaN,NaN,4.64835231688082e-11,NaN,NaN,1658.9125834149,NaN,NaN,1,5.67294641184993,573.137549075454
1359,VCVS,BPF,VCVS_BPF_Maheshwari,Maheshwari VCVS equal-component active-filter equations,3726.78334815005,3726.78334815005,NaN,6.43936250396411e-10,6.43936250396411e-10,NaN,NaN,10063.1380969248,13653.8225617832,2.35681558081327,1.55476403060952,66319.7851993582
782,PASSIVE,BSF,PASSIVE_RLC_BSF,Passive RLC second-order equation,3812.4694951224,NaN,NaN,3.30897523885393e-10,NaN,NaN,0.003768815785876,NaN,NaN,1,0.885216130430184,142518.393363938
2238,MFB,BSF,MFB_BSF_1_MINUS_BP,Maheshwari MFB BPF denominator + ADI 1-minus-BP notch construction,36880.7945704453,135246.488948683,NaN,1.64501973016079e-10,8.62688784060139e-10,NaN,NaN,NaN,NaN,1,0.70230279018554,5981.9718626342
514,PASSIVE,BPF,PASSIVE_RLC_BPF,Passive RLC second-order equation,61230.1088421255,NaN,NaN,9.40805660739954e-12,NaN,NaN,0.339266394933755,NaN,NaN,1,3.10138319725496,89084.008098851
2521,ACTIVE_OTHER,LPF,ACTIVE_OTHER_STATE_VARIABLE_LPF,External state-variable/biquad active-filter canonical equation,4043.20810015841,10260.6042851047,29761.0817233458,6.24893635863735e-12,9.87877207394042e-13,NaN,NaN,10305.0231838593,24207.1140920951,3.34905964403948,2.95279471375741,9945258.62614014
2282,MFB,BSF,MFB_BSF_1_MINUS_BP,Maheshwari MFB BPF denominator + ADI 1-minus-BP notch construction,5190.48845919963,794879.896900845,NaN,3.69564947671633e-11,2.62838650285317e-10,NaN,NaN,NaN,NaN,1,4.06829134644211,25140.5780732928
1688,MFB,LPF,MFB_LPF_Maheshwari,Maheshwari MFB active-filter equations,7056.19071764543,714.015511477548,8273.53926246673,1.65619435480683e-10,1.35074490552403e-10,NaN,NaN,NaN,NaN,-1.17252205808115,0.273934541796447,437802.586603138
439,PASSIVE,BPF,PASSIVE_RLC_BPF,Passive RLC second-order equation,36616861.4523067,NaN,NaN,3.68123031289165e-12,NaN,NaN,2326.06742553588,NaN,NaN,1,0.686488929600918,1719.93679340723
867,VCVS,LPF,VCVS_LPF_Maheshwari,Maheshwari VCVS equal-component active-filter equations,2484.87883898938,2484.87883898938,NaN,8.63671456739152e-12,8.63671456739152e-12,NaN,NaN,10116.6851949093,2177.44842399509,1.21523338742326,0.560297348097666,7415942.38383353
2610,ACTIVE_OTHER,HPF,ACTIVE_OTHER_STATE_VARIABLE_HPF,External state-variable/biquad active-filter canonical equation,169630.448896001,1714.70517224037,8352.19658643338,1.3983551292179e-12,4.52016876196325e-10,NaN,NaN,10063.4049403807,30271.7958518515,4.00810670257163,0.818787995630665,371182.448560854
904,VCVS,LPF,VCVS_LPF_Maheshwari,Maheshwari VCVS equal-component active-filter equations,1352.14046533665,1352.14046533665,NaN,2.73046680556854e-10,2.73046680556854e-10,NaN,NaN,10015.6656422179,5435.92686910129,1.54274244601256,0.686220494972722,431083.519999841
1159,VCVS,HPF,VCVS_HPF_Maheshwari,Maheshwari VCVS equal-component active-filter equations,14143.5058151357,14143.5058151357,NaN,7.50129105154213e-10,7.50129105154213e-10,NaN,NaN,9808.02899793745,619.9676854478,1.06321022150099,0.516318296957861,15001.2359427211
1228,VCVS,BPF,VCVS_BPF_Maheshwari,Maheshwari VCVS equal-component active-filter equations,1085.49882835071,1085.49882835071,NaN,1.07534440912145e-12,1.07534440912145e-12,NaN,NaN,9944.72302424972,8884.42261600482,1.89338059937321,0.903653053103536,136346247.89903
2878,ACTIVE_OTHER,BPF,ACTIVE_OTHER_STATE_VARIABLE_BPF,External state-variable/biquad active-filter canonical equation,868703.009540324,196945.991057917,29065.1870027828,2.11438035722764e-10,2.91335877352244e-12,NaN,NaN,10072.9536959873,25454.3448175247,3.52699908941949,2.88591947997373,15503.2358228351
3136,ACTIVE_OTHER,BSF,ACTIVE_OTHER_STATE_VARIABLE_BSF,External state-variable/biquad active-filter canonical equation,189371.32735832,4496.48664177608,36140.837188233,1.87939384311266e-11,3.04964545294434e-12,NaN,NaN,10162.6242842654,13626.0715185658,2.34080244801167,3.7991044229397,720431.660640008
1460,VCVS,BSF,VCVS_BSF_Maheshwari,Maheshwari VCVS equal-component active-filter equations,65982.8924752168,65982.8924752168,NaN,1.068641535134e-10,1.068641535134e-10,NaN,NaN,9930.88620775751,556.75271006138,1.05606274187559,0.529696222600106,22571.3082562033
1601,MFB,LPF,MFB_LPF_Maheshwari,Maheshwari MFB active-filter equations,209969.539428818,11328.3357455575,229240.112488679,1.8564668264729e-10,3.32532648372374e-11,NaN,NaN,NaN,NaN,-1.09177794604057,0.476039895304242,39749.4411382204
1509,VCVS,BSF,VCVS_BSF_Maheshwari,Maheshwari VCVS equal-component active-filter equations,19174.7297937053,19174.7297937053,NaN,2.83824729690012e-12,2.83824729690012e-12,NaN,NaN,10180.9568715114,2541.43256143889,1.2496261003276,0.666334477009785,2924426.06498693
298,PASSIVE,HPF,PASSIVE_RC_HPF,Passive RC first-order equation,80076.1073910663,NaN,NaN,6.94771715763079e-10,NaN,NaN,NaN,NaN,NaN,1,NaN,2860.71799821746
1540,VCVS,BSF,VCVS_BSF_Maheshwari,Maheshwari VCVS equal-component active-filter equations,4870.92303325116,4870.92303325116,NaN,2.56626037371151e-11,2.56626037371151e-11,NaN,NaN,10194.4350699711,2145.95475841181,1.21050256769333,0.63331428265593,1273233.76286543
577,PASSIVE,BPF,PASSIVE_RLC_BPF,Passive RLC second-order equation,1247.98907767698,NaN,NaN,4.83760910988844e-10,NaN,NaN,0.00861057916237,NaN,NaN,1,3.38057060435083,77980.9574244739
1720,MFB,LPF,MFB_LPF_Maheshwari,Maheshwari MFB active-filter equations,3705.69770540976,5469.10296085458,8329.43245887691,1.35832842717609e-10,1.31377010859968e-11,NaN,NaN,NaN,NaN,-2.24773662641645,0.831777387984595,558203.163418556
180,PASSIVE,LPF,PASSIVE_RC_LPF,Passive RC first-order equation,6503.7651917058,NaN,NaN,1.85017279048873e-10,NaN,NaN,NaN,NaN,NaN,1,NaN,132264.406827145
66,PASSIVE,LPF,PASSIVE_RC_LPF,Passive RC first-order equation,57794.1874528014,NaN,NaN,5.03321721742936e-10,NaN,NaN,NaN,NaN,NaN,1,NaN,5471.29706948055
354,PASSIVE,HPF,PASSIVE_RC_HPF,Passive RC first-order equation,61056.000766478,NaN,NaN,3.43045732030235e-10,NaN,NaN,NaN,NaN,NaN,1,NaN,7598.70801916554
2027,MFB,BPF,MFB_BPF_Maheshwari,Maheshwari MFB active-filter equations,13502.0295638771,159852.819939048,NaN,3.24427277534149e-10,5.77712248563921e-11,NaN,NaN,NaN,NaN,-1282003.96960866,1.23249768308242,25023.3807761433
301,PASSIVE,HPF,PASSIVE_RC_HPF,Passive RC first-order equation,786477.812662155,NaN,NaN,3.09358587739387e-11,NaN,NaN,NaN,NaN,NaN,1,NaN,6541.41164792528
1663,MFB,LPF,MFB_LPF_Maheshwari,Maheshwari MFB active-filter equations,60085.4951130342,2848.93239242212,56333.8861288113,1.14698115352469e-10,1.34608872961127e-11,NaN,NaN,NaN,NaN,-0.937562152443526,0.597861171964373,319726.931220887
2839,ACTIVE_OTHER,BPF,ACTIVE_OTHER_STATE_VARIABLE_BPF,External state-variable/biquad active-filter canonical equation,2683.62443809827,1481.51120578215,16246.9616967416,2.51054123826588e-10,3.96429809996543e-11,NaN,NaN,10276.538040329,29385.7857065466,3.85950245026346,1.66659967750793,800092.059589744
3126,ACTIVE_OTHER,BSF,ACTIVE_OTHER_STATE_VARIABLE_BSF,External state-variable/biquad active-filter canonical equation,66955.7057766361,4701.67013461892,21035.9543469916,3.4651741192955e-11,2.73749590940379e-12,NaN,NaN,9974.26280367691,34898.1815362232,4.49882314343656,2.16762296611281,921002.877277347
1084,VCVS,HPF,VCVS_HPF_Maheshwari,Maheshwari VCVS equal-component active-filter equations,72908.247760778,72908.247760778,NaN,1.03838531673867e-11,1.03838531673867e-11,NaN,NaN,9956.09920435819,3974.83283137385,1.39923596077005,0.624701689626317,210225.276577671
940,VCVS,LPF,VCVS_LPF_Maheshwari,Maheshwari VCVS equal-component active-filter equations,633303.889704513,633303.889704513,NaN,3.26128171688216e-12,3.26128171688216e-12,NaN,NaN,10180.1691969518,7429.15303883478,1.72976714778565,0.787257232606394,77058.3420021215
1528,VCVS,BSF,VCVS_BSF_Maheshwari,Maheshwari VCVS equal-component active-filter equations,36444.0019454367,36444.0019454367,NaN,3.81545489476028e-10,3.81545489476028e-10,NaN,NaN,9953.80963994668,3845.87027237709,1.38637169199447,0.814825511595362,11445.8420033614
2809,ACTIVE_OTHER,BPF,ACTIVE_OTHER_STATE_VARIABLE_BPF,External state-variable/biquad active-filter canonical equation,11299.8321055119,608453.021887062,55779.799625538,4.25129327524436e-11,3.7664294154759e-10,NaN,NaN,9816.89314951207,21710.8258222898,3.21157809213487,5.85279124991227,15168.5881838343
2775,ACTIVE_OTHER,HPF,ACTIVE_OTHER_STATE_VARIABLE_HPF,External state-variable/biquad active-filter canonical equation,46571.4729745182,131719.949519403,32472.7103640054,3.23577120828747e-11,1.59717000807164e-10,NaN,NaN,9576.30054506607,5120.99374293914,1.53475699920233,3.23166533467054,28266.3602993803
2791,ACTIVE_OTHER,HPF,ACTIVE_OTHER_STATE_VARIABLE_HPF,External state-variable/biquad active-filter canonical equation,2840.92799819005,1044.83795765387,51992.6953562371,2.7201414091163e-10,8.28980345103948e-12,NaN,NaN,10129.0697428765,14406.8076035902,2.42232287557523,5.42392693079902,1945349.7327525
2165,MFB,BPF,MFB_BPF_Maheshwari,Maheshwari MFB active-filter equations,36807.5472587482,41246810.9869875,NaN,1.42168870719939e-11,4.74224150101865e-10,NaN,NaN,NaN,NaN,-57290.0834381268,5.62741177034005,1573.12203335976
1608,MFB,LPF,MFB_LPF_Maheshwari,Maheshwari MFB active-filter equations,28507.8145217366,100543.851788687,55137.5714629517,1.98266908986433e-10,6.81409551685445e-11,NaN,NaN,NaN,NaN,-1.93412130631447,0.36272218943662,18390.3218079905
1543,VCVS,BSF,VCVS_BSF_Maheshwari,Maheshwari VCVS equal-component active-filter equations,174485.333462657,174485.333462657,NaN,9.59320217587991e-12,9.59320217587991e-12,NaN,NaN,10062.8758102468,2881.99738310022,1.2863989815084,0.700671645700415,95081.8463677661
1099,VCVS,HPF,VCVS_HPF_Maheshwari,Maheshwari VCVS equal-component active-filter equations,139337.318465877,139337.318465877,NaN,4.83715719385467e-12,4.83715719385467e-12,NaN,NaN,9957.12288159015,9502.11428870006,1.95430320602638,0.95630014910921,236136.152289002
2647,ACTIVE_OTHER,HPF,ACTIVE_OTHER_STATE_VARIABLE_HPF,External state-variable/biquad active-filter canonical equation,8324.19084686072,247353.04910008,22857.1172959718,3.93710817432988e-10,3.97147045089953e-12,NaN,NaN,9736.25922393635,28352.6160911668,3.91206462759974,2.35327234346275,88700.5150628912
2294,MFB,BSF,MFB_BSF_1_MINUS_BP,Maheshwari MFB BPF denominator + ADI 1-minus-BP notch construction,4229779.96021604,144843217.258185,NaN,2.69663679810648e-11,1.13369631808978e-11,NaN,NaN,NaN,NaN,1,2.67124206338732,367.749902470285
2524,ACTIVE_OTHER,LPF,ACTIVE_OTHER_STATE_VARIABLE_LPF,External state-variable/biquad active-filter canonical equation,187503.207383611,4745.82846110295,42627.0632897584,9.63050129941973e-11,4.82932432090439e-12,NaN,NaN,10391.0107131779,31555.516530029,4.03680916140431,4.08695905240493,247395.690233241
1299,VCVS,BPF,VCVS_BPF_Maheshwari,Maheshwari VCVS equal-component active-filter equations,231831.530175238,231831.530175238,NaN,4.063900768514e-12,4.063900768514e-12,NaN,NaN,10185.3728291148,11649.2039431704,2.1437189525229,1.16784086597076,168929.125957448
1936,MFB,HPF,MFB_HPF_Maheshwari,Maheshwari MFB active-filter equations,46770.9275471284,369.166452891627,NaN,1.18381915931907e-10,3.41995988804787e-11,6.47630430063173e-11,NaN,NaN,NaN,-0.547068718194838,4.45512972270489,813854.738476206
272,PASSIVE,HPF,PASSIVE_RC_HPF,Passive RC first-order equation,300211.628699727,NaN,NaN,1.62034884733711e-11,NaN,NaN,NaN,NaN,NaN,1,NaN,32717.8002410854
2635,ACTIVE_OTHER,HPF,ACTIVE_OTHER_STATE_VARIABLE_HPF,External state-variable/biquad active-filter canonical equation,25534.6235128035,747371.206469777,8268.49575896263,1.41985494024089e-12,1.74829429104764e-11,NaN,NaN,9584.72267423054,21458.9039309556,3.23886539655967,0.833935523481231,231237.339004842
2711,ACTIVE_OTHER,HPF,ACTIVE_OTHER_STATE_VARIABLE_HPF,External state-variable/biquad active-filter canonical equation,64835.2293118273,2047.07505259094,9528.26295067096,4.80006451083938e-12,2.64690786058062e-11,NaN,NaN,9958.10262428,18484.8614611782,2.85626340263939,0.916915490896911,1225616.99452721
728,PASSIVE,BSF,PASSIVE_RLC_BSF,Passive RLC second-order equation,1186.0238785747,NaN,NaN,1.00102873586696e-10,NaN,NaN,0.00235345992640159,NaN,NaN,1,4.08824297020815,327901.5393103
2701,ACTIVE_OTHER,HPF,ACTIVE_OTHER_STATE_VARIABLE_HPF,External state-variable/biquad active-filter canonical equation,4051.66450679493,119639.258701653,51315.3437740176,1.27098300441186e-10,3.365984213029e-10,NaN,NaN,9522.22451841573,5485.74485466862,1.57609908735709,5.09352075612016,34949.4726812575
1569,VCVS,BSF,VCVS_BSF_Maheshwari,Maheshwari VCVS equal-component active-filter equations,20409.1850781521,20409.1850781521,NaN,1.91446701705423e-10,1.91446701705423e-10,NaN,NaN,10038.9258018703,2247.93883840568,1.22392224853249,0.644265344618547,40733.0170496625
2444,ACTIVE_OTHER,LPF,ACTIVE_OTHER_STATE_VARIABLE_LPF,External state-variable/biquad active-filter canonical equation,274569.989465631,53549.8549551473,9412.03936114829,4.68212563471894e-11,3.77437669419548e-10,NaN,NaN,9989.97025592869,14253.8942242436,2.42682048685624,0.927479612654838,9873.48103499458
448,PASSIVE,BPF,PASSIVE_RLC_BPF,Passive RLC second-order equation,3566418.43865852,NaN,NaN,4.07894492411263e-11,NaN,NaN,493.369816021687,NaN,NaN,1,0.975169413314287,1121.91491818299
2370,MFB,BSF,MFB_BSF_1_MINUS_BP,Maheshwari MFB BPF denominator + ADI 1-minus-BP notch construction,2473465.95449281,80276038.9457999,NaN,4.1799813527209e-11,1.43907659997615e-10,NaN,NaN,NaN,NaN,1,2.37924817715385,145.628061247077
2258,MFB,BSF,MFB_BSF_1_MINUS_BP,Maheshwari MFB BPF denominator + ADI 1-minus-BP notch construction,41062.7092488373,953032.367005635,NaN,7.58143382004716e-10,7.22659931183422e-11,NaN,NaN,NaN,NaN,1,1.35793956907213,3437.1607562289
1223,VCVS,BPF,VCVS_BPF_Maheshwari,Maheshwari VCVS equal-component active-filter equations,1019.79091315053,1019.79091315053,NaN,1.57897965750122e-12,1.57897965750122e-12,NaN,NaN,9882.08194972554,6439.45393582316,1.65162927899034,0.741635801206959,98839936.7660291
2978,ACTIVE_OTHER,BPF,ACTIVE_OTHER_STATE_VARIABLE_BPF,External state-variable/biquad active-filter canonical equation,3023.32398952233,492466.350210392,13813.5456570412,1.68380316208192e-11,3.35870358774252e-12,NaN,NaN,10064.6225424128,13905.3103605328,2.3816027677079,1.34444628470829,548476.47741327
2828,ACTIVE_OTHER,BPF,ACTIVE_OTHER_STATE_VARIABLE_BPF,External state-variable/biquad active-filter canonical equation,23974.9194408825,2187.67163271169,36666.5764846728,4.05771738378009e-10,5.6918911281672e-10,NaN,NaN,9728.5256355234,28620.874560574,3.94195396433616,3.65798568144341,45727.9040289755
3009,ACTIVE_OTHER,BSF,ACTIVE_OTHER_STATE_VARIABLE_BSF,External state-variable/biquad active-filter canonical equation,820443.811944021,5531.66244395454,42736.1143711165,7.43493362286247e-11,4.39672690583911e-10,NaN,NaN,9974.96491554661,34871.5365403173,4.49590568343432,4.47763985238704,13066.6597121579
2403,ACTIVE_OTHER,LPF,ACTIVE_OTHER_STATE_VARIABLE_LPF,External state-variable/biquad active-filter canonical equation,67414.690461873,12172.5875118457,43115.249103891,5.52922657830929e-11,3.3689129571784e-12,NaN,NaN,9832.7369782964,27195.9030037626,3.76585278989884,4.30587134030231,407074.893494048
2376,MFB,BSF,MFB_BSF_1_MINUS_BP,Maheshwari MFB BPF denominator + ADI 1-minus-BP notch construction,3911.84477171427,890617.879423804,NaN,1.47399198086155e-11,5.26861411362405e-11,NaN,NaN,NaN,NaN,1,6.23624064330432,96758.2187183027
10,PASSIVE,LPF,PASSIVE_RC_LPF,Passive RC first-order equation,17852.5961226227,NaN,NaN,7.08667292698127e-10,NaN,NaN,NaN,NaN,NaN,1,NaN,12579.8760619778
1288,VCVS,BPF,VCVS_BPF_Maheshwari,Maheshwari VCVS equal-component active-filter equations,4548.25720532162,4548.25720532162,NaN,2.04542742382922e-12,2.04542742382922e-12,NaN,NaN,10032.7126580296,3668.81901002866,1.36568564605429,0.61187738918508,17107676.9621861
1490,VCVS,BSF,VCVS_BSF_Maheshwari,Maheshwari VCVS equal-component active-filter equations,1978.48300106579,1978.48300106579,NaN,7.92586635018237e-12,7.92586635018237e-12,NaN,NaN,10041.2645203146,3008.71682535166,1.29963525204069,0.713913716326919,10149416.2363338
1657,MFB,LPF,MFB_LPF_Maheshwari,Maheshwari MFB active-filter equations,2095.37343109088,2918.87598422715,5934.67537972595,2.58513718690562e-10,5.20511516664176e-11,NaN,NaN,NaN,NaN,-2.83227576128818,0.541768337241352,329652.866681338
3036,ACTIVE_OTHER,BSF,ACTIVE_OTHER_STATE_VARIABLE_BSF,External state-variable/biquad active-filter canonical equation,39153.8694020088,144580.469941284,17115.9658115841,2.51777741206268e-12,1.21722909669587e-10,NaN,NaN,9566.39426915878,30119.9583690311,4.14851735372597,1.72161280879741,120832.327924424
2071,MFB,BPF,MFB_BPF_Maheshwari,Maheshwari MFB active-filter equations,1908.31104276147,27800.2346977466,NaN,2.78702195830443e-10,1.5096560024877e-10,NaN,NaN,NaN,NaN,-3471145.66047495,1.82211607496483,106527.595514773
1784,MFB,LPF,MFB_LPF_Maheshwari,Maheshwari MFB active-filter equations,218647.915344261,116033.067162724,600153.964451724,2.05274532190968e-11,1.51005610120678e-11,NaN,NaN,NaN,NaN,-2.74484192317491,0.297363317232367,34255.7775004343
480,PASSIVE,BPF,PASSIVE_RLC_BPF,Passive RLC second-order equation,575.132804680389,NaN,NaN,2.85542866088011e-10,NaN,NaN,0.000408850438895228,NaN,NaN,1,2.08055134098033,465802.956063105
2262,MFB,BSF,MFB_BSF_1_MINUS_BP,Maheshwari MFB BPF denominator + ADI 1-minus-BP notch construction,1188.88768590222,249075.082028731,NaN,1.53250941106222e-10,5.12758946967664e-11,NaN,NaN,NaN,NaN,1,6.27339488758733,104334.124874296
1930,MFB,HPF,MFB_HPF_Maheshwari,Maheshwari MFB active-filter equations,665080.240793945,28.6711477092917,NaN,2.95820954687592e-11,3.05606725005967e-11,3.72568015715575e-10,NaN,NaN,NaN,-12.5943754089035,2.98211487103417,341567.335649531
3192,ACTIVE_OTHER,BSF,ACTIVE_OTHER_STATE_VARIABLE_BSF,External state-variable/biquad active-filter canonical equation,4050.43324089225,158553.084966733,18772.4977857143,1.67626921644939e-10,7.52979805339467e-11,NaN,NaN,9964.89737552697,32256.5292875578,4.23701570342083,1.78794351992286,55900.860731492
1499,VCVS,BSF,VCVS_BSF_Maheshwari,Maheshwari VCVS equal-component active-filter equations,1584.91750602512,1584.91750602512,NaN,8.59022640618966e-11,8.59022640618966e-11,NaN,NaN,9892.46508995114,5439.00509406718,1.54981291767127,1.1106493713982,1168984.78578417
3007,ACTIVE_OTHER,BSF,ACTIVE_OTHER_STATE_VARIABLE_BSF,External state-variable/biquad active-filter canonical equation,13227.6399583977,1135.46519479908,10509.3496533352,9.66621091453731e-13,9.05603358689512e-13,NaN,NaN,9502.21829898673,13260.9905999472,2.39556787506779,1.0247564214235,43892962.0872004
2595,ACTIVE_OTHER,LPF,ACTIVE_OTHER_STATE_VARIABLE_LPF,External state-variable/biquad active-filter canonical equation,3671.089170533,2200.91694973786,33810.8176951191,1.0516545192525e-09,4.14344071561458e-12,NaN,NaN,9956.90139233142,11649.9493426022,2.17003763355282,3.47494375857929,848210.660416616
253,PASSIVE,HPF,PASSIVE_RC_HPF,Passive RC first-order equation,20036.7279036037,NaN,NaN,3.8592312453747e-10,NaN,NaN,NaN,NaN,NaN,1,NaN,20582.2348238136
2982,ACTIVE_OTHER,BPF,ACTIVE_OTHER_STATE_VARIABLE_BPF,External state-variable/biquad active-filter canonical equation,311365.974646311,168804.370395156,26550.8241801076,1.32449446444757e-11,1.55514218089067e-11,NaN,NaN,9788.14713229971,6614.21466034739,1.67573715136762,2.56999445757248,48370.7240196614
2148,MFB,BPF,MFB_BPF_Maheshwari,Maheshwari MFB active-filter equations,21651.2873517784,635879.281194852,NaN,1.53405866006982e-10,1.19856925307498e-10,NaN,NaN,NaN,NaN,-385348.030384045,2.68916546152068,10003.186888226
2973,ACTIVE_OTHER,BPF,ACTIVE_OTHER_STATE_VARIABLE_BPF,External state-variable/biquad active-filter canonical equation,1455.73730455791,18305.4413445493,11373.4736770868,1.13440614757036e-10,9.40027028315724e-11,NaN,NaN,10088.5654217369,17833.8489854753,2.76772893270339,1.08595248095792,298561.681304677
2807,ACTIVE_OTHER,BPF,ACTIVE_OTHER_STATE_VARIABLE_BPF,External state-variable/biquad active-filter canonical equation,8374.19926806552,10418.6327629711,20578.7784451709,3.14022238411227e-11,2.242540987141e-11,NaN,NaN,9546.0000019669,17288.8375168809,2.81110805712535,1.98809633438825,642085.294993774
433,PASSIVE,BPF,PASSIVE_RLC_BPF,Passive RLC second-order equation,31311.2336998085,NaN,NaN,1.9938091029125e-10,NaN,NaN,5.05396669022464,NaN,NaN,1,5.08480404143685,5013.74401754186
2572,ACTIVE_OTHER,LPF,ACTIVE_OTHER_STATE_VARIABLE_LPF,External state-variable/biquad active-filter canonical equation,948893.656938377,2282.47453802306,15694.1203988455,7.33265150785981e-12,5.22788680481886e-10,NaN,NaN,9972.67924752587,34351.1803518579,4.44452874691424,1.60444417613639,55235.0534692707
1832,MFB,HPF,MFB_HPF_Maheshwari,Maheshwari MFB active-filter equations,853620.343989872,10672.0382844911,NaN,2.24239232642182e-11,8.05958681887486e-11,1.55862984646824e-10,NaN,NaN,NaN,-6.95074554128241,0.557060067530832,14877.7132096595
880,VCVS,LPF,VCVS_LPF_Maheshwari,Maheshwari VCVS equal-component active-filter equations,2084.14468349951,2084.14468349951,NaN,4.87317615738957e-10,4.87317615738957e-10,NaN,NaN,10195.4301200541,2711.71578646533,1.26597365236524,0.576692506064867,156704.026610601
1573,VCVS,BSF,VCVS_BSF_Maheshwari,Maheshwari VCVS equal-component active-filter equations,21143.0014606837,21143.0014606837,NaN,2.01321262522419e-11,2.01321262522419e-11,NaN,NaN,10160.5526187147,5843.12597265528,1.57507954458037,1.17669082206509,373907.215938333
615,PASSIVE,BSF,PASSIVE_RLC_BSF,Passive RLC second-order equation,20651.1662743569,NaN,NaN,1.63034815412857e-11,NaN,NaN,0.048130279326803,NaN,NaN,1,2.63102169699999,179668.012039259
2867,ACTIVE_OTHER,BPF,ACTIVE_OTHER_STATE_VARIABLE_BPF,External state-variable/biquad active-filter canonical equation,472572.54498515,2386.65090402559,5844.04996753091,3.67386369754223e-11,1.18365116926571e-10,NaN,NaN,10103.4822466154,22797.4558935777,3.25639589768316,0.591524796907382,71865.1031041759
2088,MFB,BPF,MFB_BPF_Maheshwari,Maheshwari MFB active-filter equations,86813.9768548232,4427096.35606753,NaN,4.08293770356092e-11,5.88539241767395e-11,NaN,NaN,NaN,NaN,-195719.87213334,3.51169135988655,5237.11040214689
1403,VCVS,BSF,VCVS_BSF_Maheshwari,Maheshwari VCVS equal-component active-filter equations,688000.822362564,688000.822362564,NaN,1.25359503062396e-10,1.25359503062396e-10,NaN,NaN,9942.24814654433,2022.72998160163,1.20344794776669,0.627705369157156,1845.32944840325
283,PASSIVE,HPF,PASSIVE_RC_HPF,Passive RC first-order equation,258187.630298495,NaN,NaN,2.85891682041593e-11,NaN,NaN,NaN,NaN,NaN,1,NaN,21561.7089936082
144,PASSIVE,LPF,PASSIVE_RC_LPF,Passive RC first-order equation,145390.344864136,NaN,NaN,3.18854894886714e-11,NaN,NaN,NaN,NaN,NaN,1,NaN,34331.3970469495
976,VCVS,LPF,VCVS_LPF_Maheshwari,Maheshwari VCVS equal-component active-filter equations,584204.582970762,584204.582970762,NaN,1.47758762754817e-12,1.47758762754817e-12,NaN,NaN,10156.94660981,9007.38331498166,1.8868199923668,0.898327308380391,184374.954486522
2587,ACTIVE_OTHER,LPF,ACTIVE_OTHER_STATE_VARIABLE_LPF,External state-variable/biquad active-filter canonical equation,41130.8134085033,6293.15219723555,45959.4853621716,4.0678861710324e-11,2.73738182620869e-12,NaN,NaN,10478.3203786861,29763.7414134367,3.84050690738365,4.43576398406171,937454.675078241
2452,ACTIVE_OTHER,LPF,ACTIVE_OTHER_STATE_VARIABLE_LPF,External state-variable/biquad active-filter canonical equation,8503.44375519828,2828.93406378785,19832.1719735269,3.1395066638472e-11,2.02799164339575e-12,NaN,NaN,9940.49309150895,11775.2857638306,2.18457763165581,2.03585806206179,4066750.34496216
2893,ACTIVE_OTHER,BPF,ACTIVE_OTHER_STATE_VARIABLE_BPF,External state-variable/biquad active-filter canonical equation,1151.68737294565,718342.295794633,11710.8134987877,1.19787749473012e-10,3.28288022256858e-10,NaN,NaN,9668.23624631152,26355.3508672118,3.72597298987874,1.14650976143956,27903.1599254496
1340,VCVS,BPF,VCVS_BPF_Maheshwari,Maheshwari VCVS equal-component active-filter equations,8343.22003515178,8343.22003515178,NaN,3.08873231842508e-12,3.08873231842508e-12,NaN,NaN,9846.25902887881,11045.6501402506,2.12181185847884,1.13870815685104,6175983.99712353
2938,ACTIVE_OTHER,BPF,ACTIVE_OTHER_STATE_VARIABLE_BPF,External state-variable/biquad active-filter canonical equation,351109.401393185,327296.621586536,13308.9536053615,5.04597354859629e-10,2.77033686160565e-10,NaN,NaN,10260.9769644359,26219.9134694366,3.55530380394709,1.33192915339743,1255.71003829209
1840,MFB,HPF,MFB_HPF_Maheshwari,Maheshwari MFB active-filter equations,118909.497299339,74.6318913241494,NaN,9.9714037318389e-12,2.21913209561589e-10,2.00336031412284e-11,NaN,NaN,NaN,-2.00910560639128,5.25841453608485,801269.341210942
447,PASSIVE,BPF,PASSIVE_RLC_BPF,Passive RLC second-order equation,16176526.7453519,NaN,NaN,6.80046133141318e-12,NaN,NaN,45382.4648446517,NaN,NaN,1,5.04997899946265,286.488308967968
1717,MFB,LPF,MFB_LPF_Maheshwari,Maheshwari MFB active-filter equations,629199.827094388,401335.620745255,777278.828349734,4.18710125985223e-11,1.00105735069985e-10,NaN,NaN,NaN,NaN,-1.23534494905882,0.21572957730073,4401.40818995019
711,PASSIVE,BSF,PASSIVE_RLC_BSF,Passive RLC second-order equation,976.085947612844,NaN,NaN,1.10348343683248e-09,NaN,NaN,0.0237127000921984,NaN,NaN,1,4.74918988816767,31113.3459500987
1330,VCVS,BPF,VCVS_BPF_Maheshwari,Maheshwari VCVS equal-component active-filter equations,565578.677977509,565578.677977509,NaN,4.12905933419002e-10,4.12905933419002e-10,NaN,NaN,9975.5588332785,4369.68555407294,1.43803917425615,0.640220922009213,681.515879603917
2191,MFB,BPF,MFB_BPF_Maheshwari,Maheshwari MFB active-filter equations,199240.162962338,15723715.3114677,NaN,7.18094071553728e-11,7.79849442693208e-11,NaN,NaN,NaN,NaN,-64359.4531898089,4.43802514632829,1201.59482092491
1520,VCVS,BSF,VCVS_BSF_Maheshwari,Maheshwari VCVS equal-component active-filter equations,371808.177042246,371808.177042246,NaN,3.40113798843291e-10,3.40113798843291e-10,NaN,NaN,10128.5970586805,6950.61127068168,1.6862363297121,1.59355606575233,1258.56874581091
2762,ACTIVE_OTHER,HPF,ACTIVE_OTHER_STATE_VARIABLE_HPF,External state-variable/biquad active-filter canonical equation,136292.351195548,36709.1506588982,43424.3183024068,2.71776197420233e-11,3.17982826892965e-12,NaN,NaN,10112.9232275619,22201.1020372737,3.19531994238486,4.52588035265997,242041.413069316
1213,VCVS,BPF,VCVS_BPF_Maheshwari,Maheshwari VCVS equal-component active-filter equations,21319.5832358503,21319.5832358503,NaN,3.16662058770961e-10,3.16662058770961e-10,NaN,NaN,9958.23612695031,12794.1797192724,2.28478372637169,1.39817847673819,23574.6573963233
2570,ACTIVE_OTHER,LPF,ACTIVE_OTHER_STATE_VARIABLE_LPF,External state-variable/biquad active-filter canonical equation,10933.8251595855,8450.73888728085,27793.1977601522,9.69687110638394e-11,1.53163189951212e-10,NaN,NaN,9941.74091974723,5623.85278100115,1.56568088289552,2.83704176700749,135860.658369329
79,PASSIVE,LPF,PASSIVE_RC_LPF,Passive RC first-order equation,89166.5126079077,NaN,NaN,9.42466790782022e-10,NaN,NaN,NaN,NaN,NaN,1,NaN,1893.87928678247
2758,ACTIVE_OTHER,HPF,ACTIVE_OTHER_STATE_VARIABLE_HPF,External state-variable/biquad active-filter canonical equation,189712.987605628,5006.16433528253,41065.7283683097,6.28850834477073e-11,6.55704118525804e-12,NaN,NaN,10020.2183302774,20749.5901885513,3.07077226310066,3.99574305166282,254326.299634162
2895,ACTIVE_OTHER,BPF,ACTIVE_OTHER_STATE_VARIABLE_BPF,External state-variable/biquad active-filter canonical equation,3891.49248283935,7598.66951730508,8233.79839438654,7.02321881847324e-11,1.72232843431589e-11,NaN,NaN,10060.4006897418,27389.4197122301,3.72249789614821,0.802271140224246,841525.285499536
2463,ACTIVE_OTHER,LPF,ACTIVE_OTHER_STATE_VARIABLE_LPF,External state-variable/biquad active-filter canonical equation,5795.19243903644,109693.873468512,24815.0398173264,1.30645745014447e-12,9.92871051167194e-12,NaN,NaN,9522.16192798153,8801.53190017597,1.9243207547555,2.58015086952593,1752673.23810126
988,VCVS,LPF,VCVS_LPF_Maheshwari,Maheshwari VCVS equal-component active-filter equations,227421.940813879,227421.940813879,NaN,2.24855605373018e-11,2.24855605373018e-11,NaN,NaN,9885.7185960412,2372.57884600831,1.2400006456747,0.568182026625433,31123.1862515159
2113,MFB,BPF,MFB_BPF_Maheshwari,Maheshwari MFB active-filter equations,1279468.44917024,148663609.558851,NaN,1.42455172101853e-11,1.06484695909405e-10,NaN,NaN,NaN,NaN,-7339.78306449764,3.47739709731016,296.292252863063
585,PASSIVE,BPF,PASSIVE_RLC_BPF,Passive RLC second-order equation,28009.4927951451,NaN,NaN,9.6884718881446e-12,NaN,NaN,0.117566961569333,NaN,NaN,1,3.93287153699145,149124.789193263
1171,VCVS,HPF,VCVS_HPF_Maheshwari,Maheshwari VCVS equal-component active-filter equations,5653.76341148525,5653.76341148525,NaN,5.36141590860832e-10,5.36141590860832e-10,NaN,NaN,10160.2712469767,4957.64642047709,1.48794429793912,0.661351297202236,52505.2828037258
551,PASSIVE,BPF,PASSIVE_RLC_BPF,Passive RLC second-order equation,363518.945827815,NaN,NaN,6.18928331590408e-12,NaN,NaN,20.5057934095455,NaN,NaN,1,5.00715524798761,14127.3811140439
1519,VCVS,BSF,VCVS_BSF_Maheshwari,Maheshwari VCVS equal-component active-filter equations,117249.202144246,117249.202144246,NaN,1.39437341382059e-12,1.39437341382059e-12,NaN,NaN,10118.486582987,968.104199024541,1.09567677844751,0.552899658090863,973489.209329384
912,VCVS,LPF,VCVS_LPF_Maheshwari,Maheshwari VCVS equal-component active-filter equations,366008.787702774,366008.787702774,NaN,3.23790981546558e-10,3.23790981546558e-10,NaN,NaN,10059.3592549961,5095.85670462337,1.50657865729295,0.669603394168288,1342.96245273421
2769,ACTIVE_OTHER,HPF,ACTIVE_OTHER_STATE_VARIABLE_HPF,External state-variable/biquad active-filter canonical equation,676442.709695003,17446.8289154477,55709.8276523897,1.43522403030149e-10,1.22948061316601e-11,NaN,NaN,9806.30233898437,26296.4719159629,3.68158894218699,5.43741684811434,34875.9205006793
1361,VCVS,BPF,VCVS_BPF_Maheshwari,Maheshwari VCVS equal-component active-filter equations,447377.93797308,447377.93797308,NaN,3.7407419412407e-11,3.7407419412407e-11,NaN,NaN,9897.85491145758,5225.13789325755,1.52790609076407,0.679304488474542,9510.159902855
3057,ACTIVE_OTHER,BSF,ACTIVE_OTHER_STATE_VARIABLE_BSF,External state-variable/biquad active-filter canonical equation,1131.58611023207,58393.4547026647,29574.4816339971,7.94812202524761e-12,1.50041992428209e-11,NaN,NaN,9802.38848019749,24719.7453235499,3.52180837083615,2.90038515033756,1792897.94038635
990,VCVS,LPF,VCVS_LPF_Maheshwari,Maheshwari VCVS equal-component active-filter equations,1622.76859633023,1622.76859633023,NaN,2.16187998421505e-12,2.16187998421505e-12,NaN,NaN,9976.44041015227,7153.06861668284,1.71699607501326,0.779420842387785,45366153.3340562
2292,MFB,BSF,MFB_BSF_1_MINUS_BP,Maheshwari MFB BPF denominator + ADI 1-minus-BP notch construction,17327.9504398506,1177396.73185556,NaN,2.98736124999826e-10,2.91908209957737e-10,NaN,NaN,NaN,NaN,1,4.1212484620804,3773.27183200708
2447,ACTIVE_OTHER,LPF,ACTIVE_OTHER_STATE_VARIABLE_LPF,External state-variable/biquad active-filter canonical equation,279603.916694481,394454.37129461,47283.805079702,3.09491324689243e-11,5.62580430655017e-12,NaN,NaN,9546.81491276215,34209.7997529555,4.58337310040692,4.85382175212827,36318.9738172769
449,PASSIVE,BPF,PASSIVE_RLC_BPF,Passive RLC second-order equation,1697638.22390325,NaN,NaN,5.16102416377266e-12,NaN,NaN,69.9730791517377,NaN,NaN,1,2.16896428724286,8375.03619700344
3054,ACTIVE_OTHER,BSF,ACTIVE_OTHER_STATE_VARIABLE_BSF,External state-variable/biquad active-filter canonical equation,835564.982716389,24195.3258280986,26526.1472249239,2.58728494960817e-12,3.98325570083407e-10,NaN,NaN,9665.85328399826,6828.42488785471,1.70644822419963,2.77458041270901,34867.6802235623
1456,VCVS,BSF,VCVS_BSF_Maheshwari,Maheshwari VCVS equal-component active-filter equations,780047.450783931,780047.450783931,NaN,7.17911940690308e-10,7.17911940690308e-10,NaN,NaN,10077.6027230356,6912.76724236735,1.68595353799431,1.59212110465024,284.202525541401
2736,ACTIVE_OTHER,HPF,ACTIVE_OTHER_STATE_VARIABLE_HPF,External state-variable/biquad active-filter canonical equation,21295.8797811201,284634.174978939,48503.4006189999,3.46885466651446e-10,9.06523817756835e-10,NaN,NaN,10249.0288087159,14719.5269862883,2.43618749259157,5.0977007352929,3645.40810622432
1305,VCVS,BPF,VCVS_BPF_Maheshwari,Maheshwari VCVS equal-component active-filter equations,650086.798305512,650086.798305512,NaN,1.08343850449583e-12,1.08343850449583e-12,NaN,NaN,9863.02351537615,3194.27044491886,1.32386320887698,0.596610017330385,225966.739410405
740,PASSIVE,BSF,PASSIVE_RLC_BSF,Passive RLC second-order equation,1839058.52751947,NaN,NaN,1.80384515470211e-11,NaN,NaN,229.904242956316,NaN,NaN,1,1.94123590470851,2471.42258620597
1220,VCVS,BPF,VCVS_BPF_Maheshwari,Maheshwari VCVS equal-component active-filter equations,2500.56337694485,2500.56337694485,NaN,8.62282801083621e-10,8.62282801083621e-10,NaN,NaN,10073.9945735048,9863.03436239936,1.97905893143319,0.97948846489621,73812.9464172236
2032,MFB,BPF,MFB_BPF_Maheshwari,Maheshwari MFB active-filter equations,1987.2859901866,27927.6363749622,NaN,3.79275488551956e-11,2.11580234202662e-11,NaN,NaN,NaN,NaN,-23782884.983335,1.79729925333003,754150.321626401
152,PASSIVE,LPF,PASSIVE_RC_LPF,Passive RC first-order equation,535163.678423828,NaN,NaN,5.39543998317136e-10,NaN,NaN,NaN,NaN,NaN,1,NaN,551.196733875246
1906,MFB,HPF,MFB_HPF_Maheshwari,Maheshwari MFB active-filter equations,13999.6282396982,441.514372476154,NaN,6.07942404746284e-11,5.67310000939488e-10,4.07011524094892e-10,NaN,NaN,NaN,-6.69490269007888,0.390450703277763,133221.980126883
1172,VCVS,HPF,VCVS_HPF_Maheshwari,Maheshwari VCVS equal-component active-filter equations,72433.9370850489,72433.9370850489,NaN,4.23428332817848e-10,4.23428332817848e-10,NaN,NaN,10048.6958337329,10273.3789017259,2.02235942571161,1.022870803749,5189.17271093181
3035,ACTIVE_OTHER,BSF,ACTIVE_OTHER_STATE_VARIABLE_BSF,External state-variable/biquad active-filter canonical equation,3258.88933384337,383384.522952178,16494.6462852823,1.59280553264349e-11,3.50295490647276e-10,NaN,NaN,10479.5452720333,11753.6319978649,2.12157843615903,1.58988380144841,60279.4645326113
3059,ACTIVE_OTHER,BSF,ACTIVE_OTHER_STATE_VARIABLE_BSF,External state-variable/biquad active-filter canonical equation,218377.949584985,25640.2265946845,24588.9177730089,9.79353231729182e-13,2.20246223554318e-10,NaN,NaN,10474.6925472146,18859.0138708693,2.80043603054337,2.44580635194376,144820.784102346
3108,ACTIVE_OTHER,BSF,ACTIVE_OTHER_STATE_VARIABLE_BSF,External state-variable/biquad active-filter canonical equation,2321.28010109804,14286.9538846105,22747.7889279559,7.8061914787951e-10,2.87304693789777e-12,NaN,NaN,10003.7018364284,22936.7204061405,3.29282327494174,2.32081341011008,583573.517387904
866,VCVS,LPF,VCVS_LPF_Maheshwari,Maheshwari VCVS equal-component active-filter equations,101509.05489198,101509.05489198,NaN,1.87757798225593e-10,1.87757798225593e-10,NaN,NaN,9874.4392169824,2101.65694501446,1.2128381064314,0.55954639789415,8350.59389393568
2075,MFB,BPF,MFB_BPF_Maheshwari,Maheshwari MFB active-filter equations,177520.573320091,1134614.72370509,NaN,2.76595487450514e-10,2.01039798401445e-11,NaN,NaN,NaN,NaN,-280200.73366861,0.635399195072328,4755.6295058781
1364,VCVS,BPF,VCVS_BPF_Maheshwari,Maheshwari VCVS equal-component active-filter equations,254741.970397946,254741.970397946,NaN,1.24355760217492e-10,1.24355760217492e-10,NaN,NaN,9899.95880851456,500.460966519785,1.05055182311358,0.512965675033825,5024.04731889676
2270,MFB,BSF,MFB_BSF_1_MINUS_BP,Maheshwari MFB BPF denominator + ADI 1-minus-BP notch construction,884896.127486402,117017316.25288,NaN,5.31662370022762e-11,1.69343709560785e-11,NaN,NaN,NaN,NaN,1,4.92220424896302,521.250424499773
871,VCVS,LPF,VCVS_LPF_Maheshwari,Maheshwari VCVS equal-component active-filter equations,7124.50979636497,7124.50979636497,NaN,5.19050031788883e-10,5.19050031788883e-10,NaN,NaN,9834.0057820272,4239.64354952161,1.43112070945393,0.6373976672558,43038.3805876333
275,PASSIVE,HPF,PASSIVE_RC_HPF,Passive RC first-order equation,29460.5817097406,NaN,NaN,1.1619398702582e-11,NaN,NaN,NaN,NaN,NaN,1,NaN,464938.124735341
1796,MFB,LPF,MFB_LPF_Maheshwari,Maheshwari MFB active-filter equations,589815.064341083,20977410.4614968,901757.299503929,6.84164755649099e-10,4.66664709702365e-11,NaN,NaN,NaN,NaN,-1.52888143084534,0.308672547223291,204.793671251611
71,PASSIVE,LPF,PASSIVE_RC_LPF,Passive RC first-order equation,240631.830154042,NaN,NaN,4.53474998520529e-11,NaN,NaN,NaN,NaN,NaN,1,NaN,14585.2443526147
2666,ACTIVE_OTHER,HPF,ACTIVE_OTHER_STATE_VARIABLE_HPF,External state-variable/biquad active-filter canonical equation,4881.64863555292,565971.014279701,10511.2788870179,6.58966386416199e-11,2.88041697986564e-10,NaN,NaN,9616.94269551176,15452.1949304305,2.60676791155698,1.04649916708974,21977.6101812045
27,PASSIVE,LPF,PASSIVE_RC_LPF,Passive RC first-order equation,36487.1046392024,NaN,NaN,7.42731717256972e-12,NaN,NaN,NaN,NaN,NaN,1,NaN,587284.798113493
3021,ACTIVE_OTHER,BSF,ACTIVE_OTHER_STATE_VARIABLE_BSF,External state-variable/biquad active-filter canonical equation,55881.3106599264,11347.9319220555,43552.7470095633,4.62726023819593e-10,3.53907729910439e-12,NaN,NaN,9743.47271198503,26323.7522578249,3.70168070830077,4.4229642527963,156178.588051905
2111,MFB,BPF,MFB_BPF_Maheshwari,Maheshwari MFB active-filter equations,68723.0165254752,8409318.71921678,NaN,8.57754765322972e-11,8.70579711276032e-11,NaN,NaN,NaN,NaN,-167143.404549025,5.53079226385724,2422.71750639774
1962,MFB,HPF,MFB_HPF_Maheshwari,Maheshwari MFB active-filter equations,174856.44805203,59.4413498964421,NaN,7.86173542480663e-10,3.02166628777295e-11,4.9957929969304e-10,NaN,NaN,NaN,-0.635456769655064,7.96874858772041,401799.606179841
1905,MFB,HPF,MFB_HPF_Maheshwari,Maheshwari MFB active-filter equations,309165.201895675,13378.2099322914,NaN,8.36082197651964e-10,2.89317618572963e-11,2.70414974971017e-11,NaN,NaN,NaN,-0.0323431088151913,4.66042467915352,88475.4979137602
2864,ACTIVE_OTHER,BPF,ACTIVE_OTHER_STATE_VARIABLE_BPF,External state-variable/biquad active-filter canonical equation,72820.7824805693,73892.0296478065,56201.3514728236,8.82599486329673e-12,3.97035668786979e-10,NaN,NaN,9882.92427239427,8601.17230681802,1.87030640625705,5.5980897982493,36651.9483310934
1425,VCVS,BSF,VCVS_BSF_Maheshwari,Maheshwari VCVS equal-component active-filter equations,2073.66262833977,2073.66262833977,NaN,2.27951246822084e-12,2.27951246822084e-12,NaN,NaN,9855.97372849735,3517.14152022395,1.35685378402081,0.777428192186046,33669762.9504359
815,VCVS,LPF,VCVS_LPF_Maheshwari,Maheshwari VCVS equal-component active-filter equations,3031.08273106392,3031.08273106392,NaN,2.51165067149536e-12,2.51165067149536e-12,NaN,NaN,9847.50038743528,1909.10051128433,1.19386650786226,0.553668931091245,20905622.5611595
1040,VCVS,HPF,VCVS_HPF_Maheshwari,Maheshwari VCVS equal-component active-filter equations,423749.422204633,423749.422204633,NaN,6.528025690821e-11,6.528025690821e-11,NaN,NaN,9907.57143699455,13342.9334064139,2.34674107487046,1.53078658634736,5753.46078991286
1650,MFB,LPF,MFB_LPF_Maheshwari,Maheshwari MFB active-filter equations,177942.853738459,27847.9397525073,634475.513907113,2.58871218382829e-10,2.50372348474061e-11,NaN,NaN,NaN,NaN,-3.56561390680891,0.561196833413713,14872.4013822599
519,PASSIVE,BPF,PASSIVE_RLC_BPF,Passive RLC second-order equation,1016648.89204908,NaN,NaN,3.14745551745177e-11,NaN,NaN,433.057886108958,NaN,NaN,1,3.64856580581126,1363.22441414797
2466,ACTIVE_OTHER,LPF,ACTIVE_OTHER_STATE_VARIABLE_LPF,External state-variable/biquad active-filter canonical equation,92905.5520612471,431982.790328998,13297.7707827848,6.41230228939083e-10,7.71768709622317e-12,NaN,NaN,9550.19710553585,22378.9899348952,3.34330136724854,1.2900525113196,11293.1604257657
2402,ACTIVE_OTHER,LPF,ACTIVE_OTHER_STATE_VARIABLE_LPF,External state-variable/biquad active-filter canonical equation,50644.7039302148,5250.54514896659,24643.0130812425,1.29980399383614e-10,1.73381965434806e-11,NaN,NaN,10277.8304791965,13785.6669980061,2.34130126254853,2.40229218755412,205593.803124817
559,PASSIVE,BPF,PASSIVE_RLC_BPF,Passive RLC second-order equation,531271.107862716,NaN,NaN,4.04146359243303e-12,NaN,NaN,5.46985603648148,NaN,NaN,1,2.18978972863583,33850.3254246582
2586,ACTIVE_OTHER,LPF,ACTIVE_OTHER_STATE_VARIABLE_LPF,External state-variable/biquad active-filter canonical equation,11251.1092687188,304963.92968511,44979.611423279,6.59321790380378e-11,1.39626605093116e-12,NaN,NaN,10304.3087845239,20702.6139073229,3.00912204207392,4.52029573667113,283181.85274201
178,PASSIVE,LPF,PASSIVE_RC_LPF,Passive RC first-order equation,2384.87367313404,NaN,NaN,1.07818644804986e-12,NaN,NaN,NaN,NaN,NaN,1,NaN,61895757.6603963
1835,MFB,HPF,MFB_HPF_Maheshwari,Maheshwari MFB active-filter equations,72098.7244921595,157802.334501113,NaN,1.12685195052389e-10,2.37591200778429e-10,1.22478993011399e-11,NaN,NaN,NaN,-0.10869129077201,0.925382315312394,27660.0938403016
873,VCVS,LPF,VCVS_LPF_Maheshwari,Maheshwari VCVS equal-component active-filter equations,1424.35686328671,1424.35686328671,NaN,3.65481038498826e-12,3.65481038498826e-12,NaN,NaN,10135.0357667957,957.651760722828,1.09448923346282,0.524793676089938,30572888.2442819
2515,ACTIVE_OTHER,LPF,ACTIVE_OTHER_STATE_VARIABLE_LPF,External state-variable/biquad active-filter canonical equation,2188.78788455022,6997.11633387634,21646.1221342237,1.13649497277944e-11,1.51784809778023e-10,NaN,NaN,9654.34331126905,12546.1870010626,2.29953810389341,2.15377188013456,979176.160687525
209,PASSIVE,HPF,PASSIVE_RC_HPF,Passive RC first-order equation,106276.214009679,NaN,NaN,1.30430472472376e-10,NaN,NaN,NaN,NaN,NaN,1,NaN,11481.6681238738
2372,MFB,BSF,MFB_BSF_1_MINUS_BP,Maheshwari MFB BPF denominator + ADI 1-minus-BP notch construction,502.804132206976,88309.2386176323,NaN,3.04287248292616e-10,1.5174355595571e-10,NaN,NaN,NaN,NaN,1,6.24462662516589,111152.858887922
1964,MFB,HPF,MFB_HPF_Maheshwari,Maheshwari MFB active-filter equations,783187.033338502,1591527.93792621,NaN,1.20888024962209e-10,1.95595899911637e-10,1.75150168266343e-10,NaN,NaN,NaN,-1.44886284907953,0.182281038864414,770.18507986114
2358,MFB,BSF,MFB_BSF_1_MINUS_BP,Maheshwari MFB BPF denominator + ADI 1-minus-BP notch construction,51602.2459868198,76642139.251373,NaN,2.28369928464201e-11,9.34109266950078e-10,NaN,NaN,NaN,NaN,1,5.88207090939358,547.940904005813
1760,MFB,LPF,MFB_LPF_Maheshwari,Maheshwari MFB active-filter equations,22417.0185378037,77578.4038910026,37018.0281349902,7.5596312752e-11,1.20134344375576e-10,NaN,NaN,NaN,NaN,-1.65133592910955,0.175152386344136,31164.4289335637
872,VCVS,LPF,VCVS_LPF_Maheshwari,Maheshwari VCVS equal-component active-filter equations,5370.73788237309,5370.73788237309,NaN,8.99886142482465e-10,8.99886142482465e-10,NaN,NaN,9816.69306208509,5618.16156703136,1.57230693997455,0.700430665385582,32930.5216434456
679,PASSIVE,BSF,PASSIVE_RLC_BSF,Passive RLC second-order equation,2217.47285761322,NaN,NaN,3.1127378657426e-11,NaN,NaN,0.00345145377685274,NaN,NaN,1,4.74866402500425,485565.504969247
2414,ACTIVE_OTHER,LPF,ACTIVE_OTHER_STATE_VARIABLE_LPF,External state-variable/biquad active-filter canonical equation,6123.44515789483,772459.830418977,5713.81199398371,7.25133545290244e-10,1.73942179860947e-11,NaN,NaN,9684.42963151666,30060.6504803369,4.10401867989299,0.585544690790141,20605.0091022006
245,PASSIVE,HPF,PASSIVE_RC_HPF,Passive RC first-order equation,1767.75881052664,NaN,NaN,2.17615534106015e-12,NaN,NaN,NaN,NaN,NaN,1,NaN,41372067.7977016
2733,ACTIVE_OTHER,HPF,ACTIVE_OTHER_STATE_VARIABLE_HPF,External state-variable/biquad active-filter canonical equation,15791.1321039285,242295.723307541,5655.61303094987,1.0102034535198e-10,4.90483253287214e-10,NaN,NaN,10390.5636383201,26111.1323912963,3.5129659275652,0.579934141653699,11559.1023092653
901,VCVS,LPF,VCVS_LPF_Maheshwari,Maheshwari VCVS equal-component active-filter equations,107187.49477297,107187.49477297,NaN,1.03317907530065e-10,1.03317907530065e-10,NaN,NaN,10067.961835806,2270.7266549411,1.2255398552332,0.563551682436588,14371.4440731687
874,VCVS,LPF,VCVS_LPF_Maheshwari,Maheshwari VCVS equal-component active-filter equations,126241.263539102,126241.263539102,NaN,1.41399356258421e-12,1.41399356258421e-12,NaN,NaN,10145.3290470164,6362.94137356202,1.62717939892085,0.728427297211246,891602.68294994
297,PASSIVE,HPF,PASSIVE_RC_HPF,Passive RC first-order equation,4909.5532028781,NaN,NaN,1.40929896089879e-10,NaN,NaN,NaN,NaN,NaN,1,NaN,230024.994643147
347,PASSIVE,HPF,PASSIVE_RC_HPF,Passive RC first-order equation,57314.8158453917,NaN,NaN,5.76903525061723e-11,NaN,NaN,NaN,NaN,NaN,1,NaN,48133.7876480749
2530,ACTIVE_OTHER,LPF,ACTIVE_OTHER_STATE_VARIABLE_LPF,External state-variable/biquad active-filter canonical equation,5121.07003511619,161051.783431908,50536.1580226176,1.48802046603037e-10,4.7588935108162e-12,NaN,NaN,10342.9161884198,9958.24437479068,1.96280818614195,5.28083309492342,208256.976617369
1246,VCVS,BPF,VCVS_BPF_Maheshwari,Maheshwari VCVS equal-component active-filter equations,5100.82269082946,5100.82269082946,NaN,8.29039025765127e-10,8.29039025765127e-10,NaN,NaN,9886.69480379865,4819.68551593093,1.48749209028675,0.661153567249499,37636.1273613063
3191,ACTIVE_OTHER,BSF,ACTIVE_OTHER_STATE_VARIABLE_BSF,External state-variable/biquad active-filter canonical equation,1359.46418913859,37615.2151812386,16751.6339489399,5.7533164405465e-12,1.55010351469409e-11,NaN,NaN,9539.33134974714,18075.2608132374,2.89481423283578,1.64715804176625,2356757.9955437
1747,MFB,LPF,MFB_LPF_Maheshwari,Maheshwari MFB active-filter equations,3353.60404148278,20764.7933072598,11908.3037659601,3.57825731639293e-10,1.72240466099587e-11,NaN,NaN,NaN,NaN,-3.55089736852025,0.673577823170914,128922.284671876
1844,MFB,HPF,MFB_HPF_Maheshwari,Maheshwari MFB active-filter equations,5043.1084013261,14207.5244245376,NaN,4.44919277594672e-11,2.12085423196398e-11,2.18846335558595e-11,NaN,NaN,NaN,-0.491878744256093,0.297938544494238,872743.704442111
3143,ACTIVE_OTHER,BSF,ACTIVE_OTHER_STATE_VARIABLE_BSF,External state-variable/biquad active-filter canonical equation,232002.470127507,61944.1119546894,24024.1387069364,2.46595473805122e-10,5.10555534021107e-10,NaN,NaN,10049.9670612039,9556.25625681173,1.95087438581783,2.35808503311061,3741.62076531321
1623,MFB,LPF,MFB_LPF_Maheshwari,Maheshwari MFB active-filter equations,14868.3479296632,357376.260803909,41748.9760464821,1.53443763445303e-10,1.88455260849886e-11,NaN,NaN,NaN,NaN,-2.80790954341273,0.248496759853099,24230.1227126957
1833,MFB,HPF,MFB_HPF_Maheshwari,Maheshwari MFB active-filter equations,15997.5337635597,19192.0306548718,NaN,7.51904332718045e-10,9.03768750353104e-11,3.43612266471639e-10,NaN,NaN,NaN,-0.456989342287099,0.296877505564116,51543.0554435052
1874,MFB,HPF,MFB_HPF_Maheshwari,Maheshwari MFB active-filter equations,4310.34891438043,1106.67451428568,NaN,3.69410655340743e-10,8.26503924734417e-11,3.73985068626508e-10,NaN,NaN,NaN,-1.01238300308784,0.414903130779771,414480.756665686
1658,MFB,LPF,MFB_LPF_Maheshwari,Maheshwari MFB active-filter equations,137697.430175254,380103.411959433,159140.850738958,6.51600453049438e-10,1.42077487821436e-10,NaN,NaN,NaN,NaN,-1.15572854581536,0.538258522253853,2126.79233494903
2826,ACTIVE_OTHER,BPF,ACTIVE_OTHER_STATE_VARIABLE_BPF,External state-variable/biquad active-filter canonical equation,83432.6003092659,181837.159889076,43848.7023108006,3.6154772192804e-12,5.9876400665375e-11,NaN,NaN,9803.87915828087,19310.598160213,2.96968953293373,4.31873082254725,87821.3814981085
2232,MFB,BSF,MFB_BSF_1_MINUS_BP,Maheshwari MFB BPF denominator + ADI 1-minus-BP notch construction,998826.396226678,56581279.6973741,NaN,4.48198923058761e-11,9.33596873065124e-11,NaN,NaN,NaN,NaN,1,3.52340534463431,327.283148702552
1149,VCVS,HPF,VCVS_HPF_Maheshwari,Maheshwari VCVS equal-component active-filter equations,45213.4588243833,45213.4588243833,NaN,2.5313696602722e-12,2.5313696602722e-12,NaN,NaN,10135.402038037,12591.930302396,2.24237107271522,1.31990736360059,1390582.72304719
2214,MFB,BSF,MFB_BSF_1_MINUS_BP,Maheshwari MFB BPF denominator + ADI 1-minus-BP notch construction,2240695.9903563,153153031.344421,NaN,4.67416304304515e-11,5.25132307663573e-11,NaN,NaN,NaN,NaN,1,4.12672796914137,173.412167602947
1131,VCVS,HPF,VCVS_HPF_Maheshwari,Maheshwari VCVS equal-component active-filter equations,11438.7577155673,11438.7577155673,NaN,1.03296945098127e-10,1.03296945098127e-10,NaN,NaN,9860.39089443365,1779.71138948149,1.18049095705589,0.549598807369442,134695.718870712
2475,ACTIVE_OTHER,LPF,ACTIVE_OTHER_STATE_VARIABLE_LPF,External state-variable/biquad active-filter canonical equation,14482.0992329337,25633.0728567971,22197.448079132,1.20424356982028e-10,4.58933177169328e-10,NaN,NaN,10194.9815728756,25693.7815636977,3.52023815639428,2.13978954503109,35137.603734893
1585,VCVS,BSF,VCVS_BSF_Maheshwari,Maheshwari VCVS equal-component active-filter equations,3160.42057880522,3160.42057880522,NaN,2.77518854442053e-11,2.77518854442053e-11,NaN,NaN,9904.6355828189,5421.18001911588,1.547337655564,1.10457608446088,1814607.72966549
473,PASSIVE,BPF,PASSIVE_RLC_BPF,Passive RLC second-order equation,6161653.02155873,NaN,NaN,1.3631230665202e-12,NaN,NaN,1246.09399554075,NaN,NaN,1,4.90693866818294,3861.68812373283
2584,ACTIVE_OTHER,LPF,ACTIVE_OTHER_STATE_VARIABLE_LPF,External state-variable/biquad active-filter canonical equation,14127.0095396288,21463.8602950239,39392.1577211094,3.37400709936143e-10,6.61209675700882e-10,NaN,NaN,10248.1297630924,14427.2817432425,2.40779655183533,3.98686952733471,19350.7810883928
427,PASSIVE,BPF,PASSIVE_RLC_BPF,Passive RLC second-order equation,183781.657590395,NaN,NaN,7.18484966148854e-11,NaN,NaN,1.60091343451753,NaN,NaN,1,0.812218575656436,14839.7766476723
2210,MFB,BSF,MFB_BSF_1_MINUS_BP,Maheshwari MFB BPF denominator + ADI 1-minus-BP notch construction,1407.34161913452,16556.1272051286,NaN,8.55775347252455e-11,6.96279843872009e-11,NaN,NaN,NaN,NaN,1,1.70586338801697,427138.965456758
2239,MFB,BSF,MFB_BSF_1_MINUS_BP,Maheshwari MFB BPF denominator + ADI 1-minus-BP notch construction,1249753.86492771,200858475.034244,NaN,1.21145779656976e-11,1.67006237607877e-10,NaN,NaN,NaN,NaN,1,3.18351770121719,223.327557495646
266,PASSIVE,HPF,PASSIVE_RC_HPF,Passive RC first-order equation,35685.5925007734,NaN,NaN,1.86858000925311e-10,NaN,NaN,NaN,NaN,NaN,1,NaN,23867.9720962728
2888,ACTIVE_OTHER,BPF,ACTIVE_OTHER_STATE_VARIABLE_BPF,External state-variable/biquad active-filter canonical equation,9298.89836492543,63795.1594540681,44882.5584375005,2.38149658789383e-10,1.04823986931745e-11,NaN,NaN,10152.1352469854,12434.2650183802,2.2247930820339,4.58785041521077,130784.175486786
225,PASSIVE,HPF,PASSIVE_RC_HPF,Passive RC first-order equation,10634.2081567802,NaN,NaN,4.16122353718065e-12,NaN,NaN,NaN,NaN,NaN,1,NaN,3596614.809911
535,PASSIVE,BPF,PASSIVE_RLC_BPF,Passive RLC second-order equation,1564610.00308894,NaN,NaN,9.13888547869506e-11,NaN,NaN,2598.13449052479,NaN,NaN,1,3.4078313516005,326.619943956096
2493,ACTIVE_OTHER,LPF,ACTIVE_OTHER_STATE_VARIABLE_LPF,External state-variable/biquad active-filter canonical equation,29942.6005995478,29935.5527886831,46062.5280980739,1.46775533857808e-12,5.82940620737488e-12,NaN,NaN,9721.80043355328,5078.43432909552,1.52237590802297,4.55011220809761,1817367.41915116
2577,ACTIVE_OTHER,LPF,ACTIVE_OTHER_STATE_VARIABLE_LPF,External state-variable/biquad active-filter canonical equation,511319.389251006,20363.6573527984,32011.2961711957,5.76773009394837e-11,1.0138395231334e-12,NaN,NaN,10227.2738067132,22987.7166746344,3.24768761539808,3.27463820337587,203966.590920938
2650,ACTIVE_OTHER,HPF,ACTIVE_OTHER_STATE_VARIABLE_HPF,External state-variable/biquad active-filter canonical equation,12821.1756351812,38368.2564464238,17920.0532603469,3.69567629505264e-11,3.09601971637337e-11,NaN,NaN,9943.74222403174,14811.7795266865,2.48955787398529,1.81266213399091,212139.408586384
2675,ACTIVE_OTHER,HPF,ACTIVE_OTHER_STATE_VARIABLE_HPF,External state-variable/biquad active-filter canonical equation,509132.74418846,8635.68931186752,55056.2454956119,9.8334016584026e-10,2.41695768489053e-10,NaN,NaN,9651.36754632289,12634.0354025252,2.30904095630869,5.5677717835645,4923.45190198688
508,PASSIVE,BPF,PASSIVE_RLC_BPF,Passive RLC second-order equation,6486.1992501732,NaN,NaN,3.51345767208714e-10,NaN,NaN,0.246604707569036,NaN,NaN,1,4.08453886538821,17098.2667148827
97,PASSIVE,LPF,PASSIVE_RC_LPF,Passive RC first-order equation,3802.93658164486,NaN,NaN,5.76896076603633e-10,NaN,NaN,NaN,NaN,NaN,1,NaN,72544.3281814129
594,PASSIVE,BPF,PASSIVE_RLC_BPF,Passive RLC second-order equation,18279795.2471882,NaN,NaN,1.38617093860607e-11,NaN,NaN,88776.6162906225,NaN,NaN,1,4.37793765218398,143.470444195461
350,PASSIVE,HPF,PASSIVE_RC_HPF,Passive RC first-order equation,65943.7551471724,NaN,NaN,3.31147856777718e-10,NaN,NaN,NaN,NaN,NaN,1,NaN,7288.27093486035
2658,ACTIVE_OTHER,HPF,ACTIVE_OTHER_STATE_VARIABLE_HPF,External state-variable/biquad active-filter canonical equation,136082.106163099,12931.7790454154,22287.2458092055,7.9770333728956e-10,2.41336097114902e-10,NaN,NaN,10119.2241891135,21541.6422645399,3.12878397216606,2.22367245967315,8646.86414642513
2410,ACTIVE_OTHER,LPF,ACTIVE_OTHER_STATE_VARIABLE_LPF,External state-variable/biquad active-filter canonical equation,1021.91849603158,6492.46752958204,49908.3913111248,7.46594698192073e-12,5.77138992446907e-12,NaN,NaN,9999.13346983432,17606.7369046623,2.7608262713743,5.05220893787577,9412921.7723634
3164,ACTIVE_OTHER,BSF,ACTIVE_OTHER_STATE_VARIABLE_BSF,External state-variable/biquad active-filter canonical equation,22548.9579630632,4906.28665702095,45747.701311713,1.70053164974802e-11,4.1951930747592e-11,NaN,NaN,10320.3008163338,32881.8035876307,4.18612840582991,4.39217826433931,566515.892305177
2263,MFB,BSF,MFB_BSF_1_MINUS_BP,Maheshwari MFB BPF denominator + ADI 1-minus-BP notch construction,321.130226175817,81434.1612085394,NaN,2.18679912853603e-10,8.62040555011815e-10,NaN,NaN,NaN,NaN,1,6.39760819646486,71681.6395693285
2615,ACTIVE_OTHER,HPF,ACTIVE_OTHER_STATE_VARIABLE_HPF,External state-variable/biquad active-filter canonical equation,953870.088477496,191990.907018921,25438.8144170463,2.14397534991917e-10,1.71659810519398e-11,NaN,NaN,10161.4696854971,10467.0434052009,2.03007180350496,2.61895148469206,6130.43056681168
582,PASSIVE,BPF,PASSIVE_RLC_BPF,Passive RLC second-order equation,361713.090808663,NaN,NaN,2.85371238793576e-11,NaN,NaN,11.5821529528371,NaN,NaN,1,1.76126749889985,8754.27899842955
1845,MFB,HPF,MFB_HPF_Maheshwari,Maheshwari MFB active-filter equations,28931.5759979859,2043.16022228921,NaN,3.00521112463887e-11,8.62368991724872e-11,2.94287997609882e-11,NaN,NaN,NaN,-0.979258978502704,1.32848751177199,410913.142951905
2886,ACTIVE_OTHER,BPF,ACTIVE_OTHER_STATE_VARIABLE_BPF,External state-variable/biquad active-filter canonical equation,909894.825811084,79760.6340325167,51632.0162212909,3.11846757615338e-10,3.246368986569e-12,NaN,NaN,10445.3272760764,34152.4126493178,4.26963547877904,4.95977329580033,18567.8097807378
2205,MFB,BSF,MFB_BSF_1_MINUS_BP,Maheshwari MFB BPF denominator + ADI 1-minus-BP notch construction,22397.8343196727,15278159.03416,NaN,2.57377952087306e-10,1.24883470354389e-11,NaN,NaN,NaN,NaN,1,5.48683620724359,4798.91938783535
733,PASSIVE,BSF,PASSIVE_RLC_BSF,Passive RLC second-order equation,3353.82319842537,NaN,NaN,5.00559358009353e-11,NaN,NaN,0.008612930161877,NaN,NaN,1,3.9111773206961,242391.215373246
1863,MFB,HPF,MFB_HPF_Maheshwari,Maheshwari MFB active-filter equations,179041.014512094,4127.5639952571,NaN,2.82074775177341e-10,8.15224690094164e-11,2.79585739925986e-11,NaN,NaN,NaN,-0.0991175973641064,8.10179183168664,122631.146432227
1976,MFB,HPF,MFB_HPF_Maheshwari,Maheshwari MFB active-filter equations,8919.99023092813,79149.5793036549,NaN,4.98793551089773e-11,4.75377361530771e-11,9.60208722336617e-12,NaN,NaN,NaN,-0.192506242359938,0.348139679780728,280357.104232685
222,PASSIVE,HPF,PASSIVE_RC_HPF,Passive RC first-order equation,5819.4136477295,NaN,NaN,3.39144204327159e-12,NaN,NaN,NaN,NaN,NaN,1,NaN,8064111.12227671
581,PASSIVE,BPF,PASSIVE_RLC_BPF,Passive RLC second-order equation,14327801.8522451,NaN,NaN,1.6235353137731e-12,NaN,NaN,713.458066188066,NaN,NaN,1,1.46309925669756,4676.32875952936
1821,MFB,HPF,MFB_HPF_Maheshwari,Maheshwari MFB active-filter equations,140509.289292176,60.4655084144065,NaN,1.29563490151538e-11,2.70772041770285e-10,5.05464953730913e-11,NaN,NaN,NaN,-3.90129158406987,4.32448045083587,466730.652521961
2914,ACTIVE_OTHER,BPF,ACTIVE_OTHER_STATE_VARIABLE_BPF,External state-variable/biquad active-filter canonical equation,16857.733596683,181053.930524861,15516.4477964974,1.61812790183724e-12,3.17801453585899e-12,NaN,NaN,9888.45812778099,11840.5295223413,2.19740907726312,1.61946312698743,1270375.75528898
1941,MFB,HPF,MFB_HPF_Maheshwari,Maheshwari MFB active-filter equations,704284.746070227,566.741382084048,NaN,4.57030997629267e-11,2.94581270707048e-10,8.37681044504889e-10,NaN,NaN,NaN,-18.3287577615118,0.811069400721807,16036.5749516002
73,PASSIVE,LPF,PASSIVE_RC_LPF,Passive RC first-order equation,3666.03794492858,NaN,NaN,3.96251460512825e-12,NaN,NaN,NaN,NaN,NaN,1,NaN,10956006.9710402
1872,MFB,HPF,MFB_HPF_Maheshwari,Maheshwari MFB active-filter equations,95332.8920101466,352447.260988134,NaN,2.96426517798432e-10,6.14422960350723e-11,8.75927963326405e-11,NaN,NaN,NaN,-0.295495817928823,0.289854873275644,11835.4224462732
1034,VCVS,HPF,VCVS_HPF_Maheshwari,Maheshwari VCVS equal-component active-filter equations,898047.116005985,898047.116005985,NaN,8.04089075362054e-12,8.04089075362054e-12,NaN,NaN,10054.9107477911,2014.05006816806,1.20030511644378,0.555649743263138,22040.266803007
1883,MFB,HPF,MFB_HPF_Maheshwari,Maheshwari MFB active-filter equations,138819.587307503,54694.752950836,NaN,1.64222620650811e-10,3.07422419053343e-10,4.6550490858686e-10,NaN,NaN,NaN,-2.83459676104347,0.22687261145933,4828.27529511019
1491,VCVS,BSF,VCVS_BSF_Maheshwari,Maheshwari VCVS equal-component active-filter equations,111369.125188027,111369.125188027,NaN,8.68538363860226e-10,8.68538363860226e-10,NaN,NaN,9864.46696003086,3715.85495238909,1.37669090154036,0.802170225391589,1645.38039053164
3065,ACTIVE_OTHER,BSF,ACTIVE_OTHER_STATE_VARIABLE_BSF,External state-variable/biquad active-filter canonical equation,1145.09869291775,147181.736514094,13901.3521865847,2.49672128610971e-10,5.45698108942826e-10,NaN,NaN,9520.53754688089,26783.0033613768,3.8131818428836,1.32824874733186,33213.1796441713
1545,VCVS,BSF,VCVS_BSF_Maheshwari,Maheshwari VCVS equal-component active-filter equations,161817.255957176,161817.255957176,NaN,2.09980658052253e-10,2.09980658052253e-10,NaN,NaN,9931.52513359059,6370.54681566157,1.6414469812008,1.39449390685514,4683.99051490265
206,PASSIVE,HPF,PASSIVE_RC_HPF,Passive RC first-order equation,204632.601056157,NaN,NaN,6.99910217386513e-11,NaN,NaN,NaN,NaN,NaN,1,NaN,11112.2748240652
2132,MFB,BPF,MFB_BPF_Maheshwari,Maheshwari MFB active-filter equations,76.9282894939021,28387.1163067198,NaN,9.66194519726504e-10,5.26413966740543e-11,NaN,NaN,NaN,NaN,-246937200.692244,4.25215748329183,477551.780327874
1051,VCVS,HPF,VCVS_HPF_Maheshwari,Maheshwari VCVS equal-component active-filter equations,6002.9424103083,6002.9424103083,NaN,6.72570293166801e-11,6.72570293166801e-11,NaN,NaN,10062.9042101925,10153.6510113845,2.00901795339562,1.00910001692414,394201.501086167
1463,VCVS,BSF,VCVS_BSF_Maheshwari,Maheshwari VCVS equal-component active-filter equations,44602.9697193516,44602.9697193516,NaN,2.12345690054428e-12,2.12345690054428e-12,NaN,NaN,10134.8938776727,2719.76883554264,1.26835691309352,0.683393322438253,1680400.9001455
543,PASSIVE,BPF,PASSIVE_RLC_BPF,Passive RLC second-order equation,465260.473577658,NaN,NaN,1.60288146371899e-10,NaN,NaN,861.415848794411,NaN,NaN,1,4.98264065484965,428.314719249689
620,PASSIVE,BSF,PASSIVE_RLC_BSF,Passive RLC second-order equation,210717.703296189,NaN,NaN,4.69255378901211e-11,NaN,NaN,25.5676246870848,NaN,NaN,1,3.50299516164455,4594.83912702876
2061,MFB,BPF,MFB_BPF_Maheshwari,Maheshwari MFB active-filter equations,88.7899791648892,6076.62134356417,NaN,3.94216208503627e-10,9.72371000234434e-10,NaN,NaN,NaN,NaN,-11582546.3781274,3.74796042315183,349964.369159579
2006,MFB,BPF,MFB_BPF_Maheshwari,Maheshwari MFB active-filter equations,78008.8974539782,1827294.11931091,NaN,2.3425211342175e-11,1.32531717269451e-10,NaN,NaN,NaN,NaN,-96724.3978763475,1.7291360139788,7565.57884940396
1183,VCVS,HPF,VCVS_HPF_Maheshwari,Maheshwari VCVS equal-component active-filter equations,408261.952419995,408261.952419995,NaN,1.33961957518078e-11,1.33961957518078e-11,NaN,NaN,10080.7556794257,12903.1775330594,2.27998117833508,1.38885258261399,29100.4522529242
726,PASSIVE,BSF,PASSIVE_RLC_BSF,Passive RLC second-order equation,124636036.431358,NaN,NaN,7.08698359156906e-12,NaN,NaN,316138.936240314,NaN,NaN,1,1.69459004469295,106.328680434596
91,PASSIVE,LPF,PASSIVE_RC_LPF,Passive RC first-order equation,196469.450497737,NaN,NaN,5.36794490308377e-12,NaN,NaN,NaN,NaN,NaN,1,NaN,150909.663809997
592,PASSIVE,BPF,PASSIVE_RLC_BPF,Passive RLC second-order equation,235681.858667232,NaN,NaN,2.18276648645346e-10,NaN,NaN,43.9118033012168,NaN,NaN,1,1.90309664277302,1625.64553999788
1884,MFB,HPF,MFB_HPF_Maheshwari,Maheshwari MFB active-filter equations,803422.932564912,7000343.78359692,NaN,4.61102294015208e-10,4.08954283686105e-11,7.94003544927786e-11,NaN,NaN,NaN,-0.172196832510575,0.192824529255396,1177.71371842088
3029,ACTIVE_OTHER,BSF,ACTIVE_OTHER_STATE_VARIABLE_BSF,External state-variable/biquad active-filter canonical equation,215778.76371898,115811.708357094,6231.42012924605,4.91273983284359e-12,5.20206831769352e-10,NaN,NaN,10072.6318615197,30431.8566289988,4.02124182114282,0.62732805095465,19915.4277568384
748,PASSIVE,BSF,PASSIVE_RLC_BSF,Passive RLC second-order equation,51939.0517078782,NaN,NaN,1.14615029304255e-11,NaN,NaN,0.0653602349809178,NaN,NaN,1,1.45392499066051,183883.408070671
2869,ACTIVE_OTHER,BPF,ACTIVE_OTHER_STATE_VARIABLE_BPF,External state-variable/biquad active-filter canonical equation,1256.69655104998,492170.885516495,15714.0069529389,5.83080496386413e-10,4.82869545945818e-12,NaN,NaN,10354.5795727798,13438.9448228654,2.29787450358621,1.65040635358283,120605.689280469
390,PASSIVE,HPF,PASSIVE_RC_HPF,Passive RC first-order equation,5787.98640208088,NaN,NaN,3.0246118019989e-11,NaN,NaN,NaN,NaN,NaN,1,NaN,909123.715697382
2188,MFB,BPF,MFB_BPF_Maheshwari,Maheshwari MFB active-filter equations,6045.15927665441,268556.139838588,NaN,2.48970224109625e-11,1.51219836219415e-11,NaN,NaN,NaN,NaN,-10939147.7601494,3.23165847614084,203573.211465912
2590,ACTIVE_OTHER,LPF,ACTIVE_OTHER_STATE_VARIABLE_LPF,External state-variable/biquad active-filter canonical equation,42060.0800807942,1174.2023509048,36280.743565494,1.2450272859012e-11,2.07049728297365e-12,NaN,NaN,9531.46321222716,10744.4811461546,2.12726460847809,3.54094359934948,4460533.89676437
489,PASSIVE,BPF,PASSIVE_RLC_BPF,Passive RLC second-order equation,1612095.52890025,NaN,NaN,1.26847681497998e-11,NaN,NaN,64.4721014778906,NaN,NaN,1,1.39847231378072,5565.35601921371
188,PASSIVE,LPF,PASSIVE_RC_LPF,Passive RC first-order equation,2848.80474730152,NaN,NaN,4.93828299842514e-11,NaN,NaN,NaN,NaN,NaN,1,NaN,1131309.60094599
1510,VCVS,BSF,VCVS_BSF_Maheshwari,Maheshwari VCVS equal-component active-filter equations,1636.67511534868,1636.67511534868,NaN,6.83726810072154e-11,6.83726810072154e-11,NaN,NaN,9928.57806718523,5469.53381941383,1.55088793001398,1.11330786548569,1422247.05353355
941,VCVS,LPF,VCVS_LPF_Maheshwari,Maheshwari VCVS equal-component active-filter equations,22349.0654203508,22349.0654203508,NaN,9.98654589454853e-11,9.98654589454853e-11,NaN,NaN,10050.255577997,9573.77061952369,1.95258976701881,0.954735755400972,71309.1833203503
2236,MFB,BSF,MFB_BSF_1_MINUS_BP,Maheshwari MFB BPF denominator + ADI 1-minus-BP notch construction,206.116334619223,23990.2747094739,NaN,1.4501892176434e-10,1.52424208438693e-10,NaN,NaN,NaN,NaN,1,5.39258218148113,481401.019501494
1778,MFB,LPF,MFB_LPF_Maheshwari,Maheshwari MFB active-filter equations,226870.773793654,2272929.2198733,507871.5630291,4.24523108996447e-11,1.70518831803837e-11,NaN,NaN,NaN,NaN,-2.23859404425104,0.215435215740376,5505.71067107026
580,PASSIVE,BPF,PASSIVE_RLC_BPF,Passive RLC second-order equation,417744.008602657,NaN,NaN,2.99004198897512e-11,NaN,NaN,27.2008324476953,NaN,NaN,1,2.28319089685568,5580.72201890691
9,PASSIVE,LPF,PASSIVE_RC_LPF,Passive RC first-order equation,7555.12383980343,NaN,NaN,5.74891361368527e-10,NaN,NaN,NaN,NaN,NaN,1,NaN,36643.146712179
905,VCVS,LPF,VCVS_LPF_Maheshwari,Maheshwari VCVS equal-component active-filter equations,1710.71449263639,1710.71449263639,NaN,1.7564279174366e-10,1.7564279174366e-10,NaN,NaN,10029.756113544,1378.31229869378,1.13742231447009,0.536890357792243,529678.403272073
1457,VCVS,BSF,VCVS_BSF_Maheshwari,Maheshwari VCVS equal-component active-filter equations,157517.675520314,157517.675520314,NaN,2.11646493635084e-11,2.11646493635084e-11,NaN,NaN,10052.162660931,4455.52536435549,1.44324047616862,0.898053789110269,47739.7081243531
2905,ACTIVE_OTHER,BPF,ACTIVE_OTHER_STATE_VARIABLE_BPF,External state-variable/biquad active-filter canonical equation,924292.07560115,18135.689957648,50360.3978678217,2.98475839068394e-12,6.18032491575597e-10,NaN,NaN,10485.7845909825,12962.3835208193,2.23618632524328,4.93632282812287,28621.2258567801
264,PASSIVE,HPF,PASSIVE_RC_HPF,Passive RC first-order equation,1454.63513468007,NaN,NaN,7.92591041385764e-11,NaN,NaN,NaN,NaN,NaN,1,NaN,1380437.97921666
2748,ACTIVE_OTHER,HPF,ACTIVE_OTHER_STATE_VARIABLE_HPF,External state-variable/biquad active-filter canonical equation,769051.774109044,457465.706526214,34105.0621788057,3.91953934518745e-12,1.94591872930143e-10,NaN,NaN,10424.3092460365,23413.9735744093,3.24609353212651,3.2760579377242,9715.90383496871
3037,ACTIVE_OTHER,BSF,ACTIVE_OTHER_STATE_VARIABLE_BSF,External state-variable/biquad active-filter canonical equation,4384.42368559718,393543.674372455,21958.6060812023,3.60737336787592e-11,2.75407671011559e-12,NaN,NaN,10362.9692941859,29137.0069597434,3.81164655926275,2.25605650265621,384400.410067539
2674,ACTIVE_OTHER,HPF,ACTIVE_OTHER_STATE_VARIABLE_HPF,External state-variable/biquad active-filter canonical equation,240066.383644669,26592.3946485028,38855.0902247915,1.70127019328687e-12,5.91665270444259e-11,NaN,NaN,10228.9351032693,19232.7770015079,2.88023257624939,3.95889857534575,198541.385090738
2092,MFB,BPF,MFB_BPF_Maheshwari,Maheshwari MFB active-filter equations,1137901.71073794,40322083.3082738,NaN,1.45584787343937e-10,9.28505969481039e-11,NaN,NaN,NaN,NaN,-9464.7805620075,2.90267724524199,202.090513243801
3092,ACTIVE_OTHER,BSF,ACTIVE_OTHER_STATE_VARIABLE_BSF,External state-variable/biquad active-filter canonical equation,10328.2208334354,15334.0158819266,46283.9454045296,4.57404167108945e-11,1.04151500893498e-11,NaN,NaN,9689.1783473788,34033.4104752438,4.51251770326333,4.73843065791782,579424.153305016
680,PASSIVE,BSF,PASSIVE_RLC_BSF,Passive RLC second-order equation,218479.599218077,NaN,NaN,2.10951598209806e-11,NaN,NaN,10.6533594775287,NaN,NaN,1,3.25267738669597,10616.5994120778
413,PASSIVE,BPF,PASSIVE_RLC_BPF,Passive RLC second-order equation,7007936.0638693,NaN,NaN,4.41394595037252e-11,NaN,NaN,34830.7181481842,NaN,NaN,1,4.00846022090949,128.358730083221
173,PASSIVE,LPF,PASSIVE_RC_LPF,Passive RC first-order equation,112466.950917645,NaN,NaN,3.90480115398884e-12,NaN,NaN,NaN,NaN,NaN,1,NaN,362406.757880662
2802,ACTIVE_OTHER,BPF,ACTIVE_OTHER_STATE_VARIABLE_BPF,External state-variable/biquad active-filter canonical equation,550786.505403964,1836.35905423554,49226.0582324228,2.55010141767851e-11,7.09462562450879e-12,NaN,NaN,9977.40890306107,18152.4285748207,2.81935297542547,5.14243070005086,372054.205368914
2592,ACTIVE_OTHER,LPF,ACTIVE_OTHER_STATE_VARIABLE_LPF,External state-variable/biquad active-filter canonical equation,10401.1041453014,1451.21052289842,13271.9912668677,3.56452242982535e-11,6.26301696282967e-12,NaN,NaN,9794.45809346177,16596.9830330686,2.69452795394039,1.38650201282193,2741717.66249661
1515,VCVS,BSF,VCVS_BSF_Maheshwari,Maheshwari VCVS equal-component active-filter equations,1236.66526342801,1236.66526342801,NaN,2.19649460766685e-11,2.19649460766685e-11,NaN,NaN,10095.3957295347,983.464932987498,1.09741717505044,0.553965781509236,5859193.32848373
2029,MFB,BPF,MFB_BPF_Maheshwari,Maheshwari MFB active-filter equations,145.93220474317,26174.7776485376,NaN,6.85792714389762e-10,1.7588628786608e-10,NaN,NaN,NaN,NaN,-38959813.8432978,5.39799954564807,234471.80900236
3081,ACTIVE_OTHER,BSF,ACTIVE_OTHER_STATE_VARIABLE_BSF,External state-variable/biquad active-filter canonical equation,52008.9325529545,44918.2928416096,7263.30900454364,1.31893875563044e-11,2.92915325009144e-10,NaN,NaN,9795.03317774937,24978.9958911672,3.55016960513315,0.722160980068106,52976.8557214047
2001,MFB,BPF,MFB_BPF_Maheshwari,Maheshwari MFB active-filter equations,1828.61261586706,1142493.37434735,NaN,5.21492953130502e-10,3.51584707485679e-11,NaN,NaN,NaN,NaN,-15554222.6569085,6.08025614621436,25715.3962170031
2513,ACTIVE_OTHER,LPF,ACTIVE_OTHER_STATE_VARIABLE_LPF,External state-variable/biquad active-filter canonical equation,14317.9076176158,7163.30231148137,25080.2687606649,9.32242248479942e-10,4.80953515205328e-11,NaN,NaN,9669.3010122776,30861.2559964555,4.19167393354177,2.42394101565341,74217.7478696333
149,PASSIVE,LPF,PASSIVE_RC_LPF,Passive RC first-order equation,3953.81731557751,NaN,NaN,3.52153655334185e-10,NaN,NaN,NaN,NaN,NaN,1,NaN,114306.606538939
2621,ACTIVE_OTHER,HPF,ACTIVE_OTHER_STATE_VARIABLE_HPF,External state-variable/biquad active-filter canonical equation,16156.4253275648,366542.744479064,26647.9258854828,6.23910472840469e-11,2.32741245514592e-11,NaN,NaN,9537.25667118405,23513.4677535229,3.46543304476294,2.59536818799496,54273.4418759736
2567,ACTIVE_OTHER,LPF,ACTIVE_OTHER_STATE_VARIABLE_LPF,External state-variable/biquad active-filter canonical equation,1441.27912872068,131410.856928545,11493.7078658785,6.72435800200068e-10,8.48106392675514e-10,NaN,NaN,9581.58464957666,10304.9131078014,2.07549152720335,1.18105685821216,15313.690916196
83,PASSIVE,LPF,PASSIVE_RC_LPF,Passive RC first-order equation,2544.98029706143,NaN,NaN,1.76021310068136e-10,NaN,NaN,NaN,NaN,NaN,1,NaN,355279.753002334
2450,ACTIVE_OTHER,LPF,ACTIVE_OTHER_STATE_VARIABLE_LPF,External state-variable/biquad active-filter canonical equation,2844.56035812199,267616.844677208,15262.3429534957,2.91141909383988e-11,1.23283714659425e-11,NaN,NaN,9600.28482665504,11408.7300968675,2.18837412669167,1.5351606521843,304474.280765161
1136,VCVS,HPF,VCVS_HPF_Maheshwari,Maheshwari VCVS equal-component active-filter equations,19273.1948750346,19273.1948750346,NaN,2.69601195067992e-11,2.69601195067992e-11,NaN,NaN,10160.4082736863,12505.8703614907,2.23084329139398,1.30012517450749,306298.313815162
88,PASSIVE,LPF,PASSIVE_RC_LPF,Passive RC first-order equation,7908.70962788934,NaN,NaN,1.85706196662235e-12,NaN,NaN,NaN,NaN,NaN,1,NaN,10836476.8009945
2619,ACTIVE_OTHER,HPF,ACTIVE_OTHER_STATE_VARIABLE_HPF,External state-variable/biquad active-filter canonical equation,1095.61995393508,14360.1516350641,5386.88312518242,1.4368071650399e-11,7.02180338930215e-12,NaN,NaN,10340.8235954421,28383.7168841459,3.74482168873441,0.536217126701332,3994726.7435678
2267,MFB,BSF,MFB_BSF_1_MINUS_BP,Maheshwari MFB BPF denominator + ADI 1-minus-BP notch construction,205.183544759481,348967.823956647,NaN,1.5458250429405e-11,6.67087549441418e-10,NaN,NaN,NaN,NaN,1,6.13565902679683,185218.596014481
481,PASSIVE,BPF,PASSIVE_RLC_BPF,Passive RLC second-order equation,1675784.82989767,NaN,NaN,3.94808643083324e-12,NaN,NaN,260.789682479305,NaN,NaN,1,4.84990936230428,4959.99916128307
280,PASSIVE,HPF,PASSIVE_RC_HPF,Passive RC first-order equation,684507.222851452,NaN,NaN,8.50709826025792e-10,NaN,NaN,NaN,NaN,NaN,1,NaN,273.313225439825
1350,VCVS,BPF,VCVS_BPF_Maheshwari,Maheshwari VCVS equal-component active-filter equations,97832.0992057874,97832.0992057874,NaN,6.37231734369692e-12,6.37231734369692e-12,NaN,NaN,10150.5399739092,635.390794022084,1.06259674811934,0.516154806197052,255294.444153146
1820,MFB,HPF,MFB_HPF_Maheshwari,Maheshwari MFB active-filter equations,1344.05172837307,45.8164577314655,NaN,3.29690670304774e-10,7.36421123919493e-10,6.98838871162333e-10,NaN,NaN,NaN,-2.11968045840154,1.03859425644955,894025.157373366
1672,MFB,LPF,MFB_LPF_Maheshwari,Maheshwari MFB active-filter equations,7377.87459477817,4470.15348258876,19153.7792800597,3.6278255891894e-11,1.14100204779108e-11,NaN,NaN,NaN,NaN,-2.59611071372996,0.468348133076964,845405.87804816
1241,VCVS,BPF,VCVS_BPF_Maheshwari,Maheshwari VCVS equal-component active-filter equations,905852.764705481,905852.764705481,NaN,4.48497614188789e-11,4.48497614188789e-11,NaN,NaN,9945.02382552286,7246.08994696989,1.72861463925039,0.786543585345674,3917.44024242788
684,PASSIVE,BSF,PASSIVE_RLC_BSF,Passive RLC second-order equation,3794838.30155483,NaN,NaN,4.64854067323189e-11,NaN,NaN,533.782682569874,NaN,NaN,1,0.892957207540694,1010.36797929677
2119,MFB,BPF,MFB_BPF_Maheshwari,Maheshwari MFB active-filter equations,157520.900068599,12492400.084521,NaN,1.87770272505287e-10,6.61580954542799e-10,NaN,NaN,NaN,NaN,-9595.74770862617,3.69548502595138,321.901634258485
281,PASSIVE,HPF,PASSIVE_RC_HPF,Passive RC first-order equation,94640.6780983476,NaN,NaN,1.18256422851732e-12,NaN,NaN,NaN,NaN,NaN,1,NaN,1422058.78774526
779,PASSIVE,BSF,PASSIVE_RLC_BSF,Passive RLC second-order equation,2082.31691177712,NaN,NaN,8.36207988384516e-10,NaN,NaN,0.0133226731452684,NaN,NaN,1,1.91686577921456,47683.4081685061
3083,ACTIVE_OTHER,BSF,ACTIVE_OTHER_STATE_VARIABLE_BSF,External state-variable/biquad active-filter canonical equation,3111.20704942357,11655.0113667531,13053.6925622354,1.97989977748086e-11,1.7504406022446e-11,NaN,NaN,9741.27894104534,30793.9914807647,4.16118567871132,1.26711445867152,1419724.35047746
723,PASSIVE,BSF,PASSIVE_RLC_BSF,Passive RLC second-order equation,7267.56616035786,NaN,NaN,5.67046027464774e-12,NaN,NaN,0.00739506933102622,NaN,NaN,1,4.9690455152985,777212.631925895
643,PASSIVE,BSF,PASSIVE_RLC_BSF,Passive RLC second-order equation,178.765910172563,NaN,NaN,8.60758250244968e-10,NaN,NaN,0.00048252561744963,NaN,NaN,1,4.18827207432584,246955.866303368
2456,ACTIVE_OTHER,LPF,ACTIVE_OTHER_STATE_VARIABLE_LPF,External state-variable/biquad active-filter canonical equation,169449.785285316,27946.4978267296,52865.3756316881,5.63512510266475e-11,9.41448685050246e-10,NaN,NaN,10419.7701723065,28148.9273236223,3.70149214983994,5.22482205226316,10041.2046153296
1468,VCVS,BSF,VCVS_BSF_Maheshwari,Maheshwari VCVS equal-component active-filter equations,2360.74691690633,2360.74691690633,NaN,2.33829960190369e-12,2.33829960190369e-12,NaN,NaN,9992.03370121894,866.419509743488,1.08671102756967,0.547471846363658,28831719.5409782
1383,VCVS,BPF,VCVS_BPF_Maheshwari,Maheshwari VCVS equal-component active-filter equations,54788.9433819415,54788.9433819415,NaN,3.41501168567032e-11,3.41501168567032e-11,NaN,NaN,10090.1265392007,8909.3792925358,1.88297993666604,0.895239067609323,85061.8869374716
3183,ACTIVE_OTHER,BSF,ACTIVE_OTHER_STATE_VARIABLE_BSF,External state-variable/biquad active-filter canonical equation,363117.832648237,1581.73643690833,6316.23395809419,5.29924833638332e-10,1.10758794660367e-10,NaN,NaN,9855.57418079138,30059.2322717586,4.0499727078656,0.644268235747104,27411.5148529056
3075,ACTIVE_OTHER,BSF,ACTIVE_OTHER_STATE_VARIABLE_BSF,External state-variable/biquad active-filter canonical equation,12780.0061658828,452104.540158384,17182.7104130339,1.19502097699458e-12,1.60339184645639e-12,NaN,NaN,10440.4380126765,30355.9135352229,3.90753256696373,1.67575092449633,1512612.08539856
3020,ACTIVE_OTHER,BSF,ACTIVE_OTHER_STATE_VARIABLE_BSF,External state-variable/biquad active-filter canonical equation,1023955.32450418,2181.08573508464,43657.2903697686,8.96571112343739e-12,1.06222281821839e-12,NaN,NaN,10429.0331155548,20907.2387519261,3.00471496449111,4.28298059215704,1091297.28446146
1170,VCVS,HPF,VCVS_HPF_Maheshwari,Maheshwari VCVS equal-component active-filter equations,11647.1346270909,11647.1346270909,NaN,1.0566526202235e-11,1.0566526202235e-11,NaN,NaN,10170.4414619099,1489.59398852662,1.14646306102891,0.539509075311498,1293209.2486594
2539,ACTIVE_OTHER,LPF,ACTIVE_OTHER_STATE_VARIABLE_LPF,External state-variable/biquad active-filter canonical equation,9434.98955638549,1089.74851622297,15121.5831847884,1.36830565443009e-12,1.03100561285365e-12,NaN,NaN,9579.32036831543,28395.4203436275,3.96424164260632,1.47839833108492,41789213.828767
1082,VCVS,HPF,VCVS_HPF_Maheshwari,Maheshwari VCVS equal-component active-filter equations,148024.979952595,148024.979952595,NaN,6.85436366677727e-11,6.85436366677727e-11,NaN,NaN,10193.2482569969,1361.35450803533,1.13355453273699,0.535777775209482,15686.2083064941
2816,ACTIVE_OTHER,BPF,ACTIVE_OTHER_STATE_VARIABLE_BPF,External state-variable/biquad active-filter canonical equation,372005.540608958,56581.5327217723,34461.2945998187,3.08987520639178e-11,3.59681158819998e-12,NaN,NaN,9551.9516987618,11172.3450390042,2.16964002659818,3.44044847911671,104058.787097083
2062,MFB,BPF,MFB_BPF_Maheshwari,Maheshwari MFB active-filter equations,568.214442892468,29969.53513157,NaN,4.46450242853793e-11,7.21119786268052e-11,NaN,NaN,NaN,NaN,-24405084.7170138,3.52932106655161,679725.80293314
2428,ACTIVE_OTHER,LPF,ACTIVE_OTHER_STATE_VARIABLE_LPF,External state-variable/biquad active-filter canonical equation,11041.3331120462,113206.953549948,45385.2441163476,4.80517535611793e-12,1.5818826691178e-12,NaN,NaN,10060.4352179199,13750.8957951693,2.36682911795663,4.41064484160279,1632792.7715816
1669,MFB,LPF,MFB_LPF_Maheshwari,Maheshwari MFB active-filter equations,6206.48135132741,102.497072036087,15495.4751049435,6.32144944860646e-10,1.4882304608563e-10,NaN,NaN,NaN,NaN,-2.49666022143599,0.163830990033051,411735.699700502
1638,MFB,LPF,MFB_LPF_Maheshwari,Maheshwari MFB active-filter equations,40334.7809161962,28062.1872568921,35171.5139071088,2.08315074278848e-10,6.29686697878217e-11,NaN,NaN,NaN,NaN,-0.871989709828468,0.651533518122292,44232.4742059217
1881,MFB,HPF,MFB_HPF_Maheshwari,Maheshwari MFB active-filter equations,650446.989593292,107.00454795003,NaN,8.72550574081152e-11,1.21464116642367e-11,3.80834629280912e-10,NaN,NaN,NaN,-4.36461381831023,2.52985962722505,280492.236519076
145,PASSIVE,LPF,PASSIVE_RC_LPF,Passive RC first-order equation,161725.209057274,NaN,NaN,3.95995141871837e-11,NaN,NaN,NaN,NaN,NaN,1,NaN,24851.4968656207
2566,ACTIVE_OTHER,LPF,ACTIVE_OTHER_STATE_VARIABLE_LPF,External state-variable/biquad active-filter canonical equation,60655.7731176874,19449.7571412362,28052.8545141236,1.27590815375234e-11,4.79364877481879e-10,NaN,NaN,9589.55470795717,17199.1360156266,2.79352811881402,2.72124810045372,59249.4273450396
324,PASSIVE,HPF,PASSIVE_RC_HPF,Passive RC first-order equation,4841.40721391529,NaN,NaN,1.26088254422471e-10,NaN,NaN,NaN,NaN,NaN,1,NaN,260719.72316533
651,PASSIVE,BSF,PASSIVE_RLC_BSF,Passive RLC second-order equation,9700.96838600376,NaN,NaN,7.71428765137132e-10,NaN,NaN,0.343156119360617,NaN,NaN,1,2.17411679129969,9781.97037620758
1373,VCVS,BPF,VCVS_BPF_Maheshwari,Maheshwari VCVS equal-component active-filter equations,34251.1268129641,34251.1268129641,NaN,5.9110112026429e-10,5.9110112026429e-10,NaN,NaN,10014.1516486734,8325.31083571649,1.83135457977805,0.855691540561615,7861.10297882778
1173,VCVS,HPF,VCVS_HPF_Maheshwari,Maheshwari VCVS equal-component active-filter equations,2467.99535781137,2467.99535781137,NaN,4.53939300928324e-11,4.53939300928324e-11,NaN,NaN,9862.78342776279,8285.23283130436,1.84005016352506,0.862106246800271,1420620.27521548
2579,ACTIVE_OTHER,LPF,ACTIVE_OTHER_STATE_VARIABLE_LPF,External state-variable/biquad active-filter canonical equation,58041.9210433814,335313.9120907,27820.4900564315,1.67191625442974e-11,1.54946312297417e-10,NaN,NaN,9804.0690158193,17722.4556521825,2.80766328996527,2.85645742593995,22414.3203174536
1036,VCVS,HPF,VCVS_HPF_Maheshwari,Maheshwari VCVS equal-component active-filter equations,76176.4549561918,76176.4549561918,NaN,7.13618321678638e-11,7.13618321678638e-11,NaN,NaN,9830.62729049982,8050.23940206589,1.81889376579718,0.84666389105544,29277.4590352849
2373,MFB,BSF,MFB_BSF_1_MINUS_BP,Maheshwari MFB BPF denominator + ADI 1-minus-BP notch construction,3737.78956295113,84833.9321259646,NaN,4.36335089239086e-11,9.81804340695146e-12,NaN,NaN,NaN,NaN,1,1.8447588242935,431822.597804214
839,VCVS,LPF,VCVS_LPF_Maheshwari,Maheshwari VCVS equal-component active-filter equations,114751.570052462,114751.570052462,NaN,7.20072927122488e-11,7.20072927122488e-11,NaN,NaN,10161.9414100387,6928.71326029711,1.68182968005035,0.758627307007032,19261.2741374937
1137,VCVS,HPF,VCVS_HPF_Maheshwari,Maheshwari VCVS equal-component active-filter equations,92431.1735082798,92431.1735082798,NaN,4.22406773445348e-12,4.22406773445348e-12,NaN,NaN,10030.6778405218,9997.46009442318,1.99668838471071,0.996699315308595,407634.366584698
2793,ACTIVE_OTHER,HPF,ACTIVE_OTHER_STATE_VARIABLE_HPF,External state-variable/biquad active-filter canonical equation,113209.712647487,2653.76847780635,13934.2663812266,2.78227138338363e-10,4.73987593805428e-12,NaN,NaN,9530.61310722739,32675.424981915,4.42847040523932,1.39885724577109,252850.339053015
1087,VCVS,HPF,VCVS_HPF_Maheshwari,Maheshwari VCVS equal-component active-filter equations,60279.1791420835,60279.1791420835,NaN,1.15718392392065e-11,1.15718392392065e-11,NaN,NaN,9820.61045064311,9238.14768777317,1.94068975999025,0.944010510075681,228165.727637488
2702,ACTIVE_OTHER,HPF,ACTIVE_OTHER_STATE_VARIABLE_HPF,External state-variable/biquad active-filter canonical equation,6511.75493939275,464730.363058859,12035.4181366716,1.57152824312028e-10,4.4088031213145e-10,NaN,NaN,9658.17917965465,27917.2243931092,3.89052665868096,1.17884115724348,10991.3018685617
1946,MFB,HPF,MFB_HPF_Maheshwari,Maheshwari MFB active-filter equations,44482.3190015557,116.862383693757,NaN,1.49003698691724e-11,2.59202728940696e-10,1.44934539625254e-10,NaN,NaN,NaN,-9.72690885513597,0.927756898679006,360149.916781197
1406,VCVS,BSF,VCVS_BSF_Maheshwari,Maheshwari VCVS equal-component active-filter equations,2496.65873492175,2496.65873492175,NaN,3.82084008614857e-11,3.82084008614857e-11,NaN,NaN,9971.07782390021,1200.1843298062,1.12036655926297,0.568418589885646,1668407.32101526
1291,VCVS,BPF,VCVS_BPF_Maheshwari,Maheshwari VCVS equal-component active-filter equations,752030.752795108,752030.752795108,NaN,4.20781693012594e-11,4.20781693012594e-11,NaN,NaN,9990.67363990828,13335.6932211465,2.33481421791983,1.5033394082369,5029.5333753184
1347,VCVS,BPF,VCVS_BPF_Maheshwari,Maheshwari VCVS equal-component active-filter equations,7579.98745316819,7579.98745316819,NaN,1.89078314621425e-11,1.89078314621425e-11,NaN,NaN,10140.7608374082,8448.69497702497,1.83314211946096,0.857002396502681,1110477.90627275
2968,ACTIVE_OTHER,BPF,ACTIVE_OTHER_STATE_VARIABLE_BPF,External state-variable/biquad active-filter canonical equation,79914.1581008679,11465.5238552968,29427.95926982,2.68613384545395e-12,6.33585255750018e-11,NaN,NaN,10014.0085367126,19496.6195866969,2.9469345882041,2.90265071438802,403037.040052044
1686,MFB,LPF,MFB_LPF_Maheshwari,Maheshwari MFB active-filter equations,42448.4024320788,9843.90368177956,104890.170172106,5.01883351931677e-10,1.18941132162874e-10,NaN,NaN,NaN,NaN,-2.47100395214966,0.474667185734108,20272.2348985561
2320,MFB,BSF,MFB_BSF_1_MINUS_BP,Maheshwari MFB BPF denominator + ADI 1-minus-BP notch construction,442.445009718412,47294.1656605802,NaN,6.58853263408696e-10,1.60425634871079e-10,NaN,NaN,NaN,NaN,1,4.10273624850422,107017.663022291
2010,MFB,BPF,MFB_BPF_Maheshwari,Maheshwari MFB active-filter equations,7322.38867935897,643313.205165233,NaN,4.27462973958958e-10,2.85771905142068e-10,NaN,NaN,NaN,NaN,-477889.723907997,4.59315696869219,6634.73365287287
1800,MFB,LPF,MFB_LPF_Maheshwari,Maheshwari MFB active-filter equations,149313.09110092,9376977.75693242,594362.254987438,3.30172766661387e-10,2.77996369927477e-11,NaN,NaN,NaN,NaN,-3.98064396500713,0.172015520923204,703.676246249417
1055,VCVS,HPF,VCVS_HPF_Maheshwari,Maheshwari VCVS equal-component active-filter equations,11368.4059603048,11368.4059603048,NaN,4.34834510628974e-10,4.34834510628974e-10,NaN,NaN,10142.7306669158,575.626190447781,1.05675258560551,0.514602511544624,32195.6022531782
607,PASSIVE,BSF,PASSIVE_RLC_BSF,Passive RLC second-order equation,317507.750313086,NaN,NaN,4.29864063967448e-11,NaN,NaN,12.4844213380894,NaN,NaN,1,1.69732226306576,6870.21538881689
3195,ACTIVE_OTHER,BSF,ACTIVE_OTHER_STATE_VARIABLE_BSF,External state-variable/biquad active-filter canonical equation,17809.5799262997,307485.569669626,53168.1177109886,6.22908868350506e-12,4.86142066238903e-12,NaN,NaN,9655.19075004522,27505.6815449466,3.84879732125621,5.47171480543854,390829.255987194
1640,MFB,LPF,MFB_LPF_Maheshwari,Maheshwari MFB active-filter equations,11548.3564741909,47528.5234884927,16205.7957052044,5.9863408461197e-10,6.57871732966931e-11,NaN,NaN,NaN,NaN,-1.4032988799248,0.641861728722434,28897.2461165643
691,PASSIVE,BSF,PASSIVE_RLC_BSF,Passive RLC second-order equation,1556336.7576628,NaN,NaN,9.69513733573534e-13,NaN,NaN,43.2668465122131,NaN,NaN,1,4.29236914152657,24573.4156957069
1105,VCVS,HPF,VCVS_HPF_Maheshwari,Maheshwari VCVS equal-component active-filter equations,28859.9893837942,28859.9893837942,NaN,1.385135584799e-10,1.385135584799e-10,NaN,NaN,10083.8562730863,5885.93902524707,1.58369921841871,0.706064709562262,39813.621005638
1423,VCVS,BSF,VCVS_BSF_Maheshwari,Maheshwari VCVS equal-component active-filter equations,255912.846771303,255912.846771303,NaN,4.14541481054897e-12,4.14541481054897e-12,NaN,NaN,10102.9957345802,3603.62248171306,1.35668850867458,0.777228460461428,150023.761092902
1432,VCVS,BSF,VCVS_BSF_Maheshwari,Maheshwari VCVS equal-component active-filter equations,51241.2920422071,51241.2920422071,NaN,2.08219582174753e-12,2.08219582174753e-12,NaN,NaN,10126.6302692768,3330.11167618936,1.32884696958796,0.744986578832897,1491689.69355358
1761,MFB,LPF,MFB_LPF_Maheshwari,Maheshwari MFB active-filter equations,12917.6243782983,31413.5934367746,35398.6673237691,1.6724040966649e-10,3.65942349921308e-11,NaN,NaN,NaN,NaN,-2.74033880279404,0.46625123081808,61008.5802575726
2274,MFB,BSF,MFB_BSF_1_MINUS_BP,Maheshwari MFB BPF denominator + ADI 1-minus-BP notch construction,15061.0398676475,1848527.92069336,NaN,1.93354178654811e-11,1.41996751186223e-11,NaN,NaN,NaN,NaN,1,5.47396477687373,57565.6827741146
2157,MFB,BPF,MFB_BPF_Maheshwari,Maheshwari MFB active-filter equations,112.882013518243,10368.5521851394,NaN,1.13394456645084e-10,5.7839222455035e-10,NaN,NaN,NaN,NaN,-15316262.6954426,3.54798376540349,574435.886801273
1211,VCVS,BPF,VCVS_BPF_Maheshwari,Maheshwari VCVS equal-component active-filter equations,427691.118747432,427691.118747432,NaN,2.35476064019651e-10,2.35476064019651e-10,NaN,NaN,10194.5687764957,12513.8928448513,2.22750585328366,1.2945081904513,1580.31306904237
419,PASSIVE,BPF,PASSIVE_RLC_BPF,Passive RLC second-order equation,1669047.96135771,NaN,NaN,2.97442655675382e-11,NaN,NaN,1366.23584763631,NaN,NaN,1,4.06062044094665,789.506424759106
2296,MFB,BSF,MFB_BSF_1_MINUS_BP,Maheshwari MFB BPF denominator + ADI 1-minus-BP notch construction,575.895687730125,85801.5270801365,NaN,1.01312863291567e-10,1.16431303189254e-11,NaN,NaN,NaN,NaN,1,3.71136347379099,659224.797787901
3072,ACTIVE_OTHER,BSF,ACTIVE_OTHER_STATE_VARIABLE_BSF,External state-variable/biquad active-filter canonical equation,583658.455811068,117323.213005756,10406.68118456,8.79949952516252e-10,8.17989911337759e-11,NaN,NaN,9506.77816565661,34774.3623872399,4.65784935561691,1.06372695537544,2266.97017771687
2939,ACTIVE_OTHER,BPF,ACTIVE_OTHER_STATE_VARIABLE_BPF,External state-variable/biquad active-filter canonical equation,11189.4535364925,176102.009309923,18795.8231824418,1.22123271977324e-12,6.88462100271459e-11,NaN,NaN,9903.6098899895,33821.5467580232,4.41507259814523,1.92343345925925,391015.796720172
1484,VCVS,BSF,VCVS_BSF_Maheshwari,Maheshwari VCVS equal-component active-filter equations,3314.00425016815,3314.00425016815,NaN,2.19650312020589e-11,2.19650312020589e-11,NaN,NaN,9832.051953985,4960.36402878197,1.50450954205663,1.00910116831583,2186428.33043216
1839,MFB,HPF,MFB_HPF_Maheshwari,Maheshwari MFB active-filter equations,62327.5189709662,195.907590859354,NaN,1.26013861470938e-10,1.86712459369963e-10,1.60952542279309e-10,NaN,NaN,NaN,-1.27726061562227,5.11076993535288,262735.652708566
3193,ACTIVE_OTHER,BSF,ACTIVE_OTHER_STATE_VARIABLE_BSF,External state-variable/biquad active-filter canonical equation,70947.3088508824,1139.73915167832,7759.12080459251,2.97824803401225e-12,7.15915724067216e-10,NaN,NaN,10090.7596169904,10484.6375376146,2.03903352528198,0.740776310472046,383299.323086056
1371,VCVS,BPF,VCVS_BPF_Maheshwari,Maheshwari VCVS equal-component active-filter equations,16437.1459980925,16437.1459980925,NaN,1.29061265212972e-10,1.29061265212972e-10,NaN,NaN,10194.86549924,3514.83491327741,1.34476520691121,0.60414389799886,75023.582866735
1008,VCVS,HPF,VCVS_HPF_Maheshwari,Maheshwari VCVS equal-component active-filter equations,1425.06686834338,1425.06686834338,NaN,6.90773378002816e-10,6.90773378002816e-10,NaN,NaN,9993.24912525976,9959.56411547062,1.99662922345206,0.996640547416045,161677.39262055
2854,ACTIVE_OTHER,BPF,ACTIVE_OTHER_STATE_VARIABLE_BPF,External state-variable/biquad active-filter canonical equation,2379.76829325072,116126.737759541,44974.6914699787,5.77635882267148e-12,1.32574810613246e-12,NaN,NaN,10318.2234540209,29819.7354899356,3.89000675579625,4.60847497994157,3459625.52206097
1590,VCVS,BSF,VCVS_BSF_Maheshwari,Maheshwari VCVS equal-component active-filter equations,42183.0625490471,42183.0625490471,NaN,3.37190222523943e-12,3.37190222523943e-12,NaN,NaN,10115.2504181956,3316.03880867793,1.32782567623961,0.743854655445351,1118940.65039535
3041,ACTIVE_OTHER,BSF,ACTIVE_OTHER_STATE_VARIABLE_BSF,External state-variable/biquad active-filter canonical equation,1955.5331524325,387895.17638706,23984.4635003392,7.97304586538888e-10,6.11216090758046e-10,NaN,NaN,9552.51340472919,33536.0745545237,4.51070688243378,2.37521175386925,8277.91247177615
382,PASSIVE,HPF,PASSIVE_RC_HPF,Passive RC first-order equation,1139.99326569442,NaN,NaN,3.01078856129151e-10,NaN,NaN,NaN,NaN,NaN,1,NaN,463700.525892045
2576,ACTIVE_OTHER,LPF,ACTIVE_OTHER_STATE_VARIABLE_LPF,External state-variable/biquad active-filter canonical equation,15502.7978142538,146959.621994757,47273.592184057,2.91406764107253e-12,3.51960621671735e-12,NaN,NaN,9847.38699506434,31895.9445721039,4.23902620950011,4.55894330254149,1041164.19546318
1609,MFB,LPF,MFB_LPF_Maheshwari,Maheshwari MFB active-filter equations,48395.0450288764,1342969.44454109,99202.6878650819,6.38370651866604e-10,1.93893684708431e-10,NaN,NaN,NaN,NaN,-2.04985216577213,0.157874189560647,1239.3873460932
1101,VCVS,HPF,VCVS_HPF_Maheshwari,Maheshwari VCVS equal-component active-filter equations,17260.5475899902,17260.5475899902,NaN,9.37618168152975e-12,9.37618168152975e-12,NaN,NaN,9881.91531530116,11883.3328462477,2.2025333619129,1.25397095281468,983421.158596364
2060,MFB,BPF,MFB_BPF_Maheshwari,Maheshwari MFB active-filter equations,9001.72242034395,6433430.03858202,NaN,1.22035271713552e-11,2.32789270818206e-10,NaN,NaN,NaN,NaN,-477212.073996258,5.81606606952868,12408.2880220386
3106,ACTIVE_OTHER,BSF,ACTIVE_OTHER_STATE_VARIABLE_BSF,External state-variable/biquad active-filter canonical equation,1203.42026692048,3472.23616800517,17935.2306131211,1.13060450044258e-11,2.00091102229072e-11,NaN,NaN,10077.1697997482,27448.3774893635,3.7238180992097,1.75383970516577,5176516.46289745
2847,ACTIVE_OTHER,BPF,ACTIVE_OTHER_STATE_VARIABLE_BPF,External state-variable/biquad active-filter canonical equation,13802.164749454,1914.97646759956,40489.2408438939,9.69303965769059e-11,5.96329013534399e-11,NaN,NaN,9891.190276594,8200.58036981369,1.82907922509782,3.95716408505817,407185.067235699
889,VCVS,LPF,VCVS_LPF_Maheshwari,Maheshwari VCVS equal-component active-filter equations,515864.474579344,515864.474579344,NaN,3.41343330008107e-10,3.41343330008107e-10,NaN,NaN,10080.8353925484,4829.12396084713,1.47904005697948,0.657479511271066,903.843189209177
483,PASSIVE,BPF,PASSIVE_RLC_BPF,Passive RLC second-order equation,4923.59036312425,NaN,NaN,4.40810696708652e-11,NaN,NaN,0.0262176681862689,NaN,NaN,1,4.95323640352554,148046.122780989
2362,MFB,BSF,MFB_BSF_1_MINUS_BP,Maheshwari MFB BPF denominator + ADI 1-minus-BP notch construction,2510.52291588135,4005.16789738283,NaN,1.00284138604106e-10,3.60369837953846e-11,NaN,NaN,NaN,NaN,1,0.557000335228834,834905.519112689
67,PASSIVE,LPF,PASSIVE_RC_LPF,Passive RC first-order equation,4458.98585357656,NaN,NaN,5.88931199796524e-10,NaN,NaN,NaN,NaN,NaN,1,NaN,60606.5377024899
2913,ACTIVE_OTHER,BPF,ACTIVE_OTHER_STATE_VARIABLE_BPF,External state-variable/biquad active-filter canonical equation,366577.47495237,6946.15916878952,47236.0198493016,2.94959553567237e-12,2.77318526027812e-10,NaN,NaN,9991.25965621538,23951.7794435246,3.39727324358192,4.95755605557564,110279.351432391
2857,ACTIVE_OTHER,BPF,ACTIVE_OTHER_STATE_VARIABLE_BPF,External state-variable/biquad active-filter canonical equation,41986.4126339534,21977.5029315648,46485.7666018878,1.41569478376889e-12,1.45423555856329e-10,NaN,NaN,10236.3635571629,12823.8772467621,2.25277665014043,4.74334245295793,365152.583540842
86,PASSIVE,LPF,PASSIVE_RC_LPF,Passive RC first-order equation,502026.727049886,NaN,NaN,1.82835282184525e-10,NaN,NaN,NaN,NaN,NaN,1,NaN,1733.93688984056
1115,VCVS,HPF,VCVS_HPF_Maheshwari,Maheshwari VCVS equal-component active-filter equations,1037.27569601867,1037.27569601867,NaN,1.19536969496624e-12,1.19536969496624e-12,NaN,NaN,9950.6827836673,7517.25817569484,1.75545149404556,0.803504238858974,128358220.619163
1234,VCVS,BPF,VCVS_BPF_Maheshwari,Maheshwari VCVS equal-component active-filter equations,4103.16828479744,4103.16828479744,NaN,1.94945923053725e-12,1.94945923053725e-12,NaN,NaN,9888.98083957018,549.73189959028,1.05559034935032,0.514294917054063,19896956.2635054
87,PASSIVE,LPF,PASSIVE_RC_LPF,Passive RC first-order equation,573012.727902695,NaN,NaN,1.80039959231248e-10,NaN,NaN,NaN,NaN,NaN,1,NaN,1542.71945715571
813,VCVS,LPF,VCVS_LPF_Maheshwari,Maheshwari VCVS equal-component active-filter equations,948588.39972242,948588.39972242,NaN,7.16265031251517e-12,7.16265031251517e-12,NaN,NaN,10052.0197291556,1042.57713632219,1.10371817449763,0.527347774234496,23424.405271174
2359,MFB,BSF,MFB_BSF_1_MINUS_BP,Maheshwari MFB BPF denominator + ADI 1-minus-BP notch construction,390.056104919333,18129.3595758914,NaN,5.74168351152786e-10,2.24792393480497e-11,NaN,NaN,NaN,NaN,1,1.29813611138714,526811.115343055
1001,VCVS,HPF,VCVS_HPF_Maheshwari,Maheshwari VCVS equal-component active-filter equations,10549.9349347111,10549.9349347111,NaN,7.82382675658362e-12,7.82382675658362e-12,NaN,NaN,9908.63576318944,5585.55130535299,1.56370538173411,0.696235986184611,1928195.76726557
1766,MFB,LPF,MFB_LPF_Maheshwari,Maheshwari MFB active-filter equations,70841.6434230355,8517.64485695499,165364.158633061,9.14724768996914e-10,3.31040050438823e-11,NaN,NaN,NaN,NaN,-2.33427897268811,1.01814938261524,24369.9245985993
1538,VCVS,BSF,VCVS_BSF_Maheshwari,Maheshwari VCVS equal-component active-filter equations,7024.84935694085,7024.84935694085,NaN,2.25516703607263e-11,2.25516703607263e-11,NaN,NaN,10124.1130122392,7027.85251943546,1.69416970266328,1.63489361372687,1004625.97150522
2161,MFB,BPF,MFB_BPF_Maheshwari,Maheshwari MFB active-filter equations,28660.2487522687,509222.383573959,NaN,2.73297994604613e-11,8.47906881095489e-11,NaN,NaN,NaN,NaN,-411501.937890651,1.80976043590496,27367.4358554979
2293,MFB,BSF,MFB_BSF_1_MINUS_BP,Maheshwari MFB BPF denominator + ADI 1-minus-BP notch construction,89.5142284020456,121992.436643307,NaN,6.67020381817895e-10,1.09690962480696e-11,NaN,NaN,NaN,NaN,1,4.65749544317132,563057.394774661
2055,MFB,BPF,MFB_BPF_Maheshwari,Maheshwari MFB active-filter equations,2470.01035332979,38787.2368504734,NaN,1.64221861299074e-11,4.74179672200951e-11,NaN,NaN,NaN,NaN,-8538042.14563384,1.73216023291241,582692.425424463
2834,ACTIVE_OTHER,BPF,ACTIVE_OTHER_STATE_VARIABLE_BPF,External state-variable/biquad active-filter canonical equation,10830.3873727399,196169.251097831,10815.4073328352,2.18501330670513e-12,7.16973740291017e-12,NaN,NaN,10140.17560052,25323.3613073507,3.49732966222519,1.06683548652908,872376.587236096
1142,VCVS,HPF,VCVS_HPF_Maheshwari,Maheshwari VCVS equal-component active-filter equations,28691.6341312648,28691.6341312648,NaN,9.88177275472233e-10,9.88177275472233e-10,NaN,NaN,9904.31806073144,13897.7011527189,2.40319616832787,1.67559245924777,5613.45163306443
962,VCVS,LPF,VCVS_LPF_Maheshwari,Maheshwari VCVS equal-component active-filter equations,843839.988339948,843839.988339948,NaN,6.37460392801656e-10,6.37460392801656e-10,NaN,NaN,10186.8165665013,11712.4000587003,2.1497605736041,1.1761392955381,295.874013907053
2703,ACTIVE_OTHER,HPF,ACTIVE_OTHER_STATE_VARIABLE_HPF,External state-variable/biquad active-filter canonical equation,86613.6653885328,1230.7865010623,34684.7363631888,4.94156547762077e-11,1.07445306174893e-09,NaN,NaN,10420.5083090777,15221.7503308952,2.46074931082153,3.38349292582944,66897.449364645
931,VCVS,LPF,VCVS_LPF_Maheshwari,Maheshwari VCVS equal-component active-filter equations,293852.813641808,293852.813641808,NaN,2.75447247412972e-12,2.75447247412972e-12,NaN,NaN,9951.52814004897,13121.670271208,2.31855832456536,1.46747702121708,196630.933689854
3080,ACTIVE_OTHER,BSF,ACTIVE_OTHER_STATE_VARIABLE_BSF,External state-variable/biquad active-filter canonical equation,14435.7035758621,43484.3637011644,10109.5212373921,2.22061782795312e-10,1.30414830634793e-11,NaN,NaN,9819.05918655855,31404.2500102943,4.19829521480877,1.0213775651382,118041.356630275
1702,MFB,LPF,MFB_LPF_Maheshwari,Maheshwari MFB active-filter equations,11766.2124752421,1907.91479624478,27997.3889458131,8.84172688297e-10,9.86684151484276e-11,NaN,NaN,NaN,NaN,-2.3794733440964,0.635169768591275,73726.6081416306
741,PASSIVE,BSF,PASSIVE_RLC_BSF,Passive RLC second-order equation,1865219.0284739,NaN,NaN,1.10275115559607e-10,NaN,NaN,3010.39623833367,NaN,NaN,1,2.80119429498165,276.229170680581
2687,ACTIVE_OTHER,HPF,ACTIVE_OTHER_STATE_VARIABLE_HPF,External state-variable/biquad active-filter canonical equation,8828.27427355255,127334.655489736,24453.0535284723,2.12663462862922e-11,7.5501207539479e-12,NaN,NaN,10285.7165298877,18040.5896806235,2.75394583626742,2.40460847578563,374615.312008705
2080,MFB,BPF,MFB_BPF_Maheshwari,Maheshwari MFB active-filter equations,2806618.16800441,132346005.940121,NaN,1.22617970634309e-11,7.02146805598387e-11,NaN,NaN,NaN,NaN,-5074.44726350602,2.44300678325183,281.437537154607
2599,ACTIVE_OTHER,LPF,ACTIVE_OTHER_STATE_VARIABLE_LPF,External state-variable/biquad active-filter canonical equation,1743.85510623698,23946.1982338022,47334.0552607902,6.41167334654118e-12,1.05490815385511e-11,NaN,NaN,10236.0834759308,23045.4137347438,3.25138978095802,4.76991840152582,2994702.10230271
648,PASSIVE,BSF,PASSIVE_RLC_BSF,Passive RLC second-order equation,19161.8470829555,NaN,NaN,4.62273834163313e-11,NaN,NaN,0.0895812528050419,NaN,NaN,1,2.29732024534977,78209.9322606869
1152,VCVS,HPF,VCVS_HPF_Maheshwari,Maheshwari VCVS equal-component active-filter equations,3822.09332812262,3822.09332812262,NaN,6.19944468097459e-11,6.19944468097459e-11,NaN,NaN,9949.0347875829,5845.43012813893,1.58753740970274,0.707983352528683,671685.626883533
2676,ACTIVE_OTHER,HPF,ACTIVE_OTHER_STATE_VARIABLE_HPF,External state-variable/biquad active-filter canonical equation,3263.73436889712,651774.597034644,51315.2768471679,1.24500282273615e-10,3.46271441099516e-11,NaN,NaN,10320.4345986351,9260.85995875892,1.89733236233905,5.30153833719258,52555.7827930569
37,PASSIVE,LPF,PASSIVE_RC_LPF,Passive RC first-order equation,229161.497313026,NaN,NaN,1.5522744229415e-11,NaN,NaN,NaN,NaN,NaN,1,NaN,44741.4421734864
2495,ACTIVE_OTHER,LPF,ACTIVE_OTHER_STATE_VARIABLE_LPF,External state-variable/biquad active-filter canonical equation,6901.01797697374,968328.51247533,7195.86474597555,1.25110782874614e-10,7.22405696380012e-12,NaN,NaN,10261.5585992666,8114.76362624731,1.79079250464226,0.719152459173012,64761.10353736
516,PASSIVE,BPF,PASSIVE_RLC_BPF,Passive RLC second-order equation,1187198.63387341,NaN,NaN,2.01731831882166e-11,NaN,NaN,36.3224698646877,NaN,NaN,1,1.13025667810831,5879.56545333123
925,VCVS,LPF,VCVS_LPF_Maheshwari,Maheshwari VCVS equal-component active-filter equations,10406.1579622742,10406.1579622742,NaN,2.19686325582857e-10,2.19686325582857e-10,NaN,NaN,9930.18192548807,9206.4750190501,1.92712047857045,0.932071104002018,69618.8255454835
650,PASSIVE,BSF,PASSIVE_RLC_BSF,Passive RLC second-order equation,6297.70235085777,NaN,NaN,8.27522390782264e-10,NaN,NaN,0.39729575511613,NaN,NaN,1,3.479244544928,8777.54960328459
1337,VCVS,BPF,VCVS_BPF_Maheshwari,Maheshwari VCVS equal-component active-filter equations,9685.62494661249,9685.62494661249,NaN,2.79745584441723e-10,2.79745584441723e-10,NaN,NaN,10169.8868540034,9741.92545613768,1.95791876507483,0.959618085889251,58739.3644726666
2306,MFB,BSF,MFB_BSF_1_MINUS_BP,Maheshwari MFB BPF denominator + ADI 1-minus-BP notch construction,84.8810996636032,104338.845168305,NaN,2.62943409781732e-11,7.11674517838924e-10,NaN,NaN,NaN,NaN,1,6.49907174983139,390948.694332794
2058,MFB,BPF,MFB_BPF_Maheshwari,Maheshwari MFB active-filter equations,294856.286079033,79031682.5044399,NaN,5.68148717535679e-10,1.08022469618558e-10,NaN,NaN,NaN,NaN,-31396.0857862153,5.9982812309903,133.084125740449
2259,MFB,BSF,MFB_BSF_1_MINUS_BP,Maheshwari MFB BPF denominator + ADI 1-minus-BP notch construction,153261.218704098,22084698.5233689,NaN,3.16688257249292e-11,2.36150327669017e-10,NaN,NaN,NaN,NaN,1,3.87612901309107,1000.34084169707
971,VCVS,LPF,VCVS_LPF_Maheshwari,Maheshwari VCVS equal-component active-filter equations,29093.1835457532,29093.1835457532,NaN,2.78128072850311e-10,2.78128072850311e-10,NaN,NaN,9988.5170125894,1234.90072581128,1.12363203909598,0.532944508132726,19669.0805182201
2930,ACTIVE_OTHER,BPF,ACTIVE_OTHER_STATE_VARIABLE_BPF,External state-variable/biquad active-filter canonical equation,2676.52805893659,762906.38694888,39626.1301504752,2.44963667299045e-11,5.26218422747657e-11,NaN,NaN,9754.3309237774,29793.0814929511,4.05434393458261,3.97007216373463,98099.0370058008
1298,VCVS,BPF,VCVS_BPF_Maheshwari,Maheshwari VCVS equal-component active-filter equations,3847.4991685986,3847.4991685986,NaN,4.82925801146336e-10,4.82925801146336e-10,NaN,NaN,9896.42756525974,7307.64088645199,1.73841200152918,0.792651801707139,85656.6702625504
2412,ACTIVE_OTHER,LPF,ACTIVE_OTHER_STATE_VARIABLE_LPF,External state-variable/biquad active-filter canonical equation,3457.51596341214,17483.9015780183,46260.6872887419,3.19343746025121e-12,1.07663020912333e-12,NaN,NaN,9828.40313377009,12192.9854789928,2.24058662562366,4.76646635127086,11039677.0696107
429,PASSIVE,BPF,PASSIVE_RLC_BPF,Passive RLC second-order equation,324028.919257503,NaN,NaN,1.5141428218366e-12,NaN,NaN,1.14225631361461,NaN,NaN,1,2.68049246239479,121019.380941316
3130,ACTIVE_OTHER,BSF,ACTIVE_OTHER_STATE_VARIABLE_BSF,External state-variable/biquad active-filter canonical equation,775582.138173088,307744.383316888,32852.0655696167,8.62334097467205e-12,2.80964075207459e-12,NaN,NaN,9557.78103446687,9743.0204572764,2.01938100717536,3.17805645896582,66183.2345610254
1342,VCVS,BPF,VCVS_BPF_Maheshwari,Maheshwari VCVS equal-component active-filter equations,3631.66168594818,3631.66168594818,NaN,4.57663146508516e-10,4.57663146508516e-10,NaN,NaN,9878.09569889409,13573.3895626901,2.37408970073146,1.59767302306518,95756.6193973951
2995,ACTIVE_OTHER,BPF,ACTIVE_OTHER_STATE_VARIABLE_BPF,External state-variable/biquad active-filter canonical equation,3188.59738127478,954753.530320953,18860.417187218,3.96490580432376e-12,4.28695020245773e-10,NaN,NaN,10483.1198359656,8089.58596264106,1.77167733358224,1.92233596243562,69965.5087185846
1092,VCVS,HPF,VCVS_HPF_Maheshwari,Maheshwari VCVS equal-component active-filter equations,4290.78407019478,4290.78407019478,NaN,1.47915317707342e-10,1.47915317707342e-10,NaN,NaN,9810.65603812199,11640.9716428159,2.18656403787695,1.22935307333847,250766.963603839
3095,ACTIVE_OTHER,BSF,ACTIVE_OTHER_STATE_VARIABLE_BSF,External state-variable/biquad active-filter canonical equation,9824.05397221671,228536.678460112,15235.9354230083,2.74590163056794e-10,1.03231422153142e-10,NaN,NaN,9642.49739536703,10839.2009603557,2.12410722201114,1.57826096010241,19950.2509769782
331,PASSIVE,HPF,PASSIVE_RC_HPF,Passive RC first-order equation,2647.95910272711,NaN,NaN,3.8746086094005e-12,NaN,NaN,NaN,NaN,NaN,1,NaN,15512472.3101758
2399,MFB,BSF,MFB_BSF_1_MINUS_BP,Maheshwari MFB BPF denominator + ADI 1-minus-BP notch construction,5937.95925071285,765337.165470971,NaN,5.09127390424003e-10,8.16646225347447e-11,NaN,NaN,NaN,NaN,1,3.91835148470082,11578.3030554268
1472,VCVS,BSF,VCVS_BSF_Maheshwari,Maheshwari VCVS equal-component active-filter equations,692941.828229022,692941.828229022,NaN,2.78704551576225e-12,2.78704551576225e-12,NaN,NaN,10154.4963140074,1332.25705682311,1.13119873360783,0.575505606795815,82409.8820913243
1422,VCVS,BSF,VCVS_BSF_Maheshwari,Maheshwari VCVS equal-component active-filter equations,1299.57791387605,1299.57791387605,NaN,8.74171915461691e-11,8.74171915461691e-11,NaN,NaN,9896.32802449613,6536.05470540571,1.66045251220727,1.47254807641286,1400944.59459018
2142,MFB,BPF,MFB_BPF_Maheshwari,Maheshwari MFB active-filter equations,42.5601923303485,12015.5139057934,NaN,5.85103345385931e-11,9.27776929782911e-10,NaN,NaN,NaN,NaN,-25325197.9729944,3.96920961027765,955232.500537431
1831,MFB,HPF,MFB_HPF_Maheshwari,Maheshwari MFB active-filter equations,32951.929241046,153612.587248978,NaN,8.06294435017983e-10,4.29305340845499e-10,1.45808299473927e-11,NaN,NaN,NaN,-0.018083753668804,1.62083926684798,28274.3114992696
1322,VCVS,BPF,VCVS_BPF_Maheshwari,Maheshwari VCVS equal-component active-filter equations,28455.2550128063,28455.2550128063,NaN,2.01552190048364e-11,2.01552190048364e-11,NaN,NaN,9820.13844291118,13552.8103656958,2.3801037983817,1.6131732980286,277504.562649521
2803,ACTIVE_OTHER,BPF,ACTIVE_OTHER_STATE_VARIABLE_BPF,External state-variable/biquad active-filter canonical equation,430387.911797047,2612.72390972884,7433.67537741503,1.96451158885691e-11,2.1679374312899e-11,NaN,NaN,9636.03543394077,21506.5765927647,3.23189056746436,0.775680452311284,229981.37695389
2317,MFB,BSF,MFB_BSF_1_MINUS_BP,Maheshwari MFB BPF denominator + ADI 1-minus-BP notch construction,60911.1498259133,1741874.13326726,NaN,3.8244217563835e-10,2.58617343239069e-10,NaN,NaN,NaN,NaN,1,2.62345334894805,1553.6444384173
3117,ACTIVE_OTHER,BSF,ACTIVE_OTHER_STATE_VARIABLE_BSF,External state-variable/biquad active-filter canonical equation,190286.676571168,140790.296352923,20979.2191849708,3.99618299208137e-12,2.48137390025863e-10,NaN,NaN,9535.04536213163,11471.4495512315,2.20308285021803,2.00203986206671,30878.8267667654
1147,VCVS,HPF,VCVS_HPF_Maheshwari,Maheshwari VCVS equal-component active-filter equations,312407.292740543,312407.292740543,NaN,3.68490541433668e-12,3.68490541433668e-12,NaN,NaN,10064.6653726624,10359.2200535512,2.02926621700597,1.03014855104322,138252.382297368
2722,ACTIVE_OTHER,HPF,ACTIVE_OTHER_STATE_VARIABLE_HPF,External state-variable/biquad active-filter canonical equation,40227.0334209415,318421.28300788,37286.5750475167,1.19155349363644e-10,5.27502964862833e-10,NaN,NaN,10312.1258630191,29009.1607077995,3.81311158272717,3.68306419682761,5609.0699991331
538,PASSIVE,BPF,PASSIVE_RLC_BPF,Passive RLC second-order equation,1830859.35064589,NaN,NaN,4.51424196251455e-11,NaN,NaN,971.95475222178,NaN,NaN,1,2.53440271175627,759.809450755658
2096,MFB,BPF,MFB_BPF_Maheshwari,Maheshwari MFB active-filter equations,2472.1074885014,139715.203799756,NaN,1.65565560966305e-11,9.38997903559523e-10,NaN,NaN,NaN,NaN,-430792.39431625,0.980957132492365,68682.6919362019
2375,MFB,BSF,MFB_BSF_1_MINUS_BP,Maheshwari MFB BPF denominator + ADI 1-minus-BP notch construction,188.683784889861,7772.73202125183,NaN,5.80013836441794e-10,9.7308225546259e-11,NaN,NaN,NaN,NaN,1,2.2512218196204,553187.096095916
1550,VCVS,BSF,VCVS_BSF_Maheshwari,Maheshwari VCVS equal-component active-filter equations,16192.3425416941,16192.3425416941,NaN,1.58145603052305e-12,1.58145603052305e-12,NaN,NaN,9940.60521261065,2251.0965805461,1.22645468081665,0.646374540185782,6215174.51184417
1396,VCVS,BPF,VCVS_BPF_Maheshwari,Maheshwari VCVS equal-component active-filter equations,138492.132813012,138492.132813012,NaN,9.59666703082812e-12,9.59666703082812e-12,NaN,NaN,9911.00584972609,12624.0249063359,2.27373801385505,1.3769135918955,119749.746147196
1061,VCVS,HPF,VCVS_HPF_Maheshwari,Maheshwari VCVS equal-component active-filter equations,34193.5158331149,34193.5158331149,NaN,6.14007145387261e-12,6.14007145387261e-12,NaN,NaN,9959.28017244687,9367.02211048296,1.94053204130129,0.943869979067845,758058.895713884
1229,VCVS,BPF,VCVS_BPF_Maheshwari,Maheshwari VCVS equal-component active-filter equations,93255.5796182621,93255.5796182621,NaN,5.31241709156973e-12,5.31241709156973e-12,NaN,NaN,10002.5208843086,5410.63840218651,1.54092747865935,0.685366892579926,321257.400312609
2053,MFB,BPF,MFB_BPF_Maheshwari,Maheshwari MFB active-filter equations,1113749.84858563,2729290.38143029,NaN,4.04115814326533e-10,7.10887534333109e-10,NaN,NaN,NaN,NaN,-1263.02353499796,0.752503014567793,170.313101539637
849,VCVS,LPF,VCVS_LPF_Maheshwari,Maheshwari VCVS equal-component active-filter equations,136475.544764014,136475.544764014,NaN,3.50815250889505e-10,3.50815250889505e-10,NaN,NaN,10163.4971326342,3522.57907288239,1.34659123989632,0.604811117571007,3324.19758799936
897,VCVS,LPF,VCVS_LPF_Maheshwari,Maheshwari VCVS equal-component active-filter equations,91259.7281985354,91259.7281985354,NaN,8.24633230143688e-10,8.24633230143688e-10,NaN,NaN,10106.9828201022,4844.4869013857,1.47932078124742,0.657600884965277,2114.85272481893
1904,MFB,HPF,MFB_HPF_Maheshwari,Maheshwari MFB active-filter equations,39187.3650102776,18639.480002584,NaN,3.33652064024527e-11,1.15264923055219e-11,4.7297313033423e-11,NaN,NaN,NaN,-1.41756392761131,0.259060464018087,252210.630286713
2682,ACTIVE_OTHER,HPF,ACTIVE_OTHER_STATE_VARIABLE_HPF,External state-variable/biquad active-filter canonical equation,135459.846813837,519929.938703735,48966.5212271747,4.5866191469651e-12,8.33405928571548e-12,NaN,NaN,10144.2600683735,26075.0342844784,3.57042249594644,5.04709395644212,96999.1204014322
384,PASSIVE,HPF,PASSIVE_RC_HPF,Passive RC first-order equation,21890.9540935769,NaN,NaN,3.17861949111447e-12,NaN,NaN,NaN,NaN,NaN,1,NaN,2287267.18497141
1132,VCVS,HPF,VCVS_HPF_Maheshwari,Maheshwari VCVS equal-component active-filter equations,42470.6079848069,42470.6079848069,NaN,1.71711265770718e-10,1.71711265770718e-10,NaN,NaN,9933.22826133209,2827.16554724361,1.28461699186448,0.582960187466774,21823.9251695983
1410,VCVS,BSF,VCVS_BSF_Maheshwari,Maheshwari VCVS equal-component active-filter equations,3991.83347466517,3991.83347466517,NaN,2.60833987238365e-12,2.60833987238365e-12,NaN,NaN,10194.178961674,3145.15991782583,1.30852508374145,0.723092028710766,15285636.7813961
204,PASSIVE,HPF,PASSIVE_RC_HPF,Passive RC first-order equation,1341.41910780085,NaN,NaN,2.25387548049949e-11,NaN,NaN,NaN,NaN,NaN,1,NaN,5264119.3151802
2601,ACTIVE_OTHER,HPF,ACTIVE_OTHER_STATE_VARIABLE_HPF,External state-variable/biquad active-filter canonical equation,20006.9004414448,624284.270079097,55217.1093257004,5.21090837065463e-10,1.33825902209774e-11,NaN,NaN,9502.70817944626,31170.0646266243,4.28012436434101,5.42387105262552,17053.4488047663
1734,MFB,LPF,MFB_LPF_Maheshwari,Maheshwari MFB active-filter equations,21522.2832186899,4985.48444049655,63309.3525982396,7.41580650477371e-10,1.06111600302256e-09,NaN,NaN,NaN,NaN,-2.94157232088006,0.179026218222281,10098.8491698304
1177,VCVS,HPF,VCVS_HPF_Maheshwari,Maheshwari VCVS equal-component active-filter equations,339622.122175581,339622.122175581,NaN,1.87547392567062e-11,1.87547392567062e-11,NaN,NaN,10152.37356891,8134.74287457586,1.8012651247869,0.834212819429506,24986.9432026824
955,VCVS,LPF,VCVS_LPF_Maheshwari,Maheshwari VCVS equal-component active-filter equations,22135.475115653,22135.475115653,NaN,3.99067082649122e-11,3.99067082649122e-11,NaN,NaN,10024.4690883187,12269.2661644823,2.22393176699796,1.28854649304705,180171.202605791
2784,ACTIVE_OTHER,HPF,ACTIVE_OTHER_STATE_VARIABLE_HPF,External state-variable/biquad active-filter canonical equation,484830.560393518,347288.28671122,32420.4792307045,8.62542330124635e-12,1.06110679102314e-12,NaN,NaN,10492.1180672752,12292.2462004671,2.17156956504392,3.30449817664601,128206.57976521
1019,VCVS,HPF,VCVS_HPF_Maheshwari,Maheshwari VCVS equal-component active-filter equations,1872.4606143288,1872.4606143288,NaN,1.2505111214325e-11,1.2505111214325e-11,NaN,NaN,10197.6473208316,13996.1731619553,2.37249041093666,1.59360114558992,6797040.87645139
70,PASSIVE,LPF,PASSIVE_RC_LPF,Passive RC first-order equation,16983.0436443161,NaN,NaN,1.11710686644115e-10,NaN,NaN,NaN,NaN,NaN,1,NaN,83889.9401750781
553,PASSIVE,BPF,PASSIVE_RLC_BPF,Passive RLC second-order equation,17699.8894631835,NaN,NaN,5.73570172205104e-10,NaN,NaN,1.64118355100693,NaN,NaN,1,3.02214115075878,5187.38252556922
3172,ACTIVE_OTHER,BSF,ACTIVE_OTHER_STATE_VARIABLE_BSF,External state-variable/biquad active-filter canonical equation,2655.90652105291,586888.507852906,24435.3156867947,2.54871590939271e-12,3.15645904245963e-10,NaN,NaN,10031.6847027091,24904.6079508119,3.48259476736609,2.39629973863683,142126.526472003
471,PASSIVE,BPF,PASSIVE_RLC_BPF,Passive RLC second-order equation,4471205.58451978,NaN,NaN,3.07840857698113e-11,NaN,NaN,2336.90012573049,NaN,NaN,1,1.94864311218387,593.385494280348
2248,MFB,BSF,MFB_BSF_1_MINUS_BP,Maheshwari MFB BPF denominator + ADI 1-minus-BP notch construction,9839.47347863198,1587973.70401707,NaN,2.7545187599255e-11,7.79711287797844e-11,NaN,NaN,NaN,NaN,1,5.57963615972399,27474.055464364
1031,VCVS,HPF,VCVS_HPF_Maheshwari,Maheshwari VCVS equal-component active-filter equations,85756.8389423809,85756.8389423809,NaN,2.49915739265322e-10,2.49915739265322e-10,NaN,NaN,10103.017507317,2095.90734210415,1.20745359894568,0.557865614754426,7426.04812354922
2550,ACTIVE_OTHER,LPF,ACTIVE_OTHER_STATE_VARIABLE_LPF,External state-variable/biquad active-filter canonical equation,43368.8110312617,14215.8675970031,28984.8394952214,1.34953371853899e-12,2.87778072763633e-12,NaN,NaN,9878.20465838667,11674.574735675,2.1818518789002,2.99046854393884,3252549.90467785
1487,VCVS,BSF,VCVS_BSF_Maheshwari,Maheshwari VCVS equal-component active-filter equations,34101.4066183917,34101.4066183917,NaN,4.27539858246292e-10,4.27539858246292e-10,NaN,NaN,10104.185311575,5326.34909028581,1.52714285477169,1.05740180738643,10916.1936053759
303,PASSIVE,HPF,PASSIVE_RC_HPF,Passive RC first-order equation,458396.421269174,NaN,NaN,5.57315332644709e-11,NaN,NaN,NaN,NaN,NaN,1,NaN,6229.85476055243
1268,VCVS,BPF,VCVS_BPF_Maheshwari,Maheshwari VCVS equal-component active-filter equations,4505.55344887085,4505.55344887085,NaN,1.32739475913362e-11,1.32739475913362e-11,NaN,NaN,9975.8510452958,7250.53121528666,1.72680828757018,0.78542766987664,2661165.51517082
1090,VCVS,HPF,VCVS_HPF_Maheshwari,Maheshwari VCVS equal-component active-filter equations,2685.27963203386,2685.27963203386,NaN,3.40833191900197e-12,3.40833191900197e-12,NaN,NaN,9803.48367773595,10935.0269377866,2.11542256785927,1.13048328350401,17389565.5573481
1202,VCVS,BPF,VCVS_BPF_Maheshwari,Maheshwari VCVS equal-component active-filter equations,5219.23630720864,5219.23630720864,NaN,4.53141107872228e-11,4.53141107872228e-11,NaN,NaN,9932.89714340103,7255.685197467,1.73047018334297,0.787693197024103,672945.214396364
2144,MFB,BPF,MFB_BPF_Maheshwari,Maheshwari MFB active-filter equations,17269.5333874302,6811940.44214151,NaN,6.42416131684448e-10,4.49143611574936e-11,NaN,NaN,NaN,NaN,-1289241.18246799,4.90829142218712,2731.76650975376
1900,MFB,HPF,MFB_HPF_Maheshwari,Maheshwari MFB active-filter equations,37357.2079127477,22788.1130178663,NaN,1.51093592962268e-10,1.26657050534707e-10,9.14774928384212e-11,NaN,NaN,NaN,-0.605435948970154,0.61651243614214,50676.5373746259
1333,VCVS,BPF,VCVS_BPF_Maheshwari,Maheshwari VCVS equal-component active-filter equations,20024.9130270594,20024.9130270594,NaN,8.01920991969656e-11,8.01920991969656e-11,NaN,NaN,9966.82927599311,7176.06429469951,1.71999470403134,0.781246767610625,99110.0992233523
2527,ACTIVE_OTHER,LPF,ACTIVE_OTHER_STATE_VARIABLE_LPF,External state-variable/biquad active-filter canonical equation,159259.356881132,2264.70251644484,26213.3288617826,5.04874364996805e-12,1.20108152040759e-11,NaN,NaN,10354.7933680953,20851.5446837512,3.01370939453006,2.51031207243005,1076178.14707033
631,PASSIVE,BSF,PASSIVE_RLC_BSF,Passive RLC second-order equation,1323425.01175079,NaN,NaN,2.56810195103271e-11,NaN,NaN,132.105598710849,NaN,NaN,1,1.71378028784537,2732.45733428348
2692,ACTIVE_OTHER,HPF,ACTIVE_OTHER_STATE_VARIABLE_HPF,External state-variable/biquad active-filter canonical equation,276910.758182924,163482.594448951,12901.9372715892,4.34254140376252e-10,1.33877309786935e-12,NaN,NaN,9593.01056423008,18798.810892016,2.95963621286023,1.32361040794889,31023.3708426437
2979,ACTIVE_OTHER,BPF,ACTIVE_OTHER_STATE_VARIABLE_BPF,External state-variable/biquad active-filter canonical equation,82483.1693458777,26894.7950077443,27861.9303686101,3.34392263559974e-12,7.84443238180629e-12,NaN,NaN,10402.9151666486,24238.4815988415,3.32997012957958,2.67527218722059,659772.895336892
2909,ACTIVE_OTHER,BPF,ACTIVE_OTHER_STATE_VARIABLE_BPF,External state-variable/biquad active-filter canonical equation,72165.5840425826,705078.764791976,47187.0191080467,1.18195556269502e-12,1.38385190568942e-10,NaN,NaN,9543.89002275559,28351.4261162938,3.97063629701257,4.5705642331226,55168.4606613706
1294,VCVS,BPF,VCVS_BPF_Maheshwari,Maheshwari VCVS equal-component active-filter equations,1163.22356627819,1163.22356627819,NaN,2.73329409310122e-10,2.73329409310122e-10,NaN,NaN,9889.26576209638,12987.3539137243,2.31327787382378,1.45619306832032,500576.637439515
2678,ACTIVE_OTHER,HPF,ACTIVE_OTHER_STATE_VARIABLE_HPF,External state-variable/biquad active-filter canonical equation,3973.92082757236,371943.203418806,48272.1848069605,1.1945033620378e-11,1.86539647663653e-11,NaN,NaN,9701.17623113547,23274.2539315823,3.39911670266175,4.89443504032314,277327.507586896
1181,VCVS,HPF,VCVS_HPF_Maheshwari,Maheshwari VCVS equal-component active-filter equations,2015.84707358038,2015.84707358038,NaN,6.33543417618862e-10,6.33543417618862e-10,NaN,NaN,9933.47480541197,12244.7753525147,2.2326779492956,1.30323375834436,124619.54637829
260,PASSIVE,HPF,PASSIVE_RC_HPF,Passive RC first-order equation,21666.946922444,NaN,NaN,1.09266225450331e-12,NaN,NaN,NaN,NaN,NaN,1,NaN,6722587.61974075
2411,ACTIVE_OTHER,LPF,ACTIVE_OTHER_STATE_VARIABLE_LPF,External state-variable/biquad active-filter canonical equation,3322.25822565765,299472.30034535,48262.9088395881,2.11638829366694e-10,3.19587273186504e-11,NaN,NaN,10436.4483146586,16113.2597351957,2.54394093175968,4.71383570500302,61352.5610441139
133,PASSIVE,LPF,PASSIVE_RC_LPF,Passive RC first-order equation,3424.79834351937,NaN,NaN,8.22865520943674e-11,NaN,NaN,NaN,NaN,NaN,1,NaN,564750.028655094
1815,MFB,HPF,MFB_HPF_Maheshwari,Maheshwari MFB active-filter equations,1788.00175205263,1256.23721358811,NaN,2.28027476033919e-10,1.383730330428e-10,3.96557202639421e-10,NaN,NaN,NaN,-1.73907640226844,0.21062390723995,453337.539366385
624,PASSIVE,BSF,PASSIVE_RLC_BSF,Passive RLC second-order equation,5977722.56228358,NaN,NaN,3.10491766444779e-12,NaN,NaN,254.172359517303,NaN,NaN,1,1.51357296363142,5665.40455372133
3098,ACTIVE_OTHER,BSF,ACTIVE_OTHER_STATE_VARIABLE_BSF,External state-variable/biquad active-filter canonical equation,60766.738336141,30335.5225570186,4899.9364401425,3.2781427054302e-12,8.8920865953407e-12,NaN,NaN,9620.53971382925,31272.1978657177,4.25056585139031,0.490810404838408,686587.130791564
1261,VCVS,BPF,VCVS_BPF_Maheshwari,Maheshwari VCVS equal-component active-filter equations,1212.88091595779,1212.88091595779,NaN,4.33168589727289e-11,4.33168589727289e-11,NaN,NaN,9835.89627052627,7368.81543806355,1.74917579805559,0.799472858332529,3029319.02076537
2873,ACTIVE_OTHER,BPF,ACTIVE_OTHER_STATE_VARIABLE_BPF,External state-variable/biquad active-filter canonical equation,92901.3691302724,436442.679361756,39388.101909602,5.74440636353019e-10,6.77298922827354e-12,NaN,NaN,10083.407512776,11565.1416992474,2.14694776389766,3.96954324727294,12671.6362609606
1145,VCVS,HPF,VCVS_HPF_Maheshwari,Maheshwari VCVS equal-component active-filter equations,2049.39959153571,2049.39959153571,NaN,2.68961882233189e-12,2.68961882233189e-12,NaN,NaN,9833.93162796269,3881.08022701191,1.39466211214812,0.622921820737756,28873720.6873597
2394,MFB,BSF,MFB_BSF_1_MINUS_BP,Maheshwari MFB BPF denominator + ADI 1-minus-BP notch construction,356372.420147679,10849174.0100049,NaN,1.13349519243247e-11,2.10101471619554e-11,NaN,NaN,NaN,NaN,1,2.6324625211597,5244.99843065641
1238,VCVS,BPF,VCVS_BPF_Maheshwari,Maheshwari VCVS equal-component active-filter equations,59334.0327911702,59334.0327911702,NaN,8.60514546312869e-10,8.60514546312869e-10,NaN,NaN,9932.20728705329,5186.57906627538,1.52219802873387,0.676680651023379,3117.15248924695
2686,ACTIVE_OTHER,HPF,ACTIVE_OTHER_STATE_VARIABLE_HPF,External state-variable/biquad active-filter canonical equation,5094.93658550052,124967.317977764,9682.76751017395,3.39829857131444e-12,4.5532744684726e-10,NaN,NaN,9841.17287010897,17378.389171776,2.76588597732696,0.925237954072476,160346.628999546
2896,ACTIVE_OTHER,BPF,ACTIVE_OTHER_STATE_VARIABLE_BPF,External state-variable/biquad active-filter canonical equation,206768.633762247,435219.929951875,13899.9862589703,2.25828627279091e-10,1.68782285548936e-12,NaN,NaN,10286.8867022651,6160.95442778661,1.59891341336831,1.40954774003459,27175.0584034964
294,PASSIVE,HPF,PASSIVE_RC_HPF,Passive RC first-order equation,118362.767593339,NaN,NaN,3.24142868378829e-12,NaN,NaN,NaN,NaN,NaN,1,NaN,414828.46484195
1117,VCVS,HPF,VCVS_HPF_Maheshwari,Maheshwari VCVS equal-component active-filter equations,835655.213039959,835655.213039959,NaN,1.80961701285689e-12,1.80961701285689e-12,NaN,NaN,9940.78932177779,7574.31415656071,1.76194293142973,0.807717208993295,105246.178209272
2522,ACTIVE_OTHER,LPF,ACTIVE_OTHER_STATE_VARIABLE_LPF,External state-variable/biquad active-filter canonical equation,3199.27936148957,5230.84210845842,38407.0202935248,4.14066226942788e-11,6.00963012338599e-11,NaN,NaN,9643.27280357602,32885.3251913204,4.41018302200531,3.78113820401234,779918.941191053
1390,VCVS,BPF,VCVS_BPF_Maheshwari,Maheshwari VCVS equal-component active-filter equations,9469.03614579084,9469.03614579084,NaN,2.63858388533779e-12,2.63858388533779e-12,NaN,NaN,10110.141665384,13510.4018856991,2.33632171861223,1.50675414284911,6370058.95173535
1264,VCVS,BPF,VCVS_BPF_Maheshwari,Maheshwari VCVS equal-component active-filter equations,970.519065753734,970.519065753734,NaN,7.50473892785368e-11,7.50473892785368e-11,NaN,NaN,9960.21830481933,1599.20954559752,1.16055968821725,0.543643625506292,2185146.05958015
28,PASSIVE,LPF,PASSIVE_RC_LPF,Passive RC first-order equation,1934.3242689906,NaN,NaN,2.24415074487967e-12,NaN,NaN,NaN,NaN,NaN,1,NaN,36663913.9349957
2976,ACTIVE_OTHER,BPF,ACTIVE_OTHER_STATE_VARIABLE_BPF,External state-variable/biquad active-filter canonical equation,20829.8926716392,11852.2137552836,5900.61305857708,5.91519540951265e-11,2.27273587734081e-10,NaN,NaN,10165.5283490151,30460.9854735387,3.99649801050331,0.56787846491854,87361.0501299552
2899,ACTIVE_OTHER,BPF,ACTIVE_OTHER_STATE_VARIABLE_BPF,External state-variable/biquad active-filter canonical equation,17805.6172588776,151446.964949257,30593.1604206377,4.56127990661481e-11,1.12012440821099e-10,NaN,NaN,10195.8833495154,28244.3116836679,3.77016818606603,3.07623751652619,42878.0311266151
1169,VCVS,HPF,VCVS_HPF_Maheshwari,Maheshwari VCVS equal-component active-filter equations,689844.563122549,689844.563122549,NaN,4.20425331677919e-10,4.20425331677919e-10,NaN,NaN,9905.03695431444,6706.60462164263,1.67709031804484,0.755909502848353,548.756920577386
219,PASSIVE,HPF,PASSIVE_RC_HPF,Passive RC first-order equation,25612.9216809685,NaN,NaN,7.3455849071904e-12,NaN,NaN,NaN,NaN,NaN,1,NaN,845930.389591702
409,PASSIVE,BPF,PASSIVE_RLC_BPF,Passive RLC second-order equation,4446.44322456905,NaN,NaN,2.28448335787723e-10,NaN,NaN,0.0230723657013901,NaN,NaN,1,2.26016066710985,69323.4341919836
2295,MFB,BSF,MFB_BSF_1_MINUS_BP,Maheshwari MFB BPF denominator + ADI 1-minus-BP notch construction,3222.25973265152,947033.246847402,NaN,4.83360636242121e-11,2.61681936785969e-10,NaN,NaN,NaN,NaN,1,6.21924896507126,25617.3813959848
2051,MFB,BPF,MFB_BPF_Maheshwari,Maheshwari MFB active-filter equations,114431.220814051,9066482.32432092,NaN,4.24452656451878e-10,1.29301080013087e-11,NaN,NaN,NaN,NaN,-675854.665807162,1.50765225974448,2109.17566634749
1302,VCVS,BPF,VCVS_BPF_Maheshwari,Maheshwari VCVS equal-component active-filter equations,752699.181584326,752699.181584326,NaN,2.45453713563612e-10,2.45453713563612e-10,NaN,NaN,10156.2720826715,13694.4280868792,2.34837152602917,1.53461679460736,861.448027128703
1959,MFB,HPF,MFB_HPF_Maheshwari,Maheshwari MFB active-filter equations,646477.623856692,10131.1464456462,NaN,3.95545620650194e-11,5.15569538714201e-10,5.26924388987855e-10,NaN,NaN,NaN,-13.3214567796681,0.288846283676329,3773.08258376951
3099,ACTIVE_OTHER,BSF,ACTIVE_OTHER_STATE_VARIABLE_BSF,External state-variable/biquad active-filter canonical equation,1186.48934355107,34035.8398587943,41711.4743561364,3.4094571509765e-10,3.40790966987795e-12,NaN,NaN,10204.1946710741,16878.3195601416,2.65405699363877,4.20466464720954,734739.382756878
140,PASSIVE,LPF,PASSIVE_RC_LPF,Passive RC first-order equation,4706.91051997694,NaN,NaN,8.5265383213083e-10,NaN,NaN,NaN,NaN,NaN,1,NaN,39656.2314910773
2037,MFB,BPF,MFB_BPF_Maheshwari,Maheshwari MFB active-filter equations,214292.565493903,11250929.3893763,NaN,1.29595174391494e-10,6.98624842306064e-11,NaN,NaN,NaN,NaN,-66795.7562451392,3.45665756606759,1077.22383077913
1249,VCVS,BPF,VCVS_BPF_Maheshwari,Maheshwari VCVS equal-component active-filter equations,5550.88093694838,5550.88093694838,NaN,1.12410116730507e-10,1.12410116730507e-10,NaN,NaN,9803.29095119818,10174.9068051694,2.03790725541261,1.03940083284681,255066.146384237
1413,VCVS,BSF,VCVS_BSF_Maheshwari,Maheshwari VCVS equal-component active-filter equations,1919.81444938558,1919.81444938558,NaN,5.57931478309698e-10,5.57931478309698e-10,NaN,NaN,10061.3213455188,7144.77904496258,1.71012333267188,1.72487149313761,148586.72507523
3047,ACTIVE_OTHER,BSF,ACTIVE_OTHER_STATE_VARIABLE_BSF,External state-variable/biquad active-filter canonical equation,1604.44279724933,104728.001140542,17252.8654788388,2.69101670857031e-11,1.17471542705496e-10,NaN,NaN,9592.7133156861,14620.5061308561,2.52412624558982,1.69756215630862,218374.574678357
285,PASSIVE,HPF,PASSIVE_RC_HPF,Passive RC first-order equation,3158.22436682644,NaN,NaN,1.09344181745e-12,NaN,NaN,NaN,NaN,NaN,1,NaN,46087321.9409616
3194,ACTIVE_OTHER,BSF,ACTIVE_OTHER_STATE_VARIABLE_BSF,External state-variable/biquad active-filter canonical equation,270336.561596088,82379.4372297552,9703.91649202962,2.78386110702714e-12,1.59317911433619e-10,NaN,NaN,9774.28184829529,10920.4549594476,2.11726417643177,0.988821305756204,50640.9966607634
2827,ACTIVE_OTHER,BPF,ACTIVE_OTHER_STATE_VARIABLE_BPF,External state-variable/biquad active-filter canonical equation,1317.82180155558,1173.29991550607,23043.177709595,1.1824503314154e-12,2.60117558169e-11,NaN,NaN,10004.1011122113,14513.5100691519,2.45075603558588,2.36770201024921,23078680.7740587
806,VCVS,LPF,VCVS_LPF_Maheshwari,Maheshwari VCVS equal-component active-filter equations,613663.950967247,613663.950967247,NaN,1.51419980847317e-10,1.51419980847317e-10,NaN,NaN,10172.5247088061,14298.1396190986,2.40556450128069,1.68226830691381,1712.79873232997
3177,ACTIVE_OTHER,BSF,ACTIVE_OTHER_STATE_VARIABLE_BSF,External state-variable/biquad active-filter canonical equation,3170.7507721442,155213.552410341,15699.2746635787,4.2346045602091e-10,1.62032727236856e-12,NaN,NaN,9861.05482712443,7714.60414706226,1.78233051963589,1.61276645156784,273883.870993609
1803,MFB,HPF,MFB_HPF_Maheshwari,Maheshwari MFB active-filter equations,164185.784958332,1780.14238102953,NaN,5.94180266315516e-11,4.86459349025225e-10,4.64498389285126e-11,NaN,NaN,NaN,-0.781746576952915,3.11765543550763,61931.215179432
1553,VCVS,BSF,VCVS_BSF_Maheshwari,Maheshwari VCVS equal-component active-filter equations,887371.024774578,887371.024774578,NaN,1.01547923890779e-12,1.01547923890779e-12,NaN,NaN,9876.95130549539,4212.9964434524,1.42654826506114,0.871912960649264,176621.609951736
356,PASSIVE,HPF,PASSIVE_RC_HPF,Passive RC first-order equation,21184.6672520006,NaN,NaN,8.15814017124847e-12,NaN,NaN,NaN,NaN,NaN,1,NaN,920889.077120642
2681,ACTIVE_OTHER,HPF,ACTIVE_OTHER_STATE_VARIABLE_HPF,External state-variable/biquad active-filter canonical equation,40257.3580460584,15467.0575194246,24686.4734018355,7.00854998480804e-10,3.700977982552e-12,NaN,NaN,10484.3913124423,28216.3431134398,3.69127145988476,2.58198690350032,125233.727705706
1086,VCVS,HPF,VCVS_HPF_Maheshwari,Maheshwari VCVS equal-component active-filter equations,31370.4005305834,31370.4005305834,NaN,1.19114769179986e-12,1.19114769179986e-12,NaN,NaN,9811.49746773474,9802.54020444471,1.99908706460767,0.99908789729851,4259262.96868837
823,VCVS,LPF,VCVS_LPF_Maheshwari,Maheshwari VCVS equal-component active-filter equations,119695.205911799,119695.205911799,NaN,5.08372219812007e-10,5.08372219812007e-10,NaN,NaN,10054.3984363402,13791.8908329582,2.37172710235049,1.59166502922726,2615.54119808052
3002,ACTIVE_OTHER,BSF,ACTIVE_OTHER_STATE_VARIABLE_BSF,External state-variable/biquad active-filter canonical equation,2600.52763651047,964856.584726537,29630.4524216657,2.69959520197481e-12,2.62960887655654e-12,NaN,NaN,10002.2110817528,25029.7434659276,3.50242104084262,2.94693889711064,1192512.96673609
945,VCVS,LPF,VCVS_LPF_Maheshwari,Maheshwari VCVS equal-component active-filter equations,9116.94440160481,9116.94440160481,NaN,7.20363699038221e-11,7.20363699038221e-11,NaN,NaN,9953.12562758422,13960.9507382351,2.40267000142584,1.67411648902118,242336.597439073
922,VCVS,LPF,VCVS_LPF_Maheshwari,Maheshwari VCVS equal-component active-filter equations,137324.351733368,137324.351733368,NaN,3.01567799985758e-11,3.01567799985758e-11,NaN,NaN,9947.27394095443,2753.31386762621,1.27679079554554,0.580312592002771,38431.5239706385
3018,ACTIVE_OTHER,BSF,ACTIVE_OTHER_STATE_VARIABLE_BSF,External state-variable/biquad active-filter canonical equation,302488.106711454,17831.5078540805,6084.35588288442,4.18439050107139e-10,7.46838738877576e-10,NaN,NaN,10259.708702676,34066.7010728663,4.32043550748967,0.580318734871931,3876.5235171816
2031,MFB,BPF,MFB_BPF_Maheshwari,Maheshwari MFB active-filter equations,49878.5477668573,1993261.3685187,NaN,1.29666552651326e-10,1.7453543951715e-10,NaN,NaN,NaN,NaN,-114868.930007675,3.12621588296428,3355.2533004399
299,PASSIVE,HPF,PASSIVE_RC_HPF,Passive RC first-order equation,2111.04778638722,NaN,NaN,1.0074202702776e-10,NaN,NaN,NaN,NaN,NaN,1,NaN,748361.406158353
959,VCVS,LPF,VCVS_LPF_Maheshwari,Maheshwari VCVS equal-component active-filter equations,267404.695030769,267404.695030769,NaN,1.9376841994276e-10,1.9376841994276e-10,NaN,NaN,10014.7745622389,9688.75014063101,1.96744565545817,0.968472027923841,3071.62437661988
683,PASSIVE,BSF,PASSIVE_RLC_BSF,Passive RLC second-order equation,22214429.87733,NaN,NaN,6.86150376189758e-11,NaN,NaN,12268.879520404,NaN,NaN,1,0.601946129392217,173.46346920949
2728,ACTIVE_OTHER,HPF,ACTIVE_OTHER_STATE_VARIABLE_HPF,External state-variable/biquad active-filter canonical equation,5104.48155486373,27380.1127119972,30072.549386308,4.93354944889171e-10,1.60131082519855e-11,NaN,NaN,9617.15532820502,21384.8655446439,3.22361652846832,3.08083667028346,151463.899560391
399,PASSIVE,HPF,PASSIVE_RC_HPF,Passive RC first-order equation,4378.25717856188,NaN,NaN,3.84772365872768e-10,NaN,NaN,NaN,NaN,NaN,1,NaN,94474.5842732285
3167,ACTIVE_OTHER,BSF,ACTIVE_OTHER_STATE_VARIABLE_BSF,External state-variable/biquad active-filter canonical equation,3290.27633108185,873403.773627237,16182.8765919535,6.92842096675263e-10,2.17786823989647e-11,NaN,NaN,9889.40488204872,21327.0305767236,3.15655348639193,1.65022601545221,24169.2669507012
101,PASSIVE,LPF,PASSIVE_RC_LPF,Passive RC first-order equation,24477.6115444226,NaN,NaN,2.28437010101521e-12,NaN,NaN,NaN,NaN,NaN,1,NaN,2846325.90916598
231,PASSIVE,HPF,PASSIVE_RC_HPF,Passive RC first-order equation,175490.329491715,NaN,NaN,5.81777835992857e-12,NaN,NaN,NaN,NaN,NaN,1,NaN,155886.953734066
1196,VCVS,HPF,VCVS_HPF_Maheshwari,Maheshwari VCVS equal-component active-filter equations,3389.52104260771,3389.52104260771,NaN,5.63681204501422e-10,5.63681204501422e-10,NaN,NaN,9858.39956468168,8331.90329874911,1.84515780113018,0.865919171449265,83300.6218279982
1441,VCVS,BSF,VCVS_BSF_Maheshwari,Maheshwari VCVS equal-component active-filter equations,19479.5715880573,19479.5715880573,NaN,1.34867861912395e-12,1.34867861912395e-12,NaN,NaN,10009.7535579694,3111.58654324222,1.31085545964964,0.72553719970821,6058041.6908843
659,PASSIVE,BSF,PASSIVE_RLC_BSF,Passive RLC second-order equation,15588.0068851355,NaN,NaN,2.78155515329115e-12,NaN,NaN,0.0103597886427313,NaN,NaN,1,3.91508342590973,937563.833803586
2348,MFB,BSF,MFB_BSF_1_MINUS_BP,Maheshwari MFB BPF denominator + ADI 1-minus-BP notch construction,13700.245101692,10216562.5700884,NaN,1.42691302524621e-11,2.46338998869451e-10,NaN,NaN,NaN,NaN,1,6.21248867211652,7175.26964522262
1402,VCVS,BSF,VCVS_BSF_Maheshwari,Maheshwari VCVS equal-component active-filter equations,943404.400875011,943404.400875011,NaN,6.15291032389779e-11,6.15291032389779e-11,NaN,NaN,9846.73460377751,5643.48021574364,1.57313215424519,1.17132270554572,2741.83709820748
2043,MFB,BPF,MFB_BPF_Maheshwari,Maheshwari MFB active-filter equations,99694.0626872268,1166716.52779867,NaN,1.45472218590557e-10,9.46193888513354e-10,NaN,NaN,NaN,NaN,-10601.0911060793,1.1626213696178,1257.83220158864
2204,MFB,BSF,MFB_BSF_1_MINUS_BP,Maheshwari MFB BPF denominator + ADI 1-minus-BP notch construction,69399.4546490049,109462.859012752,NaN,3.23797793888685e-10,5.68650249444482e-10,NaN,NaN,NaN,NaN,1,0.603854049024645,4255.48583750672
2365,MFB,BSF,MFB_BSF_1_MINUS_BP,Maheshwari MFB BPF denominator + ADI 1-minus-BP notch construction,8399.58284032238,58274.2759847617,NaN,1.03585942104772e-10,1.10670825079124e-10,NaN,NaN,NaN,NaN,1,1.31626102126183,67187.0921992528
165,PASSIVE,LPF,PASSIVE_RC_LPF,Passive RC first-order equation,202447.616859157,NaN,NaN,7.87290777655822e-10,NaN,NaN,NaN,NaN,NaN,1,NaN,998.555708410167
906,VCVS,LPF,VCVS_LPF_Maheshwari,Maheshwari VCVS equal-component active-filter equations,67795.6134236513,67795.6134236513,NaN,1.06360742081004e-12,1.06360742081004e-12,NaN,NaN,10094.9542189937,11508.699817782,2.14004477564924,1.16285124118523,2207177.08305689
1239,VCVS,BPF,VCVS_BPF_Maheshwari,Maheshwari VCVS equal-component active-filter equations,3906.80939103119,3906.80939103119,NaN,3.38129232524488e-12,3.38129232524488e-12,NaN,NaN,9911.50994441104,5087.92249157761,1.51333475122493,0.672646381439226,12048006.4094728
2677,ACTIVE_OTHER,HPF,ACTIVE_OTHER_STATE_VARIABLE_HPF,External state-variable/biquad active-filter canonical equation,97568.2858209675,160321.233180533,25832.5325162444,2.29768563050018e-10,5.50351932518825e-11,NaN,NaN,9969.27849853184,22701.4493827067,3.27714065627216,2.57587053524284,11316.3069704756
3067,ACTIVE_OTHER,BSF,ACTIVE_OTHER_STATE_VARIABLE_BSF,External state-variable/biquad active-filter canonical equation,7206.19879374689,7412.73185780917,49874.4467299308,9.49866859009002e-10,4.14511081525475e-11,NaN,NaN,10259.6894371827,31382.7125845597,4.05883650540374,4.82157415724644,109743.403926874
705,PASSIVE,BSF,PASSIVE_RLC_BSF,Passive RLC second-order equation,388917.664419941,NaN,NaN,1.54333758048564e-10,NaN,NaN,30.3987645889511,NaN,NaN,1,1.14114237411478,2323.60177111733
547,PASSIVE,BPF,PASSIVE_RLC_BPF,Passive RLC second-order equation,842387.026086554,NaN,NaN,1.3375306643091e-12,NaN,NaN,4.56244992759873,NaN,NaN,1,2.19247935361109,64427.1918364004
2882,ACTIVE_OTHER,BPF,ACTIVE_OTHER_STATE_VARIABLE_BPF,External state-variable/biquad active-filter canonical equation,12099.7369698762,2482.02378293972,29776.0938535461,3.2198349202813e-12,2.03365130066672e-12,NaN,NaN,10484.9342240728,23959.8436986029,3.2851687179489,3.12107482627577,11349432.6000786
2297,MFB,BSF,MFB_BSF_1_MINUS_BP,Maheshwari MFB BPF denominator + ADI 1-minus-BP notch construction,4152.30106689933,1330486.10996907,NaN,1.32516484837623e-11,2.314037804911e-10,NaN,NaN,NaN,NaN,1,4.0515954633913,38667.8800918452
2514,ACTIVE_OTHER,LPF,ACTIVE_OTHER_STATE_VARIABLE_LPF,External state-variable/biquad active-filter canonical equation,6733.11347685272,45469.4641969519,35457.4578698361,2.63948123064899e-11,1.63836995148499e-12,NaN,NaN,10029.5179877569,24509.8886934293,3.44377533629717,3.41591504015765,1383206.3379571
2985,ACTIVE_OTHER,BPF,ACTIVE_OTHER_STATE_VARIABLE_BPF,External state-variable/biquad active-filter canonical equation,90231.8391552489,2353.58696000664,9899.98650027246,2.18822498819786e-12,1.18637080231367e-11,NaN,NaN,9661.96823100697,30956.4748050219,4.20395121003163,0.998313074923143,2143477.31131723
458,PASSIVE,BPF,PASSIVE_RLC_BPF,Passive RLC second-order equation,39555559.9938223,NaN,NaN,4.20378204910065e-11,NaN,NaN,29360.943088002,NaN,NaN,1,0.668124454054349,143.256730559753
307,PASSIVE,HPF,PASSIVE_RC_HPF,Passive RC first-order equation,64581.9367701151,NaN,NaN,1.2722519757864e-11,NaN,NaN,NaN,NaN,NaN,1,NaN,193702.815168994
2007,MFB,BPF,MFB_BPF_Maheshwari,Maheshwari MFB active-filter equations,239140.834304864,10996584.5693374,NaN,1.5848237469527e-11,2.94601482251115e-11,NaN,NaN,NaN,NaN,-141942.134678151,3.23393583831686,4542.09698797828
2084,MFB,BPF,MFB_BPF_Maheshwari,Maheshwari MFB active-filter equations,115899.258541977,23989604.3143961,NaN,1.52356731117639e-10,5.78825648834227e-10,NaN,NaN,NaN,NaN,-14906.3589555113,5.84319262061346,321.413085365834
2704,ACTIVE_OTHER,HPF,ACTIVE_OTHER_STATE_VARIABLE_HPF,External state-variable/biquad active-filter canonical equation,852742.204004831,97173.0919029767,30813.6800039989,4.8413537325151e-12,6.96430773103637e-12,NaN,NaN,9955.88585549859,27722.3827239488,3.78452195277408,3.16062007307057,95217.2990015895
837,VCVS,LPF,VCVS_LPF_Maheshwari,Maheshwari VCVS equal-component active-filter equations,455849.25468657,455849.25468657,NaN,6.88260726132553e-10,6.88260726132553e-10,NaN,NaN,10042.740114164,9218.63014365265,1.91793972948189,0.924162939205952,507.277843844232
1011,VCVS,HPF,VCVS_HPF_Maheshwari,Maheshwari VCVS equal-component active-filter equations,9006.9876684608,9006.9876684608,NaN,2.92982718440107e-12,2.92982718440107e-12,NaN,NaN,9898.59135349988,4263.2412042015,1.43069170672392,0.637223421481068,6031128.1875715
903,VCVS,LPF,VCVS_LPF_Maheshwari,Maheshwari VCVS equal-component active-filter equations,119799.704413685,119799.704413685,NaN,9.17011301583202e-11,9.17011301583202e-11,NaN,NaN,9807.34275249086,11688.1558771888,2.19177601641589,1.2372807789809,14487.374840675
1108,VCVS,HPF,VCVS_HPF_Maheshwari,Maheshwari VCVS equal-component active-filter equations,127225.682532015,127225.682532015,NaN,7.41888290918524e-12,7.41888290918524e-12,NaN,NaN,10066.0139072451,13921.6245411963,2.38303251609618,1.62083096125677,168619.122725369
1605,MFB,LPF,MFB_LPF_Maheshwari,Maheshwari MFB active-filter equations,14006.0984482716,78812.1052016455,43069.8618141295,5.91684375229506e-10,3.48622134667547e-10,NaN,NaN,NaN,NaN,-3.07507918591307,0.208386022376737,6014.70593234066
1921,MFB,HPF,MFB_HPF_Maheshwari,Maheshwari MFB active-filter equations,14332.6604828972,1687.03264240264,NaN,7.99460426742703e-10,1.95816097895009e-11,6.23936357748459e-10,NaN,NaN,NaN,-0.780446832485013,0.286083529788115,292819.934677589
2543,ACTIVE_OTHER,LPF,ACTIVE_OTHER_STATE_VARIABLE_LPF,External state-variable/biquad active-filter canonical equation,23780.3577267657,68938.1965007383,9207.2209311894,4.46623328996518e-10,5.54190126217192e-10,NaN,NaN,9770.8582952479,30556.6313142738,4.1273231471523,0.896686289867276,7900.97862801834
1500,VCVS,BSF,VCVS_BSF_Maheshwari,Maheshwari VCVS equal-component active-filter equations,1450.77647939441,1450.77647939441,NaN,4.17837258881763e-10,4.17837258881763e-10,NaN,NaN,9929.0550029093,991.666244194288,1.09987518891815,0.555478522360756,262550.26555429
1309,VCVS,BPF,VCVS_BPF_Maheshwari,Maheshwari VCVS equal-component active-filter equations,904341.404374052,904341.404374052,NaN,4.87668526498735e-11,4.87668526498735e-11,NaN,NaN,9964.31150205827,3983.71593591144,1.39979841407894,0.62492126541945,3608.80145273491
2544,ACTIVE_OTHER,LPF,ACTIVE_OTHER_STATE_VARIABLE_LPF,External state-variable/biquad active-filter canonical equation,772501.76342575,33504.974422759,34805.5469292977,1.8896535553253e-11,6.35757995987806e-10,NaN,NaN,10241.5165106486,27092.8697143061,3.6453962834641,3.37866221118934,9025.65515951382
1524,VCVS,BSF,VCVS_BSF_Maheshwari,Maheshwari VCVS equal-component active-filter equations,776306.323661174,776306.323661174,NaN,1.1046491109291e-12,1.1046491109291e-12,NaN,NaN,9840.16941557621,3211.83173412001,1.3264000443972,0.74228033395957,185593.456611965
549,PASSIVE,BPF,PASSIVE_RLC_BPF,Passive RLC second-order equation,543236.439220777,NaN,NaN,1.04931509774275e-10,NaN,NaN,115.290175017793,NaN,NaN,1,1.92954225922116,1447.0082979005
232,PASSIVE,HPF,PASSIVE_RC_HPF,Passive RC first-order equation,790239.948776672,NaN,NaN,1.16559637898534e-12,NaN,NaN,NaN,NaN,NaN,1,NaN,172787.754769346
2291,MFB,BSF,MFB_BSF_1_MINUS_BP,Maheshwari MFB BPF denominator + ADI 1-minus-BP notch construction,4851.29513790418,252953.396485172,NaN,1.99889826571896e-10,1.21082255842764e-10,NaN,NaN,NaN,NaN,1,3.49993313028681,29203.5352500606
2175,MFB,BPF,MFB_BPF_Maheshwari,Maheshwari MFB active-filter equations,538.592839487212,429196.412265885,NaN,2.10493543526587e-11,5.05765218308162e-10,NaN,NaN,NaN,NaN,-3671051.40047992,5.52883772573425,101453.710022743
1112,VCVS,HPF,VCVS_HPF_Maheshwari,Maheshwari VCVS equal-component active-filter equations,28431.2170966647,28431.2170966647,NaN,1.66429018013012e-12,1.66429018013012e-12,NaN,NaN,10146.8798192371,13433.1936754483,2.32387432538433,1.47901497834471,3363532.50756285
3026,ACTIVE_OTHER,BSF,ACTIVE_OTHER_STATE_VARIABLE_BSF,External state-variable/biquad active-filter canonical equation,63535.6221239436,110197.853967152,40131.5032374845,1.4422420555267e-11,2.1353015393544e-11,NaN,NaN,10328.4616664804,28263.3324157702,3.73645130595729,3.98296543175561,108386.760341235
191,PASSIVE,LPF,PASSIVE_RC_LPF,Passive RC first-order equation,11846.9208996774,NaN,NaN,1.03062129105134e-12,NaN,NaN,NaN,NaN,NaN,1,NaN,13035134.9842779
1388,VCVS,BPF,VCVS_BPF_Maheshwari,Maheshwari VCVS equal-component active-filter equations,54955.3278512929,54955.3278512929,NaN,1.40875478470959e-11,1.40875478470959e-11,NaN,NaN,10180.4539951369,1015.71581407123,1.09977117077062,0.526252409508775,205577.189508547
3017,ACTIVE_OTHER,BSF,ACTIVE_OTHER_STATE_VARIABLE_BSF,External state-variable/biquad active-filter canonical equation,57759.4369010068,11417.0395515182,7928.10853905704,6.59094692926775e-11,4.24937342513844e-12,NaN,NaN,9866.27403367796,30311.5283328553,4.07223661428708,0.818461690765024,370335.672532598
72,PASSIVE,LPF,PASSIVE_RC_LPF,Passive RC first-order equation,117126.084551518,NaN,NaN,4.51324275893859e-10,NaN,NaN,NaN,NaN,NaN,1,NaN,3010.77161028319
2608,ACTIVE_OTHER,HPF,ACTIVE_OTHER_STATE_VARIABLE_HPF,External state-variable/biquad active-filter canonical equation,25804.9980353489,705514.540693262,5224.31043991883,9.66291870056494e-12,3.73359659338515e-11,NaN,NaN,9515.88986674239,15788.9446653989,2.65921893658948,0.501075511485951,62100.8255155249
2776,ACTIVE_OTHER,HPF,ACTIVE_OTHER_STATE_VARIABLE_HPF,External state-variable/biquad active-filter canonical equation,11521.4321639277,215443.835682495,45772.3709348697,5.04160796984303e-10,1.79837521335314e-11,NaN,NaN,10076.7812614513,12861.2755345401,2.27632774800232,4.53835657230844,33548.6594832906
346,PASSIVE,HPF,PASSIVE_RC_HPF,Passive RC first-order equation,2830.32332684777,NaN,NaN,1.66068973642381e-11,NaN,NaN,NaN,NaN,NaN,1,NaN,3386067.25011115
2451,ACTIVE_OTHER,LPF,ACTIVE_OTHER_STATE_VARIABLE_LPF,External state-variable/biquad active-filter canonical equation,671589.441669404,930557.888639558,15280.4244791969,1.04702503157998e-10,5.96608083084096e-11,NaN,NaN,9956.19894327083,4873.51945104631,1.48949598926408,1.54147802011037,2547.2607593778
2072,MFB,BPF,MFB_BPF_Maheshwari,Maheshwari MFB active-filter equations,390324.979012179,77422571.5805776,NaN,1.28752342313234e-11,9.22556761983311e-11,NaN,NaN,NaN,NaN,-27770.2991776849,4.61704721463621,840.038218957689
2750,ACTIVE_OTHER,HPF,ACTIVE_OTHER_STATE_VARIABLE_HPF,External state-variable/biquad active-filter canonical equation,16832.6186903167,24240.1455708452,16621.9462439629,1.40439136997188e-11,3.00884725876309e-12,NaN,NaN,10279.5939846407,27728.2654709354,3.69740862453962,1.69482328237784,1212083.47477272
1851,MFB,HPF,MFB_HPF_Maheshwari,Maheshwari MFB active-filter equations,68135.8607707075,24902.8413208983,NaN,1.55026307026656e-11,4.70945758211099e-10,2.63808771699878e-11,NaN,NaN,NaN,-1.70170325772204,0.211269522966953,34663.9258391114
919,VCVS,LPF,VCVS_LPF_Maheshwari,Maheshwari VCVS equal-component active-filter equations,24067.6628821911,24067.6628821911,NaN,1.88437596967809e-12,1.88437596967809e-12,NaN,NaN,10114.0280749812,8625.83426748124,1.85285844606451,0.871731999045196,3509285.11810965
435,PASSIVE,BPF,PASSIVE_RLC_BPF,Passive RLC second-order equation,11661389.4253823,NaN,NaN,1.01192272852827e-11,NaN,NaN,24732.7835475998,NaN,NaN,1,4.23947935243116,318.133906202454
2219,MFB,BSF,MFB_BSF_1_MINUS_BP,Maheshwari MFB BPF denominator + ADI 1-minus-BP notch construction,21556.3380839034,1536895.34475031,NaN,7.43323770161871e-11,6.07957883066977e-10,NaN,NaN,NaN,NaN,1,2.63082063918306,4113.24646720808
2600,ACTIVE_OTHER,LPF,ACTIVE_OTHER_STATE_VARIABLE_LPF,External state-variable/biquad active-filter canonical equation,3522.27918662505,253179.510271557,11426.2870426037,1.12944828690322e-11,3.32987192047763e-10,NaN,NaN,9540.02639442733,10178.5614806098,2.06693221378879,1.10999827108865,86905.4525665164
115,PASSIVE,LPF,PASSIVE_RC_LPF,Passive RC first-order equation,11426.062968214,NaN,NaN,1.14072688514938e-11,NaN,NaN,NaN,NaN,NaN,1,NaN,1221073.59852817
2216,MFB,BSF,MFB_BSF_1_MINUS_BP,Maheshwari MFB BPF denominator + ADI 1-minus-BP notch construction,5540.66761374645,155246.596001811,NaN,9.57587146964893e-12,1.59404241337931e-11,NaN,NaN,NaN,NaN,1,2.56301684282495,439226.919279262
2648,ACTIVE_OTHER,HPF,ACTIVE_OTHER_STATE_VARIABLE_HPF,External state-variable/biquad active-filter canonical equation,1236.96759954065,21846.6429198201,47300.8184752659,2.26995596007887e-12,3.7401663615988e-11,NaN,NaN,9805.37054934924,18127.1841131062,2.84869954907612,4.71280171042193,3322725.30373099
856,VCVS,LPF,VCVS_LPF_Maheshwari,Maheshwari VCVS equal-component active-filter equations,32305.7600403436,32305.7600403436,NaN,1.23507951413439e-11,1.23507951413439e-11,NaN,NaN,9912.02115124183,2532.73970657499,1.25552202400796,0.573237388927954,398882.745544986
830,VCVS,LPF,VCVS_LPF_Maheshwari,Maheshwari VCVS equal-component active-filter equations,15007.803472173,15007.803472173,NaN,1.70481526784703e-10,1.70481526784703e-10,NaN,NaN,9970.82541668274,11539.0176009873,2.15727807064806,1.18663104064352,62205.0540146005
1083,VCVS,HPF,VCVS_HPF_Maheshwari,Maheshwari VCVS equal-component active-filter equations,1617.88108206236,1617.88108206236,NaN,8.86024521612034e-10,8.86024521612034e-10,NaN,NaN,10138.3766952834,8162.90980983579,1.80514958707673,0.836924847817093,111026.792438441
3061,ACTIVE_OTHER,BSF,ACTIVE_OTHER_STATE_VARIABLE_BSF,External state-variable/biquad active-filter canonical equation,13783.9651940189,1137.79066790828,52075.6006275366,3.67011152309806e-10,2.66439258375191e-11,NaN,NaN,10199.3613159156,34306.6319636077,4.36360590638885,5.09222153320976,406408.820720345
731,PASSIVE,BSF,PASSIVE_RLC_BSF,Passive RLC second-order equation,4341164.14878455,NaN,NaN,9.73612364814022e-11,NaN,NaN,5763.54272425046,NaN,NaN,1,1.77233376058074,212.462522212308
1630,MFB,LPF,MFB_LPF_Maheshwari,Maheshwari MFB active-filter equations,155958.027761341,69382.9514011983,348782.361604333,3.69570995384893e-11,2.91697065865688e-11,NaN,NaN,NaN,NaN,-2.23638607522061,0.305407769939162,31160.2920602972
2949,ACTIVE_OTHER,BPF,ACTIVE_OTHER_STATE_VARIABLE_BPF,External state-variable/biquad active-filter canonical equation,7682.8768683893,17860.4707540928,41760.339452382,1.11256467776139e-12,4.17083389129608e-12,NaN,NaN,9994.71100008613,6541.54518690542,1.65450068409672,4.05638358703845,6307215.40974487
184,PASSIVE,LPF,PASSIVE_RC_LPF,Passive RC first-order equation,83829.0148024212,NaN,NaN,9.221488150929e-12,NaN,NaN,NaN,NaN,NaN,1,NaN,205885.023804334
721,PASSIVE,BSF,PASSIVE_RLC_BSF,Passive RLC second-order equation,652785.956201063,NaN,NaN,8.32250582696644e-10,NaN,NaN,154.947572708468,NaN,NaN,1,0.660989456553862,443.200956544123
355,PASSIVE,HPF,PASSIVE_RC_HPF,Passive RC first-order equation,195274.983242315,NaN,NaN,5.77200919511218e-10,NaN,NaN,NaN,NaN,NaN,1,NaN,1412.03840247458
1782,MFB,LPF,MFB_LPF_Maheshwari,Maheshwari MFB active-filter equations,2522.00796517871,450.315949624625,5462.26396540772,6.29935525301841e-10,6.1576209326796e-11,NaN,NaN,NaN,NaN,-2.16583929980596,0.728283146390316,515253.083602427
2095,MFB,BPF,MFB_BPF_Maheshwari,Maheshwari MFB active-filter equations,1188.35619581978,23031.0346040722,NaN,3.57112709711182e-11,2.70334047342481e-10,NaN,NaN,NaN,NaN,-3112810.04035396,1.41335315598386,309625.744223211
1708,MFB,LPF,MFB_LPF_Maheshwari,Maheshwari MFB active-filter equations,170425.257497949,93151.7445160117,159599.015264833,1.56075577041856e-10,1.90124793937224e-10,NaN,NaN,NaN,NaN,-0.936475130552487,0.324936780871784,7577.44301146694
1659,MFB,LPF,MFB_LPF_Maheshwari,Maheshwari MFB active-filter equations,121768.645579417,1526.39216245481,202083.443572713,4.01623671293297e-11,1.18249062543536e-11,NaN,NaN,NaN,NaN,-1.6595687880992,0.157014825330468,415827.490157589
611,PASSIVE,BSF,PASSIVE_RLC_BSF,Passive RLC second-order equation,1010.00092160191,NaN,NaN,3.73006065710938e-10,NaN,NaN,0.000918198501530073,NaN,NaN,1,1.55341885661286,271953.025467589
1013,VCVS,HPF,VCVS_HPF_Maheshwari,Maheshwari VCVS equal-component active-filter equations,7568.38923114051,7568.38923114051,NaN,7.68847079599249e-12,7.68847079599249e-12,NaN,NaN,10125.0152874095,7511.70192689576,1.74189536644321,0.794846448639884,2735122.00431712
192,PASSIVE,LPF,PASSIVE_RC_LPF,Passive RC first-order equation,127090.080845005,NaN,NaN,2.49000798705783e-12,NaN,NaN,NaN,NaN,NaN,1,NaN,502930.223807139
1812,MFB,HPF,MFB_HPF_Maheshwari,Maheshwari MFB active-filter equations,10719.0805785055,249.233679561839,NaN,6.33505138494928e-10,1.40060456434305e-10,5.07446938598672e-10,NaN,NaN,NaN,-0.801014716004131,1.70386278135155,365245.532152468
1315,VCVS,BPF,VCVS_BPF_Maheshwari,Maheshwari VCVS equal-component active-filter equations,18258.1809045524,18258.1809045524,NaN,6.36531570536078e-10,6.36531570536078e-10,NaN,NaN,9909.77157552064,11098.6356863398,2.11996887130637,1.13632344060881,13694.3895388496
2672,ACTIVE_OTHER,HPF,ACTIVE_OTHER_STATE_VARIABLE_HPF,External state-variable/biquad active-filter canonical equation,19885.9829260669,13299.3215515698,15899.7853875683,1.90627694081846e-12,1.48967179438461e-11,NaN,NaN,10479.5787060668,26111.6952597303,3.49167413997415,1.59966398381901,1836511.12117262
491,PASSIVE,BPF,PASSIVE_RLC_BPF,Passive RLC second-order equation,1908956.54238176,NaN,NaN,1.43501130028767e-10,NaN,NaN,1646.7444526795,NaN,NaN,1,1.77455474678935,327.400521292376
2833,ACTIVE_OTHER,BPF,ACTIVE_OTHER_STATE_VARIABLE_BPF,External state-variable/biquad active-filter canonical equation,3112.69524787611,14226.1584733064,49634.8947419255,2.70595312890064e-11,8.73794082156313e-11,NaN,NaN,10364.274704598,10592.9954787216,2.02206818910562,5.01513305117875,491862.060507318
1316,VCVS,BPF,VCVS_BPF_Maheshwari,Maheshwari VCVS equal-component active-filter equations,830622.153092633,830622.153092633,NaN,1.3610732413409e-11,1.3610732413409e-11,NaN,NaN,9839.61976585256,4453.60204514904,1.45261932382843,0.646253385090821,14077.8108599921
2631,ACTIVE_OTHER,HPF,ACTIVE_OTHER_STATE_VARIABLE_HPF,External state-variable/biquad active-filter canonical equation,463395.978783693,5613.78094086713,38072.1396106716,1.30768949257172e-12,1.73509795879595e-11,NaN,NaN,9755.45719112543,33979.4591725361,4.48312319011018,3.6609363916059,655091.484158037
372,PASSIVE,HPF,PASSIVE_RC_HPF,Passive RC first-order equation,17954.0627622218,NaN,NaN,8.80761042670546e-10,NaN,NaN,NaN,NaN,NaN,1,NaN,10064.6643425252
1858,MFB,HPF,MFB_HPF_Maheshwari,Maheshwari MFB active-filter equations,10374.1863432012,10550.4483618944,NaN,4.41477408891866e-11,1.75819055155971e-10,1.20977617420708e-10,NaN,NaN,NaN,-2.7402901028247,0.154791435493256,104309.092438907
7,PASSIVE,LPF,PASSIVE_RC_LPF,Passive RC first-order equation,36509.5711813697,NaN,NaN,4.07599619255363e-11,NaN,NaN,NaN,NaN,NaN,1,NaN,106949.714596289
3071,ACTIVE_OTHER,BSF,ACTIVE_OTHER_STATE_VARIABLE_BSF,External state-variable/biquad active-filter canonical equation,15947.5628241113,17641.3544308431,16380.4219997463,2.95734630603924e-12,1.63547141184221e-12,NaN,NaN,9623.88277041265,6574.43077749868,1.68313703879591,1.69749414384328,4314539.38543476
361,PASSIVE,HPF,PASSIVE_RC_HPF,Passive RC first-order equation,42102.3239792661,NaN,NaN,1.11691720903325e-12,NaN,NaN,NaN,NaN,NaN,1,NaN,3384488.79303467
44,PASSIVE,LPF,PASSIVE_RC_LPF,Passive RC first-order equation,7727.99954216874,NaN,NaN,2.69619042979384e-12,NaN,NaN,NaN,NaN,NaN,1,NaN,7638401.47414463
564,PASSIVE,BPF,PASSIVE_RLC_BPF,Passive RLC second-order equation,12783458.4208424,NaN,NaN,1.76538415809475e-12,NaN,NaN,4545.17057505011,NaN,NaN,1,3.96923778982498,1776.74632525018
2598,ACTIVE_OTHER,LPF,ACTIVE_OTHER_STATE_VARIABLE_LPF,External state-variable/biquad active-filter canonical equation,41399.9154565859,211814.634352137,7858.978587301,1.02690437313634e-09,3.39435771024535e-10,NaN,NaN,9526.19530556165,19101.016253785,3.00510441378767,0.819699075145949,2878.71464808811
1937,MFB,HPF,MFB_HPF_Maheshwari,Maheshwari MFB active-filter equations,2005.1398036137,1769.4904089395,NaN,1.52409795319693e-10,5.76092258896508e-11,2.63702878499149e-10,NaN,NaN,NaN,-1.73022264051998,0.160076000444103,685520.175600115
2429,ACTIVE_OTHER,LPF,ACTIVE_OTHER_STATE_VARIABLE_LPF,External state-variable/biquad active-filter canonical equation,546188.069864074,62007.8231538583,17697.7204247032,1.85212610680472e-12,7.31924320490725e-11,NaN,NaN,9695.02049101353,22817.843335243,3.35356318807095,1.70799653318747,74277.5239906761
1869,MFB,HPF,MFB_HPF_Maheshwari,Maheshwari MFB active-filter equations,55790.0214799527,138.440382840214,NaN,8.99739128272338e-10,5.35910135245333e-10,2.10579578052487e-10,NaN,NaN,NaN,-0.234045148683083,17.5029450669751,170473.297021142
176,PASSIVE,LPF,PASSIVE_RC_LPF,Passive RC first-order equation,77228.4581715974,NaN,NaN,5.56232401331542e-11,NaN,NaN,NaN,NaN,NaN,1,NaN,37049.8525269595
3154,ACTIVE_OTHER,BSF,ACTIVE_OTHER_STATE_VARIABLE_BSF,External state-variable/biquad active-filter canonical equation,699495.018355213,1211.62592763037,46305.9885437882,1.04272283142025e-11,2.22831971653732e-10,NaN,NaN,9574.89481006078,7736.51494448675,1.80799999352031,4.63719702558912,113414.960692922
351,PASSIVE,HPF,PASSIVE_RC_HPF,Passive RC first-order equation,18990.2005568209,NaN,NaN,3.52324587108839e-11,NaN,NaN,NaN,NaN,NaN,1,NaN,237874.357693389
768,PASSIVE,BSF,PASSIVE_RLC_BSF,Passive RLC second-order equation,717426.235848437,NaN,NaN,3.2141588395259e-11,NaN,NaN,295.657853706125,NaN,NaN,1,4.22750166973201,1632.64496792305
689,PASSIVE,BSF,PASSIVE_RLC_BSF,Passive RLC second-order equation,183661.363568519,NaN,NaN,1.46468829163506e-11,NaN,NaN,5.47412262142227,NaN,NaN,1,3.3286401813196,17774.2083199468
2338,MFB,BSF,MFB_BSF_1_MINUS_BP,Maheshwari MFB BPF denominator + ADI 1-minus-BP notch construction,13612.2330739986,260462.543652944,NaN,1.64379822165614e-11,4.34896279534318e-10,NaN,NaN,NaN,NaN,1,0.819458089334346,31612.9995567417
1185,VCVS,HPF,VCVS_HPF_Maheshwari,Maheshwari VCVS equal-component active-filter equations,25346.9956203611,25346.9956203611,NaN,8.97199930705337e-12,8.97199930705337e-12,NaN,NaN,9979.96026178185,13248.173361642,2.32747756645643,1.48693924562623,699849.103291962
2824,ACTIVE_OTHER,BPF,ACTIVE_OTHER_STATE_VARIABLE_BPF,External state-variable/biquad active-filter canonical equation,120091.74231358,917071.131439099,34956.5041843773,7.05612921536115e-10,1.36759351046201e-11,NaN,NaN,10381.6840524829,24164.6874192267,3.32762693384484,3.4221623637548,4882.02803814965
2501,ACTIVE_OTHER,LPF,ACTIVE_OTHER_STATE_VARIABLE_LPF,External state-variable/biquad active-filter canonical equation,396884.837013107,648716.650766485,46410.4803688574,5.71348791384951e-12,2.68480891872812e-11,NaN,NaN,9968.08835093669,5989.42512519918,1.60085995572424,4.47778721056437,25325.2072491028
183,PASSIVE,LPF,PASSIVE_RC_LPF,Passive RC first-order equation,236081.624429694,NaN,NaN,7.49167151962217e-11,NaN,NaN,NaN,NaN,NaN,1,NaN,8998.68852825908
699,PASSIVE,BSF,PASSIVE_RLC_BSF,Passive RLC second-order equation,3687918.15541977,NaN,NaN,9.62129285290754e-12,NaN,NaN,624.883740681265,NaN,NaN,1,2.18525247598915,2052.59753207963
171,PASSIVE,LPF,PASSIVE_RC_LPF,Passive RC first-order equation,15827.8492016038,NaN,NaN,3.07681074137647e-11,NaN,NaN,NaN,NaN,NaN,1,NaN,326811.586076624
2160,MFB,BPF,MFB_BPF_Maheshwari,Maheshwari MFB active-filter equations,1879.55940624978,73124.9511700533,NaN,1.44638004686472e-11,5.25898967267516e-11,NaN,NaN,NaN,NaN,-10116764.1441598,2.56551410799976,492228.707424637
917,VCVS,LPF,VCVS_LPF_Maheshwari,Maheshwari VCVS equal-component active-filter equations,30448.8169416852,30448.8169416852,NaN,2.73220024578464e-10,2.73220024578464e-10,NaN,NaN,10115.3523759466,11594.9501492524,2.14627248941165,1.17133392985175,19130.9784436705
2730,ACTIVE_OTHER,HPF,ACTIVE_OTHER_STATE_VARIABLE_HPF,External state-variable/biquad active-filter canonical equation,26027.7182362059,7204.06810327726,21801.9712490583,5.3978480343922e-10,1.19675679983517e-12,NaN,NaN,10223.1743908716,16252.9171048123,2.58981119595541,2.14304498886117,457298.629391449
1237,VCVS,BPF,VCVS_BPF_Maheshwari,Maheshwari VCVS equal-component active-filter equations,3996.23911441777,3996.23911441777,NaN,7.395346253216e-11,7.395346253216e-11,NaN,NaN,9804.32102741626,4247.58297704143,1.43323581155327,0.638258142082877,538530.311320081
2565,ACTIVE_OTHER,LPF,ACTIVE_OTHER_STATE_VARIABLE_LPF,External state-variable/biquad active-filter canonical equation,33593.6924965759,51198.2670792854,10456.3613806333,3.64351066339526e-12,1.42462476053027e-12,NaN,NaN,9555.48588672022,14310.2314434227,2.49759327919791,1.04844135181401,1684431.53329406
3034,ACTIVE_OTHER,BSF,ACTIVE_OTHER_STATE_VARIABLE_BSF,External state-variable/biquad active-filter canonical equation,13873.0540471774,797893.142371282,28350.2896914968,6.27663252217291e-10,5.92999734894632e-12,NaN,NaN,9980.16206788782,33876.0103605692,4.39433469417984,2.77243029778988,24795.4003753543
2716,ACTIVE_OTHER,HPF,ACTIVE_OTHER_STATE_VARIABLE_HPF,External state-variable/biquad active-filter canonical equation,1670.12587191386,1192.48714139339,5187.57876973433,9.13245267628275e-11,5.5503966613929e-10,NaN,NaN,10195.5219458665,31919.4079158876,4.13072818491932,0.516319396992056,500913.748162381
2192,MFB,BPF,MFB_BPF_Maheshwari,Maheshwari MFB active-filter equations,24907.1515255914,2157491.15882028,NaN,2.21559318373995e-11,1.09512608516658e-10,NaN,NaN,NaN,NaN,-366616.336633051,3.4818297509375,13938.1943481788
316,PASSIVE,HPF,PASSIVE_RC_HPF,Passive RC first-order equation,747842.211150026,NaN,NaN,7.98395316194457e-10,NaN,NaN,NaN,NaN,NaN,1,NaN,266.558279362607
1992,MFB,HPF,MFB_HPF_Maheshwari,Maheshwari MFB active-filter equations,2699.1852785665,897.873730452423,NaN,6.62563826750472e-11,2.66093102551668e-10,1.64165532574997e-10,NaN,NaN,NaN,-2.47773159274545,0.294564134468695,489145.826139796
3121,ACTIVE_OTHER,BSF,ACTIVE_OTHER_STATE_VARIABLE_BSF,External state-variable/biquad active-filter canonical equation,247952.725798929,1209.31429770838,10800.6048856346,1.32905777553454e-12,6.59544026811585e-11,NaN,NaN,10390.0459553245,26657.6648253151,3.56569267738936,1.12592315327742,981685.256010672
584,PASSIVE,BPF,PASSIVE_RLC_BPF,Passive RLC second-order equation,10319.3196407414,NaN,NaN,6.69275677631818e-10,NaN,NaN,0.378171930718423,NaN,NaN,1,2.30351507754729,10003.9834597988
1002,VCVS,HPF,VCVS_HPF_Maheshwari,Maheshwari VCVS equal-component active-filter equations,3007.51236811415,3007.51236811415,NaN,2.08218544593031e-10,2.08218544593031e-10,NaN,NaN,9947.31630478031,10201.4796549019,2.02555094684175,1.02622091607452,254151.866259228
1865,MFB,HPF,MFB_HPF_Maheshwari,Maheshwari MFB active-filter equations,127752.568881112,28640.1942746515,NaN,1.28003195491689e-10,2.29082863827598e-11,3.19608736121424e-11,NaN,NaN,NaN,-0.249688091686879,1.25157412166481,97239.2741214765
1591,VCVS,BSF,VCVS_BSF_Maheshwari,Maheshwari VCVS equal-component active-filter equations,437187.142381165,437187.142381165,NaN,2.8000041528507e-12,2.8000041528507e-12,NaN,NaN,10165.2442117013,4026.38175593663,1.39609296855867,0.827942007574684,130015.184093378
1716,MFB,LPF,MFB_LPF_Maheshwari,Maheshwari MFB active-filter equations,92662.7828070665,834.871740328795,221161.624936796,3.27553506978395e-10,1.7178401896751e-11,NaN,NaN,NaN,NaN,-2.38673627358329,0.264903440765468,156143.122079452
630,PASSIVE,BSF,PASSIVE_RLC_BSF,Passive RLC second-order equation,329456.648264547,NaN,NaN,3.96587382643253e-12,NaN,NaN,9.605263693418,NaN,NaN,1,4.72375020391705,25786.7161100716
68,PASSIVE,LPF,PASSIVE_RC_LPF,Passive RC first-order equation,4264.32498828488,NaN,NaN,1.20608688443805e-12,NaN,NaN,NaN,NaN,NaN,1,NaN,30945053.7659497
2731,ACTIVE_OTHER,HPF,ACTIVE_OTHER_STATE_VARIABLE_HPF,External state-variable/biquad active-filter canonical equation,3020.85813986372,1108.46025432569,23009.8218004081,5.8534149049498e-12,1.20904061110837e-11,NaN,NaN,10250.0483225198,28121.8327965002,3.74358050924651,2.3531621697222,10338792.1493462
431,PASSIVE,BPF,PASSIVE_RLC_BPF,Passive RLC second-order equation,5606.57610787096,NaN,NaN,3.82692440015056e-11,NaN,NaN,0.00265507143445429,NaN,NaN,1,1.48564635471616,499294.848310368
105,PASSIVE,LPF,PASSIVE_RC_LPF,Passive RC first-order equation,10123.7941924758,NaN,NaN,1.66856447486078e-10,NaN,NaN,NaN,NaN,NaN,1,NaN,94217.9891426987
1125,VCVS,HPF,VCVS_HPF_Maheshwari,Maheshwari VCVS equal-component active-filter equations,314624.680718822,314624.680718822,NaN,6.79344752791538e-11,6.79344752791538e-11,NaN,NaN,9805.70883799254,7380.34445226006,1.75265792348073,0.801704695788435,7446.24151990275
1161,VCVS,HPF,VCVS_HPF_Maheshwari,Maheshwari VCVS equal-component active-filter equations,47622.330631343,47622.330631343,NaN,4.10431481966288e-10,4.10431481966288e-10,NaN,NaN,9907.17144880729,7594.01199315384,1.76651666243931,0.810712207898635,8142.70722834676
3196,ACTIVE_OTHER,BSF,ACTIVE_OTHER_STATE_VARIABLE_BSF,External state-variable/biquad active-filter canonical equation,8800.90238091132,8016.61888323548,42788.9290193517,2.41632957950474e-11,1.11847610613886e-11,NaN,NaN,9754.01921213113,31187.8820376767,4.19743906172423,4.20117528300401,1152575.73042868
2050,MFB,BPF,MFB_BPF_Maheshwari,Maheshwari MFB active-filter equations,6549.80768097209,823089.558111214,NaN,2.18764897599904e-10,4.77286497421166e-10,NaN,NaN,NaN,NaN,-319883.842056156,5.20410866923814,6708.16781434162
1307,VCVS,BPF,VCVS_BPF_Maheshwari,Maheshwari VCVS equal-component active-filter equations,2139.84891303852,2139.84891303852,NaN,2.17579882151864e-12,2.17579882151864e-12,NaN,NaN,10183.0148540899,5894.89276180048,1.57889464429415,0.703677595742584,34183638.2565765
1620,MFB,LPF,MFB_LPF_Maheshwari,Maheshwari MFB active-filter equations,38231.7171237688,1143.49261048338,122146.151530313,5.63334316590043e-10,5.35508907504038e-11,NaN,NaN,NaN,NaN,-3.19489054427991,0.301958770084579,77534.8770945411
321,PASSIVE,HPF,PASSIVE_RC_HPF,Passive RC first-order equation,817596.225498692,NaN,NaN,4.88547620516231e-10,NaN,NaN,NaN,NaN,NaN,1,NaN,398.450477319611
1289,VCVS,BPF,VCVS_BPF_Maheshwari,Maheshwari VCVS equal-component active-filter equations,7016.80709762091,7016.80709762091,NaN,3.56683067052365e-10,3.56683067052365e-10,NaN,NaN,9846.16264236095,10413.034511057,2.05757287273087,1.06108999949704,63591.3583593785
625,PASSIVE,BSF,PASSIVE_RLC_BSF,Passive RLC second-order equation,45556295.1968902,NaN,NaN,2.52314910964932e-12,NaN,NaN,96773.1707967291,NaN,NaN,1,4.29890283092802,322.085510452385
143,PASSIVE,LPF,PASSIVE_RC_LPF,Passive RC first-order equation,448952.666414449,NaN,NaN,9.50923816460142e-11,NaN,NaN,NaN,NaN,NaN,1,NaN,3727.98238558099
1511,VCVS,BSF,VCVS_BSF_Maheshwari,Maheshwari VCVS equal-component active-filter equations,13006.6639965753,13006.6639965753,NaN,6.35968465318614e-10,6.35968465318614e-10,NaN,NaN,10147.035121218,3911.78646475715,1.38551029123546,0.813683277145961,19240.6007937416
1146,VCVS,HPF,VCVS_HPF_Maheshwari,Maheshwari VCVS equal-component active-filter equations,1865.72606775356,1865.72606775356,NaN,3.80534909453944e-10,3.80534909453944e-10,NaN,NaN,9922.72382457476,9265.478520229,1.93376362015458,0.937878334394269,224170.132217473
3074,ACTIVE_OTHER,BSF,ACTIVE_OTHER_STATE_VARIABLE_BSF,External state-variable/biquad active-filter canonical equation,160694.829630255,39591.2705040689,18990.229552887,4.86965794590712e-10,1.01379070623025e-12,NaN,NaN,10280.7448610941,8665.07844862683,1.84284539356856,1.82671627866713,89804.082346265
1209,VCVS,BPF,VCVS_BPF_Maheshwari,Maheshwari VCVS equal-component active-filter equations,36306.2168012828,36306.2168012828,NaN,4.0075578124591e-10,4.0075578124591e-10,NaN,NaN,9966.13468534622,9015.43038278615,1.90460651671124,0.912913957637988,10938.539484524
249,PASSIVE,HPF,PASSIVE_RC_HPF,Passive RC first-order equation,28998.9346908958,NaN,NaN,5.41772146514678e-12,NaN,NaN,NaN,NaN,NaN,1,NaN,1013027.91827398
3064,ACTIVE_OTHER,BSF,ACTIVE_OTHER_STATE_VARIABLE_BSF,External state-variable/biquad active-filter canonical equation,1768.24269497867,121638.024783428,39432.1837975685,5.19473439067372e-10,2.83727350228673e-12,NaN,NaN,10122.6288903382,16985.3369363968,2.67795709201677,4.02370245891123,282671.641742365
1757,MFB,LPF,MFB_LPF_Maheshwari,Maheshwari MFB active-filter equations,406607.412650864,91540.7676443946,370222.584964699,4.28384764174293e-11,4.28112808452087e-11,NaN,NaN,NaN,NaN,-0.910516073848837,0.337823869583108,20187.6275333879
1644,MFB,LPF,MFB_LPF_Maheshwari,Maheshwari MFB active-filter equations,9988.11298797999,13616.8596695491,23404.6546776873,1.13577801821584e-10,9.93267049437216e-11,NaN,NaN,NaN,NaN,-2.34325089292174,0.276949043519746,83936.486880752
215,PASSIVE,HPF,PASSIVE_RC_HPF,Passive RC first-order equation,25357.8757926694,NaN,NaN,1.93614225524175e-12,NaN,NaN,NaN,NaN,NaN,1,NaN,3241678.92891706
2134,MFB,BPF,MFB_BPF_Maheshwari,Maheshwari MFB active-filter equations,1674.12653323197,105745.853885063,NaN,2.08167212227709e-11,5.17230763715505e-11,NaN,NaN,NaN,NaN,-11548547.7023635,3.59508805414932,364540.664275249
661,PASSIVE,BSF,PASSIVE_RLC_BSF,Passive RLC second-order equation,1117.4299113024,NaN,NaN,4.1373437765062e-10,NaN,NaN,0.0125103364983892,NaN,NaN,1,4.92100038619352,69955.9778816656
2034,MFB,BPF,MFB_BPF_Maheshwari,Maheshwari MFB active-filter equations,529082.111335011,44361897.0667157,NaN,1.09926473382996e-10,5.67637804809325e-11,NaN,NaN,NaN,NaN,-33297.0386464183,4.3393043477958,415.878754040689
2898,ACTIVE_OTHER,BPF,ACTIVE_OTHER_STATE_VARIABLE_BPF,External state-variable/biquad active-filter canonical equation,3123.72370734496,141907.317291023,30235.385225339,3.75865849772355e-10,9.70680812542165e-12,NaN,NaN,10163.1515009413,25544.6093657631,3.51345356441821,2.8820737012225,125148.824017732
221,PASSIVE,HPF,PASSIVE_RC_HPF,Passive RC first-order equation,388977.04611818,NaN,NaN,1.90178571457592e-11,NaN,NaN,NaN,NaN,NaN,1,NaN,21514.6644382013
220,PASSIVE,HPF,PASSIVE_RC_HPF,Passive RC first-order equation,2942.44797728163,NaN,NaN,1.11122217458046e-10,NaN,NaN,NaN,NaN,NaN,1,NaN,486755.02002564
2106,MFB,BPF,MFB_BPF_Maheshwari,Maheshwari MFB active-filter equations,725966.178561046,238325687.601412,NaN,5.39024662323824e-10,1.09972031305089e-11,NaN,NaN,NaN,NaN,-125256.815120316,2.53625385510707,157.156036968865
1525,VCVS,BSF,VCVS_BSF_Maheshwari,Maheshwari VCVS equal-component active-filter equations,476977.414851572,476977.414851572,NaN,7.03316335490505e-10,7.03316335490505e-10,NaN,NaN,10065.7425741225,2108.87646092224,1.20951027163598,0.632519287802497,474.429419141572
1314,VCVS,BPF,VCVS_BPF_Maheshwari,Maheshwari VCVS equal-component active-filter equations,3680.89672213088,3680.89672213088,NaN,5.03296778684171e-10,5.03296778684171e-10,NaN,NaN,10169.5624941957,2393.78619167125,1.23538733284126,0.566696600682422,85909.7289151257
1015,VCVS,HPF,VCVS_HPF_Maheshwari,Maheshwari VCVS equal-component active-filter equations,16300.2769054469,16300.2769054469,NaN,2.38206916904485e-10,2.38206916904485e-10,NaN,NaN,10196.7963643005,3996.64013820186,1.39195056912133,0.621871430565153,40989.3263998301
1397,VCVS,BPF,VCVS_BPF_Maheshwari,Maheshwari VCVS equal-component active-filter equations,80162.5084734439,80162.5084734439,NaN,1.5161331535973e-12,1.5161331535973e-12,NaN,NaN,9924.77886694163,505.612664778841,1.0509444766032,0.513069016247011,1309518.04749295
2423,ACTIVE_OTHER,LPF,ACTIVE_OTHER_STATE_VARIABLE_LPF,External state-variable/biquad active-filter canonical equation,1895.47876089395,121164.604216798,31493.9120668812,4.2584387884735e-12,1.14492039105451e-11,NaN,NaN,9974.98932948867,27518.8188377701,3.75878178199322,3.02034192327179,1504041.90576613
639,PASSIVE,BSF,PASSIVE_RLC_BSF,Passive RLC second-order equation,37063.9715848365,NaN,NaN,2.31037122834261e-11,NaN,NaN,1.08498856231392,NaN,NaN,1,5.8468202438116,31788.2535130557
3053,ACTIVE_OTHER,BSF,ACTIVE_OTHER_STATE_VARIABLE_BSF,External state-variable/biquad active-filter canonical equation,43407.0065081574,982604.225254653,36533.7980606874,5.09221985990022e-12,1.09022202173061e-12,NaN,NaN,10351.237344355,8250.57953791899,1.79706215435378,3.63049792456965,327069.352726213
371,PASSIVE,HPF,PASSIVE_RC_HPF,Passive RC first-order equation,211999.919897248,NaN,NaN,7.15408192160991e-11,NaN,NaN,NaN,NaN,NaN,1,NaN,10493.7454662346
1551,VCVS,BSF,VCVS_BSF_Maheshwari,Maheshwari VCVS equal-component active-filter equations,243872.508035515,243872.508035515,NaN,2.63902044151814e-11,2.63902044151814e-11,NaN,NaN,10118.8499438871,7230.84453344713,1.71459153693799,1.75187517088924,24729.4542870308
2729,ACTIVE_OTHER,HPF,ACTIVE_OTHER_STATE_VARIABLE_HPF,External state-variable/biquad active-filter canonical equation,1217.56907915408,3437.86568929484,26104.7596035708,2.07206622362265e-12,4.42267378022361e-12,NaN,NaN,10142.3795014764,9308.19203190646,1.91775229181194,2.49833845159013,25697128.9928323
771,PASSIVE,BSF,PASSIVE_RLC_BSF,Passive RLC second-order equation,999.067669342133,NaN,NaN,6.51854051401782e-11,NaN,NaN,0.000741431967624325,NaN,NaN,1,3.37571337120486,723951.201981806
2811,ACTIVE_OTHER,BPF,ACTIVE_OTHER_STATE_VARIABLE_BPF,External state-variable/biquad active-filter canonical equation,320824.018556895,2065.37145329415,35075.760708565,2.44315681537141e-12,3.11189141786076e-10,NaN,NaN,9713.84115553402,32602.6015255037,4.35630375291137,3.44492778146652,224233.099622057
946,VCVS,LPF,VCVS_LPF_Maheshwari,Maheshwari VCVS equal-component active-filter equations,189242.586854424,189242.586854424,NaN,5.95346744440532e-10,5.95346744440532e-10,NaN,NaN,10001.3697415675,10255.0538843845,2.02536493994044,1.02602506412902,1412.6392618136
239,PASSIVE,HPF,PASSIVE_RC_HPF,Passive RC first-order equation,7799.71265078914,NaN,NaN,1.13366174963644e-12,NaN,NaN,NaN,NaN,NaN,1,NaN,17999400.2722205
217,PASSIVE,HPF,PASSIVE_RC_HPF,Passive RC first-order equation,14398.8210552233,NaN,NaN,7.84405760864057e-11,NaN,NaN,NaN,NaN,NaN,1,NaN,140913.441795226
2109,MFB,BPF,MFB_BPF_Maheshwari,Maheshwari MFB active-filter equations,1725.74994419409,16478.9112338685,NaN,1.90217677321041e-10,1.38355016260622e-11,NaN,NaN,NaN,NaN,-41881981.6567667,0.776881626158674,581760.256127003
561,PASSIVE,BPF,PASSIVE_RLC_BPF,Passive RLC second-order equation,8971828.23793665,NaN,NaN,5.68045156490198e-12,NaN,NaN,2118.00585874706,NaN,NaN,1,2.15224247176207,1450.99234931678
1277,VCVS,BPF,VCVS_BPF_Maheshwari,Maheshwari VCVS equal-component active-filter equations,32118.7010495043,32118.7010495043,NaN,4.30379918367265e-12,4.30379918367265e-12,NaN,NaN,9985.77504637157,1700.87885596458,1.17033017948693,0.546546698638546,1151357.40808498
1741,MFB,LPF,MFB_LPF_Maheshwari,Maheshwari MFB active-filter equations,753.98654386284,332.162341713114,1167.20445175298,7.50989393375036e-10,5.26074658739842e-10,NaN,NaN,NaN,NaN,-1.54804414117676,0.369466792481539,406659.455204801
1398,VCVS,BPF,VCVS_BPF_Maheshwari,Maheshwari VCVS equal-component active-filter equations,61199.9813010532,61199.9813010532,NaN,2.51994907081792e-11,2.51994907081792e-11,NaN,NaN,9914.19420261398,3026.66453904769,1.30528598463904,0.590070059571089,103199.377727271
1026,VCVS,HPF,VCVS_HPF_Maheshwari,Maheshwari VCVS equal-component active-filter equations,852715.54672813,852715.54672813,NaN,8.96598555996449e-11,8.96598555996449e-11,NaN,NaN,10067.6073071495,9647.49441043769,1.95827083001008,0.959942400393447,2081.69891300822
745,PASSIVE,BSF,PASSIVE_RLC_BSF,Passive RLC second-order equation,3381816.42213444,NaN,NaN,7.54704046300218e-12,NaN,NaN,150.707526953507,NaN,NaN,1,1.32138418209029,4719.15585677261
2904,ACTIVE_OTHER,BPF,ACTIVE_OTHER_STATE_VARIABLE_BPF,External state-variable/biquad active-filter canonical equation,733239.735201461,45866.7100338221,9265.83519443467,8.50490484796904e-12,1.33073615718965e-12,NaN,NaN,10484.1995809958,22605.9907807977,3.1561961508034,0.929654883527478,257969.066809672
1226,VCVS,BPF,VCVS_BPF_Maheshwari,Maheshwari VCVS equal-component active-filter equations,97559.6183346088,97559.6183346088,NaN,1.3041662939008e-12,1.3041662939008e-12,NaN,NaN,9902.34121175991,2545.51453646548,1.25706188890385,0.573743837278934,1250884.08581655
3043,ACTIVE_OTHER,BSF,ACTIVE_OTHER_STATE_VARIABLE_BSF,External state-variable/biquad active-filter canonical equation,36402.4337076484,10939.8260714017,52347.6867907468,2.29801585179097e-12,5.65393947640192e-11,NaN,NaN,9816.96961883665,28279.7924290288,3.88070489438675,5.27562141080656,699677.044447779
658,PASSIVE,BSF,PASSIVE_RLC_BSF,Passive RLC second-order equation,408.851985938986,NaN,NaN,7.54120470086758e-10,NaN,NaN,0.000617234156399292,NaN,NaN,1,2.21278133302404,233278.541505583
972,VCVS,LPF,VCVS_LPF_Maheshwari,Maheshwari VCVS equal-component active-filter equations,184282.407410426,184282.407410426,NaN,3.50445821906013e-10,3.50445821906013e-10,NaN,NaN,10000.3624209339,1314.37101482352,1.13143233809928,0.535169274514145,2464.42365034292
2150,MFB,BPF,MFB_BPF_Maheshwari,Maheshwari MFB active-filter equations,281552.118390273,4848234.49210948,NaN,3.62983968370119e-11,6.46934672408723e-11,NaN,NaN,NaN,NaN,-54901.0654733449,1.99113156181887,2811.09153568027
706,PASSIVE,BSF,PASSIVE_RLC_BSF,Passive RLC second-order equation,168747733.108909,NaN,NaN,4.50080237621802e-12,NaN,NaN,267954.465127422,NaN,NaN,1,1.44593103624193,144.925450944551
617,PASSIVE,BSF,PASSIVE_RLC_BSF,Passive RLC second-order equation,363940.830021301,NaN,NaN,1.31357039390317e-10,NaN,NaN,350.84502481376,NaN,NaN,1,4.49055690518451,741.371342902897
2761,ACTIVE_OTHER,HPF,ACTIVE_OTHER_STATE_VARIABLE_HPF,External state-variable/biquad active-filter canonical equation,36094.4852444758,575117.456110416,9382.21241308599,1.02893543215602e-10,1.18601034452282e-12,NaN,NaN,9529.45686146388,7500.61807167363,1.78709817156583,0.89546151908157,99996.1157697603
2582,ACTIVE_OTHER,LPF,ACTIVE_OTHER_STATE_VARIABLE_LPF,External state-variable/biquad active-filter canonical equation,33979.550350796,2812.10187969858,27194.8773435455,2.8452934516469e-12,1.10492141070298e-10,NaN,NaN,9510.25553132034,28070.5495990361,3.95160834602085,2.66958991998489,918261.901096685
2890,ACTIVE_OTHER,BPF,ACTIVE_OTHER_STATE_VARIABLE_BPF,External state-variable/biquad active-filter canonical equation,139135.684127502,24710.669534241,14283.7215510654,1.53944631147004e-12,1.15049500188849e-12,NaN,NaN,9528.05174819192,19022.404877966,2.99646322046643,1.36663481692899,2039548.182237
865,VCVS,LPF,VCVS_LPF_Maheshwari,Maheshwari VCVS equal-component active-filter equations,117048.338440866,117048.338440866,NaN,1.1101889937932e-10,1.1101889937932e-10,NaN,NaN,9866.14516254725,9243.89708209459,1.93693098264814,0.940672697329694,12247.7964786301
770,PASSIVE,BSF,PASSIVE_RLC_BSF,Passive RLC second-order equation,1678.62955336252,NaN,NaN,1.73987840185327e-10,NaN,NaN,0.000924485316524066,NaN,NaN,1,1.37320600993552,396835.644442687
2082,MFB,BPF,MFB_BPF_Maheshwari,Maheshwari MFB active-filter equations,3810627.51587653,127551314.381984,NaN,1.50168838154344e-10,2.13847031367109e-11,NaN,NaN,NaN,NaN,-12271.574128674,1.91111163000369,127.390748613301
1624,MFB,LPF,MFB_LPF_Maheshwari,Maheshwari MFB active-filter equations,295049.001913822,76188.1396003581,406246.220906787,6.95538790961097e-10,4.07521444235518e-11,NaN,NaN,NaN,NaN,-1.37687712302597,1.23747697042526,5373.35914305842
1749,MFB,LPF,MFB_LPF_Maheshwari,Maheshwari MFB active-filter equations,1564.78357717848,390.445455357031,4915.61954188403,8.90901276979115e-10,3.00859048142711e-11,NaN,NaN,NaN,NaN,-3.14140537616555,1.15402621661782,701704.861241845
2870,ACTIVE_OTHER,BPF,ACTIVE_OTHER_STATE_VARIABLE_BPF,External state-variable/biquad active-filter canonical equation,1194.57897666375,17743.8100735807,42311.6665089184,1.0861868041229e-12,1.45999913734348e-10,NaN,NaN,9834.95424951544,15751.4834262705,2.60158176913192,4.045068193677,2745115.9747465
1902,MFB,HPF,MFB_HPF_Maheshwari,Maheshwari MFB active-filter equations,389401.056383612,75967.0322687762,NaN,1.46948430132708e-10,5.99952257526194e-10,1.06897124032811e-10,NaN,NaN,NaN,-0.727446519410061,0.923147783414954,3653.99233681936
1677,MFB,LPF,MFB_LPF_Maheshwari,Maheshwari MFB active-filter equations,5996.93417003146,27397.528486655,14194.8685883006,3.10843705700946e-10,1.09360034903631e-10,NaN,NaN,NaN,NaN,-2.36702091199146,0.312353459890025,43772.2016185145
2673,ACTIVE_OTHER,HPF,ACTIVE_OTHER_STATE_VARIABLE_HPF,External state-variable/biquad active-filter canonical equation,1333.0280490509,544762.879800644,45687.7057891095,6.07438452975054e-11,2.58704302084414e-11,NaN,NaN,9863.79161531336,32293.6706285966,4.27396115895852,4.3801322844497,148985.419598991
1240,VCVS,BPF,VCVS_BPF_Maheshwari,Maheshwari VCVS equal-component active-filter equations,990410.239361927,990410.239361927,NaN,1.7976569487105e-11,1.7976569487105e-11,NaN,NaN,10192.7684170754,13943.2098168208,2.36795120288052,1.582156321723,8939.19049359871
2662,ACTIVE_OTHER,HPF,ACTIVE_OTHER_STATE_VARIABLE_HPF,External state-variable/biquad active-filter canonical equation,3170.19798678562,538559.441839833,10216.9570816681,2.00425236407087e-12,6.62563871923838e-12,NaN,NaN,9795.57301625462,20953.5999401678,3.13908873992341,1.01412651941501,1056987.95622887
1128,VCVS,HPF,VCVS_HPF_Maheshwari,Maheshwari VCVS equal-component active-filter equations,96665.1770598009,96665.1770598009,NaN,1.75904415247909e-11,1.75904415247909e-11,NaN,NaN,10007.0799053167,13901.9545745454,2.38921190857679,1.63722903907619,93599.4593933955
3011,ACTIVE_OTHER,BSF,ACTIVE_OTHER_STATE_VARIABLE_BSF,External state-variable/biquad active-filter canonical equation,27364.1275087749,362124.498876328,47500.9735140206,1.70917178095009e-11,1.51806391352375e-10,NaN,NaN,9956.83480093957,12872.968043904,2.29287753601066,4.92911510328693,31387.9166071945
3180,ACTIVE_OTHER,BSF,ACTIVE_OTHER_STATE_VARIABLE_BSF,External state-variable/biquad active-filter canonical equation,226143.13788348,2048.54488350837,39424.6891586096,9.1831679713334e-10,2.55007036496019e-10,NaN,NaN,9981.90315576369,12521.9233832148,2.25446251960324,3.78075359665895,15280.3512171396
466,PASSIVE,BPF,PASSIVE_RLC_BPF,Passive RLC second-order equation,376964.7915317,NaN,NaN,3.08357282910182e-11,NaN,NaN,3.79764933571616,NaN,NaN,1,0.930956816495685,14707.3895694211
1864,MFB,HPF,MFB_HPF_Maheshwari,Maheshwari MFB active-filter equations,4118.82307434604,77219.8379996138,NaN,1.45436624228355e-10,6.21333699977521e-10,1.13253178410086e-11,NaN,NaN,NaN,-0.077871154539632,0.319742365179991,106385.26155154
544,PASSIVE,BPF,PASSIVE_RLC_BPF,Passive RLC second-order equation,135037870.774429,NaN,NaN,2.26856054043062e-12,NaN,NaN,86501.7357654003,NaN,NaN,1,1.44604444927418,359.279579460556
2725,ACTIVE_OTHER,HPF,ACTIVE_OTHER_STATE_VARIABLE_HPF,External state-variable/biquad active-filter canonical equation,21006.3614405216,121366.646201995,8400.18628100656,1.78846159577601e-12,3.40545206878951e-11,NaN,NaN,10149.821264031,5807.31629717806,1.57215946430092,0.859583629902569,403894.411258367
1811,MFB,HPF,MFB_HPF_Maheshwari,Maheshwari MFB active-filter equations,31810.6554749027,6707.37788773512,NaN,5.86854307104738e-11,7.88137412004885e-10,1.05277475014527e-10,NaN,NaN,NaN,-1.79392864191312,0.367274477457674,37825.8532530562
602,PASSIVE,BSF,PASSIVE_RLC_BSF,Passive RLC second-order equation,223365.651311,NaN,NaN,3.36545223614881e-11,NaN,NaN,11.1352911471947,NaN,NaN,1,2.57521019906882,8221.43500206879
3118,ACTIVE_OTHER,BSF,ACTIVE_OTHER_STATE_VARIABLE_BSF,External state-variable/biquad active-filter canonical equation,4518.925529357,176863.316985489,54434.4906657814,1.13720141173381e-10,1.53055812499796e-12,NaN,NaN,10121.4271044057,20948.6310999584,3.06973096618358,5.43771069657851,426717.101067019
2512,ACTIVE_OTHER,LPF,ACTIVE_OTHER_STATE_VARIABLE_LPF,External state-variable/biquad active-filter canonical equation,200368.356162884,23687.5475276479,18883.494053736,2.3697485130828e-11,2.9182187375284e-12,NaN,NaN,10018.12704879,20243.3733450359,3.0206744480727,1.80146215511917,277802.061448406
944,VCVS,LPF,VCVS_LPF_Maheshwari,Maheshwari VCVS equal-component active-filter equations,242393.447198941,242393.447198941,NaN,1.57581055188403e-11,1.57581055188403e-11,NaN,NaN,9923.16297907143,662.699948556326,1.06678313658195,0.517272541390902,41667.2897167378
2123,MFB,BPF,MFB_BPF_Maheshwari,Maheshwari MFB active-filter equations,1112486.06480175,1951777.89735569,NaN,2.09699754255086e-10,1.98468138436588e-10,NaN,NaN,NaN,NaN,-4529.12830775227,0.662023532947049,529.4357763486
671,PASSIVE,BSF,PASSIVE_RLC_BSF,Passive RLC second-order equation,29998.6733202969,NaN,NaN,8.22826510250844e-11,NaN,NaN,0.428612236360793,NaN,NaN,1,2.40589182414542,26799.9331747526
443,PASSIVE,BPF,PASSIVE_RLC_BPF,Passive RLC second-order equation,7358496.74133921,NaN,NaN,1.45502511647352e-12,NaN,NaN,2034.43035212825,NaN,NaN,1,5.08156009936146,2925.25326869071
2804,ACTIVE_OTHER,BPF,ACTIVE_OTHER_STATE_VARIABLE_BPF,External state-variable/biquad active-filter canonical equation,247772.221518063,9270.92070247062,11213.9508095972,1.3828088909392e-11,1.33711097814164e-10,NaN,NaN,9978.44841954124,7600.1517498864,1.76165666547944,1.16083062946578,77226.7186612168
1715,MFB,LPF,MFB_LPF_Maheshwari,Maheshwari MFB active-filter equations,1118.29236706716,3251.04133214113,3850.45697865057,1.01595328504247e-10,4.03960776833033e-11,NaN,NaN,NaN,NaN,-3.44315770369497,0.306686047504155,702176.482211597
2140,MFB,BPF,MFB_BPF_Maheshwari,Maheshwari MFB active-filter equations,28458.1534346275,5144246.99083364,NaN,1.26159505723477e-11,6.39342680943631e-11,NaN,NaN,NaN,NaN,-549616.276526836,4.988132148413,14646.3372109859
2509,ACTIVE_OTHER,LPF,ACTIVE_OTHER_STATE_VARIABLE_LPF,External state-variable/biquad active-filter canonical equation,10690.2733824722,23135.3054627066,30168.5943755525,4.11932603867765e-11,7.21291487390475e-10,NaN,NaN,9695.07976013843,7299.94950133788,1.75295404286944,2.93585500715718,58711.0192442129
3038,ACTIVE_OTHER,BSF,ACTIVE_OTHER_STATE_VARIABLE_BSF,External state-variable/biquad active-filter canonical equation,383897.709633977,687809.401174795,29105.2019409693,9.42161530957562e-11,8.3495919577195e-10,NaN,NaN,9804.77361481677,15180.3615763401,2.5482623233034,3.0510737105078,1104.28966427026
2300,MFB,BSF,MFB_BSF_1_MINUS_BP,Maheshwari MFB BPF denominator + ADI 1-minus-BP notch construction,5223.28392162223,344116.060504462,NaN,7.67926613370602e-11,1.54195117214904e-11,NaN,NaN,NaN,NaN,1,3.02891836166828,109093.951744397
821,VCVS,LPF,VCVS_LPF_Maheshwari,Maheshwari VCVS equal-component active-filter equations,38609.5045260897,38609.5045260897,NaN,2.98438564963399e-10,2.98438564963399e-10,NaN,NaN,9871.4437283681,2815.92944696888,1.28526014273643,0.583178839498037,13812.4576749437
2797,ACTIVE_OTHER,HPF,ACTIVE_OTHER_STATE_VARIABLE_HPF,External state-variable/biquad active-filter canonical equation,1933.91739630398,94534.6955732157,23516.4330071837,6.15904689411281e-11,2.28133078386673e-10,NaN,NaN,10347.8365468302,28343.9480622588,3.7391182624489,2.37607617905184,99301.2398063694
313,PASSIVE,HPF,PASSIVE_RC_HPF,Passive RC first-order equation,212150.09270127,NaN,NaN,5.22442161843262e-10,NaN,NaN,NaN,NaN,NaN,1,NaN,1435.94791671431
2829,ACTIVE_OTHER,BPF,ACTIVE_OTHER_STATE_VARIABLE_BPF,External state-variable/biquad active-filter canonical equation,8314.88191517327,2923.12652299518,15808.5215269547,2.66743192681755e-12,6.7740345303468e-11,NaN,NaN,9869.23173968458,16465.1152918811,2.6683279637334,1.55778801796769,2401584.6903976
1683,MFB,LPF,MFB_LPF_Maheshwari,Maheshwari MFB active-filter equations,13390.0157982034,141.143885428685,18574.6484096198,9.06018106795075e-10,3.11521437625947e-11,NaN,NaN,NaN,NaN,-1.38720138120464,0.461729713118537,585081.530256658
1477,VCVS,BSF,VCVS_BSF_Maheshwari,Maheshwari VCVS equal-component active-filter equations,14317.3849941151,14317.3849941151,NaN,1.45942584248227e-11,1.45942584248227e-11,NaN,NaN,10136.6724600371,4035.73361421638,1.3981319935242,0.830746932251333,761683.234152967
2339,MFB,BSF,MFB_BSF_1_MINUS_BP,Maheshwari MFB BPF denominator + ADI 1-minus-BP notch construction,64493.6390406489,1118889.85879745,NaN,1.34252158790598e-10,4.57059888028273e-11,NaN,NaN,NaN,NaN,1,1.81305469927218,7563.46546311646
290,PASSIVE,HPF,PASSIVE_RC_HPF,Passive RC first-order equation,21453.8056727242,NaN,NaN,3.30316952451374e-10,NaN,NaN,NaN,NaN,NaN,1,NaN,22458.7161440821
833,VCVS,LPF,VCVS_LPF_Maheshwari,Maheshwari VCVS equal-component active-filter equations,1464.61132120147,1464.61132120147,NaN,1.70252590455116e-12,1.70252590455116e-12,NaN,NaN,10169.6327717981,10006.04476808,1.98391406972219,0.984168730420846,63826938.8680245
2432,ACTIVE_OTHER,LPF,ACTIVE_OTHER_STATE_VARIABLE_LPF,External state-variable/biquad active-filter canonical equation,525113.934959644,13964.3690479589,23556.6233764284,2.58309002873264e-10,2.76818111943046e-12,NaN,NaN,9944.66460778304,33598.1481069419,4.37850992789106,2.44099588881292,69504.940922677
1066,VCVS,HPF,VCVS_HPF_Maheshwari,Maheshwari VCVS equal-component active-filter equations,142653.713288186,142653.713288186,NaN,1.63594983463268e-11,1.63594983463268e-11,NaN,NaN,9824.20162062398,10787.7677002116,2.0980808534675,1.1087468359493,68197.2823759363
1304,VCVS,BPF,VCVS_BPF_Maheshwari,Maheshwari VCVS equal-component active-filter equations,76162.9565637113,76162.9565637113,NaN,2.82815778892835e-12,2.82815778892835e-12,NaN,NaN,9964.69151739546,5326.25568385477,1.53451285215972,0.682366953182577,738877.941127149
490,PASSIVE,BPF,PASSIVE_RLC_BPF,Passive RLC second-order equation,95262.8716989729,NaN,NaN,3.24307967005072e-12,NaN,NaN,0.599875116961341,NaN,NaN,1,4.51469011221558,114106.635190005
14,PASSIVE,LPF,PASSIVE_RC_LPF,Passive RC first-order equation,29551.871165535,NaN,NaN,5.71358048118946e-11,NaN,NaN,NaN,NaN,NaN,1,NaN,94259.8615842685
654,PASSIVE,BSF,PASSIVE_RLC_BSF,Passive RLC second-order equation,454731.954267867,NaN,NaN,1.11254987255173e-12,NaN,NaN,4.78544875991599,NaN,NaN,1,4.56085344992334,68976.1662526652
2271,MFB,BSF,MFB_BSF_1_MINUS_BP,Maheshwari MFB BPF denominator + ADI 1-minus-BP notch construction,62.9830209209814,16216.3512633633,NaN,1.67821484996577e-10,8.3122502822039e-10,NaN,NaN,NaN,NaN,1,5.99876991862981,421646.72448801
137,PASSIVE,LPF,PASSIVE_RC_LPF,Passive RC first-order equation,2541.48487474783,NaN,NaN,8.74749135557404e-10,NaN,NaN,NaN,NaN,NaN,1,NaN,71589.4589633608
3120,ACTIVE_OTHER,BSF,ACTIVE_OTHER_STATE_VARIABLE_BSF,External state-variable/biquad active-filter canonical equation,11502.9237913362,348810.484114906,38204.8254350954,2.60264967025215e-11,9.06595441260882e-10,NaN,NaN,10370.6014562196,18209.3206089743,2.75585964669905,3.73485255589969,16357.1118363907
860,VCVS,LPF,VCVS_LPF_Maheshwari,Maheshwari VCVS equal-component active-filter equations,22144.8184475206,22144.8184475206,NaN,8.17711755331439e-12,8.17711755331439e-12,NaN,NaN,10024.0432993208,10222.2831928549,2.01977644026613,1.0201754386229,878916.801058188
1424,VCVS,BSF,VCVS_BSF_Maheshwari,Maheshwari VCVS equal-component active-filter equations,24114.7434775463,24114.7434775463,NaN,1.08759188613604e-11,1.08759188613604e-11,NaN,NaN,10192.7663004903,6128.50249559881,1.60125998329855,1.25394988979589,606836.264468908
1469,VCVS,BSF,VCVS_BSF_Maheshwari,Maheshwari VCVS equal-component active-filter equations,8795.58561176548,8795.58561176548,NaN,3.77047367387023e-11,3.77047367387023e-11,NaN,NaN,9887.87723968793,1027.12931234206,1.10387763596208,0.557959515424886,479909.623337406
921,VCVS,LPF,VCVS_LPF_Maheshwari,Maheshwari VCVS equal-component active-filter equations,187014.802732729,187014.802732729,NaN,3.11426816344019e-10,3.11426816344019e-10,NaN,NaN,10015.2482774946,5925.49956708349,1.59164779573151,0.710049657301038,2732.67599683001
1266,VCVS,BPF,VCVS_BPF_Maheshwari,Maheshwari VCVS equal-component active-filter equations,3172.00163908198,3172.00163908198,NaN,1.98332136634507e-10,1.98332136634507e-10,NaN,NaN,10139.2435065116,11668.1083302965,2.15078687308407,1.17756069507743,252984.339591579
1236,VCVS,BPF,VCVS_BPF_Maheshwari,Maheshwari VCVS equal-component active-filter equations,4916.20103132111,4916.20103132111,NaN,1.10253833878805e-11,1.10253833878805e-11,NaN,NaN,9814.70632443967,13498.3721330062,2.37532104240284,1.6008222909357,2936275.47590734
2549,ACTIVE_OTHER,LPF,ACTIVE_OTHER_STATE_VARIABLE_LPF,External state-variable/biquad active-filter canonical equation,36653.1575475694,1029.75525709845,20201.728832134,1.64266143252283e-10,8.6333732279869e-11,NaN,NaN,9775.50395134335,11431.0430405922,2.1693558815473,1.93694191752767,217537.001266984
2937,ACTIVE_OTHER,BPF,ACTIVE_OTHER_STATE_VARIABLE_BPF,External state-variable/biquad active-filter canonical equation,34685.1090160862,1208.29145674747,10664.4675779515,3.81164367022611e-10,1.61395507160019e-10,NaN,NaN,10351.0560210095,7791.44626288325,1.75271993959543,1.10000686683969,99119.9056217485
1199,VCVS,HPF,VCVS_HPF_Maheshwari,Maheshwari VCVS equal-component active-filter equations,515892.405528945,515892.405528945,NaN,2.7245229305292e-10,2.7245229305292e-10,NaN,NaN,10110.7874615722,10899.3295457372,2.07799017506421,1.08458714099889,1132.32352319231
1156,VCVS,HPF,VCVS_HPF_Maheshwari,Maheshwari VCVS equal-component active-filter equations,44381.0396714695,44381.0396714695,NaN,4.91286101339375e-10,4.91286101339375e-10,NaN,NaN,10149.4126051127,4525.38352815824,1.44587639740635,0.643449464592853,7299.41712103888
2614,ACTIVE_OTHER,HPF,ACTIVE_OTHER_STATE_VARIABLE_HPF,External state-variable/biquad active-filter canonical equation,131009.77877709,274038.492859811,10680.7996882559,4.64681344372605e-12,2.43982786386311e-12,NaN,NaN,10413.9010412319,10147.2751379585,1.97439711571891,1.02949944160295,249462.504310091
1695,MFB,LPF,MFB_LPF_Maheshwari,Maheshwari MFB active-filter equations,432100.245513135,52176.9964656856,435070.933355169,3.36004129096057e-10,2.9476102584499e-11,NaN,NaN,NaN,NaN,-1.00687499688528,0.94240402011734,10614.3455563784
284,PASSIVE,HPF,PASSIVE_RC_HPF,Passive RC first-order equation,16853.6584159385,NaN,NaN,1.14184556055659e-11,NaN,NaN,NaN,NaN,NaN,1,NaN,827024.882723309
327,PASSIVE,HPF,PASSIVE_RC_HPF,Passive RC first-order equation,6896.56738154019,NaN,NaN,1.25690306232698e-11,NaN,NaN,NaN,NaN,NaN,1,NaN,1836053.63427217
1794,MFB,LPF,MFB_LPF_Maheshwari,Maheshwari MFB active-filter equations,238171.694006373,434434.693418255,736437.426637852,3.46341423429025e-10,8.51576968573983e-11,NaN,NaN,NaN,NaN,-3.09204429061224,0.453708520783532,1638.42204707144
598,PASSIVE,BPF,PASSIVE_RLC_BPF,Passive RLC second-order equation,7270.66670888876,NaN,NaN,4.10875706125529e-11,NaN,NaN,0.0495171295598093,NaN,NaN,1,4.77472388539148,111580.208670893
2173,MFB,BPF,MFB_BPF_Maheshwari,Maheshwari MFB active-filter equations,31227.9208117327,479122.289548689,NaN,4.42972958268683e-10,9.04834955975947e-10,NaN,NaN,NaN,NaN,-35390.5702500531,1.83991154031528,2055.19065560081
2319,MFB,BSF,MFB_BSF_1_MINUS_BP,Maheshwari MFB BPF denominator + ADI 1-minus-BP notch construction,290.933415640865,6926.90149382575,NaN,6.85032323283169e-10,8.25030357562989e-10,NaN,NaN,NaN,NaN,1,2.42922770119107,149129.419164229
1344,VCVS,BPF,VCVS_BPF_Maheshwari,Maheshwari VCVS equal-component active-filter equations,4672.23379050763,4672.23379050763,NaN,9.5754123350964e-12,9.5754123350964e-12,NaN,NaN,9882.06574473215,9698.45336436404,1.981419635822,0.981758568266728,3557444.07185582
794,PASSIVE,BSF,PASSIVE_RLC_BSF,Passive RLC second-order equation,255471.705666702,NaN,NaN,9.79828382357384e-10,NaN,NaN,1132.24669658795,NaN,NaN,1,4.20777700445007,151.103523949869
2652,ACTIVE_OTHER,HPF,ACTIVE_OTHER_STATE_VARIABLE_HPF,External state-variable/biquad active-filter canonical equation,13224.1748590321,289175.286144234,26953.9905215936,2.94686286265795e-10,9.59780514462628e-10,NaN,NaN,10366.729330949,15248.957453506,2.47095163447371,2.81369099897067,4839.37554962963
147,PASSIVE,LPF,PASSIVE_RC_LPF,Passive RC first-order equation,16012.4721682954,NaN,NaN,3.5095875478906e-10,NaN,NaN,NaN,NaN,NaN,1,NaN,28320.8095329327
1244,VCVS,BPF,VCVS_BPF_Maheshwari,Maheshwari VCVS equal-component active-filter equations,556165.599216869,556165.599216869,NaN,7.15201914456305e-10,7.15201914456305e-10,NaN,NaN,9854.96153704208,8556.28926316215,1.86822147717182,0.883565096730339,400.11731021386
2810,ACTIVE_OTHER,BPF,ACTIVE_OTHER_STATE_VARIABLE_BPF,External state-variable/biquad active-filter canonical equation,176202.290059082,329047.725695321,8207.6930391477,7.62298928407544e-10,1.55876497425473e-10,NaN,NaN,10433.4042384999,8064.12363863321,1.77291394585059,0.847423968736271,1917.48483005106
3115,ACTIVE_OTHER,BSF,ACTIVE_OTHER_STATE_VARIABLE_BSF,External state-variable/biquad active-filter canonical equation,5188.23026067223,3345.63879226123,8042.98344889798,1.26137869804856e-12,1.97841677506002e-10,NaN,NaN,10274.8629880707,18716.3058263565,2.82156256955314,0.800629754513125,2418184.01377437
1516,VCVS,BSF,VCVS_BSF_Maheshwari,Maheshwari VCVS equal-component active-filter equations,161284.261548913,161284.261548913,NaN,6.76731395107564e-11,6.76731395107564e-11,NaN,NaN,10084.1517565001,5836.81693487815,1.57881089811206,1.1871152357903,14581.8228115378
2669,ACTIVE_OTHER,HPF,ACTIVE_OTHER_STATE_VARIABLE_HPF,External state-variable/biquad active-filter canonical equation,13519.0809311026,12801.6493022157,56860.479835588,3.60002367840926e-10,1.35175117810523e-12,NaN,NaN,9924.81051570885,30804.4925585809,4.10378646623268,5.57934214294096,548419.044604536
2385,MFB,BSF,MFB_BSF_1_MINUS_BP,Maheshwari MFB BPF denominator + ADI 1-minus-BP notch construction,2350.62989773501,35192.2197662,NaN,5.34760630083013e-10,1.63978277758207e-11,NaN,NaN,NaN,NaN,1,0.657396821462652,186866.64990661
2516,ACTIVE_OTHER,LPF,ACTIVE_OTHER_STATE_VARIABLE_LPF,External state-variable/biquad active-filter canonical equation,1559.11688951106,5769.34690793373,37345.0280801791,1.38357847443364e-12,4.56766963661572e-10,NaN,NaN,9873.79461459098,10523.4525778297,2.06579617954364,3.89886986870741,2110902.7500826
1722,MFB,LPF,MFB_LPF_Maheshwari,Maheshwari MFB active-filter equations,129491.073914261,649009.470972757,136569.692174696,1.54731931050858e-10,6.56402508658787e-11,NaN,NaN,NaN,NaN,-1.05466491277323,0.310935640341467,5304.47443017335
328,PASSIVE,HPF,PASSIVE_RC_HPF,Passive RC first-order equation,504522.288866277,NaN,NaN,4.29490728223004e-10,NaN,NaN,NaN,NaN,NaN,1,NaN,734.490159364351
2243,MFB,BSF,MFB_BSF_1_MINUS_BP,Maheshwari MFB BPF denominator + ADI 1-minus-BP notch construction,3293.36091267834,1817195.289725,NaN,1.29929376324904e-11,4.07607840851153e-10,NaN,NaN,NaN,NaN,1,4.06430234077172,28269.9294935373
233,PASSIVE,HPF,PASSIVE_RC_HPF,Passive RC first-order equation,3372.40729692053,NaN,NaN,6.28355362874451e-10,NaN,NaN,NaN,NaN,NaN,1,NaN,75106.026350367
2332,MFB,BSF,MFB_BSF_1_MINUS_BP,Maheshwari MFB BPF denominator + ADI 1-minus-BP notch construction,48229.5909283481,6482700.64341452,NaN,2.22803813631997e-11,1.13310528108442e-11,NaN,NaN,NaN,NaN,1,5.48063137436299,17913.8493195376
2707,ACTIVE_OTHER,HPF,ACTIVE_OTHER_STATE_VARIABLE_HPF,External state-variable/biquad active-filter canonical equation,22105.418338512,3175.4762511848,25922.1669931247,4.55766902052934e-12,1.11178398634947e-12,NaN,NaN,9646.6565063414,13871.7340967626,2.43798362548141,2.50495466772795,8438878.40317367
1103,VCVS,HPF,VCVS_HPF_Maheshwari,Maheshwari VCVS equal-component active-filter equations,5831.37304564188,5831.37304564188,NaN,1.99012288528344e-10,1.99012288528344e-10,NaN,NaN,10075.6748495173,7216.37782415822,1.71621781487956,0.778948338425638,137141.663383403
2008,MFB,BPF,MFB_BPF_Maheshwari,Maheshwari MFB active-filter equations,29.4043591739529,1406.6282475179,NaN,8.21217596479646e-10,7.80864800609377e-10,NaN,NaN,NaN,NaN,-43552434.3323193,3.45713234664412,977254.228782808
263,PASSIVE,HPF,PASSIVE_RC_HPF,Passive RC first-order equation,75014.1381321376,NaN,NaN,2.09314342057849e-10,NaN,NaN,NaN,NaN,NaN,1,NaN,10136.2665124514
2253,MFB,BSF,MFB_BSF_1_MINUS_BP,Maheshwari MFB BPF denominator + ADI 1-minus-BP notch construction,33887.3833371739,2734481.39039869,NaN,3.9361256953281e-10,6.13903488885177e-11,NaN,NaN,NaN,NaN,1,3.06894295668511,3363.40447571612
1068,VCVS,HPF,VCVS_HPF_Maheshwari,Maheshwari VCVS equal-component active-filter equations,19799.6927814719,19799.6927814719,NaN,1.65180553097768e-10,1.65180553097768e-10,NaN,NaN,10145.3976688045,13847.3211033867,2.36488697194838,1.57452288936312,48663.4353165321
933,VCVS,LPF,VCVS_LPF_Maheshwari,Maheshwari VCVS equal-component active-filter equations,11714.7794653151,11714.7794653151,NaN,5.14899163014903e-11,5.14899163014903e-11,NaN,NaN,9879.04694922344,13870.1970164036,2.40400152845654,1.67785665189759,263854.088750791
3069,ACTIVE_OTHER,BSF,ACTIVE_OTHER_STATE_VARIABLE_BSF,External state-variable/biquad active-filter canonical equation,11999.8320219588,24558.23878564,20140.5331606292,7.54413374861019e-11,1.66447534700043e-12,NaN,NaN,10164.0796501134,14993.7373801701,2.47516921318133,2.07546544478211,827352.466960641
229,PASSIVE,HPF,PASSIVE_RC_HPF,Passive RC first-order equation,131171.6668257,NaN,NaN,2.67329654905686e-11,NaN,NaN,NaN,NaN,NaN,1,NaN,45387.1545703532
3008,ACTIVE_OTHER,BSF,ACTIVE_OTHER_STATE_VARIABLE_BSF,External state-variable/biquad active-filter canonical equation,6324.92224120402,26447.8770144056,41428.1331478571,4.59621170773738e-10,1.18243392867693e-12,NaN,NaN,10297.0286529095,30589.0974114295,3.97067226308886,4.3380197670706,527847.749426556
292,PASSIVE,HPF,PASSIVE_RC_HPF,Passive RC first-order equation,2623.45292502874,NaN,NaN,5.84303402776698e-12,NaN,NaN,NaN,NaN,NaN,1,NaN,10382655.4106393
2439,ACTIVE_OTHER,LPF,ACTIVE_OTHER_STATE_VARIABLE_LPF,External state-variable/biquad active-filter canonical equation,4074.67215477015,1395.79744972749,50436.1516268616,4.98135276637568e-11,3.1993651468431e-10,NaN,NaN,10068.5771200782,26656.6349826507,3.64750765324063,5.16107219335213,528636.373201905
29,PASSIVE,LPF,PASSIVE_RC_LPF,Passive RC first-order equation,24817.9696089314,NaN,NaN,7.97293488987129e-10,NaN,NaN,NaN,NaN,NaN,1,NaN,8043.32589843562
2167,MFB,BPF,MFB_BPF_Maheshwari,Maheshwari MFB active-filter equations,1705526.05416095,105221820.062076,NaN,1.42194866430057e-10,9.55760276057987e-11,NaN,NaN,NaN,NaN,-6134.69062070516,3.85107061254929,101.911126176285
293,PASSIVE,HPF,PASSIVE_RC_HPF,Passive RC first-order equation,4920.37703485352,NaN,NaN,7.11434654875826e-12,NaN,NaN,NaN,NaN,NaN,1,NaN,4546599.84110684
2974,ACTIVE_OTHER,BPF,ACTIVE_OTHER_STATE_VARIABLE_BPF,External state-variable/biquad active-filter canonical equation,555203.211103921,62084.3934590999,11118.2208454722,5.55585175100687e-10,4.67159648058512e-12,NaN,NaN,10338.8983399933,25995.6654899985,3.51435545985022,1.1363509613494,16826.5445637342
932,VCVS,LPF,VCVS_LPF_Maheshwari,Maheshwari VCVS equal-component active-filter equations,9541.11323521116,9541.11323521116,NaN,5.83659766831357e-12,5.83659766831357e-12,NaN,NaN,10120.8470255214,8545.2847775255,1.84432506053863,0.865295219143603,2857994.07555809
1331,VCVS,BPF,VCVS_BPF_Maheshwari,Maheshwari VCVS equal-component active-filter equations,5326.48156113758,5326.48156113758,NaN,2.88012790582691e-11,2.88012790582691e-11,NaN,NaN,9950.56553085662,10611.548762694,2.06642670004912,1.07115317035376,1037451.80012276
1583,VCVS,BSF,VCVS_BSF_Maheshwari,Maheshwari VCVS equal-component active-filter equations,56170.9865097813,56170.9865097813,NaN,8.89443789833098e-10,8.89443789833098e-10,NaN,NaN,9897.36841249665,979.763328278444,1.09899230658539,0.554934218269677,3185.58775390949
3097,ACTIVE_OTHER,BSF,ACTIVE_OTHER_STATE_VARIABLE_BSF,External state-variable/biquad active-filter canonical equation,494972.957024442,7275.12038386637,7868.3875261561,2.39058820251051e-12,4.77455079378405e-11,NaN,NaN,9650.16944093317,32023.4937511553,4.3184384944912,0.773686701974172,248250.801169093
1871,MFB,HPF,MFB_HPF_Maheshwari,Maheshwari MFB active-filter equations,228705.165894535,417.729673592863,NaN,9.94286516310011e-12,2.05160119100314e-10,1.0935220998173e-11,NaN,NaN,NaN,-1.099805822446,4.45812983590074,343774.950059627
1649,MFB,LPF,MFB_LPF_Maheshwari,Maheshwari MFB active-filter equations,1039.611698937,1563.20737957006,3051.21809882899,3.47923857442484e-10,1.22720674198664e-10,NaN,NaN,NaN,NaN,-2.93495937180088,0.399602508882792,352674.643753835
652,PASSIVE,BSF,PASSIVE_RLC_BSF,Passive RLC second-order equation,11607108.7846976,NaN,NaN,3.27715033287811e-11,NaN,NaN,42734.4030302901,NaN,NaN,1,3.11111871864472,134.487874148808
2511,ACTIVE_OTHER,LPF,ACTIVE_OTHER_STATE_VARIABLE_LPF,External state-variable/biquad active-filter canonical equation,2808.18133388037,4234.74479759941,24435.8623469053,2.74018831801339e-11,1.21715801043183e-12,NaN,NaN,9822.79505698696,9853.09967932894,2.0030851323036,2.3850391463487,7991535.81003983
2120,MFB,BPF,MFB_BPF_Maheshwari,Maheshwari MFB active-filter equations,1352020.13322045,209281589.326887,NaN,1.01359148081022e-11,3.39308707065937e-10,NaN,NaN,NaN,NaN,-2179.82604277616,2.0879714215672,161.337031470902
2440,ACTIVE_OTHER,LPF,ACTIVE_OTHER_STATE_VARIABLE_LPF,External state-variable/biquad active-filter canonical equation,661131.191118734,3168.16511202695,26447.9721358903,1.10349257919141e-11,7.9309177504424e-10,NaN,NaN,9731.76938962845,22785.9948235536,3.34140308008506,2.6635672085068,37172.8597477434
2406,ACTIVE_OTHER,LPF,ACTIVE_OTHER_STATE_VARIABLE_LPF,External state-variable/biquad active-filter canonical equation,167140.958240908,115675.317074248,12727.667303935,1.01626117530278e-11,4.84187746980794e-11,NaN,NaN,9701.16234271733,9257.37419179676,1.95425412592402,1.33519393311308,51599.8897730844
2921,ACTIVE_OTHER,BPF,ACTIVE_OTHER_STATE_VARIABLE_BPF,External state-variable/biquad active-filter canonical equation,34307.9360801519,763237.577276207,31436.5262445346,5.3019867763236e-11,5.67696169076653e-11,NaN,NaN,10377.9538039684,7911.14759404137,1.76230321925467,3.21930703662094,17927.3320055827
230,PASSIVE,HPF,PASSIVE_RC_HPF,Passive RC first-order equation,25627.4155955779,NaN,NaN,1.28705352105716e-12,NaN,NaN,NaN,NaN,NaN,1,NaN,4825237.70450703
1598,VCVS,BSF,VCVS_BSF_Maheshwari,Maheshwari VCVS equal-component active-filter equations,1723.94371099406,1723.94371099406,NaN,1.34107867172171e-10,1.34107867172171e-10,NaN,NaN,9860.91787617307,5803.00643977479,1.58848542424196,1.21502379126902,688403.063881482
359,PASSIVE,HPF,PASSIVE_RC_HPF,Passive RC first-order equation,16367.7394533308,NaN,NaN,4.71224948393454e-12,NaN,NaN,NaN,NaN,NaN,1,NaN,2063493.7267179
1745,MFB,LPF,MFB_LPF_Maheshwari,Maheshwari MFB active-filter equations,1744.61990742872,20461.7754648103,6024.75338289381,4.21810054070712e-10,4.63713920006761e-11,NaN,NaN,NaN,NaN,-3.4533329335748,0.344700163410396,102493.260044443
243,PASSIVE,HPF,PASSIVE_RC_HPF,Passive RC first-order equation,6386.60938952931,NaN,NaN,9.28834721445143e-11,NaN,NaN,NaN,NaN,NaN,1,NaN,268294.231266194
2458,ACTIVE_OTHER,LPF,ACTIVE_OTHER_STATE_VARIABLE_LPF,External state-variable/biquad active-filter canonical equation,111912.761622343,3687.41543242768,6817.0644409591,1.18597859662581e-12,1.99417299491831e-11,NaN,NaN,9892.10373127131,8376.33601764201,1.84676993339267,0.68380586937202,1611014.50148868
2907,ACTIVE_OTHER,BPF,ACTIVE_OTHER_STATE_VARIABLE_BPF,External state-variable/biquad active-filter canonical equation,1054.10222108725,64641.446606467,16687.9293741114,1.4598465278991e-12,3.60543186405586e-12,NaN,NaN,10483.2784196074,11866.8368931708,2.13197765223669,1.67913749439476,8404095.65773577
3028,ACTIVE_OTHER,BSF,ACTIVE_OTHER_STATE_VARIABLE_BSF,External state-variable/biquad active-filter canonical equation,501288.567384324,17381.9796856188,9029.00356465182,6.5090709261897e-10,2.7558240091534e-11,NaN,NaN,10340.8105102531,14332.0655428291,2.3859711991259,0.865654342085135,12730.3801022944
476,PASSIVE,BPF,PASSIVE_RLC_BPF,Passive RLC second-order equation,851.17616006577,NaN,NaN,5.80103972162762e-10,NaN,NaN,0.00234896192744542,NaN,NaN,1,2.36409877481588,136341.86274929
1819,MFB,HPF,MFB_HPF_Maheshwari,Maheshwari MFB active-filter equations,332529.032824607,3472.95101577043,NaN,6.81763133783845e-10,3.12802392300455e-11,1.18228692354124e-11,NaN,NaN,NaN,-0.0173416083233988,14.9697547019985,243533.966400265
2789,ACTIVE_OTHER,HPF,ACTIVE_OTHER_STATE_VARIABLE_HPF,External state-variable/biquad active-filter canonical equation,389154.357094618,15225.8991234382,38844.1108126027,2.95182441528214e-10,1.03794726536801e-10,NaN,NaN,9660.19206905731,26705.4850416597,3.76448799886706,3.80352152020091,11812.309133425
2987,ACTIVE_OTHER,BPF,ACTIVE_OTHER_STATE_VARIABLE_BPF,External state-variable/biquad active-filter canonical equation,27611.9820185564,32369.9756530934,37362.9858030679,5.42168703619497e-10,3.69889718143441e-11,NaN,NaN,10215.2034135509,15040.6562400114,2.47237951425022,3.68968000355236,37592.1186151655
2212,MFB,BSF,MFB_BSF_1_MINUS_BP,Maheshwari MFB BPF denominator + ADI 1-minus-BP notch construction,39085.2447214258,2916711.40879451,NaN,4.82858589512706e-10,1.13077055726187e-11,NaN,NaN,NaN,NaN,1,1.29170820530225,6379.25197897476
541,PASSIVE,BPF,PASSIVE_RLC_BPF,Passive RLC second-order equation,66991579.2189057,NaN,NaN,1.75175181927839e-12,NaN,NaN,153498.340548669,NaN,NaN,1,4.41870835494904,306.924813537885
1943,MFB,HPF,MFB_HPF_Maheshwari,Maheshwari MFB active-filter equations,61976.2872163845,653.353561023118,NaN,2.56952503464864e-10,1.20069045899018e-10,1.55007952281711e-10,NaN,NaN,NaN,-0.603255271661159,4.13994265107502,183333.024514268
1038,VCVS,HPF,VCVS_HPF_Maheshwari,Maheshwari VCVS equal-component active-filter equations,3825.48356734517,3825.48356734517,NaN,8.66645662938263e-11,8.66645662938263e-11,NaN,NaN,9955.55113511743,5413.25495613025,1.54374236872085,0.68669168045603,480056.354610632
2461,ACTIVE_OTHER,LPF,ACTIVE_OTHER_STATE_VARIABLE_LPF,External state-variable/biquad active-filter canonical equation,85575.7529871593,395138.903130645,49211.118059019,1.14967110409946e-12,3.78832428942914e-11,NaN,NaN,9505.02578642547,30593.3500537489,4.21864987441071,4.88861657341711,131147.341027489
780,PASSIVE,BSF,PASSIVE_RLC_BSF,Passive RLC second-order equation,1378.40449706671,NaN,NaN,1.42817309297206e-10,NaN,NaN,0.00579507580398196,NaN,NaN,1,4.62128184155794,174944.44129173
1755,MFB,LPF,MFB_LPF_Maheshwari,Maheshwari MFB active-filter equations,2052.64968366084,51955.985314945,2422.99645015781,3.86036276826547e-10,5.93688336309779e-11,NaN,NaN,NaN,NaN,-1.18042375639884,0.247264411170184,93698.4987111534
3161,ACTIVE_OTHER,BSF,ACTIVE_OTHER_STATE_VARIABLE_BSF,External state-variable/biquad active-filter canonical equation,256665.351722952,3439.16895003779,18654.8629865509,2.46329559961248e-11,1.53897667894589e-10,NaN,NaN,10201.0611420156,29291.8489948727,3.87145117425352,1.92989376909906,87003.2484893137
103,PASSIVE,LPF,PASSIVE_RC_LPF,Passive RC first-order equation,623029.515796237,NaN,NaN,4.55256380142226e-11,NaN,NaN,NaN,NaN,NaN,1,NaN,5611.1963891951
1774,MFB,LPF,MFB_LPF_Maheshwari,Maheshwari MFB active-filter equations,7831.26231017927,12321.3028026309,13578.2423662957,3.24355182462848e-11,2.62123663707645e-11,NaN,NaN,NaN,NaN,-1.73385104833564,0.304430038533424,421994.22013402
1697,MFB,LPF,MFB_LPF_Maheshwari,Maheshwari MFB active-filter equations,13126.0155527055,988.713577076054,43884.3475396737,8.4003668031454e-10,1.4892071812468e-10,NaN,NaN,NaN,NaN,-3.34331064620965,0.324718565571768,68313.0024946567
95,PASSIVE,LPF,PASSIVE_RC_LPF,Passive RC first-order equation,35895.2858201132,NaN,NaN,1.55090990621616e-10,NaN,NaN,NaN,NaN,NaN,1,NaN,28588.8144430991
1148,VCVS,HPF,VCVS_HPF_Maheshwari,Maheshwari VCVS equal-component active-filter equations,4793.18694816994,4793.18694816994,NaN,7.16110756450102e-10,7.16110756450102e-10,NaN,NaN,9886.0651528449,4594.42623613212,1.46473760440573,0.651354454371899,46367.7013356679
2946,ACTIVE_OTHER,BPF,ACTIVE_OTHER_STATE_VARIABLE_BPF,External state-variable/biquad active-filter canonical equation,2926.71139634711,343003.019223304,48951.331730071,8.84841266792973e-11,2.4585453808131e-12,NaN,NaN,9668.66850341389,8492.32029059712,1.8783340009639,5.0794475801579,340572.370279905
3178,ACTIVE_OTHER,BSF,ACTIVE_OTHER_STATE_VARIABLE_BSF,External state-variable/biquad active-filter canonical equation,2656.88832505714,22985.168729681,10843.161309907,1.35531117301181e-10,2.5267993499725e-10,NaN,NaN,9565.9687495457,28915.8421737144,4.02278242076503,1.07347582456343,110053.724756543
3023,ACTIVE_OTHER,BSF,ACTIVE_OTHER_STATE_VARIABLE_BSF,External state-variable/biquad active-filter canonical equation,601675.388219404,2630.81485765634,23730.5833472745,3.27483016983731e-10,2.73519149294853e-11,NaN,NaN,10220.6597450324,33015.8160114493,4.23030184303867,2.30170563604706,42267.4069625629
261,PASSIVE,HPF,PASSIVE_RC_HPF,Passive RC first-order equation,3980.82736101501,NaN,NaN,1.52970149113642e-10,NaN,NaN,NaN,NaN,NaN,1,NaN,261360.587640638
1777,MFB,LPF,MFB_LPF_Maheshwari,Maheshwari MFB active-filter equations,39964.3658445004,264913.843245636,36403.0390884437,6.69106272534258e-10,3.83023896824119e-11,NaN,NaN,NaN,NaN,-0.910887444832389,0.756409724911272,10123.6820784105
1216,VCVS,BPF,VCVS_BPF_Maheshwari,Maheshwari VCVS equal-component active-filter equations,15925.8287911468,15925.8287911468,NaN,1.14298243206886e-12,1.14298243206886e-12,NaN,NaN,9866.61608505631,4975.85920999168,1.50431264043282,0.668588922413156,8743363.4907327
3181,ACTIVE_OTHER,BSF,ACTIVE_OTHER_STATE_VARIABLE_BSF,External state-variable/biquad active-filter canonical equation,43759.6785776903,1456.16583648691,15227.650263724,5.32456450171154e-10,6.84423651812289e-12,NaN,NaN,9542.84215460264,15528.0081969604,2.62718904340999,1.50039344500499,330273.02202484
2377,MFB,BSF,MFB_BSF_1_MINUS_BP,Maheshwari MFB BPF denominator + ADI 1-minus-BP notch construction,39325.9809992676,178628.039107663,NaN,1.22352631220596e-11,7.4203544236631e-11,NaN,NaN,NaN,NaN,1,0.742925470772081,63021.1831642238
1693,MFB,LPF,MFB_LPF_Maheshwari,Maheshwari MFB active-filter equations,8063.10244108262,10249.2243675886,31322.516850216,6.04317209276404e-11,1.06617434657116e-10,NaN,NaN,NaN,NaN,-3.88467306214832,0.165744506387896,110662.304591279
2871,ACTIVE_OTHER,BPF,ACTIVE_OTHER_STATE_VARIABLE_BPF,External state-variable/biquad active-filter canonical equation,643116.561495568,361221.453939321,54196.0618854647,5.67713993738138e-12,1.17723445335001e-12,NaN,NaN,10462.5853824018,19619.1681341352,2.8751740049964,5.33737673510552,127729.80084409
513,PASSIVE,BPF,PASSIVE_RLC_BPF,Passive RLC second-order equation,25370.0236458987,NaN,NaN,1.32738685766018e-11,NaN,NaN,0.00956456334359118,NaN,NaN,1,1.0580664536458,446672.073899312
1975,MFB,HPF,MFB_HPF_Maheshwari,Maheshwari MFB active-filter equations,22048.7589595794,53.3079304951524,NaN,2.67260167702764e-11,5.88832287121201e-10,3.1992075450033e-10,NaN,NaN,NaN,-11.970386655453,0.788262615907557,338232.339836259
2315,MFB,BSF,MFB_BSF_1_MINUS_BP,Maheshwari MFB BPF denominator + ADI 1-minus-BP notch construction,308.988105585615,95046.6977473242,NaN,1.84827019905176e-11,2.22187799017561e-10,NaN,NaN,NaN,NaN,1,4.67000781564145,458287.382527079
440,PASSIVE,BPF,PASSIVE_RLC_BPF,Passive RLC second-order equation,8749.56799387997,NaN,NaN,4.06815316308539e-11,NaN,NaN,0.0183860113650464,NaN,NaN,1,2.4297327300426,184025.379412099
1960,MFB,HPF,MFB_HPF_Maheshwari,Maheshwari MFB active-filter equations,20726.7308195981,85260.652436332,NaN,2.09000639449301e-10,5.10291985254436e-10,3.14747585950099e-11,NaN,NaN,NaN,-0.150596470316757,0.552664368676678,29873.7556675907
401,PASSIVE,BPF,PASSIVE_RLC_BPF,Passive RLC second-order equation,2110.92454677684,NaN,NaN,3.82646737569589e-10,NaN,NaN,0.000737808830832564,NaN,NaN,1,0.657809599563189,299536.119846234
1667,MFB,LPF,MFB_LPF_Maheshwari,Maheshwari MFB active-filter equations,18196.1386976035,4867.94780884282,40540.1918985599,9.73366480136759e-11,1.64434080192588e-10,NaN,NaN,NaN,NaN,-2.22795575326645,0.19213520477133,89550.9433333051
1267,VCVS,BPF,VCVS_BPF_Maheshwari,Maheshwari VCVS equal-component active-filter equations,25625.5781546263,25625.5781546263,NaN,1.16102075075921e-10,1.16102075075921e-10,NaN,NaN,9845.53344690374,12380.015096379,2.25742451266288,1.3466644362124,53494.1729152139
2225,MFB,BSF,MFB_BSF_1_MINUS_BP,Maheshwari MFB BPF denominator + ADI 1-minus-BP notch construction,102973.486303691,40030023.4429479,NaN,3.08693955306697e-11,4.80644513625662e-10,NaN,NaN,NaN,NaN,1,4.69514299566232,643.559111941685
2331,MFB,BSF,MFB_BSF_1_MINUS_BP,Maheshwari MFB BPF denominator + ADI 1-minus-BP notch construction,353.702444508649,23894.7132331619,NaN,1.39136307922171e-10,5.5142625682315e-10,NaN,NaN,NaN,NaN,1,3.29680156287565,197645.181673245
2639,ACTIVE_OTHER,HPF,ACTIVE_OTHER_STATE_VARIABLE_HPF,External state-variable/biquad active-filter canonical equation,177374.324571462,807284.761615068,54271.4655260006,1.63152348495381e-12,1.12648454940072e-10,NaN,NaN,9694.08987944502,8011.01119898012,1.82638094948618,5.28252605098408,31024.3072199798
832,VCVS,LPF,VCVS_LPF_Maheshwari,Maheshwari VCVS equal-component active-filter equations,7144.80441945767,7144.80441945767,NaN,3.06738521191376e-12,3.06738521191376e-12,NaN,NaN,9865.97760946401,11841.3558934264,2.20022124133624,1.25034578521535,7262087.32944266
1411,VCVS,BSF,VCVS_BSF_Maheshwari,Maheshwari VCVS equal-component active-filter equations,5926.2471042628,5926.2471042628,NaN,3.87215062779274e-12,3.87215062779274e-12,NaN,NaN,9870.94025097691,5333.33611471475,1.54030679743877,1.08768195225466,6935665.38786624
2346,MFB,BSF,MFB_BSF_1_MINUS_BP,Maheshwari MFB BPF denominator + ADI 1-minus-BP notch construction,9371.31103021084,952042.785288993,NaN,3.51346296892948e-11,3.21052493594631e-11,NaN,NaN,NaN,NaN,1,5.03450582221741,50169.0651496647
1802,MFB,HPF,MFB_HPF_Maheshwari,Maheshwari MFB active-filter equations,16345.9723554612,1098.88996599612,NaN,2.30574960109067e-11,3.38680222866769e-11,1.22543207436591e-10,NaN,NaN,NaN,-5.31467976308553,0.26049652596592,582905.438849634
417,PASSIVE,BPF,PASSIVE_RLC_BPF,Passive RLC second-order equation,963.416659421357,NaN,NaN,8.00029774599249e-10,NaN,NaN,0.020849945141592,NaN,NaN,1,5.29889399220631,38968.5815774274
1078,VCVS,HPF,VCVS_HPF_Maheshwari,Maheshwari VCVS equal-component active-filter equations,1487.08763057302,1487.08763057302,NaN,1.4870578381629e-10,1.4870578381629e-10,NaN,NaN,9895.0666071562,4183.91143858134,1.42282802174929,0.634046263685925,719706.972198505
1054,VCVS,HPF,VCVS_HPF_Maheshwari,Maheshwari VCVS equal-component active-filter equations,370763.225196383,370763.225196383,NaN,4.27703804147428e-11,4.27703804147428e-11,NaN,NaN,10177.8211281471,8666.20645274709,1.8514795400344,0.87068540340148,10036.4555902786
929,VCVS,LPF,VCVS_LPF_Maheshwari,Maheshwari VCVS equal-component active-filter equations,1045.41305701271,1045.41305701271,NaN,8.61408077590657e-12,8.61408077590657e-12,NaN,NaN,10068.8978785419,4931.29426842459,1.48975511797908,0.662144273359073,17673528.7895212
31,PASSIVE,LPF,PASSIVE_RC_LPF,Passive RC first-order equation,87777.1429402439,NaN,NaN,1.43035612717102e-12,NaN,NaN,NaN,NaN,NaN,1,NaN,1267635.84154122
2235,MFB,BSF,MFB_BSF_1_MINUS_BP,Maheshwari MFB BPF denominator + ADI 1-minus-BP notch construction,3004605.67331324,38149167.3372095,NaN,2.25970730609022e-11,1.34552757577931e-11,NaN,NaN,NaN,NaN,1,1.72340608525689,852.533517281375
1417,VCVS,BSF,VCVS_BSF_Maheshwari,Maheshwari VCVS equal-component active-filter equations,50070.9045906646,50070.9045906646,NaN,6.69614781141294e-12,6.69614781141294e-12,NaN,NaN,10077.9667464953,2046.673980051,1.20308401799031,0.627418713248896,474689.54046698
1210,VCVS,BPF,VCVS_BPF_Maheshwari,Maheshwari VCVS equal-component active-filter equations,7685.20425478585,7685.20425478585,NaN,2.24276945383381e-11,2.24276945383381e-11,NaN,NaN,10044.7926068647,6290.27212445916,1.62622219996462,0.727919755272103,923379.194149725
2011,MFB,BPF,MFB_BPF_Maheshwari,Maheshwari MFB active-filter equations,639.608116585641,327588.538061771,NaN,3.52549379718341e-10,3.12865404348366e-11,NaN,NaN,NaN,NaN,-49972202.4576478,6.19227877922155,104691.169338038
1612,MFB,LPF,MFB_LPF_Maheshwari,Maheshwari MFB active-filter equations,55154.6711644974,81.6477768891791,184623.39552533,9.80431331197755e-10,1.10387980783332e-11,NaN,NaN,NaN,NaN,-3.34737551013034,0.197807314169223,394035.269995014
1167,VCVS,HPF,VCVS_HPF_Maheshwari,Maheshwari VCVS equal-component active-filter equations,2161.04209667521,2161.04209667521,NaN,5.6949767626497e-10,5.6949767626497e-10,NaN,NaN,9905.90605728475,11326.0717812895,2.14336555543653,1.1673590833831,129319.777389808
402,PASSIVE,BPF,PASSIVE_RLC_BPF,Passive RLC second-order equation,32302.217928201,NaN,NaN,3.61911638352115e-10,NaN,NaN,6.07393976735054,NaN,NaN,1,4.01052864826496,3394.56099367678
991,VCVS,LPF,VCVS_LPF_Maheshwari,Maheshwari VCVS equal-component active-filter equations,1195.12250421489,1195.12250421489,NaN,1.05555301166743e-10,1.05555301166743e-10,NaN,NaN,9924.16358398461,9992.02901547093,2.00683840314723,1.00688548889616,1261617.3654547
1074,VCVS,HPF,VCVS_HPF_Maheshwari,Maheshwari VCVS equal-component active-filter equations,362150.21315304,362150.21315304,NaN,1.13398375700773e-12,1.13398375700773e-12,NaN,NaN,10063.379883777,10629.0753809338,2.05621327065957,1.05956141245899,387547.154631112
1219,VCVS,BPF,VCVS_BPF_Maheshwari,Maheshwari VCVS equal-component active-filter equations,4356.2297800623,4356.2297800623,NaN,6.62284055731853e-12,6.62284055731853e-12,NaN,NaN,9809.59979872764,4752.45591087297,1.48446990788446,0.659835133068252,5516518.1620341
2246,MFB,BSF,MFB_BSF_1_MINUS_BP,Maheshwari MFB BPF denominator + ADI 1-minus-BP notch construction,7352.5468390122,4297759.90677305,NaN,4.57770623489056e-10,3.27267901998903e-11,NaN,NaN,NaN,NaN,1,6.03310826936513,7314.83426954622
2935,ACTIVE_OTHER,BPF,ACTIVE_OTHER_STATE_VARIABLE_BPF,External state-variable/biquad active-filter canonical equation,927316.061090096,178936.221696577,52282.222079937,1.80051319993493e-11,1.43522282517822e-11,NaN,NaN,9640.16284694255,10820.6253635982,2.12245254933946,5.0622314176939,24305.2049874192
2391,MFB,BSF,MFB_BSF_1_MINUS_BP,Maheshwari MFB BPF denominator + ADI 1-minus-BP notch construction,730995.066472769,60520031.1493475,NaN,2.63862679675106e-11,2.45983595396646e-10,NaN,NaN,NaN,NaN,1,2.69138205494515,297.010142685515
169,PASSIVE,LPF,PASSIVE_RC_LPF,Passive RC first-order equation,3805.62359779557,NaN,NaN,6.61567003813998e-10,NaN,NaN,NaN,NaN,NaN,1,NaN,63215.0468244191
626,PASSIVE,BSF,PASSIVE_RLC_BSF,Passive RLC second-order equation,1302187.5240836,NaN,NaN,1.94335478378425e-10,NaN,NaN,5258.38514694355,NaN,NaN,1,3.99463055154713,157.441017742795
198,PASSIVE,LPF,PASSIVE_RC_LPF,Passive RC first-order equation,5764.87121683455,NaN,NaN,8.68535873078995e-12,NaN,NaN,NaN,NaN,NaN,1,NaN,3178650.3689357
1690,MFB,LPF,MFB_LPF_Maheshwari,Maheshwari MFB active-filter equations,180095.016452398,88294.8751487032,586582.860476005,1.80819433733923e-10,2.62157613395587e-11,NaN,NaN,NaN,NaN,-3.25707436013949,0.620998768021501,10157.431657659
1475,VCVS,BSF,VCVS_BSF_Maheshwari,Maheshwari VCVS equal-component active-filter equations,17223.8871567209,17223.8871567209,NaN,6.3085785374857e-12,6.3085785374857e-12,NaN,NaN,10154.9741854489,7457.77958412551,1.73439670529264,1.88250676841528,1464729.55929963
1381,VCVS,BPF,VCVS_BPF_Maheshwari,Maheshwari VCVS equal-component active-filter equations,103517.100649691,103517.100649691,NaN,1.50424079310221e-10,1.50424079310221e-10,NaN,NaN,10027.4657316514,11095.0402566716,2.10646503848429,1.11915038926255,10220.9360268026
114,PASSIVE,LPF,PASSIVE_RC_LPF,Passive RC first-order equation,10023.7160656635,NaN,NaN,3.62616708154613e-12,NaN,NaN,NaN,NaN,NaN,1,NaN,4378683.5979968
1826,MFB,HPF,MFB_HPF_Maheshwari,Maheshwari MFB active-filter equations,548657.68409752,80.9320245757681,NaN,1.09179349839703e-11,2.30291801108505e-11,1.93489286970496e-10,NaN,NaN,NaN,-17.7221505032386,1.36358380352148,357800.955477567
2602,ACTIVE_OTHER,HPF,ACTIVE_OTHER_STATE_VARIABLE_HPF,External state-variable/biquad active-filter canonical equation,4154.06321977975,53079.4250407007,49014.1015881038,5.34639097826461e-12,3.2363854616695e-12,NaN,NaN,10028.3131914289,21666.0921235543,3.16049216951782,4.99325969433924,2576677.09817078
2737,ACTIVE_OTHER,HPF,ACTIVE_OTHER_STATE_VARIABLE_HPF,External state-variable/biquad active-filter canonical equation,74716.567649567,78261.2824509488,47438.3191677128,7.0988141688629e-10,1.17223741350018e-10,NaN,NaN,9918.28009917297,5133.72488292643,1.51760232939524,4.95091076933593,7215.01938228165
2991,ACTIVE_OTHER,BPF,ACTIVE_OTHER_STATE_VARIABLE_BPF,External state-variable/biquad active-filter canonical equation,27895.4033541733,5647.47369004561,18046.1165058398,4.59842382605348e-12,5.1596147025912e-12,NaN,NaN,10144.4854691863,30850.5551244322,4.04111580800626,1.86660241337142,2603236.15045364
1891,MFB,HPF,MFB_HPF_Maheshwari,Maheshwari MFB active-filter equations,29644.8363529663,19160.8572178373,NaN,3.7523842326274e-11,3.73252634717919e-10,7.92346064037896e-11,NaN,NaN,NaN,-2.11158030445912,0.206734257646248,38831.0596659603
1448,VCVS,BSF,VCVS_BSF_Maheshwari,Maheshwari VCVS equal-component active-filter equations,30530.1347953565,30530.1347953565,NaN,1.61851032712354e-11,1.61851032712354e-11,NaN,NaN,10056.2717990089,6851.49268822455,1.68131538458415,1.56894928657776,322089.031158285
3044,ACTIVE_OTHER,BSF,ACTIVE_OTHER_STATE_VARIABLE_BSF,External state-variable/biquad active-filter canonical equation,10331.0962726248,1104.7065829365,43484.5267557269,5.15840217151185e-10,2.39732643520545e-10,NaN,NaN,9894.30497883101,34539.9986180478,4.49089690402172,4.22069991313375,133968.368930616
2233,MFB,BSF,MFB_BSF_1_MINUS_BP,Maheshwari MFB BPF denominator + ADI 1-minus-BP notch construction,17336.7634431522,1384808.09178683,NaN,3.26987674172314e-11,2.32921395315511e-11,NaN,NaN,NaN,NaN,1,4.40518006206672,37219.5348317852
189,PASSIVE,LPF,PASSIVE_RC_LPF,Passive RC first-order equation,133619.117294966,NaN,NaN,1.64549895821639e-11,NaN,NaN,NaN,NaN,NaN,1,NaN,72385.890505556
2583,ACTIVE_OTHER,LPF,ACTIVE_OTHER_STATE_VARIABLE_LPF,External state-variable/biquad active-filter canonical equation,23512.5434247326,5523.10269880423,41710.3804327913,1.36755576116236e-10,4.84700739423757e-11,NaN,NaN,10063.6397242831,21076.5456528582,3.09432633026415,4.35587909781239,171541.579302496
2073,MFB,BPF,MFB_BPF_Maheshwari,Maheshwari MFB active-filter equations,569.140041416679,39431.8878799568,NaN,9.34842062972075e-11,9.3745609872555e-10,NaN,NaN,NaN,NaN,-1874260.35997237,2.39015071863027,113485.972593712
1731,MFB,LPF,MFB_LPF_Maheshwari,Maheshwari MFB active-filter equations,27865.96621024,39209.4999549053,89206.5784291372,6.8409629114212e-10,5.62973992402426e-10,NaN,NaN,NaN,NaN,-3.20127347302805,0.25673410702556,4336.33928119876
2323,MFB,BSF,MFB_BSF_1_MINUS_BP,Maheshwari MFB BPF denominator + ADI 1-minus-BP notch construction,151.427573191267,3505.25245330952,NaN,2.76733549516903e-10,1.85713265616365e-10,NaN,NaN,NaN,NaN,1,2.35856444423022,963619.609703847
2014,MFB,BPF,MFB_BPF_Maheshwari,Maheshwari MFB active-filter equations,100859.996285878,1977222.1864662,NaN,3.51522649585251e-10,1.19048505511035e-10,NaN,NaN,NaN,NaN,-83283.142583094,1.92478219056738,1742.18507850541
428,PASSIVE,BPF,PASSIVE_RLC_BPF,Passive RLC second-order equation,77722.128924612,NaN,NaN,9.7569938276766e-12,NaN,NaN,0.269382775002085,NaN,NaN,1,2.13787450423012,98169.6415642946
814,VCVS,LPF,VCVS_LPF_Maheshwari,Maheshwari VCVS equal-component active-filter equations,155489.092720345,155489.092720345,NaN,6.45316445796923e-10,6.45316445796923e-10,NaN,NaN,9860.38222422801,8765.49975610013,1.88896145775793,0.900058784623264,1586.16173637388
2589,ACTIVE_OTHER,LPF,ACTIVE_OTHER_STATE_VARIABLE_LPF,External state-variable/biquad active-filter canonical equation,353170.428900294,212128.871419586,42217.3280510081,5.47665592981218e-10,7.54595514679593e-12,NaN,NaN,10393.5925925871,11245.3291943188,2.0819482382193,4.05192663295172,9045.09715778537
25,PASSIVE,LPF,PASSIVE_RC_LPF,Passive RC first-order equation,4715.64243700574,NaN,NaN,4.87896962526182e-10,NaN,NaN,NaN,NaN,NaN,1,NaN,69175.3157162031
1188,VCVS,HPF,VCVS_HPF_Maheshwari,Maheshwari VCVS equal-component active-filter equations,251657.262235377,251657.262235377,NaN,2.50233500636432e-11,2.50233500636432e-11,NaN,NaN,9825.01633129739,9861.55923186374,2.00371937301009,1.00373325839059,25273.4897087345
3146,ACTIVE_OTHER,BSF,ACTIVE_OTHER_STATE_VARIABLE_BSF,External state-variable/biquad active-filter canonical equation,102224.126560654,20459.9805055391,25680.0206327681,3.67779434080198e-11,1.29735426939379e-12,NaN,NaN,9758.63884148198,33502.1601435057,4.43307716247217,2.58847007271773,503811.18719585
2322,MFB,BSF,MFB_BSF_1_MINUS_BP,Maheshwari MFB BPF denominator + ADI 1-minus-BP notch construction,3832.28163358206,84117.559873197,NaN,1.29915158969792e-10,6.52676832441855e-11,NaN,NaN,NaN,NaN,1,2.2103039478079,96265.146624477
764,PASSIVE,BSF,PASSIVE_RLC_BSF,Passive RLC second-order equation,19630.9845559211,NaN,NaN,5.94980569662247e-11,NaN,NaN,0.156917886297863,NaN,NaN,1,2.61603019104616,52087.3802855095
1886,MFB,HPF,MFB_HPF_Maheshwari,Maheshwari MFB active-filter equations,179598.92810209,1078418.80352002,NaN,7.42626620139069e-11,1.1341572470692e-11,2.04143580267583e-11,NaN,NaN,NaN,-0.274893970578854,0.213066609668413,23766.7630269931
2494,ACTIVE_OTHER,LPF,ACTIVE_OTHER_STATE_VARIABLE_LPF,External state-variable/biquad active-filter canonical equation,376464.714973644,25259.28047763,43548.2542958855,4.40356556736726e-12,4.05938152349879e-12,NaN,NaN,9686.32505042449,15686.5907413199,2.61945739582965,4.19795240746967,386024.915390357
843,VCVS,LPF,VCVS_LPF_Maheshwari,Maheshwari VCVS equal-component active-filter equations,984895.49653607,984895.49653607,NaN,1.01790333408594e-11,1.01790333408594e-11,NaN,NaN,9903.38183114596,2321.75710318846,1.23444083473451,0.566392800464225,15875.3549086366
277,PASSIVE,HPF,PASSIVE_RC_HPF,Passive RC first-order equation,26458.0960598704,NaN,NaN,3.6406605990238e-10,NaN,NaN,NaN,NaN,NaN,1,NaN,16522.7126143007
3033,ACTIVE_OTHER,BSF,ACTIVE_OTHER_STATE_VARIABLE_BSF,External state-variable/biquad active-filter canonical equation,5102.36878952674,231683.843840193,56230.4311678618,8.64560024717242e-12,8.15533056699296e-11,NaN,NaN,9917.12692439428,32709.8936913143,4.29832359116571,5.5335419195601,174328.331635497
2171,MFB,BPF,MFB_BPF_Maheshwari,Maheshwari MFB active-filter equations,86562.0430829008,8226769.3177004,NaN,7.02467318433988e-11,1.41952675682873e-11,NaN,NaN,NaN,NaN,-813821.049430643,3.645669174909,5972.50977432167
1564,VCVS,BSF,VCVS_BSF_Maheshwari,Maheshwari VCVS equal-component active-filter equations,4442.95992419736,4442.95992419736,NaN,1.01683470553284e-12,1.01683470553284e-12,NaN,NaN,9971.32076856503,3365.58072962813,1.33752607179565,0.754746683171759,35228761.4713003
1320,VCVS,BPF,VCVS_BPF_Maheshwari,Maheshwari VCVS equal-component active-filter equations,3787.3633624364,3787.3633624364,NaN,7.24689420092252e-11,7.24689420092252e-11,NaN,NaN,10166.0750824123,9520.77678626425,1.93652434288387,0.940313013568864,579870.796052089
702,PASSIVE,BSF,PASSIVE_RLC_BSF,Passive RLC second-order equation,8082.5089984322,NaN,NaN,1.38446449685028e-11,NaN,NaN,0.00508258998848853,NaN,NaN,1,2.37058444263573,599979.872972271
1809,MFB,HPF,MFB_HPF_Maheshwari,Maheshwari MFB active-filter equations,100778.470889135,12045.6435608576,NaN,9.86309001142513e-11,1.39559934603144e-10,9.1459936227286e-11,NaN,NaN,NaN,-0.927294956462339,1.06903693588988,40432.0181622958
1224,VCVS,BPF,VCVS_BPF_Maheshwari,Maheshwari VCVS equal-component active-filter equations,58549.7588219015,58549.7588219015,NaN,1.9394836083585e-12,1.9394836083585e-12,NaN,NaN,9981.43759600061,11424.779032897,2.14460256080494,1.16904722200363,1401551.00671622
3066,ACTIVE_OTHER,BSF,ACTIVE_OTHER_STATE_VARIABLE_BSF,External state-variable/biquad active-filter canonical equation,14117.7234815292,500281.721777974,41732.2127212063,2.04613777069088e-12,7.52298279953779e-11,NaN,NaN,10087.6317691679,6262.09371224461,1.62076945863391,3.99656458605262,152639.877033896
2275,MFB,BSF,MFB_BSF_1_MINUS_BP,Maheshwari MFB BPF denominator + ADI 1-minus-BP notch construction,208.915152668413,16407.0496090418,NaN,3.60511552038742e-10,1.16763694751959e-10,NaN,NaN,NaN,NaN,1,3.80956047058452,418992.653727007
2231,MFB,BSF,MFB_BSF_1_MINUS_BP,Maheshwari MFB BPF denominator + ADI 1-minus-BP notch construction,217.407937840149,22885.6144822684,NaN,4.96671954433925e-10,8.9953398157006e-10,NaN,NaN,NaN,NaN,1,4.91176654024769,106747.457188652
2316,MFB,BSF,MFB_BSF_1_MINUS_BP,Maheshwari MFB BPF denominator + ADI 1-minus-BP notch construction,7540.85934367053,1875342.8801194,NaN,1.24448976713354e-11,9.33404378514198e-11,NaN,NaN,NaN,NaN,1,5.08083435050175,39268.0004864738
1395,VCVS,BPF,VCVS_BPF_Maheshwari,Maheshwari VCVS equal-component active-filter equations,299510.805521261,299510.805521261,NaN,2.16003633750452e-11,2.16003633750452e-11,NaN,NaN,9997.61790578003,12160.3845050946,2.21632819134488,1.27604437081401,24600.6498350354
265,PASSIVE,HPF,PASSIVE_RC_HPF,Passive RC first-order equation,11424.936693424,NaN,NaN,2.31004648346536e-12,NaN,NaN,NaN,NaN,NaN,1,NaN,6030392.92206703
2541,ACTIVE_OTHER,LPF,ACTIVE_OTHER_STATE_VARIABLE_LPF,External state-variable/biquad active-filter canonical equation,261768.603662046,125140.136666441,32587.5328707577,6.15933447781549e-12,1.14251439233977e-12,NaN,NaN,10326.2721133847,30518.2051341332,3.95539424092612,3.28179392188968,331486.088307428
1062,VCVS,HPF,VCVS_HPF_Maheshwari,Maheshwari VCVS equal-component active-filter equations,2413.56978267121,2413.56978267121,NaN,4.04272041467671e-12,4.04272041467671e-12,NaN,NaN,10117.5431791221,8085.51316841116,1.79915776243939,0.832748856362184,16311224.4610494
2910,ACTIVE_OTHER,BPF,ACTIVE_OTHER_STATE_VARIABLE_BPF,External state-variable/biquad active-filter canonical equation,234106.470385113,1989.91116442353,53763.5972597642,2.5104021295337e-11,6.1599685133175e-12,NaN,NaN,9834.06040206786,5076.20489350758,1.5161860600775,5.40415241861207,592974.046296122
2986,ACTIVE_OTHER,BPF,ACTIVE_OTHER_STATE_VARIABLE_BPF,External state-variable/biquad active-filter canonical equation,5855.60086028478,237983.157950087,38276.2654431012,2.42331353687367e-10,1.93043672929041e-10,NaN,NaN,9594.16163753449,16460.8312188842,2.7157133515956,3.7625424427064,19711.9095150529
557,PASSIVE,BPF,PASSIVE_RLC_BPF,Passive RLC second-order equation,74547.6619754058,NaN,NaN,1.0816297468318e-12,NaN,NaN,0.0827146875023578,NaN,NaN,1,3.70952223001444,532095.399038776
1416,VCVS,BSF,VCVS_BSF_Maheshwari,Maheshwari VCVS equal-component active-filter equations,8013.53437526391,8013.53437526391,NaN,1.34761765106161e-10,1.34761765106161e-10,NaN,NaN,10049.8177930009,5891.18732202332,1.58619842104264,1.20830858417657,147376.872704153
1023,VCVS,HPF,VCVS_HPF_Maheshwari,Maheshwari VCVS equal-component active-filter equations,31833.2069873774,31833.2069873774,NaN,1.24542525896073e-10,1.24542525896073e-10,NaN,NaN,9955.68091173154,3745.84067042355,1.37625157973972,0.615858951745556,40144.1317150409
2848,ACTIVE_OTHER,BPF,ACTIVE_OTHER_STATE_VARIABLE_BPF,External state-variable/biquad active-filter canonical equation,202311.239398157,347055.51150328,39125.5404048795,4.99453554453688e-12,2.43694053599709e-11,NaN,NaN,10314.9990872338,36216.3792652597,4.5110404721298,3.80649722709149,54442.8226137174
2017,MFB,BPF,MFB_BPF_Maheshwari,Maheshwari MFB active-filter equations,2707.78866235659,324211.829232241,NaN,3.82170305156806e-11,3.6687132871659e-11,NaN,NaN,NaN,NaN,-10066336.9142185,5.46998888291134,143454.099874986
713,PASSIVE,BSF,PASSIVE_RLC_BSF,Passive RLC second-order equation,27338.6211345849,NaN,NaN,8.5537181037556e-10,NaN,NaN,0.284073182302397,NaN,NaN,1,0.666593454661409,10210.0424241623
2942,ACTIVE_OTHER,BPF,ACTIVE_OTHER_STATE_VARIABLE_BPF,External state-variable/biquad active-filter canonical equation,53779.992089732,26656.632257884,32308.617437188,1.05837904886659e-11,4.64246681759981e-11,NaN,NaN,9948.59989650118,16054.0829422101,2.61370274302178,3.37313506907663,189632.208537395
224,PASSIVE,HPF,PASSIVE_RC_HPF,Passive RC first-order equation,7770.51876069075,NaN,NaN,1.88993584083612e-12,NaN,NaN,NaN,NaN,NaN,1,NaN,10837348.9468915
1981,MFB,HPF,MFB_HPF_Maheshwari,Maheshwari MFB active-filter equations,451467.642348667,111979.438454627,NaN,2.96206281335321e-10,1.10726572813377e-10,2.09354349252676e-10,NaN,NaN,NaN,-0.706785650557072,0.701843400840687,4649.11995393243
1668,MFB,LPF,MFB_LPF_Maheshwari,Maheshwari MFB active-filter equations,10021.8114548041,12227.9204695645,9105.77770117497,1.27873808614101e-10,3.35619766886781e-11,NaN,NaN,NaN,NaN,-0.908595990080213,0.634845872909661,230234.679800513
2090,MFB,BPF,MFB_BPF_Maheshwari,Maheshwari MFB active-filter equations,250382.2753234,29678909.8808425,NaN,1.4936510928407e-10,2.73494885558938e-11,NaN,NaN,NaN,NaN,-146031.722859722,3.93775725306375,913.471880811328
618,PASSIVE,BSF,PASSIVE_RLC_BSF,Passive RLC second-order equation,106449.54193915,NaN,NaN,1.79767481727923e-12,NaN,NaN,0.22325414411118,NaN,NaN,1,3.31055189619948,251226.125032422
1140,VCVS,HPF,VCVS_HPF_Maheshwari,Maheshwari VCVS equal-component active-filter equations,50718.5609341364,50718.5609341364,NaN,3.28944495798851e-10,3.28944495798851e-10,NaN,NaN,10115.5446157834,3299.93880979021,1.32622453215631,0.597451700787735,9539.60923399173
1284,VCVS,BPF,VCVS_BPF_Maheshwari,Maheshwari VCVS equal-component active-filter equations,877694.089314029,877694.089314029,NaN,7.3992006283657e-11,7.3992006283657e-11,NaN,NaN,9809.13778677032,13633.6690819009,2.38989474694593,1.63906144881426,2450.71130770269
2366,MFB,BSF,MFB_BSF_1_MINUS_BP,Maheshwari MFB BPF denominator + ADI 1-minus-BP notch construction,3947.12604552632,334762.063074883,NaN,1.80014461510277e-11,3.16352614105446e-10,NaN,NaN,NaN,NaN,1,2.07854978156236,58019.2492191149
2474,ACTIVE_OTHER,LPF,ACTIVE_OTHER_STATE_VARIABLE_LPF,External state-variable/biquad active-filter canonical equation,421432.323633255,89319.5905309461,47509.3451010531,6.40278345037306e-11,4.20301638857695e-10,NaN,NaN,10252.8643238794,18369.3844774507,2.79163440548682,4.7543190919748,5000.55144941902
1903,MFB,HPF,MFB_HPF_Maheshwari,Maheshwari MFB active-filter equations,93565.7789674302,5767.65190526116,NaN,2.14018808267115e-10,2.41122802276454e-11,1.28945341319443e-10,NaN,NaN,NaN,-0.602495371147507,1.01547854817229,122868.377363298
386,PASSIVE,HPF,PASSIVE_RC_HPF,Passive RC first-order equation,7456.10532333198,NaN,NaN,9.55828479707334e-12,NaN,NaN,NaN,NaN,NaN,1,NaN,2233202.6316431
2170,MFB,BPF,MFB_BPF_Maheshwari,Maheshwari MFB active-filter equations,996518.898314558,184550284.344487,NaN,6.69445851960403e-11,9.9015167675972e-12,NaN,NaN,NaN,NaN,-101347.42844348,4.55933326434563,455.83892909992
2353,MFB,BSF,MFB_BSF_1_MINUS_BP,Maheshwari MFB BPF denominator + ADI 1-minus-BP notch construction,806.842914072722,37157.1374039625,NaN,3.73920382256322e-10,2.71113470619276e-11,NaN,NaN,NaN,NaN,1,1.70377802454792,288695.088225579
3138,ACTIVE_OTHER,BSF,ACTIVE_OTHER_STATE_VARIABLE_BSF,External state-variable/biquad active-filter canonical equation,1358.52922899029,1621.65621793824,44800.7725824711,4.17561914503357e-12,5.74124758278068e-12,NaN,NaN,9940.19821595733,12105.351467027,2.21781791509891,4.69582782920892,21899926.8685404
3010,ACTIVE_OTHER,BSF,ACTIVE_OTHER_STATE_VARIABLE_BSF,External state-variable/biquad active-filter canonical equation,1231.47234833302,9084.28538339594,18914.2251943162,2.1489572201745e-12,6.63522824183798e-10,NaN,NaN,9686.72547379139,19417.3108949723,3.00452784044599,1.86597356832441,1260145.22039168
1497,VCVS,BSF,VCVS_BSF_Maheshwari,Maheshwari VCVS equal-component active-filter equations,5659.80922773216,5659.80922773216,NaN,3.38622279722961e-12,3.38622279722961e-12,NaN,NaN,10023.3034192694,4277.18966067659,1.42672455195299,0.87218108102023,8304295.78351235
781,PASSIVE,BSF,PASSIVE_RLC_BSF,Passive RLC second-order equation,6294070.19759044,NaN,NaN,1.58690683200218e-11,NaN,NaN,11899.6918460484,NaN,NaN,1,4.3507142505444,366.249094109394
2875,ACTIVE_OTHER,BPF,ACTIVE_OTHER_STATE_VARIABLE_BPF,External state-variable/biquad active-filter canonical equation,4326.25164195609,979613.210873785,21125.1356324499,5.91547247863123e-12,2.05843745538619e-12,NaN,NaN,9655.09961570994,6347.91778757119,1.65746787088995,2.04696763319612,700605.221116146
1985,MFB,HPF,MFB_HPF_Maheshwari,Maheshwari MFB active-filter equations,40776.9376609146,282751.726165534,NaN,1.72257263888307e-10,4.45824557605649e-10,1.41632137410502e-10,NaN,NaN,NaN,-0.822212858915127,0.152768283409678,5898.57760051131
1680,MFB,LPF,MFB_LPF_Maheshwari,Maheshwari MFB active-filter equations,1450.44165368052,43637.1373257565,4071.31183887633,2.35524830899444e-10,1.84496973422842e-11,NaN,NaN,NaN,NaN,-2.80694630393806,0.279814899230412,181138.950852068
212,PASSIVE,HPF,PASSIVE_RC_HPF,Passive RC first-order equation,1919.23966952906,NaN,NaN,1.29265450454961e-10,NaN,NaN,NaN,NaN,NaN,1,NaN,641517.423245979
1245,VCVS,BPF,VCVS_BPF_Maheshwari,Maheshwari VCVS equal-component active-filter equations,40022.4116664288,40022.4116664288,NaN,3.09429464814436e-12,3.09429464814436e-12,NaN,NaN,10109.4104029137,11579.5030134244,2.1454182342906,1.17016304363795,1285154.113676
619,PASSIVE,BSF,PASSIVE_RLC_BSF,Passive RLC second-order equation,12809726.6263071,NaN,NaN,1.5588713115354e-12,NaN,NaN,127.304018605721,NaN,NaN,1,0.7054659594663,11297.8015700562
1466,VCVS,BSF,VCVS_BSF_Maheshwari,Maheshwari VCVS equal-component active-filter equations,337653.690577306,337653.690577306,NaN,1.16799192806408e-10,1.16799192806408e-10,NaN,NaN,10042.7294945544,855.093797998808,1.08514555713787,0.546535029589787,4035.6062809704
2130,MFB,BPF,MFB_BPF_Maheshwari,Maheshwari MFB active-filter equations,278562.596834227,54209301.7091849,NaN,3.47315319999855e-11,1.11055508846064e-10,NaN,NaN,NaN,NaN,-32324.8926478842,5.94276569676403,659.462038283475
200,PASSIVE,LPF,PASSIVE_RC_LPF,Passive RC first-order equation,290975.56174868,NaN,NaN,1.91757431653889e-12,NaN,NaN,NaN,NaN,NaN,1,NaN,285240.646494684
1000,VCVS,LPF,VCVS_LPF_Maheshwari,Maheshwari VCVS equal-component active-filter equations,973057.162495649,973057.162495649,NaN,6.21712733298924e-11,6.21712733298924e-11,NaN,NaN,10181.7876634976,14153.5141356403,2.39008144771881,1.6395631781651,2630.82533590191
357,PASSIVE,HPF,PASSIVE_RC_HPF,Passive RC first-order equation,257244.296189213,NaN,NaN,3.26250665297357e-10,NaN,NaN,NaN,NaN,NaN,1,NaN,1896.36954297635
460,PASSIVE,BPF,PASSIVE_RLC_BPF,Passive RLC second-order equation,4029.90765643958,NaN,NaN,4.79632143747933e-10,NaN,NaN,0.0864470988404989,NaN,NaN,1,3.33139382590398,24716.7167012038
968,VCVS,LPF,VCVS_LPF_Maheshwari,Maheshwari VCVS equal-component active-filter equations,55282.4989049204,55282.4989049204,NaN,1.3070450557838e-12,1.3070450557838e-12,NaN,NaN,10171.929422471,992.775376624117,1.09759951484042,0.525651674187895,2202631.8105366
100,PASSIVE,LPF,PASSIVE_RC_LPF,Passive RC first-order equation,209806.86150561,NaN,NaN,7.27725989895185e-12,NaN,NaN,NaN,NaN,NaN,1,NaN,104239.557447588
2499,ACTIVE_OTHER,LPF,ACTIVE_OTHER_STATE_VARIABLE_LPF,External state-variable/biquad active-filter canonical equation,10249.0030646683,12395.9852934553,51267.0828345532,4.47737603459309e-11,2.05483797336463e-11,NaN,NaN,9786.05393412652,23293.883304134,3.38031421663252,5.05723648972838,465519.864066423
2455,ACTIVE_OTHER,LPF,ACTIVE_OTHER_STATE_VARIABLE_LPF,External state-variable/biquad active-filter canonical equation,500622.309091858,587837.797169772,42641.2077575427,3.73239696664677e-10,2.80902577568377e-10,NaN,NaN,10451.7067056159,26158.972998608,3.50284223767515,4.25276781805074,906.075740124923
300,PASSIVE,HPF,PASSIVE_RC_HPF,Passive RC first-order equation,628353.923049517,NaN,NaN,3.60067206720651e-10,NaN,NaN,NaN,NaN,NaN,1,NaN,703.448375662593
2756,ACTIVE_OTHER,HPF,ACTIVE_OTHER_STATE_VARIABLE_HPF,External state-variable/biquad active-filter canonical equation,410628.664202512,641699.637138052,51878.5565905762,1.10646793325081e-11,1.30742456949414e-12,NaN,NaN,9764.13668884688,32365.8662915246,4.31476988933334,5.17482731733842,81517.6904048653
2380,MFB,BSF,MFB_BSF_1_MINUS_BP,Maheshwari MFB BPF denominator + ADI 1-minus-BP notch construction,453052.258440294,8824640.11000709,NaN,3.08112853687145e-11,3.69541806849561e-11,NaN,NaN,NaN,NaN,1,2.19762010312901,2358.90680492127
2746,ACTIVE_OTHER,HPF,ACTIVE_OTHER_STATE_VARIABLE_HPF,External state-variable/biquad active-filter canonical equation,545823.114945272,376567.338529255,37448.3236823123,3.4406591534077e-11,3.89954140591343e-10,NaN,NaN,10370.9810459859,26591.0055577293,3.563981694675,3.63703854710094,3030.71606829799
2289,MFB,BSF,MFB_BSF_1_MINUS_BP,Maheshwari MFB BPF denominator + ADI 1-minus-BP notch construction,2630411.03743451,207407965.341231,NaN,1.60127485000661e-10,3.05048447695141e-11,NaN,NaN,NaN,NaN,1,3.25553000081355,97.4940823803184
45,PASSIVE,LPF,PASSIVE_RC_LPF,Passive RC first-order equation,19228.4824810774,NaN,NaN,1.69052683155889e-10,NaN,NaN,NaN,NaN,NaN,1,NaN,48961.3126357071
2381,MFB,BSF,MFB_BSF_1_MINUS_BP,Maheshwari MFB BPF denominator + ADI 1-minus-BP notch construction,2049.57663646752,481480.957315259,NaN,1.26265990453606e-10,2.10788928312555e-11,NaN,NaN,NaN,NaN,1,5.36647994216781,98204.5025892464
521,PASSIVE,BPF,PASSIVE_RLC_BPF,Passive RLC second-order equation,4499.24912660289,NaN,NaN,3.30427576890614e-10,NaN,NaN,0.19941458229441,NaN,NaN,1,5.46009592665651,19606.6561395041
1328,VCVS,BPF,VCVS_BPF_Maheshwari,Maheshwari VCVS equal-component active-filter equations,330847.488102688,330847.488102688,NaN,3.89433460619063e-11,3.89433460619063e-11,NaN,NaN,10055.8202126462,7075.62350178231,1.70363464661828,0.77138747760528,12352.618420683
267,PASSIVE,HPF,PASSIVE_RC_HPF,Passive RC first-order equation,4091.24295851736,NaN,NaN,1.70549329884898e-11,NaN,NaN,NaN,NaN,NaN,1,NaN,2280945.15817797
1017,VCVS,HPF,VCVS_HPF_Maheshwari,Maheshwari VCVS equal-component active-filter equations,907389.860324515,907389.860324515,NaN,1.35768894755694e-10,1.35768894755694e-10,NaN,NaN,9883.38870306107,4896.94685247275,1.49547245379068,0.66466047931094,1291.8911619037
1418,VCVS,BSF,VCVS_BSF_Maheshwari,Maheshwari VCVS equal-component active-filter equations,1142.11944324094,1142.11944324094,NaN,2.72430313211177e-10,2.72430313211177e-10,NaN,NaN,9835.36772147827,6685.59826654337,1.67975071760088,1.56128374825476,511508.879234261
645,PASSIVE,BSF,PASSIVE_RLC_BSF,Passive RLC second-order equation,299.777736816462,NaN,NaN,1.73871653042457e-10,NaN,NaN,0.00015288549472468,NaN,NaN,1,3.12801893521772,976163.576047851
2525,ACTIVE_OTHER,LPF,ACTIVE_OTHER_STATE_VARIABLE_LPF,External state-variable/biquad active-filter canonical equation,3069.81901102305,201039.765011017,14405.1703993634,1.91307448109091e-12,6.32788215648479e-10,NaN,NaN,9775.501356722,21134.1840503789,3.16195397853904,1.41739532084328,184131.305079122
1875,MFB,HPF,MFB_HPF_Maheshwari,Maheshwari MFB active-filter equations,248836.036287913,313297.14436823,NaN,1.66380448977393e-11,9.69059791673913e-12,2.79165141449431e-11,NaN,NaN,NaN,-1.67787226903903,0.161051373845329,34656.0765969785
1953,MFB,HPF,MFB_HPF_Maheshwari,Maheshwari MFB active-filter equations,14051.2956218925,70.736260920397,NaN,1.21682102995587e-10,5.94073813383023e-10,1.01646912667682e-10,NaN,NaN,NaN,-0.835348092819932,5.07225191235112,649641.253518603
289,PASSIVE,HPF,PASSIVE_RC_HPF,Passive RC first-order equation,96975.5769623726,NaN,NaN,2.26418409484846e-11,NaN,NaN,NaN,NaN,NaN,1,NaN,72484.6463274448
887,VCVS,LPF,VCVS_LPF_Maheshwari,Maheshwari VCVS equal-component active-filter equations,92424.2840804761,92424.2840804761,NaN,4.31749203381988e-11,4.31749203381988e-11,NaN,NaN,10078.5243656739,1225.27971768197,1.12157332494577,0.532360412722063,39884.3475030928
3027,ACTIVE_OTHER,BSF,ACTIVE_OTHER_STATE_VARIABLE_BSF,External state-variable/biquad active-filter canonical equation,1467.65477128279,70818.0992291569,15889.5474058454,1.16240097898617e-10,3.93376095429627e-10,NaN,NaN,9524.8909416385,27867.0707967056,3.92571022255839,1.53660389418505,73005.2474028459
2420,ACTIVE_OTHER,LPF,ACTIVE_OTHER_STATE_VARIABLE_LPF,External state-variable/biquad active-filter canonical equation,3222.29478144347,206523.045441628,55811.9434773577,6.34804622606606e-10,8.06631379654269e-12,NaN,NaN,9708.68646930955,13399.5247176001,2.38015835200341,5.68488188418654,86217.5426528515
1072,VCVS,HPF,VCVS_HPF_Maheshwari,Maheshwari VCVS equal-component active-filter equations,10994.6212638482,10994.6212638482,NaN,1.94509632970308e-10,1.94509632970308e-10,NaN,NaN,9944.75685785035,12538.8074920433,2.26084605901101,1.35289815090751,74421.555600247
1631,MFB,LPF,MFB_LPF_Maheshwari,Maheshwari MFB active-filter equations,1302.64984039204,901.557855946069,2008.57889120807,6.09419457695515e-11,2.59857066062019e-10,NaN,NaN,NaN,NaN,-1.54191773485619,0.151543370541752,939838.993948831
305,PASSIVE,HPF,PASSIVE_RC_HPF,Passive RC first-order equation,1571.84755909143,NaN,NaN,6.18250235754159e-11,NaN,NaN,NaN,NaN,NaN,1,NaN,1637741.73346766
857,VCVS,LPF,VCVS_LPF_Maheshwari,Maheshwari VCVS equal-component active-filter equations,52929.6386795659,52929.6386795659,NaN,2.71081044449448e-11,2.71081044449448e-11,NaN,NaN,10055.4877428304,10026.1046935386,1.99707790909369,0.997086422831042,110923.113696477
2025,MFB,BPF,MFB_BPF_Maheshwari,Maheshwari MFB active-filter equations,681.159933726422,62936.7722242086,NaN,5.00922113373713e-10,1.02801981151007e-10,NaN,NaN,NaN,NaN,-14280697.5444463,3.61305873030133,107116.779545365
2534,ACTIVE_OTHER,LPF,ACTIVE_OTHER_STATE_VARIABLE_LPF,External state-variable/biquad active-filter canonical equation,2347.85663886197,115793.626660798,35488.4618701641,2.74016264726595e-11,2.22644753345434e-12,NaN,NaN,9840.25439711743,6648.07017220715,1.6755994209006,3.47285690307172,1235798.35356806
3151,ACTIVE_OTHER,BSF,ACTIVE_OTHER_STATE_VARIABLE_BSF,External state-variable/biquad active-filter canonical equation,1334.10192285059,3874.33092854467,19674.7176458132,1.91354611022091e-10,6.54794742934535e-10,NaN,NaN,9916.27166412522,12752.1399714257,2.28598130460262,1.8797700789958,197767.631300676
2885,ACTIVE_OTHER,BPF,ACTIVE_OTHER_STATE_VARIABLE_BPF,External state-variable/biquad active-filter canonical equation,87477.2313213408,756229.055703806,9215.01064910994,3.5035095699819e-11,3.69563632178249e-10,NaN,NaN,10136.3342337117,8065.53841322369,1.79570564932627,0.886314656622732,5438.13105771997
375,PASSIVE,HPF,PASSIVE_RC_HPF,Passive RC first-order equation,2985.25567362425,NaN,NaN,2.39465662254462e-11,NaN,NaN,NaN,NaN,NaN,1,NaN,2226359.8014104
3159,ACTIVE_OTHER,BSF,ACTIVE_OTHER_STATE_VARIABLE_BSF,External state-variable/biquad active-filter canonical equation,399795.71535621,4857.1034599269,33698.5167552901,2.54934200774947e-10,2.3913957273882e-12,NaN,NaN,10483.6067264136,21365.3438348068,3.03797647053818,3.3312932291574,146275.843486584
1791,MFB,LPF,MFB_LPF_Maheshwari,Maheshwari MFB active-filter equations,68662.2354375933,6505.2566298156,86473.6043732716,6.33563560564902e-10,2.56037520900379e-10,NaN,NaN,NaN,NaN,-1.25940560807792,0.368772554963283,16660.9296939156
753,PASSIVE,BSF,PASSIVE_RLC_BSF,Passive RLC second-order equation,837.267247916264,NaN,NaN,1.55610901827559e-10,NaN,NaN,0.00145612489369255,NaN,NaN,1,3.65355122325627,334349.600443284
3165,ACTIVE_OTHER,BSF,ACTIVE_OTHER_STATE_VARIABLE_BSF,External state-variable/biquad active-filter canonical equation,1945.2441072162,7075.8759188326,51030.4313362292,2.40105933627389e-11,1.80245791067516e-11,NaN,NaN,10051.7250194725,10118.6755563248,2.00666060170992,5.32905074893439,2062096.38391386
1531,VCVS,BSF,VCVS_BSF_Maheshwari,Maheshwari VCVS equal-component active-filter equations,954102.939380305,954102.939380305,NaN,4.98015538628711e-12,4.98015538628711e-12,NaN,NaN,9831.67584080091,5385.31014037611,1.54775098646228,1.10558560667441,33495.1559677431
1174,VCVS,HPF,VCVS_HPF_Maheshwari,Maheshwari VCVS equal-component active-filter equations,23184.7369358921,23184.7369358921,NaN,2.86981795307558e-12,2.86981795307558e-12,NaN,NaN,10136.9782161455,3949.41475101532,1.38960473888806,0.620965563019308,2392013.41493792
2922,ACTIVE_OTHER,BPF,ACTIVE_OTHER_STATE_VARIABLE_BPF,External state-variable/biquad active-filter canonical equation,85502.3739533179,90244.282443775,12069.2218046387,4.21347955874062e-10,7.96752203835188e-11,NaN,NaN,10339.8112605889,14111.4546273415,2.36476907282908,1.21434173135273,9888.69802171629
1986,MFB,HPF,MFB_HPF_Maheshwari,Maheshwari MFB active-filter equations,77500.5252956153,1464.39798974491,NaN,6.43028102532108e-10,1.70185965049568e-11,2.42652035454466e-10,NaN,NaN,NaN,-0.377358368162999,1.37239707079606,232479.362671829
248,PASSIVE,HPF,PASSIVE_RC_HPF,Passive RC first-order equation,1911.38759000243,NaN,NaN,8.11123983757858e-12,NaN,NaN,NaN,NaN,NaN,1,NaN,10265595.0056151
682,PASSIVE,BSF,PASSIVE_RLC_BSF,Passive RLC second-order equation,325398.997908534,NaN,NaN,9.97088454293377e-12,NaN,NaN,7.246071069005,NaN,NaN,1,2.61980061505279,18724.1448992247
2617,ACTIVE_OTHER,HPF,ACTIVE_OTHER_STATE_VARIABLE_HPF,External state-variable/biquad active-filter canonical equation,9886.47854873876,91424.7623153524,19959.5288911573,4.72392209855476e-10,3.4602428718177e-11,NaN,NaN,9739.11943467123,7146.28456570169,1.73377111900496,1.97158076816668,41405.9489736083
1896,MFB,HPF,MFB_HPF_Maheshwari,Maheshwari MFB active-filter equations,87763.0663951502,107474.185763611,NaN,8.23526925167954e-11,1.88873556145806e-11,1.47994083800203e-11,NaN,NaN,NaN,-0.179707644373644,0.724501570211708,98017.6756340526
964,VCVS,LPF,VCVS_LPF_Maheshwari,Maheshwari VCVS equal-component active-filter equations,50504.2127796192,50504.2127796192,NaN,8.27187428103082e-12,8.27187428103082e-12,NaN,NaN,10072.1112586269,5594.28647328514,1.55542341914597,0.692244366448748,380968.089817142
1613,MFB,LPF,MFB_LPF_Maheshwari,Maheshwari MFB active-filter equations,16242.5164109025,287068.978684547,13587.2182010842,6.40650706545358e-10,2.45663072070007e-10,NaN,NaN,NaN,NaN,-0.836521746837456,0.186494462336926,6423.63906552959
868,VCVS,LPF,VCVS_LPF_Maheshwari,Maheshwari VCVS equal-component active-filter equations,2488.56516692174,2488.56516692174,NaN,6.73966406804682e-10,6.73966406804682e-10,NaN,NaN,10054.625599576,3035.20106203634,1.30187111712686,0.588883452890841,94892.7130607531
3185,ACTIVE_OTHER,BSF,ACTIVE_OTHER_STATE_VARIABLE_BSF,External state-variable/biquad active-filter canonical equation,1650.27505803356,848846.875718544,51592.1992446671,9.68802938728404e-12,2.41590610405036e-12,NaN,NaN,9563.69853729654,10576.4380076547,2.10589412311657,5.18831303464569,878960.861427949
1995,MFB,HPF,MFB_HPF_Maheshwari,Maheshwari MFB active-filter equations,149176.86599144,13.3252990696415,NaN,9.78767429835035e-11,2.74460294973253e-11,8.36501630906282e-10,NaN,NaN,NaN,-8.54648004630956,1.95030413291738,745002.535433063
1334,VCVS,BPF,VCVS_BPF_Maheshwari,Maheshwari VCVS equal-component active-filter equations,7401.33094654349,7401.33094654349,NaN,4.06416210670761e-11,4.06416210670761e-11,NaN,NaN,9971.66507268059,9075.93678031053,1.91017264560719,0.917576528033787,529101.856630994
56,PASSIVE,LPF,PASSIVE_RC_LPF,Passive RC first-order equation,19863.0002260604,NaN,NaN,4.68401370772934e-11,NaN,NaN,NaN,NaN,NaN,1,NaN,171063.41065985
2812,ACTIVE_OTHER,BPF,ACTIVE_OTHER_STATE_VARIABLE_BPF,External state-variable/biquad active-filter canonical equation,584241.609440341,146410.552648595,41736.1670219281,2.71759068839656e-12,1.26702782424657e-11,NaN,NaN,10139.6339190787,28808.1546087083,3.84114346125486,4.14503468555892,92736.9056414435
2290,MFB,BSF,MFB_BSF_1_MINUS_BP,Maheshwari MFB BPF denominator + ADI 1-minus-BP notch construction,75.2275086350886,4509.45387472111,NaN,4.67368810340074e-10,4.61693538881302e-10,NaN,NaN,NaN,NaN,1,3.87111021413674,588251.516926609
344,PASSIVE,HPF,PASSIVE_RC_HPF,Passive RC first-order equation,1246.23923497294,NaN,NaN,1.06925188629289e-11,NaN,NaN,NaN,NaN,NaN,1,NaN,11943694.5094752
2638,ACTIVE_OTHER,HPF,ACTIVE_OTHER_STATE_VARIABLE_HPF,External state-variable/biquad active-filter canonical equation,508263.958101414,48435.528141632,18819.7017168929,2.5447368552687e-10,2.8884455622401e-11,NaN,NaN,9711.49775761191,33050.732039765,4.40325795924318,1.82156565469561,11831.5030875899
1401,VCVS,BSF,VCVS_BSF_Maheshwari,Maheshwari VCVS equal-component active-filter equations,97267.2133876701,97267.2133876701,NaN,4.31496333672743e-10,4.31496333672743e-10,NaN,NaN,9839.7321732737,5482.2681099122,1.5571562328498,1.12906635949201,3792.07176475793
1143,VCVS,HPF,VCVS_HPF_Maheshwari,Maheshwari VCVS equal-component active-filter equations,69458.2942206991,69458.2942206991,NaN,2.74311069212044e-10,2.74311069212044e-10,NaN,NaN,10107.8847807467,13175.4732422422,2.30348470803096,1.43571865762345,8353.19625568958
1915,MFB,HPF,MFB_HPF_Maheshwari,Maheshwari MFB active-filter equations,176943.031598543,1067.54076342417,NaN,5.79543028602069e-10,2.29017164689424e-11,1.25975884214684e-11,NaN,NaN,NaN,-0.0217371063057309,16.3566923078181,681763.021465253
122,PASSIVE,LPF,PASSIVE_RC_LPF,Passive RC first-order equation,10611.3793051781,NaN,NaN,4.50580051140148e-11,NaN,NaN,NaN,NaN,NaN,1,NaN,332871.285303098
1696,MFB,LPF,MFB_LPF_Maheshwari,Maheshwari MFB active-filter equations,7281.07934655604,721.698834037963,6618.24167873416,8.86758602854468e-10,1.074467484993e-11,NaN,NaN,NaN,NaN,-0.908964366919666,2.48305251734271,746056.081073198
893,VCVS,LPF,VCVS_LPF_Maheshwari,Maheshwari VCVS equal-component active-filter equations,102178.695282885,102178.695282885,NaN,3.25779245017178e-11,3.25779245017178e-11,NaN,NaN,9874.20566650589,9701.49141204472,1.98250854192282,0.982809233494463,47811.9400465896
1721,MFB,LPF,MFB_LPF_Maheshwari,Maheshwari MFB active-filter equations,39847.1900498194,33355.4705150867,99114.0787079028,1.15368121687267e-11,1.24416831779811e-11,NaN,NaN,NaN,NaN,-2.48735427978697,0.257001362063905,231039.609490195
3171,ACTIVE_OTHER,BSF,ACTIVE_OTHER_STATE_VARIABLE_BSF,External state-variable/biquad active-filter canonical equation,746257.411114222,351374.403495822,22344.5726261696,6.70804392495805e-12,2.04898109391193e-10,NaN,NaN,9865.52400656542,23964.3168722523,3.42909721331622,2.27880055877434,8383.47006516817
3093,ACTIVE_OTHER,BSF,ACTIVE_OTHER_STATE_VARIABLE_BSF,External state-variable/biquad active-filter canonical equation,4106.26467247595,326320.333231478,23991.3360416318,1.40013987730119e-12,2.55659436531471e-10,NaN,NaN,10391.1424918219,13809.7699410197,2.32899437688284,2.40486716995767,229804.203412727
927,VCVS,LPF,VCVS_LPF_Maheshwari,Maheshwari VCVS equal-component active-filter equations,384371.483892238,384371.483892238,NaN,4.54361612023038e-11,4.54361612023038e-11,NaN,NaN,9821.1207031732,11459.1292240132,2.16678427751232,1.20016938352335,9113.12525775469
2005,MFB,BPF,MFB_BPF_Maheshwari,Maheshwari MFB active-filter equations,28757.4665711272,335430.805930494,NaN,1.67804970532372e-10,2.56140470028067e-11,NaN,NaN,NaN,NaN,-1357597.9522673,1.15762660555124,24717.3459149817
1254,VCVS,BPF,VCVS_BPF_Maheshwari,Maheshwari VCVS equal-component active-filter equations,113499.309350382,113499.309350382,NaN,5.23699639012029e-12,5.23699639012029e-12,NaN,NaN,9985.24035826096,6704.91198307487,1.67148228209928,0.752718602488919,267759.345802455
511,PASSIVE,BPF,PASSIVE_RLC_BPF,Passive RLC second-order equation,87604.7650068338,NaN,NaN,3.40371882701313e-12,NaN,NaN,0.00691677194038653,NaN,NaN,1,0.514573196693087,1037269.39726078
2089,MFB,BPF,MFB_BPF_Maheshwari,Maheshwari MFB active-filter equations,973.175130768194,124484.511235787,NaN,3.15448434147414e-11,3.69980301756107e-10,NaN,NaN,NaN,NaN,-2777348.61150808,3.04300663639695,133848.491891879
2115,MFB,BPF,MFB_BPF_Maheshwari,Maheshwari MFB active-filter equations,202680.412260621,25761487.8340548,NaN,1.58953503256918e-10,1.44683970857841e-11,NaN,NaN,NaN,NaN,-341010.539285672,3.1176036571217,1452.39086780287
1107,VCVS,HPF,VCVS_HPF_Maheshwari,Maheshwari VCVS equal-component active-filter equations,368538.620222034,368538.620222034,NaN,1.10777602849052e-12,1.10777602849052e-12,NaN,NaN,9965.09428227649,12775.9916529011,2.28207433778364,1.39290187359068,389838.891094831
1312,VCVS,BPF,VCVS_BPF_Maheshwari,Maheshwari VCVS equal-component active-filter equations,17350.8259336647,17350.8259336647,NaN,2.48074573574272e-11,2.48074573574272e-11,NaN,NaN,9892.99279808233,8482.51092065794,1.85742616959169,0.875216964878885,369758.124455279
2470,ACTIVE_OTHER,LPF,ACTIVE_OTHER_STATE_VARIABLE_LPF,External state-variable/biquad active-filter canonical equation,33740.5383991997,59783.297204328,7988.35787228262,5.80872480631537e-10,1.09590373846053e-09,NaN,NaN,9887.70356704123,33963.0722474007,4.43487969851869,0.795004488631923,4441.47876837148
2778,ACTIVE_OTHER,HPF,ACTIVE_OTHER_STATE_VARIABLE_HPF,External state-variable/biquad active-filter canonical equation,10861.748155951,13897.8299272095,18823.9248094226,8.41258302425879e-10,5.41493147777995e-11,NaN,NaN,9978.39016594763,18666.8132376729,2.87072392712959,1.89146019269826,60692.580987396
2903,ACTIVE_OTHER,BPF,ACTIVE_OTHER_STATE_VARIABLE_BPF,External state-variable/biquad active-filter canonical equation,1402.82023604446,836889.016314017,52611.9047247913,4.35834116993932e-10,1.29226904464394e-11,NaN,NaN,9870.7578838113,31060.7194830593,4.14674109614227,5.06665421169173,61893.9363710139
2138,MFB,BPF,MFB_BPF_Maheshwari,Maheshwari MFB active-filter equations,316427.363203335,87574373.5751663,NaN,1.53406142480973e-11,1.39902137163597e-10,NaN,NaN,NaN,NaN,-22589.2399601742,4.96447949757326,652.621003394758
1205,VCVS,BPF,VCVS_BPF_Maheshwari,Maheshwari VCVS equal-component active-filter equations,213628.477825554,213628.477825554,NaN,4.42724325077594e-11,4.42724325077594e-11,NaN,NaN,10028.5927359927,1316.36502978644,1.13126119131969,0.535120261512734,16827.8100490915
2301,MFB,BSF,MFB_BSF_1_MINUS_BP,Maheshwari MFB BPF denominator + ADI 1-minus-BP notch construction,292.017019044024,3973.88935537525,NaN,1.2132569588899e-10,5.66104314047276e-10,NaN,NaN,NaN,NaN,1,1.40637113474295,563746.082290111
850,VCVS,LPF,VCVS_LPF_Maheshwari,Maheshwari VCVS equal-component active-filter equations,5877.13264928163,5877.13264928163,NaN,2.10108701881613e-11,2.10108701881613e-11,NaN,NaN,10060.874869888,4307.50774815949,1.42814445104091,0.636190775076131,1288874.40404454
902,VCVS,LPF,VCVS_LPF_Maheshwari,Maheshwari VCVS equal-component active-filter equations,97307.8807792766,97307.8807792766,NaN,1.34093949899124e-11,1.34093949899124e-11,NaN,NaN,9869.57314806355,3101.65320312746,1.31426416893582,0.59321275704789,121972.783167761
800,PASSIVE,BSF,PASSIVE_RLC_BSF,Passive RLC second-order equation,430431.238156497,NaN,NaN,1.87936563142422e-11,NaN,NaN,46.79627087727,NaN,NaN,1,3.66603156956675,5366.71914772219
2430,ACTIVE_OTHER,LPF,ACTIVE_OTHER_STATE_VARIABLE_LPF,External state-variable/biquad active-filter canonical equation,197183.947579637,7168.86354501593,52241.341522103,3.81762704959148e-12,4.07858917561742e-12,NaN,NaN,9974.24977195178,32745.1550940178,4.28296923003665,5.23115489624312,1072772.08861178
110,PASSIVE,LPF,PASSIVE_RC_LPF,Passive RC first-order equation,14455.8171646613,NaN,NaN,5.66794559444966e-10,NaN,NaN,NaN,NaN,NaN,1,NaN,19424.5878205338
1095,VCVS,HPF,VCVS_HPF_Maheshwari,Maheshwari VCVS equal-component active-filter equations,14105.7121793378,14105.7121793378,NaN,8.05381388301074e-12,8.05381388301074e-12,NaN,NaN,10160.5026243973,2698.10280037311,1.26554816234134,0.576551033754794,1400952.86729798
2640,ACTIVE_OTHER,HPF,ACTIVE_OTHER_STATE_VARIABLE_HPF,External state-variable/biquad active-filter canonical equation,341548.001837907,42256.6509497082,35520.3641236876,1.93307986441904e-12,1.63361833560177e-10,NaN,NaN,10428.7178328731,25052.5303083806,3.40226370200666,3.45618176455997,74549.8067437067
196,PASSIVE,LPF,PASSIVE_RC_LPF,Passive RC first-order equation,1591.47671070457,NaN,NaN,1.62383058938496e-10,NaN,NaN,NaN,NaN,NaN,1,NaN,615855.927387621
504,PASSIVE,BPF,PASSIVE_RLC_BPF,Passive RLC second-order equation,484413.117058219,NaN,NaN,1.85216330490586e-11,NaN,NaN,51.6029038117504,NaN,NaN,1,3.44573233298491,5148.05790612777
2706,ACTIVE_OTHER,HPF,ACTIVE_OTHER_STATE_VARIABLE_HPF,External state-variable/biquad active-filter canonical equation,462574.93991635,294883.250302892,29352.1314830012,1.55193748532654e-10,1.36979660304582e-11,NaN,NaN,9587.61181341439,26573.7755475751,3.7716782932737,2.94441157012849,9346.2818721711
1263,VCVS,BPF,VCVS_BPF_Maheshwari,Maheshwari VCVS equal-component active-filter equations,250947.203840726,250947.203840726,NaN,1.29621851936836e-11,1.29621851936836e-11,NaN,NaN,9825.94185246894,2471.98808931685,1.25157772419503,0.571944211554731,48928.2348907345
554,PASSIVE,BPF,PASSIVE_RLC_BPF,Passive RLC second-order equation,192352.251711933,NaN,NaN,4.28402285959318e-11,NaN,NaN,13.8005374725847,NaN,NaN,1,2.95069850025128,6545.55145952015
3148,ACTIVE_OTHER,BSF,ACTIVE_OTHER_STATE_VARIABLE_BSF,External state-variable/biquad active-filter canonical equation,715768.540822463,224606.256352907,47679.5993894369,5.32895619724603e-10,3.96315347179467e-10,NaN,NaN,9845.01399089791,19071.780463716,2.93720196653337,4.77752218228032,863.736720197584
1618,MFB,LPF,MFB_LPF_Maheshwari,Maheshwari MFB active-filter equations,12503.9125762935,4840.82965305236,21001.3494266152,4.54185916024495e-10,5.64559114104593e-10,NaN,NaN,NaN,NaN,-1.67958223463847,0.266204204231783,31172.0301858651
675,PASSIVE,BSF,PASSIVE_RLC_BSF,Passive RLC second-order equation,71331.8496855882,NaN,NaN,1.03799177904647e-10,NaN,NaN,2.32825347181222,NaN,NaN,1,2.09959092489513,10237.8330952469
2627,ACTIVE_OTHER,HPF,ACTIVE_OTHER_STATE_VARIABLE_HPF,External state-variable/biquad active-filter canonical equation,478581.529442537,1555.27923751324,31111.5867026671,4.46181343384494e-10,1.68582396242365e-12,NaN,NaN,9535.25021242031,9482.08009380879,1.99442383603712,3.16808964805493,212704.247845734
1032,VCVS,HPF,VCVS_HPF_Maheshwari,Maheshwari VCVS equal-component active-filter equations,15903.6003475682,15903.6003475682,NaN,4.70178313189301e-10,4.70178313189301e-10,NaN,NaN,10110.0973137539,7212.81462402828,1.71342682470681,0.777258549458034,21284.4329583202
1060,VCVS,HPF,VCVS_HPF_Maheshwari,Maheshwari VCVS equal-component active-filter equations,3231.24608814475,3231.24608814475,NaN,1.1840072321978e-12,1.1840072321978e-12,NaN,NaN,9803.77783170493,5677.25885419729,1.57908889324657,0.703773793622356,41600230.9615766
2355,MFB,BSF,MFB_BSF_1_MINUS_BP,Maheshwari MFB BPF denominator + ADI 1-minus-BP notch construction,171321.582837097,271234.42368985,NaN,3.35802451769758e-11,1.08025393250471e-10,NaN,NaN,NaN,NaN,1,0.535168665739959,12258.4858377462
2800,ACTIVE_OTHER,HPF,ACTIVE_OTHER_STATE_VARIABLE_HPF,External state-variable/biquad active-filter canonical equation,4972.05800738171,17373.3234620054,52150.3472932968,5.94896344775728e-10,6.0228086998912e-11,NaN,NaN,9673.95149424069,5281.30165004113,1.54593013549689,5.23297786791182,90467.0441393019
1138,VCVS,HPF,VCVS_HPF_Maheshwari,Maheshwari VCVS equal-component active-filter equations,2596.41793102686,2596.41793102686,NaN,1.15728453964616e-10,1.15728453964616e-10,NaN,NaN,9969.6947245708,13368.0539193386,2.34086893216423,1.51714893865262,529670.006033031
1301,VCVS,BPF,VCVS_BPF_Maheshwari,Maheshwari VCVS equal-component active-filter equations,9025.96231177043,9025.96231177043,NaN,1.10542423253575e-11,1.10542423253575e-11,NaN,NaN,10114.3548135089,4272.54654603306,1.42242403245796,0.633883895656742,1595135.70091809
1222,VCVS,BPF,VCVS_BPF_Maheshwari,Maheshwari VCVS equal-component active-filter equations,3192.10844737395,3192.10844737395,NaN,1.63835808551613e-11,1.63835808551613e-11,NaN,NaN,9945.46116644619,10403.9564562008,2.04610095822419,1.04832897005365,3043222.2138984
2853,ACTIVE_OTHER,BPF,ACTIVE_OTHER_STATE_VARIABLE_BPF,External state-variable/biquad active-filter canonical equation,6133.57022398752,139483.419186432,23154.899343632,1.77341821855517e-12,1.21012152900046e-10,NaN,NaN,9792.12993100822,19123.9777094392,2.95299468493369,2.32228090493465,371434.373246815
1599,VCVS,BSF,VCVS_BSF_Maheshwari,Maheshwari VCVS equal-component active-filter equations,38640.3416962096,38640.3416962096,NaN,9.19586949352841e-12,9.19586949352841e-12,NaN,NaN,9884.70293958667,5575.28693990387,1.56403181501547,1.14687267837617,447905.478219099
3048,ACTIVE_OTHER,BSF,ACTIVE_OTHER_STATE_VARIABLE_BSF,External state-variable/biquad active-filter canonical equation,18996.7854880829,1721.44599537939,32355.0279184811,7.60456610820394e-11,1.40225208394023e-10,NaN,NaN,10197.3773002012,27403.2659360532,3.68728567447558,3.35202207672412,269515.101134453
2371,MFB,BSF,MFB_BSF_1_MINUS_BP,Maheshwari MFB BPF denominator + ADI 1-minus-BP notch construction,1623.53613527301,240472.175870503,NaN,1.11464681603909e-10,3.42003323345575e-10,NaN,NaN,NaN,NaN,1,5.24008811192703,41254.6524246699
2177,MFB,BPF,MFB_BPF_Maheshwari,Maheshwari MFB active-filter equations,5394.92023082429,4132597.39251309,NaN,1.23946094308726e-11,2.83006444303812e-10,NaN,NaN,NaN,NaN,-654965.836557859,5.54908759283154,17997.0566471499
1980,MFB,HPF,MFB_HPF_Maheshwari,Maheshwari MFB active-filter equations,87126.3342511152,10100.5160964348,NaN,5.6026600118266e-11,6.08301767527774e-10,2.27641333059565e-10,NaN,NaN,NaN,-4.06309382648669,0.301565103391126,14417.4524871571
834,VCVS,LPF,VCVS_LPF_Maheshwari,Maheshwari VCVS equal-component active-filter equations,661683.023081293,661683.023081293,NaN,6.79264898120054e-11,6.79264898120054e-11,NaN,NaN,9875.10208349618,3511.74535945294,1.35561610702961,0.608130500593519,3541.04109705768
2671,ACTIVE_OTHER,HPF,ACTIVE_OTHER_STATE_VARIABLE_HPF,External state-variable/biquad active-filter canonical equation,14926.5426795875,30518.0563288317,48558.173254141,1.05263440981541e-11,6.03923861162428e-12,NaN,NaN,9860.95092510121,18195.2923747791,2.84518638344124,4.7013881346723,935259.669762927
2044,MFB,BPF,MFB_BPF_Maheshwari,Maheshwari MFB active-filter equations,783927.690524901,30110091.686174,NaN,7.16522083618761e-11,3.03854304305433e-11,NaN,NaN,NaN,NaN,-41981.5628425679,2.83403443341311,702.067070596324
2197,MFB,BPF,MFB_BPF_Maheshwari,Maheshwari MFB active-filter equations,10725.5449404573,426998.640897925,NaN,1.18865036791643e-10,3.62636388623777e-10,NaN,NaN,NaN,NaN,-257104.247804833,2.72062535304739,11327.5098037731
2632,ACTIVE_OTHER,HPF,ACTIVE_OTHER_STATE_VARIABLE_HPF,External state-variable/biquad active-filter canonical equation,17877.6145892778,66896.1684497085,20967.5510554836,1.71659407423728e-11,1.92539359495256e-10,NaN,NaN,10350.385560545,13473.9083841297,2.30177840287336,2.06188011632547,80051.8105082829
3055,ACTIVE_OTHER,BSF,ACTIVE_OTHER_STATE_VARIABLE_BSF,External state-variable/biquad active-filter canonical equation,105274.634005031,1579.57757676489,7689.33201842389,8.77376817287253e-12,7.23980298037049e-12,NaN,NaN,10149.6683295551,22278.8974079654,3.1950369888532,0.735569893880898,1548571.74233382
1354,VCVS,BPF,VCVS_BPF_Maheshwari,Maheshwari VCVS equal-component active-filter equations,359106.441164624,359106.441164624,NaN,5.24396789895245e-12,5.24396789895245e-12,NaN,NaN,10170.0325585789,2127.79394912106,1.20922194072291,0.558416490988105,84515.6064576239
3040,ACTIVE_OTHER,BSF,ACTIVE_OTHER_STATE_VARIABLE_BSF,External state-variable/biquad active-filter canonical equation,2233.95474297172,1378.36477660922,16185.2989812357,1.84985015552693e-11,1.01106141219476e-12,NaN,NaN,10126.3143482533,28567.4799223789,3.82111328366046,1.63513892686049,20972191.7636041
104,PASSIVE,LPF,PASSIVE_RC_LPF,Passive RC first-order equation,4476.95157665575,NaN,NaN,2.07939649558687e-11,NaN,NaN,NaN,NaN,NaN,1,NaN,1709623.29537435
3188,ACTIVE_OTHER,BSF,ACTIVE_OTHER_STATE_VARIABLE_BSF,External state-variable/biquad active-filter canonical equation,11343.4546209178,2233.4892880559,54162.6823881343,1.35634757460995e-12,9.84495068022062e-13,NaN,NaN,10127.5823864658,16341.7007126742,2.61358358679094,5.61900725895029,27362971.3490665
1428,VCVS,BSF,VCVS_BSF_Maheshwari,Maheshwari VCVS equal-component active-filter equations,2566.85937315151,2566.85937315151,NaN,2.35911385963581e-11,2.35911385963581e-11,NaN,NaN,10119.045981872,3016.97233274511,1.29814790229731,0.712400805862947,2628265.00987949
838,VCVS,LPF,VCVS_LPF_Maheshwari,Maheshwari VCVS equal-component active-filter equations,27168.7767726689,27168.7767726689,NaN,4.34067053132804e-10,4.34067053132804e-10,NaN,NaN,10191.627734738,1111.20699003855,1.10903135583053,0.528829498618794,13495.631870079
3109,ACTIVE_OTHER,BSF,ACTIVE_OTHER_STATE_VARIABLE_BSF,External state-variable/biquad active-filter canonical equation,22062.0736632903,273508.727796969,48124.8435112552,1.49428641905002e-12,1.39081270823086e-12,NaN,NaN,9724.5768983772,11863.2894184964,2.219928593549,4.63267144828731,1421216.11067926
18,PASSIVE,LPF,PASSIVE_RC_LPF,Passive RC first-order equation,24225.6422526195,NaN,NaN,4.26120337370905e-10,NaN,NaN,NaN,NaN,NaN,1,NaN,15417.4507534977
1754,MFB,LPF,MFB_LPF_Maheshwari,Maheshwari MFB active-filter equations,1358.40368011485,3262.1500155025,3884.84305479755,5.36691051337865e-10,2.12923095585584e-11,NaN,NaN,NaN,NaN,-2.85985904754698,1.08475152720459,418222.954041964
570,PASSIVE,BPF,PASSIVE_RLC_BPF,Passive RLC second-order equation,165250.830190113,NaN,NaN,2.79822159469663e-12,NaN,NaN,2.34477828575462,NaN,NaN,1,5.53944417324931,62133.8390250158
2176,MFB,BPF,MFB_BPF_Maheshwari,Maheshwari MFB active-filter equations,1123.40026243267,313146.398676406,NaN,8.07536380590682e-11,1.10835820342621e-11,NaN,NaN,NaN,NaN,-80312905.7242878,5.43887201806211,283633.838145553
2944,ACTIVE_OTHER,BPF,ACTIVE_OTHER_STATE_VARIABLE_BPF,External state-variable/biquad active-filter canonical equation,780263.984413723,147766.296403896,43824.3804283398,1.23974077387287e-12,4.47874347596875e-10,NaN,NaN,9549.3005813867,21620.4334193104,3.26408554585165,4.29902905067734,19891.5268413392
1488,VCVS,BSF,VCVS_BSF_Maheshwari,Maheshwari VCVS equal-component active-filter equations,20901.7525410404,20901.7525410404,NaN,2.15102610478915e-10,2.15102610478915e-10,NaN,NaN,9862.09750726421,4493.56439721724,1.45563982650824,0.918509516948655,35399.061558578
2526,ACTIVE_OTHER,LPF,ACTIVE_OTHER_STATE_VARIABLE_LPF,External state-variable/biquad active-filter canonical equation,5254.80251868205,25715.7082767873,13642.1563174448,1.75673118052696e-11,2.23214566624937e-12,NaN,NaN,10393.2589606138,28950.4832680153,3.78550581465599,1.41286263457921,2186395.70522585
1341,VCVS,BPF,VCVS_BPF_Maheshwari,Maheshwari VCVS equal-component active-filter equations,6943.49959984205,6943.49959984205,NaN,4.17389060057307e-12,4.17389060057307e-12,NaN,NaN,9902.06756972743,5139.09764192428,1.51899238272576,0.675215973460335,5491622.23787597
996,VCVS,LPF,VCVS_LPF_Maheshwari,Maheshwari VCVS equal-component active-filter equations,155639.128733408,155639.128733408,NaN,6.42041867544376e-12,6.42041867544376e-12,NaN,NaN,10140.7660950081,11748.6555112257,2.15855699669565,1.188434624892,159271.471077406
306,PASSIVE,HPF,PASSIVE_RC_HPF,Passive RC first-order equation,437483.9650553,NaN,NaN,4.99032060738704e-12,NaN,NaN,NaN,NaN,NaN,1,NaN,72900.3383325752
411,PASSIVE,BPF,PASSIVE_RLC_BPF,Passive RLC second-order equation,11815166.9009779,NaN,NaN,5.65711867026845e-12,NaN,NaN,24434.9982009831,NaN,NaN,1,5.56248240553737,428.071516669813
2280,MFB,BSF,MFB_BSF_1_MINUS_BP,Maheshwari MFB BPF denominator + ADI 1-minus-BP notch construction,392.230579345013,71118.1327574253,NaN,2.81751905130775e-11,3.56003688041237e-10,NaN,NaN,NaN,NaN,1,3.51031946903934,300883.626543919
797,PASSIVE,BSF,PASSIVE_RLC_BSF,Passive RLC second-order equation,12519.9407518095,NaN,NaN,5.29970282731307e-10,NaN,NaN,0.698571134658356,NaN,NaN,1,2.89986169688386,8271.59104764325
1571,VCVS,BSF,VCVS_BSF_Maheshwari,Maheshwari VCVS equal-component active-filter equations,18741.5386595808,18741.5386595808,NaN,5.46359018278338e-10,5.46359018278338e-10,NaN,NaN,10193.9664602589,4136.73812074984,1.40580260263528,0.841471205053259,15543.0689129593
397,PASSIVE,HPF,PASSIVE_RC_HPF,Passive RC first-order equation,127624.258679926,NaN,NaN,8.91442529623169e-10,NaN,NaN,NaN,NaN,NaN,1,NaN,1398.92215840237
2835,ACTIVE_OTHER,BPF,ACTIVE_OTHER_STATE_VARIABLE_BPF,External state-variable/biquad active-filter canonical equation,4281.46761351063,10078.71697033,29528.735686798,8.00278372715792e-12,4.45200855926766e-12,NaN,NaN,9760.46079005492,33057.79131507,4.38690887921532,2.89887550061896,4059033.53840365
210,PASSIVE,HPF,PASSIVE_RC_HPF,Passive RC first-order equation,372316.688409837,NaN,NaN,1.32942400662642e-12,NaN,NaN,NaN,NaN,NaN,1,NaN,321546.740537689
534,PASSIVE,BPF,PASSIVE_RLC_BPF,Passive RLC second-order equation,11664846.4294201,NaN,NaN,8.74416920090579e-12,NaN,NaN,4147.08903685372,NaN,NaN,1,1.8669529701638,835.774613662553
457,PASSIVE,BPF,PASSIVE_RLC_BPF,Passive RLC second-order equation,1834621.15690744,NaN,NaN,1.26172940978453e-10,NaN,NaN,8599.82442237457,NaN,NaN,1,4.50002868034469,152.789048475207
1451,VCVS,BSF,VCVS_BSF_Maheshwari,Maheshwari VCVS equal-component active-filter equations,15969.8773902563,15969.8773902563,NaN,3.40116355169302e-12,3.40116355169302e-12,NaN,NaN,9929.21843931382,1653.78994199451,1.16655791713137,0.599921710551316,2930157.96256978
1825,MFB,HPF,MFB_HPF_Maheshwari,Maheshwari MFB active-filter equations,18373.9499457969,184.235104356326,NaN,4.39964429625631e-10,6.13156361099416e-10,9.03437280493444e-10,NaN,NaN,NaN,-2.05343254967722,1.8500203721005,116224.59776716
758,PASSIVE,BSF,PASSIVE_RLC_BSF,Passive RLC second-order equation,8491966.78080633,NaN,NaN,1.71893457196406e-12,NaN,NaN,278.84222075498,NaN,NaN,1,1.49982748038574,7269.61133152265
1604,MFB,LPF,MFB_LPF_Maheshwari,Maheshwari MFB active-filter equations,1945.2415567653,85.2958086417648,4805.58565831488,6.86485312302319e-10,2.49168533978522e-10,NaN,NaN,NaN,NaN,-2.47043131563876,0.208305013437816,601064.254990097
2489,ACTIVE_OTHER,LPF,ACTIVE_OTHER_STATE_VARIABLE_LPF,External state-variable/biquad active-filter canonical equation,3198.96956783219,1129.63277931673,30233.1792008362,1.62736417141229e-12,2.62614806938587e-12,NaN,NaN,9814.78327082817,26857.6337446506,3.73644694982494,3.09601141342883,40499014.4401005
2547,ACTIVE_OTHER,LPF,ACTIVE_OTHER_STATE_VARIABLE_LPF,External state-variable/biquad active-filter canonical equation,231480.166003441,37925.1690214069,41685.691313702,3.38625828042746e-11,2.0086693054912e-12,NaN,NaN,9983.63356952579,14338.3173782975,2.4361822555331,4.23812350920375,205961.105851716
1521,VCVS,BSF,VCVS_BSF_Maheshwari,Maheshwari VCVS equal-component active-filter equations,9723.25098850464,9723.25098850464,NaN,2.32370305751282e-12,2.32370305751282e-12,NaN,NaN,9844.82878979211,3756.70544293064,1.38159174965296,0.808527376081111,7044140.4367655
1494,VCVS,BSF,VCVS_BSF_Maheshwari,Maheshwari VCVS equal-component active-filter equations,1455.63079427183,1455.63079427183,NaN,1.99308985971244e-11,1.99308985971244e-11,NaN,NaN,10046.4980323261,7457.99874209493,1.74234810160692,1.94060281767141,5485825.86028174
1660,MFB,LPF,MFB_LPF_Maheshwari,Maheshwari MFB active-filter equations,455.012632674123,45584.3616488058,1669.51088274064,9.74917802709892e-10,1.38864588334302e-11,NaN,NaN,NaN,NaN,-3.66915281654681,0.340756028943363,156797.021905127
1043,VCVS,HPF,VCVS_HPF_Maheshwari,Maheshwari VCVS equal-component active-filter equations,37931.0794828109,37931.0794828109,NaN,3.87429754840875e-12,3.87429754840875e-12,NaN,NaN,10155.921454341,8031.14784503441,1.79078475361796,0.826982626122179,1083008.72993264
2457,ACTIVE_OTHER,LPF,ACTIVE_OTHER_STATE_VARIABLE_LPF,External state-variable/biquad active-filter canonical equation,12864.2240732906,3324.62597872047,38998.7962427479,1.44950121431772e-11,8.62617212566851e-11,NaN,NaN,10185.6095020437,27173.8186932741,3.66786378250822,3.91703995431781,688237.900168988
2302,MFB,BSF,MFB_BSF_1_MINUS_BP,Maheshwari MFB BPF denominator + ADI 1-minus-BP notch construction,125895.614628015,73402254.9985038,NaN,2.55304940186019e-11,5.07677713024455e-10,NaN,NaN,NaN,NaN,1,5.15556459917122,459.871473953573
1110,VCVS,HPF,VCVS_HPF_Maheshwari,Maheshwari VCVS equal-component active-filter equations,381785.046229449,381785.046229449,NaN,2.7918067405155e-11,2.7918067405155e-11,NaN,NaN,9883.48951774499,9542.11608213837,1.96546023193593,0.966613397444636,14931.9272812602
2437,ACTIVE_OTHER,LPF,ACTIVE_OTHER_STATE_VARIABLE_LPF,External state-variable/biquad active-filter canonical equation,1270.7776916502,99981.0116186972,47350.4078962799,1.07388383736235e-11,1.82947477018762e-12,NaN,NaN,9695.93869009747,8826.88410274219,1.91036921590244,4.55419001977022,3185552.09606513
589,PASSIVE,BPF,PASSIVE_RLC_BPF,Passive RLC second-order equation,8204.06227299973,NaN,NaN,5.9935014890847e-11,NaN,NaN,0.125026888180295,NaN,NaN,1,5.5671439883909,58140.4129159466
2508,ACTIVE_OTHER,LPF,ACTIVE_OTHER_STATE_VARIABLE_LPF,External state-variable/biquad active-filter canonical equation,9738.69274138817,5459.77804090966,14534.3072492952,7.2165010571032e-11,3.55192475306275e-12,NaN,NaN,9974.55803542174,10102.1638327475,2.01279312796342,1.49502678695143,1363286.35455044
341,PASSIVE,HPF,PASSIVE_RC_HPF,Passive RC first-order equation,10811.5932254465,NaN,NaN,7.75939921981344e-10,NaN,NaN,NaN,NaN,NaN,1,NaN,18971.5291451226
982,VCVS,LPF,VCVS_LPF_Maheshwari,Maheshwari VCVS equal-component active-filter equations,1846.01265312082,1846.01265312082,NaN,1.02811295680646e-09,1.02811295680646e-09,NaN,NaN,9984.54387038653,3343.68626421753,1.33488623092084,0.600559564499319,83858.0242204174
1913,MFB,HPF,MFB_HPF_Maheshwari,Maheshwari MFB active-filter equations,48172.5616326247,6065.1889016845,NaN,1.0844960563759e-11,3.98479827494585e-10,5.52915540063001e-11,NaN,NaN,NaN,-5.09836376824364,0.176597671423126,62728.5901678408
1109,VCVS,HPF,VCVS_HPF_Maheshwari,Maheshwari VCVS equal-component active-filter equations,309923.328433512,309923.328433512,NaN,3.9474674118957e-12,3.9474674118957e-12,NaN,NaN,10030.8758961115,2110.09690075634,1.21036018415643,0.558771654020582,130091.017561579
1349,VCVS,BPF,VCVS_BPF_Maheshwari,Maheshwari VCVS equal-component active-filter equations,24117.106952545,24117.106952545,NaN,3.55091670464884e-10,3.55091670464884e-10,NaN,NaN,9922.41860362291,10600.7759776479,2.06836613139637,1.07338304638799,18584.6521712757
1217,VCVS,BPF,VCVS_BPF_Maheshwari,Maheshwari VCVS equal-component active-filter equations,9385.80485521249,9385.80485521249,NaN,1.8927408400491e-12,1.8927408400491e-12,NaN,NaN,10185.0606480955,8836.04572347192,1.86754964243872,0.883040915059172,8958957.12550132
1822,MFB,HPF,MFB_HPF_Maheshwari,Maheshwari MFB active-filter equations,675123.406179484,34286.0726826715,NaN,5.7454606844642e-10,2.31551558510436e-10,9.13769247504392e-10,NaN,NaN,NaN,-1.59041945927023,0.746222470201771,2274.19423976011
2735,ACTIVE_OTHER,HPF,ACTIVE_OTHER_STATE_VARIABLE_HPF,External state-variable/biquad active-filter canonical equation,56230.8403953965,3809.95733605527,35834.6216182787,4.07226369517366e-11,1.7309673047281e-11,NaN,NaN,9843.77939260939,5324.69187181431,1.54091946390144,3.73371476645119,409553.281104232
2741,ACTIVE_OTHER,HPF,ACTIVE_OTHER_STATE_VARIABLE_HPF,External state-variable/biquad active-filter canonical equation,626438.130799769,65331.0002821884,45042.5155646971,6.17072251500429e-10,3.22630894867347e-10,NaN,NaN,10478.7471719647,30853.2818831781,3.94436743027109,4.67652032495515,1763.1952214306
2868,ACTIVE_OTHER,BPF,ACTIVE_OTHER_STATE_VARIABLE_BPF,External state-variable/biquad active-filter canonical equation,387628.236488184,2947.91734591633,28441.2205726148,6.92603279513177e-12,2.40971375260118e-12,NaN,NaN,9909.65544119016,28174.0241683656,3.84308817148761,2.76190652822136,1152470.39450949
1215,VCVS,BPF,VCVS_BPF_Maheshwari,Maheshwari VCVS equal-component active-filter equations,1461.11934133482,1461.11934133482,NaN,6.70208264419432e-11,6.70208264419432e-11,NaN,NaN,9839.00314149369,6590.21241202599,1.66980488950484,0.751769414960303,1625266.79678453
3140,ACTIVE_OTHER,BSF,ACTIVE_OTHER_STATE_VARIABLE_BSF,External state-variable/biquad active-filter canonical equation,31376.6122419434,522176.199974366,8330.08499751007,9.4555296775708e-13,5.33147942869867e-10,NaN,NaN,10370.8717800203,12477.0318137824,2.20308418409142,0.829533145004442,55378.5741514543
1933,MFB,HPF,MFB_HPF_Maheshwari,Maheshwari MFB active-filter equations,519118.772101821,528.504294487937,NaN,1.14201144292782e-11,5.65823232447295e-11,1.11455191887808e-10,NaN,NaN,NaN,-9.75955123549957,1.42104513142511,120996.265086039
2203,MFB,BSF,MFB_BSF_1_MINUS_BP,Maheshwari MFB BPF denominator + ADI 1-minus-BP notch construction,6480.53564645667,2262484.96955206,NaN,2.31806044978231e-11,4.20013855317684e-10,NaN,NaN,NaN,NaN,1,4.15994188723771,13320.7182111754
2182,MFB,BPF,MFB_BPF_Maheshwari,Maheshwari MFB active-filter equations,263195.782073125,100351130.749088,NaN,8.40707342315195e-11,5.71881683899666e-10,NaN,NaN,NaN,NaN,-6643.77456488949,6.52716887371066,141.235548230412
936,VCVS,LPF,VCVS_LPF_Maheshwari,Maheshwari VCVS equal-component active-filter equations,35151.6875014102,35151.6875014102,NaN,2.2091355374002e-12,2.2091355374002e-12,NaN,NaN,10049.9749119415,13045.8724630425,2.29810000297029,1.42470437987147,2049517.31111722
2491,ACTIVE_OTHER,LPF,ACTIVE_OTHER_STATE_VARIABLE_LPF,External state-variable/biquad active-filter canonical equation,317555.576984913,133394.62847096,45595.1710358538,1.80042043637661e-11,7.98693064267145e-12,NaN,NaN,9861.49199392645,22832.6526764909,3.31533450420618,4.76136565518197,64485.8108523342
2696,ACTIVE_OTHER,HPF,ACTIVE_OTHER_STATE_VARIABLE_HPF,External state-variable/biquad active-filter canonical equation,18649.6655246994,26352.3939921954,35147.148210968,3.04259770216859e-12,4.69815905611609e-12,NaN,NaN,10421.8183560382,17228.2041087612,2.65309003862838,3.58036146605696,1898840.3253203
2774,ACTIVE_OTHER,HPF,ACTIVE_OTHER_STATE_VARIABLE_HPF,External state-variable/biquad active-filter canonical equation,714229.603432067,1217.09920631467,9361.30095436389,1.39649091673047e-12,3.96173080834468e-10,NaN,NaN,10367.1328435975,17126.905605613,2.65203879066624,0.920926877695674,229496.82392447
373,PASSIVE,HPF,PASSIVE_RC_HPF,Passive RC first-order equation,19214.7789240394,NaN,NaN,3.85365607092245e-12,NaN,NaN,NaN,NaN,NaN,1,NaN,2149372.99098789
2264,MFB,BSF,MFB_BSF_1_MINUS_BP,Maheshwari MFB BPF denominator + ADI 1-minus-BP notch construction,4029652.03154554,131196704.442938,NaN,9.39811144035083e-11,2.10863458592096e-11,NaN,NaN,NaN,NaN,1,2.20747666136967,155.490527829675
2086,MFB,BPF,MFB_BPF_Maheshwari,Maheshwari MFB active-filter equations,1016.25114279863,24636.3308321111,NaN,1.31691385778843e-10,2.6227870432951e-10,NaN,NaN,NaN,NaN,-3751767.55608659,2.32265356275525,171147.829502355
762,PASSIVE,BSF,PASSIVE_RLC_BSF,Passive RLC second-order equation,1566.71771030165,NaN,NaN,1.70206903329128e-10,NaN,NaN,0.0111845899154705,NaN,NaN,1,5.17405087461951,115351.039826933
854,VCVS,LPF,VCVS_LPF_Maheshwari,Maheshwari VCVS equal-component active-filter equations,28259.4902267024,28259.4902267024,NaN,4.51824646058617e-11,4.51824646058617e-11,NaN,NaN,9904.60333267943,9650.0252091338,1.97429698949117,0.974941079195939,124648.165515876
807,VCVS,LPF,VCVS_LPF_Maheshwari,Maheshwari VCVS equal-component active-filter equations,3995.79201293355,3995.79201293355,NaN,1.57215950231462e-12,1.57215950231462e-12,NaN,NaN,9819.23149713696,12437.676096605,2.26666492181507,1.36363311908532,25334985.0420194
2518,ACTIVE_OTHER,LPF,ACTIVE_OTHER_STATE_VARIABLE_LPF,External state-variable/biquad active-filter canonical equation,52458.7523291456,52239.6829558905,5587.73302411529,1.33614453760329e-12,1.05176036806237e-11,NaN,NaN,10020.6640615829,8140.97018801275,1.81241823276199,0.535757328590452,811009.17149019
287,PASSIVE,HPF,PASSIVE_RC_HPF,Passive RC first-order equation,415337.350133267,NaN,NaN,9.31005131129298e-11,NaN,NaN,NaN,NaN,NaN,1,NaN,4115.92136867802
146,PASSIVE,LPF,PASSIVE_RC_LPF,Passive RC first-order equation,2324.40922207752,NaN,NaN,6.54419117163074e-12,NaN,NaN,NaN,NaN,NaN,1,NaN,10462887.704484
2298,MFB,BSF,MFB_BSF_1_MINUS_BP,Maheshwari MFB BPF denominator + ADI 1-minus-BP notch construction,3534.41750714153,392819.316531864,NaN,1.39131144868397e-10,5.13331998998315e-11,NaN,NaN,NaN,NaN,1,4.67773003677544,50542.118413558
610,PASSIVE,BSF,PASSIVE_RLC_BSF,Passive RLC second-order equation,6818.20056142608,NaN,NaN,1.14222386076822e-11,NaN,NaN,0.00256084554850438,NaN,NaN,1,2.19607064462688,930578.093355307
234,PASSIVE,HPF,PASSIVE_RC_HPF,Passive RC first-order equation,31086.8407634083,NaN,NaN,4.44209055513248e-10,NaN,NaN,NaN,NaN,NaN,1,NaN,11525.4034078662
2351,MFB,BSF,MFB_BSF_1_MINUS_BP,Maheshwari MFB BPF denominator + ADI 1-minus-BP notch construction,1996.23083922886,43145.4328357475,NaN,1.04351984282109e-10,5.6690349531444e-11,NaN,NaN,NaN,NaN,1,2.22037793208796,222967.935694766
2118,MFB,BPF,MFB_BPF_Maheshwari,Maheshwari MFB active-filter equations,22134.8492109641,13585878.3989084,NaN,7.14044943923092e-10,3.44214664100254e-11,NaN,NaN,NaN,NaN,-1312484.14020991,5.18932320986536,1851.23063271142
1972,MFB,HPF,MFB_HPF_Maheshwari,Maheshwari MFB active-filter equations,18064.5050370971,232374.076689998,NaN,1.45433448427506e-10,5.14071573181292e-10,2.04455379100895e-11,NaN,NaN,NaN,-0.14058346364716,0.299032702099855,23960.848581751
2046,MFB,BPF,MFB_BPF_Maheshwari,Maheshwari MFB active-filter equations,482.549679661525,67872.161295263,NaN,1.41270033263087e-10,2.6214538143803e-10,NaN,NaN,NaN,NaN,-7905252.71063813,5.65742055232674,144513.076714947
2690,ACTIVE_OTHER,HPF,ACTIVE_OTHER_STATE_VARIABLE_HPF,External state-variable/biquad active-filter canonical equation,361925.455580994,40638.5479426699,48009.7381405843,2.51135609572148e-11,4.68604590434797e-12,NaN,NaN,10479.4549551416,20318.1495381548,2.93885556311169,4.82031502895981,120971.776334106
2023,MFB,BPF,MFB_BPF_Maheshwari,Maheshwari MFB active-filter equations,8671.03238324491,1465055.37794859,NaN,4.17945594934999e-10,2.54132809783819e-10,NaN,NaN,NaN,NaN,-453804.140053039,6.3032120944438,4332.78821947207
1691,MFB,LPF,MFB_LPF_Maheshwari,Maheshwari MFB active-filter equations,5158.48795169919,1551.01583598139,10688.3385679471,6.1203954525496e-11,1.24205022786282e-10,NaN,NaN,NaN,NaN,-2.07199060422858,0.18495638153787,448329.785846804
1429,VCVS,BSF,VCVS_BSF_Maheshwari,Maheshwari VCVS equal-component active-filter equations,84927.8151398934,84927.8151398934,NaN,1.19660090086743e-11,1.19660090086743e-11,NaN,NaN,9908.71765976358,704.089097351178,1.0710575395856,0.538246469837271,156610.492259558
750,PASSIVE,BSF,PASSIVE_RLC_BSF,Passive RLC second-order equation,28833.3856907328,NaN,NaN,1.37400456654347e-11,NaN,NaN,0.075591312567146,NaN,NaN,1,2.5724456853073,156167.299480986
2388,MFB,BSF,MFB_BSF_1_MINUS_BP,Maheshwari MFB BPF denominator + ADI 1-minus-BP notch construction,335.610756374725,1200.24196670021,NaN,1.27871735471288e-10,8.12665720483895e-10,NaN,NaN,NaN,NaN,1,0.648162084835769,777901.379631488
2283,MFB,BSF,MFB_BSF_1_MINUS_BP,Maheshwari MFB BPF denominator + ADI 1-minus-BP notch construction,490667.291491166,95089880.7588845,NaN,1.01559396270615e-10,1.75791607928519e-11,NaN,NaN,NaN,NaN,1,4.93719619817582,551.442585273002
1478,VCVS,BSF,VCVS_BSF_Maheshwari,Maheshwari VCVS equal-component active-filter equations,30280.0579246436,30280.0579246436,NaN,1.20367839870411e-12,1.20367839870411e-12,NaN,NaN,10177.6326798541,2765.87011332525,1.27175967146074,0.686586529755809,4366696.05008274
111,PASSIVE,LPF,PASSIVE_RC_LPF,Passive RC first-order equation,369423.700460442,NaN,NaN,4.98176229319982e-12,NaN,NaN,NaN,NaN,NaN,1,NaN,86479.3419417565
2350,MFB,BSF,MFB_BSF_1_MINUS_BP,Maheshwari MFB BPF denominator + ADI 1-minus-BP notch construction,1250898.52660307,317859761.383564,NaN,1.8926079635806e-11,7.3442768627023e-11,NaN,NaN,NaN,NaN,1,6.43407411555002,214.085110225005
255,PASSIVE,HPF,PASSIVE_RC_HPF,Passive RC first-order equation,34679.109739077,NaN,NaN,3.18726977037729e-10,NaN,NaN,NaN,NaN,NaN,1,NaN,14399.0343562477
2705,ACTIVE_OTHER,HPF,ACTIVE_OTHER_STATE_VARIABLE_HPF,External state-variable/biquad active-filter canonical equation,56827.5984287539,412741.28481885,25746.8699067796,8.19367271016585e-12,3.82707449235976e-11,NaN,NaN,9719.64100810072,6613.53517865062,1.68042998431101,2.52669092823514,58685.2231468482
486,PASSIVE,BPF,PASSIVE_RLC_BPF,Passive RLC second-order equation,152738651.293852,NaN,NaN,1.31344046119609e-12,NaN,NaN,86020.6419889674,NaN,NaN,1,1.67551065096279,473.493036651673
1776,MFB,LPF,MFB_LPF_Maheshwari,Maheshwari MFB active-filter equations,8694.47256218484,1547.70319760264,11880.6839915442,1.67505289471896e-10,3.66021953629971e-11,NaN,NaN,NaN,NaN,-1.36646402718173,0.590177874885982,474010.256883204
2097,MFB,BPF,MFB_BPF_Maheshwari,Maheshwari MFB active-filter equations,18950353.7769319,77975367.8481999,NaN,4.60577501429076e-11,2.41987137317668e-11,NaN,NaN,NaN,NaN,-2180.67224491145,0.963898420333952,124.018151483408
502,PASSIVE,BPF,PASSIVE_RLC_BPF,Passive RLC second-order equation,2121.18250173149,NaN,NaN,2.83342245155879e-11,NaN,NaN,0.00423795317189826,NaN,NaN,1,5.76559822732198,459289.365131741
2691,ACTIVE_OTHER,HPF,ACTIVE_OTHER_STATE_VARIABLE_HPF,External state-variable/biquad active-filter canonical equation,1487.78036498176,181366.45632336,25156.9573196262,4.15690803390804e-10,1.1389703133625e-12,NaN,NaN,10435.3081936038,10943.0401021456,2.04865519054368,2.53693672133252,445277.577234578
3052,ACTIVE_OTHER,BSF,ACTIVE_OTHER_STATE_VARIABLE_BSF,External state-variable/biquad active-filter canonical equation,692511.006484667,99861.99671559,44243.6464154544,7.15215441389017e-12,6.470013690225e-11,NaN,NaN,10293.9390400011,12486.5856635349,2.21300365341328,4.55515070375577,28134.2685014177
459,PASSIVE,BPF,PASSIVE_RLC_BPF,Passive RLC second-order equation,11840.9966514022,NaN,NaN,2.82926404987859e-10,NaN,NaN,1.20491847614808,NaN,NaN,1,5.51129722254426,8619.94627606994
2880,ACTIVE_OTHER,BPF,ACTIVE_OTHER_STATE_VARIABLE_BPF,External state-variable/biquad active-filter canonical equation,187039.374961597,7968.69934046638,35834.4365471583,1.93842993680041e-10,1.61812659761879e-12,NaN,NaN,9505.26741920126,28338.5162711042,3.98134865872984,3.42188218250067,232770.847237723
2230,MFB,BSF,MFB_BSF_1_MINUS_BP,Maheshwari MFB BPF denominator + ADI 1-minus-BP notch construction,253.506816263389,13865.5398160927,NaN,7.0227464270345e-11,3.42013390282157e-10,NaN,NaN,NaN,NaN,1,2.78033796152103,547749.350700728
442,PASSIVE,BPF,PASSIVE_RLC_BPF,Passive RLC second-order equation,18366627.3488698,NaN,NaN,1.05791338852139e-12,NaN,NaN,2284.52117140185,NaN,NaN,1,2.53013166799376,3237.40834125982
1259,VCVS,BPF,VCVS_BPF_Maheshwari,Maheshwari VCVS equal-component active-filter equations,1133.71272124722,1133.71272124722,NaN,2.10344212399111e-12,2.10344212399111e-12,NaN,NaN,10005.4128527798,12080.9000834116,2.20743644077168,1.26172846121471,66740052.6411242
392,PASSIVE,HPF,PASSIVE_RC_HPF,Passive RC first-order equation,412873.1866652,NaN,NaN,5.99094495856539e-10,NaN,NaN,NaN,NaN,NaN,1,NaN,643.440099421901
1505,VCVS,BSF,VCVS_BSF_Maheshwari,Maheshwari VCVS equal-component active-filter equations,484971.333928146,484971.333928146,NaN,1.54106138743826e-12,1.54106138743826e-12,NaN,NaN,10059.4823699913,5455.19678532149,1.54229398538388,1.09240425957556,212953.177162735
593,PASSIVE,BPF,PASSIVE_RLC_BPF,Passive RLC second-order equation,239.726370165252,NaN,NaN,2.95099830281702e-10,NaN,NaN,0.000425068240643868,NaN,NaN,1,5.00644027249223,449372.325569701
1443,VCVS,BSF,VCVS_BSF_Maheshwari,Maheshwari VCVS equal-component active-filter equations,4322.19966136693,4322.19966136693,NaN,1.48538931508242e-11,1.48538931508242e-11,NaN,NaN,9892.4135126057,3127.32720536942,1.31613389405774,0.731137273298663,2478991.34843453
678,PASSIVE,BSF,PASSIVE_RLC_BSF,Passive RLC second-order equation,581172.794405763,NaN,NaN,4.5244964538873e-11,NaN,NaN,10.6113670000642,NaN,NaN,1,0.833288264158488,7263.55681673602
1533,VCVS,BSF,VCVS_BSF_Maheshwari,Maheshwari VCVS equal-component active-filter equations,311797.163448997,311797.163448997,NaN,2.22584337806802e-12,2.22584337806802e-12,NaN,NaN,10198.7840987848,3767.54805772057,1.36941149270622,0.792910105745169,229326.039027414
2950,ACTIVE_OTHER,BPF,ACTIVE_OTHER_STATE_VARIABLE_BPF,External state-variable/biquad active-filter canonical equation,2104.90904124496,14196.7041035154,21851.0453931565,6.2667276938352e-10,1.97908748340581e-11,NaN,NaN,10497.2311196275,7331.41174615268,1.69841386386592,2.19602590287107,261430.823892486
1834,MFB,HPF,MFB_HPF_Maheshwari,Maheshwari MFB active-filter equations,194429.567292092,79736.3795804326,NaN,1.25310646299191e-10,9.45720989825069e-11,1.24937367134018e-10,NaN,NaN,NaN,-0.997021169579785,0.493723294773988,11759.3422808243
345,PASSIVE,HPF,PASSIVE_RC_HPF,Passive RC first-order equation,4867.03814664421,NaN,NaN,4.66742116759665e-11,NaN,NaN,NaN,NaN,NaN,1,NaN,700613.320293182
194,PASSIVE,LPF,PASSIVE_RC_LPF,Passive RC first-order equation,2794.11033027456,NaN,NaN,1.22284111715965e-10,NaN,NaN,NaN,NaN,NaN,1,NaN,465807.575780735
2646,ACTIVE_OTHER,HPF,ACTIVE_OTHER_STATE_VARIABLE_HPF,External state-variable/biquad active-filter canonical equation,278204.906197016,7023.05147878725,36972.2067496564,4.0707733088004e-12,3.08839306665268e-11,NaN,NaN,9836.99320201675,24845.9750351755,3.52576925946046,3.77414903957346,321122.007319372
1242,VCVS,BPF,VCVS_BPF_Maheshwari,Maheshwari VCVS equal-component active-filter equations,296252.083168867,296252.083168867,NaN,3.1568555765976e-10,3.1568555765976e-10,NaN,NaN,10016.4267189291,8059.66821002123,1.80464505318948,0.836571599647644,1701.78231060406
2948,ACTIVE_OTHER,BPF,ACTIVE_OTHER_STATE_VARIABLE_BPF,External state-variable/biquad active-filter canonical equation,1107.81151782016,247521.399734489,50959.3230388902,1.24067943095851e-10,7.50214834666682e-11,NaN,NaN,9598.97432208431,30886.168955485,4.21765304491182,4.94472182542853,99622.675824684
1957,MFB,HPF,MFB_HPF_Maheshwari,Maheshwari MFB active-filter equations,738036.180671251,493.197480297546,NaN,2.65232902371112e-11,6.4063190817562e-10,3.0294364391876e-11,NaN,NaN,NaN,-1.14217972661206,6.76497745443759,59880.535466959
2462,ACTIVE_OTHER,LPF,ACTIVE_OTHER_STATE_VARIABLE_LPF,External state-variable/biquad active-filter canonical equation,518811.978218544,11330.5988209854,17889.0591578574,5.39433429559292e-12,1.7281369315407e-11,NaN,NaN,9923.16188465119,11371.8478037137,2.14599035427441,1.72831409610826,214996.157850202
1847,MFB,HPF,MFB_HPF_Maheshwari,Maheshwari MFB active-filter equations,513281.096173878,61243.7406088037,NaN,5.62000276861386e-10,1.16810203626191e-11,1.77184514149762e-11,NaN,NaN,NaN,-0.0315274780893861,2.23372489286402,62396.2329824252
1166,VCVS,HPF,VCVS_HPF_Maheshwari,Maheshwari VCVS equal-component active-filter equations,8736.56476489564,8736.56476489564,NaN,1.46844745128588e-11,1.46844745128588e-11,NaN,NaN,10186.2486291499,3062.25291493758,1.30062617028357,0.588452041871721,1240569.27572444
1771,MFB,LPF,MFB_LPF_Maheshwari,Maheshwari MFB active-filter equations,8647.83268337377,252.843846531521,30727.9098763519,3.92552473630456e-10,7.47420072740736e-11,NaN,NaN,NaN,NaN,-3.55324981430654,0.200378981526552,333346.72244601
3085,ACTIVE_OTHER,BSF,ACTIVE_OTHER_STATE_VARIABLE_BSF,External state-variable/biquad active-filter canonical equation,12076.6022800244,1580.79704105744,7488.32933773345,7.98311037465776e-12,9.97123190947328e-13,NaN,NaN,9770.28140710462,23271.5070211078,3.38186660664508,0.729438282165878,12910682.9746627
21,PASSIVE,LPF,PASSIVE_RC_LPF,Passive RC first-order equation,1084.69270182947,NaN,NaN,6.32872894386535e-10,NaN,NaN,NaN,NaN,NaN,1,NaN,231844.564279474
2751,ACTIVE_OTHER,HPF,ACTIVE_OTHER_STATE_VARIABLE_HPF,External state-variable/biquad active-filter canonical equation,6813.67226006358,2382.0170067026,31856.9457891134,5.88701534331534e-12,7.19319531322025e-10,NaN,NaN,9632.10656263996,31392.7092832795,4.25917379330523,3.24154371058165,607083.700224544
1046,VCVS,HPF,VCVS_HPF_Maheshwari,Maheshwari VCVS equal-component active-filter equations,760147.269829421,760147.269829421,NaN,7.56020910507881e-11,7.56020910507881e-11,NaN,NaN,9889.58052116921,660.655456439736,1.06680318290807,0.517277905259683,2769.4184678386
1818,MFB,HPF,MFB_HPF_Maheshwari,Maheshwari MFB active-filter equations,127114.123373082,3840.27215928583,NaN,6.97601203233259e-11,3.56250293969388e-10,1.80784884991526e-10,NaN,NaN,NaN,-2.59152197779505,0.928490515457078,28384.6505581334
3105,ACTIVE_OTHER,BSF,ACTIVE_OTHER_STATE_VARIABLE_BSF,External state-variable/biquad active-filter canonical equation,758326.806310349,2736.74632382935,8673.58673645818,1.51099259554734e-11,8.42588751472254e-10,NaN,NaN,10201.2860135209,22383.7744937311,3.19421104986796,0.897482008264633,30962.474309543
942,VCVS,LPF,VCVS_LPF_Maheshwari,Maheshwari VCVS equal-component active-filter equations,352413.232531006,352413.232531006,NaN,1.15775988787441e-10,1.15775988787441e-10,NaN,NaN,9858.5241307078,9659.9580150861,1.97985843388026,0.9802561068104,3900.76175370082
2980,ACTIVE_OTHER,BPF,ACTIVE_OTHER_STATE_VARIABLE_BPF,External state-variable/biquad active-filter canonical equation,6568.98920709411,894982.07728557,31481.1599752907,8.73448398657395e-12,2.37321227705943e-12,NaN,NaN,10450.3660586143,17929.240627997,2.71565670785453,3.28904836131642,455907.533551483
1296,VCVS,BPF,VCVS_BPF_Maheshwari,Maheshwari VCVS equal-component active-filter equations,9154.92150279517,9154.92150279517,NaN,1.35869472628828e-11,1.35869472628828e-11,NaN,NaN,10127.7273973241,7419.98605921139,1.73264077597229,0.789042270763587,1279509.8014096
747,PASSIVE,BSF,PASSIVE_RLC_BSF,Passive RLC second-order equation,9904162.74782274,NaN,NaN,3.56798129782498e-12,NaN,NaN,358.475670892307,NaN,NaN,1,1.01204725271887,4450.19461523595
1554,VCVS,BSF,VCVS_BSF_Maheshwari,Maheshwari VCVS equal-component active-filter equations,43018.3857499749,43018.3857499749,NaN,1.14460419651209e-12,1.14460419651209e-12,NaN,NaN,9810.31825444944,5295.22964652659,1.53976125026576,1.0863926609585,3232292.75062646
810,VCVS,LPF,VCVS_LPF_Maheshwari,Maheshwari VCVS equal-component active-filter equations,38253.5480156899,38253.5480156899,NaN,6.75632974704207e-11,6.75632974704207e-11,NaN,NaN,10190.3901983499,791.71937937706,1.0776927442391,0.520208201370064,61579.7004590103
378,PASSIVE,HPF,PASSIVE_RC_HPF,Passive RC first-order equation,40799.4381692059,NaN,NaN,9.52295764516193e-10,NaN,NaN,NaN,NaN,NaN,1,NaN,4096.32207831991
2842,ACTIVE_OTHER,BPF,ACTIVE_OTHER_STATE_VARIABLE_BPF,External state-variable/biquad active-filter canonical equation,558099.045383077,593022.394876818,29969.0520174608,1.84968698726945e-12,7.74476478984992e-12,NaN,NaN,9815.91563035856,28683.564317766,3.92214862045613,3.12548544180614,73092.9866028753
3019,ACTIVE_OTHER,BSF,ACTIVE_OTHER_STATE_VARIABLE_BSF,External state-variable/biquad active-filter canonical equation,558354.118224341,26893.9033011764,18163.2150251109,2.75479164352504e-12,2.98224925043246e-12,NaN,NaN,9664.8150669897,25412.5929116463,3.62939256835274,1.86899587414494,453129.151410855
970,VCVS,LPF,VCVS_LPF_Maheshwari,Maheshwari VCVS equal-component active-filter equations,465230.79402952,465230.79402952,NaN,1.87486426872718e-10,1.87486426872718e-10,NaN,NaN,10036.4786982396,13619.8025053264,2.35702998181177,1.55528247307366,1824.65955618172
368,PASSIVE,HPF,PASSIVE_RC_HPF,Passive RC first-order equation,3173.15683303311,NaN,NaN,6.06958858893948e-10,NaN,NaN,NaN,NaN,NaN,1,NaN,82636.0099895932
1912,MFB,HPF,MFB_HPF_Maheshwari,Maheshwari MFB active-filter equations,174941.823082503,491.103756780855,NaN,2.03074498949577e-11,1.14303011285326e-11,4.33060766547907e-11,NaN,NaN,NaN,-2.13252165480134,2.62394679361722,771762.057506053
1868,MFB,HPF,MFB_HPF_Maheshwari,Maheshwari MFB active-filter equations,560734.31440377,15.8921919285761,NaN,3.02208123736676e-10,3.06276489588462e-11,6.20646610734735e-10,NaN,NaN,NaN,-2.05370591319883,13.22558112079,386696.854710231
437,PASSIVE,BPF,PASSIVE_RLC_BPF,Passive RLC second-order equation,656264.030157709,NaN,NaN,4.97937744256583e-12,NaN,NaN,44.2405113396276,NaN,NaN,1,4.54196668099853,10723.1538950452
977,VCVS,LPF,VCVS_LPF_Maheshwari,Maheshwari VCVS equal-component active-filter equations,1481.04163534281,1481.04163534281,NaN,4.32080651206881e-12,4.32080651206881e-12,NaN,NaN,9959.75073313777,10218.3192827913,2.02596134748566,1.02665330315039,24870702.0759386
2528,ACTIVE_OTHER,LPF,ACTIVE_OTHER_STATE_VARIABLE_LPF,External state-variable/biquad active-filter canonical equation,9671.56877959126,13656.9314767498,15645.044210669,3.14275795470263e-10,6.20617724028238e-11,NaN,NaN,10359.447532949,8625.1919417455,1.83259188429812,1.49887547472866,99157.9523466238
2578,ACTIVE_OTHER,LPF,ACTIVE_OTHER_STATE_VARIABLE_LPF,External state-variable/biquad active-filter canonical equation,189918.084454011,1076.35555251079,41078.0414961252,5.0315447978098e-12,1.71429764591467e-10,NaN,NaN,10211.1798648467,6447.9895166439,1.63146370957992,4.00090212380984,379022.775035714
2862,ACTIVE_OTHER,BPF,ACTIVE_OTHER_STATE_VARIABLE_BPF,External state-variable/biquad active-filter canonical equation,1537.81714756256,192727.472284248,43702.3739084182,1.66172247958358e-10,2.15355498698934e-12,NaN,NaN,10484.7936809255,24780.9886369468,3.36351705060536,4.43630942708222,488695.949265666
2223,MFB,BSF,MFB_BSF_1_MINUS_BP,Maheshwari MFB BPF denominator + ADI 1-minus-BP notch construction,8086.67271514976,16072106.9082623,NaN,1.45264285821407e-11,7.80912365583463e-10,NaN,NaN,NaN,NaN,1,5.96932578040983,4144.9396865587
2747,ACTIVE_OTHER,HPF,ACTIVE_OTHER_STATE_VARIABLE_HPF,External state-variable/biquad active-filter canonical equation,388023.53387708,162043.525776182,33450.3978086923,1.33917938992776e-10,2.19678335436205e-12,NaN,NaN,9828.0828973907,20467.9306817761,3.08259646316275,3.24366403677152,37005.1580369018
2186,MFB,BPF,MFB_BPF_Maheshwari,Maheshwari MFB active-filter equations,1571.69730194824,6136.36914363983,NaN,1.1692937242463e-10,8.49658838011578e-11,NaN,NaN,NaN,NaN,-7488356.52323368,0.975504481991891,514157.103245732
1057,VCVS,HPF,VCVS_HPF_Maheshwari,Maheshwari VCVS equal-component active-filter equations,250097.800499347,250097.800499347,NaN,1.69404125480084e-11,1.69404125480084e-11,NaN,NaN,9923.63131512671,8318.10583569621,1.83821189759608,0.860742159375571,37565.2494310374
2441,ACTIVE_OTHER,LPF,ACTIVE_OTHER_STATE_VARIABLE_LPF,External state-variable/biquad active-filter canonical equation,4113.2004472904,7780.37463320912,8822.45284098661,2.98771375870185e-12,4.78559900708639e-11,NaN,NaN,10240.5889954215,29685.3322373851,3.89879149047552,0.908380380925523,2352839.45087712
2850,ACTIVE_OTHER,BPF,ACTIVE_OTHER_STATE_VARIABLE_BPF,External state-variable/biquad active-filter canonical equation,6112.82845321202,147258.258539066,30200.1246722598,4.71133446935125e-10,6.35716826048746e-10,NaN,NaN,10309.7870855519,25568.2852543017,3.48000128830332,2.97920740086493,9692.9366811641
1781,MFB,LPF,MFB_LPF_Maheshwari,Maheshwari MFB active-filter equations,109941.52115481,18744.923068526,202573.995187365,3.56147123099842e-10,4.9009005590037e-11,NaN,NaN,NaN,NaN,-1.84256132769091,0.649250287184602,19549.415997922
463,PASSIVE,BPF,PASSIVE_RLC_BPF,Passive RLC second-order equation,314952.680880382,NaN,NaN,2.42941168679043e-10,NaN,NaN,270.817797596667,NaN,NaN,1,3.35229889078401,620.484550618147
333,PASSIVE,HPF,PASSIVE_RC_HPF,Passive RC first-order equation,44304.6196447331,NaN,NaN,1.64935361815634e-12,NaN,NaN,NaN,NaN,NaN,1,NaN,2177997.32311003
2408,ACTIVE_OTHER,LPF,ACTIVE_OTHER_STATE_VARIABLE_LPF,External state-variable/biquad active-filter canonical equation,171624.965260843,11082.7006043099,33394.956566979,1.39691970201552e-11,1.26520006612778e-10,NaN,NaN,10128.0418924605,33436.0132255355,4.30133046254735,3.34272650401415,86804.4072161942
193,PASSIVE,LPF,PASSIVE_RC_LPF,Passive RC first-order equation,2062.51516399395,NaN,NaN,6.73149346437769e-11,NaN,NaN,NaN,NaN,NaN,1,NaN,1146335.00104575
295,PASSIVE,HPF,PASSIVE_RC_HPF,Passive RC first-order equation,1716.93549573669,NaN,NaN,2.09979590876796e-11,NaN,NaN,NaN,NaN,NaN,1,NaN,4414576.70396508
393,PASSIVE,HPF,PASSIVE_RC_HPF,Passive RC first-order equation,24342.4184799674,NaN,NaN,3.68943285447838e-11,NaN,NaN,NaN,NaN,NaN,1,NaN,177213.497330368
973,VCVS,LPF,VCVS_LPF_Maheshwari,Maheshwari VCVS equal-component active-filter equations,1935.41975409368,1935.41975409368,NaN,2.78913593637821e-12,2.78913593637821e-12,NaN,NaN,10174.0769106673,3096.02889903976,1.30430563148128,0.589728914930321,29483244.9676428
1948,MFB,HPF,MFB_HPF_Maheshwari,Maheshwari MFB active-filter equations,25430.7655348868,1057.85965998292,NaN,3.18419470175669e-10,1.57461551509622e-10,6.9811410835963e-11,NaN,NaN,NaN,-0.219243536827219,4.29676328816618,292668.455738418
2327,MFB,BSF,MFB_BSF_1_MINUS_BP,Maheshwari MFB BPF denominator + ADI 1-minus-BP notch construction,44405.0775169938,4455042.14227792,NaN,1.08683316845838e-10,2.3077864067429e-10,NaN,NaN,NaN,NaN,1,4.67302095164233,2259.42879692565
311,PASSIVE,HPF,PASSIVE_RC_HPF,Passive RC first-order equation,34786.2378407443,NaN,NaN,1.21189698669783e-11,NaN,NaN,NaN,NaN,NaN,1,NaN,377526.084676383
536,PASSIVE,BPF,PASSIVE_RLC_BPF,Passive RLC second-order equation,113.188213311947,NaN,NaN,8.83340627832548e-10,NaN,NaN,3.79083645287531e-05,NaN,NaN,1,1.83021544800116,869738.118921822
2503,ACTIVE_OTHER,LPF,ACTIVE_OTHER_STATE_VARIABLE_LPF,External state-variable/biquad active-filter canonical equation,9388.77369422302,1395.18823132429,5294.03587834592,1.81288725936976e-10,6.29742003887108e-10,NaN,NaN,9597.68336551213,8724.74105313817,1.90904656059912,0.547736381135026,130146.521422429
1206,VCVS,BPF,VCVS_BPF_Maheshwari,Maheshwari VCVS equal-component active-filter equations,17990.8347825912,17990.8347825912,NaN,1.38209707931265e-10,1.38209707931265e-10,NaN,NaN,9829.03654526375,12034.8424056467,2.22441730175943,1.28935315636686,64007.411906288
3128,ACTIVE_OTHER,BSF,ACTIVE_OTHER_STATE_VARIABLE_BSF,External state-variable/biquad active-filter canonical equation,400928.030862069,2841.83840833243,24649.242923065,5.41658674077779e-12,1.13867623600898e-12,NaN,NaN,10377.3821527522,12647.2126237981,2.21872861937959,2.5883503506801,1898559.67215897
1827,MFB,HPF,MFB_HPF_Maheshwari,Maheshwari MFB active-filter equations,507170.745642141,4587471.21344333,NaN,3.83287183177586e-10,6.56205778657507e-10,2.10087123188096e-10,NaN,NaN,NaN,-0.548119353865159,0.180248197962608,281.019602964769
738,PASSIVE,BSF,PASSIVE_RLC_BSF,Passive RLC second-order equation,270998.011696669,NaN,NaN,8.93419083713976e-10,NaN,NaN,1722.16585142557,NaN,NaN,1,5.12322901426599,128.308383190549
2172,MFB,BPF,MFB_BPF_Maheshwari,Maheshwari MFB active-filter equations,138536.555160793,1211764.72426112,NaN,1.13142235895985e-10,5.13443165512793e-11,NaN,NaN,NaN,NaN,-140586.376794996,1.37042454873098,5096.47877162063
841,VCVS,LPF,VCVS_LPF_Maheshwari,Maheshwari VCVS equal-component active-filter equations,419426.527652735,419426.527652735,NaN,5.63836440522754e-11,5.63836440522754e-11,NaN,NaN,10198.7799051221,1100.1135336598,1.10786717076886,0.528504122200736,6729.93850571762
500,PASSIVE,BPF,PASSIVE_RLC_BPF,Passive RLC second-order equation,9173.968757074,NaN,NaN,7.43800746272346e-10,NaN,NaN,1.54260175552019,NaN,NaN,1,4.96410945705972,4698.56150401484
1476,VCVS,BSF,VCVS_BSF_Maheshwari,Maheshwari VCVS equal-component active-filter equations,1284.38703599011,1284.38703599011,NaN,1.22625025632019e-10,1.22625025632019e-10,NaN,NaN,9952.15041130909,567.730496892935,1.05704601251281,0.530248566350958,1010520.45075882
773,PASSIVE,BSF,PASSIVE_RLC_BSF,Passive RLC second-order equation,2219.71605704885,NaN,NaN,1.17578356006062e-09,NaN,NaN,0.129034324167836,NaN,NaN,1,4.7194513146114,12921.2287224979
211,PASSIVE,HPF,PASSIVE_RC_HPF,Passive RC first-order equation,98581.4066170978,NaN,NaN,9.2146735100506e-12,NaN,NaN,NaN,NaN,NaN,1,NaN,175204.464655106
633,PASSIVE,BSF,PASSIVE_RLC_BSF,Passive RLC second-order equation,4966.68710415855,NaN,NaN,4.85240303573302e-11,NaN,NaN,0.0126569829459622,NaN,NaN,1,3.25177032761941,203084.417346357
907,VCVS,LPF,VCVS_LPF_Maheshwari,Maheshwari VCVS equal-component active-filter equations,3718.88454958215,3718.88454958215,NaN,6.85760292210676e-11,6.85760292210676e-11,NaN,NaN,9912.47270312386,9386.69057237315,1.94695752043937,0.949629306898657,624072.579616911
1940,MFB,HPF,MFB_HPF_Maheshwari,Maheshwari MFB active-filter equations,13654.4041428121,11900.3777203555,NaN,7.8917465343671e-10,1.24431692057116e-10,9.87268658400517e-11,NaN,NaN,NaN,-0.125101415016453,0.937461573434112,112647.148729081
1674,MFB,LPF,MFB_LPF_Maheshwari,Maheshwari MFB active-filter equations,80246.6563417873,265547.698872283,77310.4724130856,1.64770921217577e-10,1.21690914711825e-11,NaN,NaN,NaN,NaN,-0.963410513751553,0.880643058206646,24806.2053326757
291,PASSIVE,HPF,PASSIVE_RC_HPF,Passive RC first-order equation,1025.93675177577,NaN,NaN,1.97506101138618e-12,NaN,NaN,NaN,NaN,NaN,1,NaN,78545087.5383054
40,PASSIVE,LPF,PASSIVE_RC_LPF,Passive RC first-order equation,257872.541653515,NaN,NaN,2.37759538671512e-12,NaN,NaN,NaN,NaN,NaN,1,NaN,259583.498594801
1726,MFB,LPF,MFB_LPF_Maheshwari,Maheshwari MFB active-filter equations,3951.16386441192,225.683844164906,3233.68722970254,5.75887080089898e-10,1.27116690442362e-10,NaN,NaN,NaN,NaN,-0.818413849860369,0.498975761438887,688574.498086031
3012,ACTIVE_OTHER,BSF,ACTIVE_OTHER_STATE_VARIABLE_BSF,External state-variable/biquad active-filter canonical equation,5272.78657780423,479354.308724101,56694.6774893836,9.29274858038677e-11,4.35999700657966e-11,NaN,NaN,9659.55615136276,25512.3332913928,3.64114964410591,5.94697036714945,49734.3593744409
2773,ACTIVE_OTHER,HPF,ACTIVE_OTHER_STATE_VARIABLE_HPF,External state-variable/biquad active-filter canonical equation,1124.78677823391,786197.146273842,33946.1031880934,2.78755117010827e-10,8.64590719944317e-10,NaN,NaN,10046.0948161129,30204.9301218377,4.00663398810374,3.49207673475046,10901.9099332891
729,PASSIVE,BSF,PASSIVE_RLC_BSF,Passive RLC second-order equation,9981548.68797926,NaN,NaN,1.86351895937391e-12,NaN,NaN,351.152980077893,NaN,NaN,1,1.37525534616564,6221.64238542673
3060,ACTIVE_OTHER,BSF,ACTIVE_OTHER_STATE_VARIABLE_BSF,External state-variable/biquad active-filter canonical equation,1383.21680822828,300351.827483884,16412.073080626,1.00273299217092e-12,3.72501100733519e-12,NaN,NaN,10148.5677132092,29809.1882989841,3.9372803277634,1.65271147201867,4040205.27204319
3131,ACTIVE_OTHER,BSF,ACTIVE_OTHER_STATE_VARIABLE_BSF,External state-variable/biquad active-filter canonical equation,50275.6444473738,72730.8790167149,47977.3759925039,2.29381333703544e-11,1.60757310260979e-12,NaN,NaN,10471.1537013573,18525.9267629085,2.76923453625814,4.64506552231261,433428.523078035
2036,MFB,BPF,MFB_BPF_Maheshwari,Maheshwari MFB active-filter equations,23168.4198083627,5082323.22239503,NaN,5.20056535170744e-11,1.68701154172908e-11,NaN,NaN,NaN,NaN,-2558500.65342518,6.36943308541626,15658.7279133858
1689,MFB,LPF,MFB_LPF_Maheshwari,Maheshwari MFB active-filter equations,1605.16743232372,7179.50925057373,5241.11669979906,4.18865917210217e-10,4.71076239388988e-10,NaN,NaN,NaN,NaN,-3.26515265277452,0.161289752265258,58408.7249081552
451,PASSIVE,BPF,PASSIVE_RLC_BPF,Passive RLC second-order equation,80997.4542523789,NaN,NaN,1.62186809034825e-12,NaN,NaN,0.0460774242218992,NaN,NaN,1,2.08096589638765,582194.730404975
1444,VCVS,BSF,VCVS_BSF_Maheshwari,Maheshwari VCVS equal-component active-filter equations,114918.920771508,114918.920771508,NaN,6.15044289870538e-10,6.15044289870538e-10,NaN,NaN,10196.1336083958,1487.16127503117,1.14585541266413,0.585380985155606,2251.76052846819
542,PASSIVE,BPF,PASSIVE_RLC_BPF,Passive RLC second-order equation,1068985.28312528,NaN,NaN,6.18572083456305e-10,NaN,NaN,2548.12432147419,NaN,NaN,1,1.89864348007577,126.769467774605
1191,VCVS,HPF,VCVS_HPF_Maheshwari,Maheshwari VCVS equal-component active-filter equations,855881.351989579,855881.351989579,NaN,3.64668984942754e-11,3.64668984942754e-11,NaN,NaN,9865.30767319931,6958.46696294122,1.70534718160337,0.77240785003539,5099.26684728569
1526,VCVS,BSF,VCVS_BSF_Maheshwari,Maheshwari VCVS equal-component active-filter equations,15025.7466401044,15025.7466401044,NaN,1.20004648346307e-12,1.20004648346307e-12,NaN,NaN,9851.43522848408,4619.09038044659,1.46887486679008,0.941397739885119,8826448.69956938
1898,MFB,HPF,MFB_HPF_Maheshwari,Maheshwari MFB active-filter equations,43332.3607490933,895.194228117611,NaN,2.44763257012062e-10,1.01768872571873e-10,3.08575856120098e-10,NaN,NaN,NaN,-1.26071151318636,1.49281977304839,144200.533448457
2984,ACTIVE_OTHER,BPF,ACTIVE_OTHER_STATE_VARIABLE_BPF,External state-variable/biquad active-filter canonical equation,73269.5349488041,251562.897276068,13742.5439040007,1.16145790727234e-12,4.43601597771621e-12,NaN,NaN,10287.5914845455,8999.81752935524,1.87482259991322,1.33914437990792,516460.167550703
1548,VCVS,BSF,VCVS_BSF_Maheshwari,Maheshwari VCVS equal-component active-filter equations,48309.080048697,48309.080048697,NaN,3.58625382933065e-11,3.58625382933065e-11,NaN,NaN,10140.3645431367,1408.44548007954,1.1388949553133,0.580649251894602,91865.0549975962
2417,ACTIVE_OTHER,LPF,ACTIVE_OTHER_STATE_VARIABLE_LPF,External state-variable/biquad active-filter canonical equation,2061.15743030022,1100.84162574142,33372.5658454426,1.15490060226917e-12,6.94532094559176e-12,NaN,NaN,9542.48974770531,9546.74677389623,2.00044611273404,3.25575231699052,37306427.6544544
2181,MFB,BPF,MFB_BPF_Maheshwari,Maheshwari MFB active-filter equations,208.308843597552,18008.7879881228,NaN,6.50755639816135e-10,3.97375016004009e-10,NaN,NaN,NaN,NaN,-12080689.8182019,4.51109750995937,161590.113306701
319,PASSIVE,HPF,PASSIVE_RC_HPF,Passive RC first-order equation,9149.64570052655,NaN,NaN,3.07173655522896e-12,NaN,NaN,NaN,NaN,NaN,1,NaN,5662808.66921023
2932,ACTIVE_OTHER,BPF,ACTIVE_OTHER_STATE_VARIABLE_BPF,External state-variable/biquad active-filter canonical equation,554998.347402717,2641.31774679118,48118.024864879,2.75475254314601e-12,7.39123029698375e-10,NaN,NaN,10421.645976004,11738.12916972,2.12632200294917,4.7644593985885,92122.1994829653
2659,ACTIVE_OTHER,HPF,ACTIVE_OTHER_STATE_VARIABLE_HPF,External state-variable/biquad active-filter canonical equation,2717.76837959304,142635.779951355,16345.0553482997,3.53305900168677e-12,2.58117899864323e-12,NaN,NaN,9768.52208362843,23549.8442603932,3.41078886435253,1.60188213658109,2676795.31665795
1098,VCVS,HPF,VCVS_HPF_Maheshwari,Maheshwari VCVS equal-component active-filter equations,17665.5178337488,17665.5178337488,NaN,2.71968198797733e-12,2.71968198797733e-12,NaN,NaN,10002.6408713737,13428.6399580098,2.34250945632177,1.52093442197,3312650.62108135
804,VCVS,LPF,VCVS_LPF_Maheshwari,Maheshwari VCVS equal-component active-filter equations,571137.825881945,571137.825881945,NaN,6.73675388661534e-10,6.73675388661534e-10,NaN,NaN,9947.03533199247,492.748321607769,1.04953720431885,0.512698833432902,413.645711442072
2349,MFB,BSF,MFB_BSF_1_MINUS_BP,Maheshwari MFB BPF denominator + ADI 1-minus-BP notch construction,53105.4284252503,3735808.1356656,NaN,5.66110184101977e-10,1.07010279870542e-10,NaN,NaN,NaN,NaN,1,3.0668551412278,1451.7611078298
979,VCVS,LPF,VCVS_LPF_Maheshwari,Maheshwari VCVS equal-component active-filter equations,628744.798771252,628744.798771252,NaN,5.02351318506725e-11,5.02351318506725e-11,NaN,NaN,10023.94904101,4294.35815372597,1.42840981494986,0.636298196255341,5038.92831176774
461,PASSIVE,BPF,PASSIVE_RLC_BPF,Passive RLC second-order equation,114073.277277824,NaN,NaN,3.56532440895472e-12,NaN,NaN,0.113967388145371,NaN,NaN,1,1.56731703044583,249678.017748851
1064,VCVS,HPF,VCVS_HPF_Maheshwari,Maheshwari VCVS equal-component active-filter equations,1100.26238224828,1100.26238224828,NaN,1.07930993659713e-10,1.07930993659713e-10,NaN,NaN,9989.15287090204,5376.7349768633,1.53825735238526,0.68411495117269,1340224.92798339
2472,ACTIVE_OTHER,LPF,ACTIVE_OTHER_STATE_VARIABLE_LPF,External state-variable/biquad active-filter canonical equation,1832.86742668227,428059.130885571,14006.5788512319,1.69879695611241e-11,6.68545116650987e-11,NaN,NaN,10486.7258195898,8045.0547624819,1.76716554822605,1.35791991019112,168603.515175827
1097,VCVS,HPF,VCVS_HPF_Maheshwari,Maheshwari VCVS equal-component active-filter equations,96909.4521495634,96909.4521495634,NaN,1.30429201681325e-12,1.30429201681325e-12,NaN,NaN,10142.9337668089,8746.95077873581,1.86236891414581,0.879019580630701,1259154.89203483
2369,MFB,BSF,MFB_BSF_1_MINUS_BP,Maheshwari MFB BPF denominator + ADI 1-minus-BP notch construction,6258662.2635294,32597607.2295403,NaN,6.77221204147003e-11,4.60430065471229e-11,NaN,NaN,NaN,NaN,1,1.12018578825978,199.544334159943
2651,ACTIVE_OTHER,HPF,ACTIVE_OTHER_STATE_VARIABLE_HPF,External state-variable/biquad active-filter canonical equation,4513.31002208758,397539.992393089,7456.83579265028,4.82635030146943e-12,4.72933471978815e-12,NaN,NaN,9680.44624387923,35720.4124801128,4.68995515084836,0.730995418930408,786452.848059131
2846,ACTIVE_OTHER,BPF,ACTIVE_OTHER_STATE_VARIABLE_BPF,External state-variable/biquad active-filter canonical equation,128785.80301943,63124.6952180852,31884.1978667289,1.53351420108742e-12,1.59358159866512e-11,NaN,NaN,9756.57583391776,30761.052106218,4.15285327863494,3.09071186503897,357071.703286665
2931,ACTIVE_OTHER,BPF,ACTIVE_OTHER_STATE_VARIABLE_BPF,External state-variable/biquad active-filter canonical equation,149865.166083781,2858.51245045415,7965.89012234845,4.86421172083511e-10,3.93525815884531e-10,NaN,NaN,10131.3338528133,18885.4003933751,2.86405863904397,0.814849230222514,17575.4676241656
2158,MFB,BPF,MFB_BPF_Maheshwari,Maheshwari MFB active-filter equations,503.951145661946,135248.483196551,NaN,2.56330477222245e-11,1.89587786256694e-10,NaN,NaN,NaN,NaN,-10466493.4896361,5.3063143462241,276537.740993172
1003,VCVS,HPF,VCVS_HPF_Maheshwari,Maheshwari VCVS equal-component active-filter equations,98981.1112371442,98981.1112371442,NaN,2.68636816776547e-12,2.68636816776547e-12,NaN,NaN,10119.8549263779,9839.55375740007,1.97230185896764,0.973048369042939,598552.534052137
2969,ACTIVE_OTHER,BPF,ACTIVE_OTHER_STATE_VARIABLE_BPF,External state-variable/biquad active-filter canonical equation,993.931336826764,1191.30271693396,25357.708164748,2.92288161632549e-10,5.51571180645375e-12,NaN,NaN,9745.55826460308,15652.142454035,2.60607961381599,2.53985301262381,3642708.99183099
2700,ACTIVE_OTHER,HPF,ACTIVE_OTHER_STATE_VARIABLE_HPF,External state-variable/biquad active-filter canonical equation,1068.55946178347,446520.597088157,48146.7775534232,7.69745966281445e-12,7.3183482503513e-11,NaN,NaN,9575.78157671255,22365.6989752072,3.3356525831373,4.79673555564122,306986.861821961
1882,MFB,HPF,MFB_HPF_Maheshwari,Maheshwari MFB active-filter equations,67241.4775573295,76.1502790665231,NaN,7.48875834999675e-11,1.28840799932352e-10,1.85387870151133e-10,NaN,NaN,NaN,-2.47554883582555,4.76759513690074,455091.154413478
3091,ACTIVE_OTHER,BSF,ACTIVE_OTHER_STATE_VARIABLE_BSF,External state-variable/biquad active-filter canonical equation,5112.73262407322,2827.67404868906,30197.0438242065,9.34006942179209e-10,1.06011706278763e-10,NaN,NaN,10065.5957739008,13194.9812974073,2.31089918508556,2.95039565354823,133023.065991998
1701,MFB,LPF,MFB_LPF_Maheshwari,Maheshwari MFB active-filter equations,114295.817900066,9735.29602941401,320393.779728994,3.81447659373783e-11,2.2577897653666e-11,NaN,NaN,NaN,NaN,-2.80319775137468,0.203102218535411,97105.6021150337
1984,MFB,HPF,MFB_HPF_Maheshwari,Maheshwari MFB active-filter equations,51762.9859727636,1780859.93679599,NaN,1.60838608423048e-10,7.01894099876786e-11,3.06606013536446e-11,NaN,NaN,NaN,-0.190629610976235,0.158542503029494,11299.7662365
182,PASSIVE,LPF,PASSIVE_RC_LPF,Passive RC first-order equation,320346.843341493,NaN,NaN,3.13721308734632e-11,NaN,NaN,NaN,NaN,NaN,1,NaN,15836.3709000669
2454,ACTIVE_OTHER,LPF,ACTIVE_OTHER_STATE_VARIABLE_LPF,External state-variable/biquad active-filter canonical equation,1528.10515287132,7452.3018134936,10523.2245993971,1.00925285121078e-11,1.33694971675049e-10,NaN,NaN,9513.84202719209,15709.7739549003,2.65125444694155,1.0720124924151,1283928.27954563
2915,ACTIVE_OTHER,BPF,ACTIVE_OTHER_STATE_VARIABLE_BPF,External state-variable/biquad active-filter canonical equation,438539.0650537,2122.84649469193,36188.1823611982,1.50453348366406e-10,6.30187141029998e-10,NaN,NaN,10477.8507375686,16271.1336915463,2.55290756654948,3.75925648041332,16940.2960426435
2490,ACTIVE_OTHER,LPF,ACTIVE_OTHER_STATE_VARIABLE_LPF,External state-variable/biquad active-filter canonical equation,82231.2482743848,396731.710663005,22872.240882996,6.51088875851815e-12,8.7437356237566e-12,NaN,NaN,10310.6940139185,5757.22621958672,1.55837426770836,2.32113442558749,116784.333411988
1454,VCVS,BSF,VCVS_BSF_Maheshwari,Maheshwari VCVS equal-component active-filter equations,10986.5304746431,10986.5304746431,NaN,1.06742398328045e-10,1.06742398328045e-10,NaN,NaN,10072.0665235229,7456.57978281344,1.74032272973961,1.92546694402105,135713.362359028
870,VCVS,LPF,VCVS_LPF_Maheshwari,Maheshwari VCVS equal-component active-filter equations,89199.6713159266,89199.6713159266,NaN,3.96523317989989e-10,3.96523317989989e-10,NaN,NaN,9899.688138197,2581.02751948783,1.26071806338315,0.574949914069216,4499.74751700728
2591,ACTIVE_OTHER,LPF,ACTIVE_OTHER_STATE_VARIABLE_LPF,External state-variable/biquad active-filter canonical equation,2252.04111240545,632226.405110204,15913.4197122288,2.85888201852505e-10,1.13973955679855e-12,NaN,NaN,9787.05487602137,11448.8597214273,2.16979621208392,1.57319915835436,233665.57372177
1160,VCVS,HPF,VCVS_HPF_Maheshwari,Maheshwari VCVS equal-component active-filter equations,8828.04019722977,8828.04019722977,NaN,1.0756855006946e-11,1.0756855006946e-11,NaN,NaN,10087.0783215848,5766.11377196196,1.57163368699372,0.700100521059826,1675986.49541577
335,PASSIVE,HPF,PASSIVE_RC_HPF,Passive RC first-order equation,64042.24830319,NaN,NaN,2.64272189046492e-11,NaN,NaN,NaN,NaN,NaN,1,NaN,94037.7218562365
609,PASSIVE,BSF,PASSIVE_RLC_BSF,Passive RLC second-order equation,1588943.53360656,NaN,NaN,7.25307095550402e-11,NaN,NaN,1842.67355810488,NaN,NaN,1,3.17215773903048,435.346409164443
3005,ACTIVE_OTHER,BSF,ACTIVE_OTHER_STATE_VARIABLE_BSF,External state-variable/biquad active-filter canonical equation,18572.8006151991,20021.5470498036,17522.9234495984,4.37220945084826e-12,9.05652286656004e-10,NaN,NaN,10032.043819275,30372.6258961801,4.0275611274568,1.84146307586118,131159.995788327
2510,ACTIVE_OTHER,LPF,ACTIVE_OTHER_STATE_VARIABLE_LPF,External state-variable/biquad active-filter canonical equation,12257.4960126958,824391.879004178,9056.54968038505,1.72127443359934e-11,1.88713291700975e-10,NaN,NaN,9593.95866232039,9188.71125230792,1.95776014633,0.934304399959744,27779.6068276855
1787,MFB,LPF,MFB_LPF_Maheshwari,Maheshwari MFB active-filter equations,116757.825151389,69962.6644201687,128796.562976168,5.86627672862295e-11,2.56972525376234e-11,NaN,NaN,NaN,NaN,-1.10310861656741,0.519775048531099,43182.7409757517
2221,MFB,BSF,MFB_BSF_1_MINUS_BP,Maheshwari MFB BPF denominator + ADI 1-minus-BP notch construction,160.091856438751,21441.537606184,NaN,3.91132352787436e-10,6.78502655610888e-10,NaN,NaN,NaN,NaN,1,5.57372298137025,166751.558688282
820,VCVS,LPF,VCVS_LPF_Maheshwari,Maheshwari VCVS equal-component active-filter equations,23200.2984150498,23200.2984150498,NaN,2.60847221498304e-11,2.60847221498304e-11,NaN,NaN,9977.64404940022,1788.43904219915,1.17924462261276,0.549222598718882,262990.672442872
3155,ACTIVE_OTHER,BSF,ACTIVE_OTHER_STATE_VARIABLE_BSF,External state-variable/biquad active-filter canonical equation,1709.31254665567,2284.65916429314,10992.9838379356,3.31558246701172e-10,4.30042931351379e-12,NaN,NaN,9877.99480085984,30775.5448063494,4.1155660057313,1.10323350493446,2132862.49658776
2814,ACTIVE_OTHER,BPF,ACTIVE_OTHER_STATE_VARIABLE_BPF,External state-variable/biquad active-filter canonical equation,38781.3473333086,12619.5768784132,26598.7402193055,6.22643555049824e-11,2.0197689951673e-10,NaN,NaN,9869.42945564523,26909.3249742919,3.72653298706137,2.72925275113951,64152.8107545745
1290,VCVS,BPF,VCVS_BPF_Maheshwari,Maheshwari VCVS equal-component active-filter equations,130366.527446216,130366.527446216,NaN,4.30030546520995e-10,4.30030546520995e-10,NaN,NaN,10145.4430126938,5497.43641678939,1.54186262836538,0.68580644008799,2838.93028722467
1703,MFB,LPF,MFB_LPF_Maheshwari,Maheshwari MFB active-filter equations,149595.744243124,666.170974229226,141278.183506651,6.77131293209426e-10,1.99548183665822e-11,NaN,NaN,NaN,NaN,-0.944399750283306,0.396373113526373,141133.267193983
662,PASSIVE,BSF,PASSIVE_RLC_BSF,Passive RLC second-order equation,234402.459770076,NaN,NaN,8.19746003838583e-11,NaN,NaN,22.4286179756957,NaN,NaN,1,2.23151308607915,3711.75430304226
124,PASSIVE,LPF,PASSIVE_RC_LPF,Passive RC first-order equation,532105.352152318,NaN,NaN,1.61260960376773e-10,NaN,NaN,NaN,NaN,NaN,1,NaN,1854.78366526988
1567,VCVS,BSF,VCVS_BSF_Maheshwari,Maheshwari VCVS equal-component active-filter equations,17148.4863077162,17148.4863077162,NaN,1.22781821273585e-11,1.22781821273585e-11,NaN,NaN,9933.30616067384,5170.99072187398,1.52057095978236,1.04290720431332,755892.905875209
3189,ACTIVE_OTHER,BSF,ACTIVE_OTHER_STATE_VARIABLE_BSF,External state-variable/biquad active-filter canonical equation,248549.854580254,3029.52936471326,9922.53684135548,1.58831361415494e-12,6.14559294633495e-10,NaN,NaN,10314.1189196121,29945.2853931311,3.90332946774451,0.974497744507881,185641.798343224
455,PASSIVE,BPF,PASSIVE_RLC_BPF,Passive RLC second-order equation,30428399.5887509,NaN,NaN,6.27215643484131e-12,NaN,NaN,32622.9994842812,NaN,NaN,1,2.37014214596597,351.843673356295
1807,MFB,HPF,MFB_HPF_Maheshwari,Maheshwari MFB active-filter equations,321114.782269339,1205136.28781112,NaN,3.7327563461264e-10,4.49847081479266e-11,1.20261606403697e-11,NaN,NaN,NaN,-0.0322179095692908,0.866069888172284,10999.5760479339
60,PASSIVE,LPF,PASSIVE_RC_LPF,Passive RC first-order equation,311370.381929771,NaN,NaN,3.92653541594361e-11,NaN,NaN,NaN,NaN,NaN,1,NaN,13017.6716594584
1440,VCVS,BSF,VCVS_BSF_Maheshwari,Maheshwari VCVS equal-component active-filter equations,60490.3405056177,60490.3405056177,NaN,6.03103052805456e-10,6.03103052805456e-10,NaN,NaN,9950.57728486866,1865.00732809969,1.18742704817094,0.615329366888872,4362.57167864791
1182,VCVS,HPF,VCVS_HPF_Maheshwari,Maheshwari VCVS equal-component active-filter equations,2428.61496960188,2428.61496960188,NaN,1.30162942276206e-11,1.30162942276206e-11,NaN,NaN,9989.51883884043,12996.7821966506,2.30104186260879,1.43070084816868,5034705.90502014
201,PASSIVE,HPF,PASSIVE_RC_HPF,Passive RC first-order equation,18579.6622849971,NaN,NaN,8.63760485519213e-10,NaN,NaN,NaN,NaN,NaN,1,NaN,9917.19798354607
59,PASSIVE,LPF,PASSIVE_RC_LPF,Passive RC first-order equation,1169.43332755415,NaN,NaN,7.68278597008775e-10,NaN,NaN,NaN,NaN,NaN,1,NaN,177143.789282416
1080,VCVS,HPF,VCVS_HPF_Maheshwari,Maheshwari VCVS equal-component active-filter equations,168972.583287927,168972.583287927,NaN,4.96602301146872e-12,4.96602301146872e-12,NaN,NaN,9990.92459207949,11458.3184774558,2.14687268148732,1.17215798662194,189668.478470111
2024,MFB,BPF,MFB_BPF_Maheshwari,Maheshwari MFB active-filter equations,5243.8013163612,524697.824534856,NaN,6.70791712551018e-10,3.47361840533183e-10,NaN,NaN,NaN,NaN,-548999.140445105,4.74245407886058,6285.75555591651
803,VCVS,LPF,VCVS_LPF_Maheshwari,Maheshwari VCVS equal-component active-filter equations,512790.779780393,512790.779780393,NaN,9.69895143892556e-11,9.69895143892556e-11,NaN,NaN,10160.8675687465,10362.6903510293,2.01986275098236,1.02026527509516,3200.03802541458
1176,VCVS,HPF,VCVS_HPF_Maheshwari,Maheshwari VCVS equal-component active-filter equations,2854.51633664211,2854.51633664211,NaN,2.83572731313196e-12,2.83572731313196e-12,NaN,NaN,9891.13489148128,12739.1809575354,2.28793926048941,1.40437457721278,19661793.5891072
1063,VCVS,HPF,VCVS_HPF_Maheshwari,Maheshwari VCVS equal-component active-filter equations,7767.50035407677,7767.50035407677,NaN,9.17100528823186e-12,9.17100528823186e-12,NaN,NaN,9854.89181274262,12082.0675965738,2.22599697958646,1.29198462231545,2234199.2724254
1764,MFB,LPF,MFB_LPF_Maheshwari,Maheshwari MFB active-filter equations,212231.126203969,3202.50166970433,212317.619025643,9.40639506225197e-11,5.52570817242819e-11,NaN,NaN,NaN,NaN,-1.00040754069971,0.155546068768599,84659.724661138
769,PASSIVE,BSF,PASSIVE_RLC_BSF,Passive RLC second-order equation,10893198.0682369,NaN,NaN,4.29891347134636e-12,NaN,NaN,8893.30828655262,NaN,NaN,1,4.17538879554039,813.971325895514
2421,ACTIVE_OTHER,LPF,ACTIVE_OTHER_STATE_VARIABLE_LPF,External state-variable/biquad active-filter canonical equation,17869.7200289093,26048.4747350722,11901.6221013094,6.3041723956111e-10,5.17801411781034e-10,NaN,NaN,10455.0386347262,26401.1373093445,3.5252070539131,1.15166356850998,12911.4332018309
2110,MFB,BPF,MFB_BPF_Maheshwari,Maheshwari MFB active-filter equations,4776.86556762699,1074766.75099051,NaN,9.7278170328733e-10,2.08715819350224e-10,NaN,NaN,NaN,NaN,-1003001.57159738,5.72055501493214,4929.53699604645
2625,ACTIVE_OTHER,HPF,ACTIVE_OTHER_STATE_VARIABLE_HPF,External state-variable/biquad active-filter canonical equation,112854.834477206,17350.2865842666,20562.655013789,1.72394192702023e-12,2.37592390371414e-11,NaN,NaN,9637.81432528653,31352.4958723341,4.25307116470124,2.01017135980649,561990.716811019
1067,VCVS,HPF,VCVS_HPF_Maheshwari,Maheshwari VCVS equal-component active-filter equations,940329.99115769,940329.99115769,NaN,1.49082019987256e-10,1.49082019987256e-10,NaN,NaN,9875.4379132612,6779.02912635721,1.68645352093744,0.761297765963842,1135.31029276607
1743,MFB,LPF,MFB_LPF_Maheshwari,Maheshwari MFB active-filter equations,2495.2343131777,130695.210707044,6331.92063810487,5.14657964895742e-10,2.88449682335275e-11,NaN,NaN,NaN,NaN,-2.53760562872395,0.259265919372414,45407.5617129742
1154,VCVS,HPF,VCVS_HPF_Maheshwari,Maheshwari VCVS equal-component active-filter equations,144003.554795177,144003.554795177,NaN,1.33140055880258e-12,1.33140055880258e-12,NaN,NaN,10194.47840948,13671.7480999685,2.34109343811597,1.51766586925568,830114.851327539
1736,MFB,LPF,MFB_LPF_Maheshwari,Maheshwari MFB active-filter equations,1046.23714930758,857.476130317917,4126.58981898965,1.34528032419544e-10,8.66768131374023e-11,NaN,NaN,NaN,NaN,-3.94422031536609,0.280115043498325,783529.943220734
3153,ACTIVE_OTHER,BSF,ACTIVE_OTHER_STATE_VARIABLE_BSF,External state-variable/biquad active-filter canonical equation,13385.1228419592,3483.04121649016,54986.3105312226,2.34331840265829e-12,2.26602146787062e-12,NaN,NaN,9976.36674415906,16860.2081486052,2.69001487024086,5.5061368814925,10115374.8810547
1100,VCVS,HPF,VCVS_HPF_Maheshwari,Maheshwari VCVS equal-component active-filter equations,7432.87555127478,7432.87555127478,NaN,4.54293710065682e-11,4.54293710065682e-11,NaN,NaN,10148.9411881172,12929.5898941815,2.2739841185916,1.37738033782415,471331.587777984
1409,VCVS,BSF,VCVS_BSF_Maheshwari,Maheshwari VCVS equal-component active-filter equations,58655.8687634181,58655.8687634181,NaN,1.37050829310724e-12,1.37050829310724e-12,NaN,NaN,9837.97055901702,5045.72567508794,1.51288277849777,1.0264469781176,1979825.85816151
353,PASSIVE,HPF,PASSIVE_RC_HPF,Passive RC first-order equation,7462.9782605065,NaN,NaN,1.04806489889702e-11,NaN,NaN,NaN,NaN,NaN,1,NaN,2034790.86382367
1580,VCVS,BSF,VCVS_BSF_Maheshwari,Maheshwari VCVS equal-component active-filter equations,18314.1712772042,18314.1712772042,NaN,3.91077594565915e-12,3.91077594565915e-12,NaN,NaN,10142.667924368,3238.02060721971,1.31924742398795,0.734481245637109,2222132.36531516
892,VCVS,LPF,VCVS_LPF_Maheshwari,Maheshwari VCVS equal-component active-filter equations,171964.10235758,171964.10235758,NaN,2.06166211125392e-11,2.06166211125392e-11,NaN,NaN,9833.16381412097,1431.18283852584,1.14554652658899,0.539242431442962,44891.5752340404
41,PASSIVE,LPF,PASSIVE_RC_LPF,Passive RC first-order equation,2061.96941831794,NaN,NaN,2.7519337016413e-11,NaN,NaN,NaN,NaN,NaN,1,NaN,2804787.38173583
2242,MFB,BSF,MFB_BSF_1_MINUS_BP,Maheshwari MFB BPF denominator + ADI 1-minus-BP notch construction,118.068312529699,10068.9475800075,NaN,8.66858242293633e-10,1.2614773691291e-10,NaN,NaN,NaN,NaN,1,3.07529846603581,441415.562254252
2151,MFB,BPF,MFB_BPF_Maheshwari,Maheshwari MFB active-filter equations,568.213798970658,95566.8810318346,NaN,4.25476153650854e-11,1.30832854354512e-11,NaN,NaN,NaN,NaN,-134515214.1308,5.50019068512165,915407.606505811
2211,MFB,BSF,MFB_BSF_1_MINUS_BP,Maheshwari MFB BPF denominator + ADI 1-minus-BP notch construction,3575.78053842058,1199334.22649602,NaN,2.95093220158392e-10,1.9609914253616e-11,NaN,NaN,NaN,NaN,1,4.42691395069047,31948.2538458883
498,PASSIVE,BPF,PASSIVE_RLC_BPF,Passive RLC second-order equation,66000.6616551857,NaN,NaN,5.40641827895353e-11,NaN,NaN,0.0922041520822571,NaN,NaN,1,0.625708606204929,71283.673291093
2861,ACTIVE_OTHER,BPF,ACTIVE_OTHER_STATE_VARIABLE_BPF,External state-variable/biquad active-filter canonical equation,12527.1803463854,755604.699626134,33084.0915144237,3.36489452125687e-12,3.52723645900818e-11,NaN,NaN,9619.20957442486,27714.1987733484,3.88113057096019,3.15470070576804,150156.150738672
2505,ACTIVE_OTHER,LPF,ACTIVE_OTHER_STATE_VARIABLE_LPF,External state-variable/biquad active-filter canonical equation,4488.1584168538,323426.972145843,41028.6370294886,2.80905539828992e-11,7.37326969159852e-12,NaN,NaN,10035.0687579014,32070.3547384948,4.19582810165035,4.14140242779919,290260.349304004
2357,MFB,BSF,MFB_BSF_1_MINUS_BP,Maheshwari MFB BPF denominator + ADI 1-minus-BP notch construction,6045585.30623826,121550514.289434,NaN,7.99883434689302e-11,2.08583315523812e-11,NaN,NaN,NaN,NaN,1,1.81614606613615,143.737279190253
35,PASSIVE,LPF,PASSIVE_RC_LPF,Passive RC first-order equation,174287.143749594,NaN,NaN,2.37089138024088e-10,NaN,NaN,NaN,NaN,NaN,1,NaN,3851.61723387179
1365,VCVS,BPF,VCVS_BPF_Maheshwari,Maheshwari VCVS equal-component active-filter equations,6261.36243941148,6261.36243941148,NaN,1.43351284149506e-12,1.43351284149506e-12,NaN,NaN,9821.7235195493,11103.9467835696,2.13054972087823,1.1501520259561,17731672.4528745
2250,MFB,BSF,MFB_BSF_1_MINUS_BP,Maheshwari MFB BPF denominator + ADI 1-minus-BP notch construction,81.3110689698781,25122.635289163,NaN,8.73029690118297e-10,1.65484087870805e-10,NaN,NaN,NaN,NaN,1,6.43336401952117,292967.923239207
92,PASSIVE,LPF,PASSIVE_RC_LPF,Passive RC first-order equation,5570.25715806088,NaN,NaN,3.17112370233336e-12,NaN,NaN,NaN,NaN,NaN,1,NaN,9010143.38951321
1559,VCVS,BSF,VCVS_BSF_Maheshwari,Maheshwari VCVS equal-component active-filter equations,2905.47367892366,2905.47367892366,NaN,1.15557866903762e-11,1.15557866903762e-11,NaN,NaN,9940.76325465411,1685.26308807758,1.16953055262518,0.60206910871982,4740276.44376685
2116,MFB,BPF,MFB_BPF_Maheshwari,Maheshwari MFB active-filter equations,452.964437514771,82067.7573863567,NaN,1.07393174097988e-10,3.49476171549911e-10,NaN,NaN,NaN,NaN,-6317108.32082208,5.70767629039583,134742.52185274
1285,VCVS,BPF,VCVS_BPF_Maheshwari,Maheshwari VCVS equal-component active-filter equations,23276.3565821802,23276.3565821802,NaN,4.93183771538272e-10,4.93183771538272e-10,NaN,NaN,10074.7574977606,3775.17664534816,1.37471637865103,0.615277227226352,13864.2490884505
1187,VCVS,HPF,VCVS_HPF_Maheshwari,Maheshwari VCVS equal-component active-filter equations,292944.720809092,292944.720809092,NaN,6.32476930789846e-10,6.32476930789846e-10,NaN,NaN,10027.9193021908,9785.35662297667,1.97581126533786,0.976382541768414,858.993279759218
1318,VCVS,BPF,VCVS_BPF_Maheshwari,Maheshwari VCVS equal-component active-filter equations,250288.246307692,250288.246307692,NaN,6.20088763479689e-10,6.20088763479689e-10,NaN,NaN,9835.96847209363,3340.05022569686,1.33957512523278,0.602255492071084,1025.47674132298
1586,VCVS,BSF,VCVS_BSF_Maheshwari,Maheshwari VCVS equal-component active-filter equations,17501.822301505,17501.822301505,NaN,7.15156489969315e-10,7.15156489969315e-10,NaN,NaN,10010.6016906667,3101.02694471487,1.30977428136074,0.724400709069085,12715.5683709405
2926,ACTIVE_OTHER,BPF,ACTIVE_OTHER_STATE_VARIABLE_BPF,External state-variable/biquad active-filter canonical equation,11508.3083008369,113609.874079863,44636.8511167446,1.24315175633599e-12,1.09854653746619e-10,NaN,NaN,10135.7190167486,35306.4936915111,4.48337336829971,4.35997016085669,376647.461490104
334,PASSIVE,HPF,PASSIVE_RC_HPF,Passive RC first-order equation,1222.61132430501,NaN,NaN,2.90225848831927e-12,NaN,NaN,NaN,NaN,NaN,1,NaN,44853426.6732159
2310,MFB,BSF,MFB_BSF_1_MINUS_BP,Maheshwari MFB BPF denominator + ADI 1-minus-BP notch construction,575.852681606403,764530.284804541,NaN,7.81202182733745e-10,2.35044436147163e-11,NaN,NaN,NaN,NaN,1,6.13565291290237,55977.0975749082
1022,VCVS,HPF,VCVS_HPF_Maheshwari,Maheshwari VCVS equal-component active-filter equations,2530.26191617765,2530.26191617765,NaN,1.97714943909719e-12,1.97714943909719e-12,NaN,NaN,10098.6545500304,9396.85325789112,1.93050546598436,0.935021141478204,31813771.4612215
1035,VCVS,HPF,VCVS_HPF_Maheshwari,Maheshwari VCVS equal-component active-filter equations,94076.9277557711,94076.9277557711,NaN,1.25331844234565e-10,1.25331844234565e-10,NaN,NaN,9911.53598796517,13498.0675091727,2.36185426008263,1.56704015626507,13498.1911833786
1523,VCVS,BSF,VCVS_BSF_Maheshwari,Maheshwari VCVS equal-component active-filter equations,375951.616475338,375951.616475338,NaN,1.49289579035247e-12,1.49289579035247e-12,NaN,NaN,9883.23632858992,3429.88926039491,1.34704110539915,0.765744986605396,283568.954328231
274,PASSIVE,HPF,PASSIVE_RC_HPF,Passive RC first-order equation,380484.547943337,NaN,NaN,1.33947402055484e-12,NaN,NaN,NaN,NaN,NaN,1,NaN,312283.337905922
2667,ACTIVE_OTHER,HPF,ACTIVE_OTHER_STATE_VARIABLE_HPF,External state-variable/biquad active-filter canonical equation,694600.651815709,166774.280532845,8241.80819185961,3.85001279190612e-10,3.10677617598413e-12,NaN,NaN,9539.72997589397,20864.1375902228,3.1870784228636,0.786773023262604,13520.7857547697
2845,ACTIVE_OTHER,BPF,ACTIVE_OTHER_STATE_VARIABLE_BPF,External state-variable/biquad active-filter canonical equation,868975.056296928,174539.519164324,40185.3238718149,8.8115859610607e-11,2.55588865757334e-12,NaN,NaN,10097.2970110747,25152.1010554724,3.49097367621113,4.06853760946672,27231.5011299059
2135,MFB,BPF,MFB_BPF_Maheshwari,Maheshwari MFB active-filter equations,71077.9911201874,2071041.06568277,NaN,6.74115330294183e-11,5.50657080302639e-11,NaN,NaN,NaN,NaN,-255495.71889184,2.68521524188085,6808.48505225751
1856,MFB,HPF,MFB_HPF_Maheshwari,Maheshwari MFB active-filter equations,50328.2952340032,44001.8100089193,NaN,2.64941892758653e-10,5.74570819948613e-11,2.34466721189822e-11,NaN,NaN,NaN,-0.0884974130547968,1.28253828513083,92143.8518121475
26,PASSIVE,LPF,PASSIVE_RC_LPF,Passive RC first-order equation,1483.15152813402,NaN,NaN,7.05949051774296e-11,NaN,NaN,NaN,NaN,NaN,1,NaN,1520061.81319631
1282,VCVS,BPF,VCVS_BPF_Maheshwari,Maheshwari VCVS equal-component active-filter equations,13524.2889655339,13524.2889655339,NaN,6.10652270325608e-12,6.10652270325608e-12,NaN,NaN,9889.87386585462,3950.62233373866,1.39946134675978,0.624789659390947,1927133.114336
3156,ACTIVE_OTHER,BSF,ACTIVE_OTHER_STATE_VARIABLE_BSF,External state-variable/biquad active-filter canonical equation,1119.82203975314,970109.97372546,28923.6339695349,3.11768042314521e-12,1.13885625094931e-10,NaN,NaN,10404.2313549911,19264.9644679744,2.85164706653055,2.82392233879701,256262.399626276
2198,MFB,BPF,MFB_BPF_Maheshwari,Maheshwari MFB active-filter equations,2701.14042610886,1555744.11530936,NaN,5.64580813369317e-10,2.09652103607367e-11,NaN,NaN,NaN,NaN,-17658491.9968045,4.45909921639661,22566.5306895755
159,PASSIVE,LPF,PASSIVE_RC_LPF,Passive RC first-order equation,37826.914319391,NaN,NaN,1.58795233053096e-10,NaN,NaN,NaN,NaN,NaN,1,NaN,26496.0878411468
456,PASSIVE,BPF,PASSIVE_RLC_BPF,Passive RLC second-order equation,6396.02093520465,NaN,NaN,3.65043487371983e-11,NaN,NaN,0.00160008199176743,NaN,NaN,1,1.03511580490858,658531.737829933
288,PASSIVE,HPF,PASSIVE_RC_HPF,Passive RC first-order equation,144151.935305275,NaN,NaN,8.6805502532294e-10,NaN,NaN,NaN,NaN,NaN,1,NaN,1271.89833453724
2573,ACTIVE_OTHER,LPF,ACTIVE_OTHER_STATE_VARIABLE_LPF,External state-variable/biquad active-filter canonical equation,39372.2295757597,115706.68729883,6105.86132890586,1.15973749551336e-10,1.32468811016692e-12,NaN,NaN,9878.53121772863,6044.65053514284,1.61189770036812,0.633460919977865,190243.237883443
2400,MFB,BSF,MFB_BSF_1_MINUS_BP,Maheshwari MFB BPF denominator + ADI 1-minus-BP notch construction,71475.1577719901,10629438.5692359,NaN,2.52009884333191e-10,2.02491532738296e-10,NaN,NaN,NaN,NaN,1,6.06114371435758,808.304852013723
1810,MFB,HPF,MFB_HPF_Maheshwari,Maheshwari MFB active-filter equations,47627.0909212866,388.121505444029,NaN,8.1058980203518e-11,2.98728070380174e-11,8.90518743727647e-10,NaN,NaN,NaN,-10.9860590583768,0.164221983339043,226960.197655552
1918,MFB,HPF,MFB_HPF_Maheshwari,Maheshwari MFB active-filter equations,495490.043246246,202017.959521306,NaN,2.78433425224811e-10,3.05618694563885e-10,1.19283232323672e-10,NaN,NaN,NaN,-0.428408450700057,0.992388350105898,2634.68086878204
2141,MFB,BPF,MFB_BPF_Maheshwari,Maheshwari MFB active-filter equations,49711.7155728373,71697476.2739221,NaN,5.71895796034925e-10,1.32288825965867e-11,NaN,NaN,NaN,NaN,-1520610.85604977,5.64539294857681,969.21201318094
421,PASSIVE,BPF,PASSIVE_RLC_BPF,Passive RLC second-order equation,187582.444354098,NaN,NaN,1.02386917336297e-09,NaN,NaN,325.754578306954,NaN,NaN,1,3.0069820775668,275.583133411743
2387,MFB,BSF,MFB_BSF_1_MINUS_BP,Maheshwari MFB BPF denominator + ADI 1-minus-BP notch construction,6771.20131182011,1625920.83438591,NaN,1.7417300253508e-11,1.81054489535593e-10,NaN,NaN,NaN,NaN,1,4.38442976570477,27011.1143955685
1596,VCVS,BSF,VCVS_BSF_Maheshwari,Maheshwari VCVS equal-component active-filter equations,85426.479260702,85426.479260702,NaN,8.93076886449458e-11,8.93076886449458e-11,NaN,NaN,10068.8680578092,5677.81081768832,1.56389762832225,1.14651979092989,20861.1753777666
2945,ACTIVE_OTHER,BPF,ACTIVE_OTHER_STATE_VARIABLE_BPF,External state-variable/biquad active-filter canonical equation,14670.4601348662,704111.036216442,8551.39680348583,3.20093640668715e-10,2.98645179917658e-11,NaN,NaN,9843.14851501026,24074.8840252864,3.4458519536278,0.818795385316573,16016.2710604165
2961,ACTIVE_OTHER,BPF,ACTIVE_OTHER_STATE_VARIABLE_BPF,External state-variable/biquad active-filter canonical equation,43776.300581413,350614.317671827,13952.9303050012,3.87094529643411e-10,4.77494814100192e-12,NaN,NaN,9833.2600801441,33579.9207831736,4.41493263775055,1.45586171666544,29880.8489891411
1661,MFB,LPF,MFB_LPF_Maheshwari,Maheshwari MFB active-filter equations,104006.003641819,728620.622417144,102362.689662229,1.50370617555617e-10,1.26062165226728e-10,NaN,NaN,NaN,NaN,-0.984199816144758,0.192669970915877,4232.77014104156
36,PASSIVE,LPF,PASSIVE_RC_LPF,Passive RC first-order equation,11788.8870920385,NaN,NaN,1.90856197402061e-11,NaN,NaN,NaN,NaN,NaN,1,NaN,707360.910591498
576,PASSIVE,BPF,PASSIVE_RLC_BPF,Passive RLC second-order equation,1865627.74915849,NaN,NaN,1.99574648461478e-11,NaN,NaN,2306.81599457854,NaN,NaN,1,5.76273697405395,741.755829541901
918,VCVS,LPF,VCVS_LPF_Maheshwari,Maheshwari VCVS equal-component active-filter equations,28411.2275989959,28411.2275989959,NaN,3.37443378560688e-12,3.37443378560688e-12,NaN,NaN,10148.6288463584,11278.638490592,2.11134604106041,1.1252974118219,1660080.78113022
53,PASSIVE,LPF,PASSIVE_RC_LPF,Passive RC first-order equation,236760.02032883,NaN,NaN,1.13359567639971e-12,NaN,NaN,NaN,NaN,NaN,1,NaN,592998.482828656
1481,VCVS,BSF,VCVS_BSF_Maheshwari,Maheshwari VCVS equal-component active-filter equations,2755.15132176576,2755.15132176576,NaN,1.37404895697001e-12,1.37404895697001e-12,NaN,NaN,9902.70108144226,5880.67976416334,1.59384603410718,1.23106024312943,42040944.8633536
587,PASSIVE,BPF,PASSIVE_RLC_BPF,Passive RLC second-order equation,563687.020209409,NaN,NaN,3.13789801538322e-12,NaN,NaN,0.462134414145973,NaN,NaN,1,0.680811226306635,132165.031572398
2481,ACTIVE_OTHER,LPF,ACTIVE_OTHER_STATE_VARIABLE_LPF,External state-variable/biquad active-filter canonical equation,3313.94693643241,37032.7463989928,46048.4080715277,9.23871506734128e-12,2.93502564973793e-10,NaN,NaN,9868.52451838184,24904.3681889472,3.52361618421867,4.64889421908073,275894.25612336
1929,MFB,HPF,MFB_HPF_Maheshwari,Maheshwari MFB active-filter equations,198855.061262167,24843.590964056,NaN,7.90587221832094e-11,1.52096273441935e-11,2.26980792347712e-11,NaN,NaN,NaN,-0.287104048838166,1.56536072358097,121868.307974683
1581,VCVS,BSF,VCVS_BSF_Maheshwari,Maheshwari VCVS equal-component active-filter equations,46663.5437012547,46663.5437012547,NaN,8.36294126674654e-11,8.36294126674654e-11,NaN,NaN,10089.9643881155,4402.10557793058,1.43628554161357,0.886973879348761,40783.3943020011
634,PASSIVE,BSF,PASSIVE_RLC_BSF,Passive RLC second-order equation,2376.12124692793,NaN,NaN,7.24541374806414e-11,NaN,NaN,0.00235259109556206,NaN,NaN,1,2.39813170783613,385491.948588786
2471,ACTIVE_OTHER,LPF,ACTIVE_OTHER_STATE_VARIABLE_LPF,External state-variable/biquad active-filter canonical equation,65604.8969797336,47893.485118362,11496.4034537007,2.05796856001858e-11,1.35334300605532e-12,NaN,NaN,10027.6534839611,9626.01503297371,1.95994691563387,1.09532903668662,538010.15480485
583,PASSIVE,BPF,PASSIVE_RLC_BPF,Passive RLC second-order equation,416697.515553129,NaN,NaN,1.0311250090666e-12,NaN,NaN,0.061627862942964,NaN,NaN,1,0.586694453785937,631358.333745768
366,PASSIVE,HPF,PASSIVE_RC_HPF,Passive RC first-order equation,1905.81440389754,NaN,NaN,7.54003123144123e-10,NaN,NaN,NaN,NaN,NaN,1,NaN,110755.775397477
622,PASSIVE,BSF,PASSIVE_RLC_BSF,Passive RLC second-order equation,857.595882984921,NaN,NaN,9.48138026692351e-11,NaN,NaN,0.00108658231636193,NaN,NaN,1,3.94741553933972,495853.099991048
296,PASSIVE,HPF,PASSIVE_RC_HPF,Passive RC first-order equation,157251.876982548,NaN,NaN,3.76271460748815e-11,NaN,NaN,NaN,NaN,NaN,1,NaN,26898.1873551959
2413,ACTIVE_OTHER,LPF,ACTIVE_OTHER_STATE_VARIABLE_LPF,External state-variable/biquad active-filter canonical equation,19160.3591379378,120374.326749982,15278.635781034,1.05018508565412e-11,9.27005240417961e-12,NaN,NaN,9951.07247326998,31809.8094440416,4.19662122142989,1.56958833895136,335874.749642222
715,PASSIVE,BSF,PASSIVE_RLC_BSF,Passive RLC second-order equation,5271838.74734308,NaN,NaN,1.04783999630303e-11,NaN,NaN,5638.33551520268,NaN,NaN,1,4.4001335101015,654.782687528101
1632,MFB,LPF,MFB_LPF_Maheshwari,Maheshwari MFB active-filter equations,42826.3375670874,204776.960597233,143765.479083338,3.33295755488659e-10,3.2190690473828e-10,NaN,NaN,NaN,NaN,-3.35694078108195,0.168527919189517,2831.86300359424
1427,VCVS,BSF,VCVS_BSF_Maheshwari,Maheshwari VCVS equal-component active-filter equations,11816.258488252,11816.258488252,NaN,2.44669630992397e-12,2.44669630992397e-12,NaN,NaN,9829.55830170114,6420.91151752379,1.65322482663464,1.44185639112406,5505034.96582958
640,PASSIVE,BSF,PASSIVE_RLC_BSF,Passive RLC second-order equation,4064881.10345155,NaN,NaN,7.18559326853493e-11,NaN,NaN,26507.4074668953,NaN,NaN,1,4.72502884874634,115.320147497676
923,VCVS,LPF,VCVS_LPF_Maheshwari,Maheshwari VCVS equal-component active-filter equations,3737.90558660116,3737.90558660116,NaN,4.33680470871885e-11,4.33680470871885e-11,NaN,NaN,9849.5466340752,10289.483551087,2.0446657022253,1.04675400258249,981797.536894094
1837,MFB,HPF,MFB_HPF_Maheshwari,Maheshwari MFB active-filter equations,359947.415382119,49060.023937649,NaN,6.56336501913982e-10,7.23662738714497e-10,1.12056605168831e-10,NaN,NaN,NaN,-0.17073041776902,3.02793471066432,4205.81230961116
1386,VCVS,BPF,VCVS_BPF_Maheshwari,Maheshwari VCVS equal-component active-filter equations,104788.356237697,104788.356237697,NaN,1.30603041305651e-12,1.30603041305651e-12,NaN,NaN,9922.82470185228,11334.7386847957,2.14228952192211,1.16589458279789,1162930.64093597
965,VCVS,LPF,VCVS_LPF_Maheshwari,Maheshwari VCVS equal-component active-filter equations,9571.36252225927,9571.36252225927,NaN,4.69324806993985e-10,4.69324806993985e-10,NaN,NaN,9850.15955786437,4965.59649767785,1.504113305831,0.668499829497798,35430.1389587361
3200,ACTIVE_OTHER,BSF,ACTIVE_OTHER_STATE_VARIABLE_BSF,External state-variable/biquad active-filter canonical equation,23332.2065294523,9202.81033460299,45949.9064651259,3.51517482838961e-11,5.82176102874369e-10,NaN,NaN,9876.07426244966,10172.9486988544,2.03005996396094,4.74635020107725,75924.3946151105
712,PASSIVE,BSF,PASSIVE_RLC_BSF,Passive RLC second-order equation,330.203128270416,NaN,NaN,2.85131485612323e-10,NaN,NaN,0.000344671646095354,NaN,NaN,1,3.3296532415848,507685.505097337
1582,VCVS,BSF,VCVS_BSF_Maheshwari,Maheshwari VCVS equal-component active-filter equations,3126.81218688308,3126.81218688308,NaN,9.22001803162336e-10,9.22001803162336e-10,NaN,NaN,10198.3980845724,6603.65503314917,1.64751885329313,1.41851558493655,55206.0361240805
1286,VCVS,BPF,VCVS_BPF_Maheshwari,Maheshwari VCVS equal-component active-filter equations,17690.4253770453,17690.4253770453,NaN,6.21638175179619e-10,6.21638175179619e-10,NaN,NaN,10050.6055840546,2692.83744227147,1.26792787954426,0.577343164981422,14472.5206807135
1102,VCVS,HPF,VCVS_HPF_Maheshwari,Maheshwari VCVS equal-component active-filter equations,15777.3594777994,15777.3594777994,NaN,3.11147479552795e-12,3.11147479552795e-12,NaN,NaN,9865.10313625046,2386.38265981873,1.24190144054852,0.56879632522536,3242048.6198175
2606,ACTIVE_OTHER,HPF,ACTIVE_OTHER_STATE_VARIABLE_HPF,External state-variable/biquad active-filter canonical equation,10506.897565838,7351.58048971704,55053.8312265884,4.66765314076337e-12,1.76727985951614e-11,NaN,NaN,10406.7537976836,18919.4648251891,2.81799869517431,5.56418031400796,1993841.23003384
2312,MFB,BSF,MFB_BSF_1_MINUS_BP,Maheshwari MFB BPF denominator + ADI 1-minus-BP notch construction,435253.205970912,151910181.714998,NaN,5.07493878266491e-10,5.33517161038746e-11,NaN,NaN,NaN,NaN,1,5.4811128048083,118.95045292068
1617,MFB,LPF,MFB_LPF_Maheshwari,Maheshwari MFB active-filter equations,130431.165256854,2357855.23821926,257085.330226061,5.3169931826029e-10,3.70253573450261e-11,NaN,NaN,NaN,NaN,-1.971042194707,0.406258166697471,1456.93519214478
164,PASSIVE,LPF,PASSIVE_RC_LPF,Passive RC first-order equation,289629.411365221,NaN,NaN,4.00402860845644e-12,NaN,NaN,NaN,NaN,NaN,1,NaN,137239.870065578
2473,ACTIVE_OTHER,LPF,ACTIVE_OTHER_STATE_VARIABLE_LPF,External state-variable/biquad active-filter canonical equation,901985.038134385,266556.841545097,10554.8968843985,4.71866812707871e-12,1.08253956818928e-12,NaN,NaN,10316.8160067292,9646.80910676525,1.93505681408616,1.0255289561865,143613.061824623
3184,ACTIVE_OTHER,BSF,ACTIVE_OTHER_STATE_VARIABLE_BSF,External state-variable/biquad active-filter canonical equation,241820.09032195,192563.770807413,8028.25618424277,5.51289277674341e-10,2.06196245430002e-10,NaN,NaN,9864.41316511754,12930.7281949329,2.31084616778406,0.840229917424693,2187.54251261544
687,PASSIVE,BSF,PASSIVE_RLC_BSF,Passive RLC second-order equation,1171814.8284879,NaN,NaN,1.27103817495514e-11,NaN,NaN,58.4854233062834,NaN,NaN,1,1.83056659174239,5837.36722785895
1042,VCVS,HPF,VCVS_HPF_Maheshwari,Maheshwari VCVS equal-component active-filter equations,2519.83682552501,2519.83682552501,NaN,5.53775613930003e-11,5.53775613930003e-11,NaN,NaN,9891.97722512692,13050.3658126547,2.31928789519501,1.46904982729297,1140548.8366623
763,PASSIVE,BSF,PASSIVE_RLC_BSF,Passive RLC second-order equation,3751051.99954238,NaN,NaN,6.06546432700537e-12,NaN,NaN,458.132238959498,NaN,NaN,1,2.31691614612678,3019.2055284211
1532,VCVS,BSF,VCVS_BSF_Maheshwari,Maheshwari VCVS equal-component active-filter equations,2829.05553861215,2829.05553861215,NaN,8.71344582962725e-11,8.71344582962725e-11,NaN,NaN,10083.4348233438,1930.92479660527,1.19149474662493,0.618425171528292,645637.463527088
3100,ACTIVE_OTHER,BSF,ACTIVE_OTHER_STATE_VARIABLE_BSF,External state-variable/biquad active-filter canonical equation,3976.93174331749,7087.27816312133,12348.9425646258,1.04587270760586e-12,5.4312396164462e-12,NaN,NaN,9822.58719501568,19585.8487861524,2.99396028737632,1.22528448124307,12578169.0422401
1200,VCVS,HPF,VCVS_HPF_Maheshwari,Maheshwari VCVS equal-component active-filter equations,1641.84663820759,1641.84663820759,NaN,1.04596606662616e-10,1.04596606662616e-10,NaN,NaN,10149.9587808189,9585.79670972121,1.94441730421961,0.94734406313918,926765.692069204
656,PASSIVE,BSF,PASSIVE_RLC_BSF,Passive RLC second-order equation,468.613335264217,NaN,NaN,3.37556335449208e-10,NaN,NaN,0.000320031155615486,NaN,NaN,1,2.07782207061086,484229.08326096
1366,VCVS,BPF,VCVS_BPF_Maheshwari,Maheshwari VCVS equal-component active-filter equations,5840.95266567243,5840.95266567243,NaN,3.9273315361203e-11,3.9273315361203e-11,NaN,NaN,10065.5263450784,11787.6380646603,2.17109008118825,1.20640370841926,693807.323784991
588,PASSIVE,BPF,PASSIVE_RLC_BPF,Passive RLC second-order equation,662.039625323071,NaN,NaN,5.2065602446961e-10,NaN,NaN,0.0042716638529154,NaN,NaN,1,4.32652384566102,106720.081394457
2553,ACTIVE_OTHER,LPF,ACTIVE_OTHER_STATE_VARIABLE_LPF,External state-variable/biquad active-filter canonical equation,2780.73783989452,44702.4560801507,41902.5691237074,1.37121465705532e-10,2.84566829912345e-10,NaN,NaN,9843.27435684849,27869.4622328509,3.83132027235029,4.01143331421308,72265.2574730612
1939,MFB,HPF,MFB_HPF_Maheshwari,Maheshwari MFB active-filter equations,28758.0622698567,3243.62731766335,NaN,1.31042852515607e-10,3.63981119541324e-10,6.44796775133715e-11,NaN,NaN,NaN,-0.492050319995072,1.6569246138603,107565.745244169
1144,VCVS,HPF,VCVS_HPF_Maheshwari,Maheshwari VCVS equal-component active-filter equations,19919.5395734091,19919.5395734091,NaN,1.81331381021389e-10,1.81331381021389e-10,NaN,NaN,10031.2150492126,10887.6159960416,2.08537360056858,1.09334259389588,44062.3713894209
975,VCVS,LPF,VCVS_LPF_Maheshwari,Maheshwari VCVS equal-component active-filter equations,162889.921979829,162889.921979829,NaN,4.03752513694449e-11,4.03752513694449e-11,NaN,NaN,9978.01535583996,5009.11062829169,1.50201472433693,0.667563304023373,24199.7387286619
2166,MFB,BPF,MFB_BPF_Maheshwari,Maheshwari MFB active-filter equations,81666.2523515612,4746208.69863262,NaN,3.45045240394053e-10,2.344101941428e-11,NaN,NaN,NaN,NaN,-522373.189683947,1.86061737268889,2842.49124148774
1269,VCVS,BPF,VCVS_BPF_Maheshwari,Maheshwari VCVS equal-component active-filter equations,99384.5748357686,99384.5748357686,NaN,4.75751022108903e-11,4.75751022108903e-11,NaN,NaN,9903.11312906585,2331.83668984623,1.23546501584459,0.566721549291722,33660.5662438751
2713,ACTIVE_OTHER,HPF,ACTIVE_OTHER_STATE_VARIABLE_HPF,External state-variable/biquad active-filter canonical equation,57907.0389445482,293037.050340282,32660.8604996622,1.05833569937155e-10,1.59267033885519e-12,NaN,NaN,10269.4773229262,18634.5690847074,2.81455866727575,3.39535413874554,94106.260592636
900,VCVS,LPF,VCVS_LPF_Maheshwari,Maheshwari VCVS equal-component active-filter equations,11308.6625983258,11308.6625983258,NaN,1.14229744193846e-10,1.14229744193846e-10,NaN,NaN,9885.09561887709,9685.79704645194,1.97983847803712,0.980236931575221,123205.382289019
2772,ACTIVE_OTHER,HPF,ACTIVE_OTHER_STATE_VARIABLE_HPF,External state-variable/biquad active-filter canonical equation,6652.59331558051,1724.29069393074,35105.4404582758,9.1236148383323e-12,1.84062795952904e-10,NaN,NaN,10277.6706249803,15250.1653260173,2.48381533933878,3.39203475275871,1146708.21324724
1498,VCVS,BSF,VCVS_BSF_Maheshwari,Maheshwari VCVS equal-component active-filter equations,53286.9593545665,53286.9593545665,NaN,5.00610801213698e-12,5.00610801213698e-12,NaN,NaN,10125.4734078649,1981.76195573447,1.19572042470579,0.621674372144905,596621.605629603
668,PASSIVE,BSF,PASSIVE_RLC_BSF,Passive RLC second-order equation,8117706.201634,NaN,NaN,3.83686470778189e-12,NaN,NaN,307.356080190766,NaN,NaN,1,1.10255263724914,4634.58641556442
710,PASSIVE,BSF,PASSIVE_RLC_BSF,Passive RLC second-order equation,6987.65367835242,NaN,NaN,3.39397165139772e-11,NaN,NaN,0.0433077082771717,NaN,NaN,1,5.11207390451426,131275.42260444
1790,MFB,LPF,MFB_LPF_Maheshwari,Maheshwari MFB active-filter equations,14300.9510910578,183080.634497398,18147.6128236382,8.13531566926577e-11,4.44609151377536e-11,NaN,NaN,NaN,NaN,-1.26897943417104,0.179839861103792,45910.5791458379
1563,VCVS,BSF,VCVS_BSF_Maheshwari,Maheshwari VCVS equal-component active-filter equations,399779.416495646,399779.416495646,NaN,6.42035124248429e-11,6.42035124248429e-11,NaN,NaN,9850.67994339595,5071.35949161815,1.51482329349438,1.03055236019294,6200.70276890273
207,PASSIVE,HPF,PASSIVE_RC_HPF,Passive RC first-order equation,760596.903137231,NaN,NaN,1.94205533991453e-10,NaN,NaN,NaN,NaN,NaN,1,NaN,1077.46699977885
3198,ACTIVE_OTHER,BSF,ACTIVE_OTHER_STATE_VARIABLE_BSF,External state-variable/biquad active-filter canonical equation,10828.4920898201,68622.5584264621,46205.4215307124,9.46330582332257e-12,1.98166049816619e-11,NaN,NaN,10220.4175828632,32924.1388790476,4.22140838298546,4.58302096353922,426350.349345332
1974,MFB,HPF,MFB_HPF_Maheshwari,Maheshwari MFB active-filter equations,14092.4721547363,4598.56083513582,NaN,8.21928892269416e-10,6.60316215004733e-11,8.15870049353784e-11,NaN,NaN,NaN,-0.0992628507194944,1.33509834677053,269357.513647869
1917,MFB,HPF,MFB_HPF_Maheshwari,Maheshwari MFB active-filter equations,42542.0562421374,3938.9812658032,NaN,3.22887433677021e-10,3.02323562218486e-10,1.00769476665761e-10,NaN,NaN,NaN,-0.312088567579744,2.53171597280596,70439.8521409601
1732,MFB,LPF,MFB_LPF_Maheshwari,Maheshwari MFB active-filter equations,319278.367878272,6203.89048952574,677904.767572775,6.2186092666212e-10,9.33273928141439e-11,NaN,NaN,NaN,NaN,-2.12324051916737,0.240077044627005,10187.1458576954
422,PASSIVE,BPF,PASSIVE_RLC_BPF,Passive RLC second-order equation,38436.5894464481,NaN,NaN,4.2674929770255e-12,NaN,NaN,0.0559815612940774,NaN,NaN,1,2.97982837137333,325620.111624761
2540,ACTIVE_OTHER,LPF,ACTIVE_OTHER_STATE_VARIABLE_LPF,External state-variable/biquad active-filter canonical equation,38606.5732631174,35684.272535963,54930.1945376974,1.07624127701211e-11,2.15471971478547e-11,NaN,NaN,10396.097271422,30487.8827626063,3.93262769351101,5.43392376887947,281579.391039899
517,PASSIVE,BPF,PASSIVE_RLC_BPF,Passive RLC second-order equation,669820.054842524,NaN,NaN,6.74135449736009e-11,NaN,NaN,326.139152355385,NaN,NaN,1,3.28374738500238,1073.35919219422
2174,MFB,BPF,MFB_BPF_Maheshwari,Maheshwari MFB active-filter equations,7840.32926810887,1541571.65565256,NaN,2.22203032301395e-10,1.52957095321058e-11,NaN,NaN,NaN,NaN,-8338656.23664081,3.44201848600549,24831.9781771938
1258,VCVS,BPF,VCVS_BPF_Maheshwari,Maheshwari VCVS equal-component active-filter equations,2045.57114356047,2045.57114356047,NaN,1.3459238631628e-11,1.3459238631628e-11,NaN,NaN,9991.0958491686,6442.70586545819,1.6448447660518,0.737922840829482,5780761.4739693
3056,ACTIVE_OTHER,BSF,ACTIVE_OTHER_STATE_VARIABLE_BSF,External state-variable/biquad active-filter canonical equation,3411.24393003356,457534.351710489,48377.3055913286,2.33144420550701e-11,1.80156690819826e-11,NaN,NaN,9664.75523138498,20028.4221772318,3.07231551112564,5.08450786421905,196568.615650656
672,PASSIVE,BSF,PASSIVE_RLC_BSF,Passive RLC second-order equation,138111.633223893,NaN,NaN,2.32094685327164e-11,NaN,NaN,1.27079493938106,NaN,NaN,1,1.69423979907854,29305.5445255544
1989,MFB,HPF,MFB_HPF_Maheshwari,Maheshwari MFB active-filter equations,12722.7818864934,1480.61376319977,NaN,8.70626502313999e-10,1.05480543015464e-10,2.76178254952442e-10,NaN,NaN,NaN,-0.317217835912874,1.25947684682212,214846.004062327
2085,MFB,BPF,MFB_BPF_Maheshwari,Maheshwari MFB active-filter equations,1904521.55866816,29290504.8566974,NaN,3.90125911986024e-11,4.31797787564782e-11,NaN,NaN,NaN,NaN,-12160.0033365925,1.95831064095643,519.183822454667
1163,VCVS,HPF,VCVS_HPF_Maheshwari,Maheshwari VCVS equal-component active-filter equations,2156.29601058797,2156.29601058797,NaN,1.26124630005613e-11,1.26124630005613e-11,NaN,NaN,10008.4031190175,12650.4132870707,2.26397919194851,1.35865724047579,5852101.45980685
2285,MFB,BSF,MFB_BSF_1_MINUS_BP,Maheshwari MFB BPF denominator + ADI 1-minus-BP notch construction,82585.1279376785,12943808.9697218,NaN,2.01817196673615e-11,1.56922107682412e-11,NaN,NaN,NaN,NaN,1,6.21043919141917,8650.01798147884
269,PASSIVE,HPF,PASSIVE_RC_HPF,Passive RC first-order equation,3842.34405675432,NaN,NaN,9.55994738207931e-12,NaN,NaN,NaN,NaN,NaN,1,NaN,4332797.37166747
3160,ACTIVE_OTHER,BSF,ACTIVE_OTHER_STATE_VARIABLE_BSF,External state-variable/biquad active-filter canonical equation,711835.062807125,434835.621980383,51338.055100724,5.46878816528531e-12,6.65859033814321e-11,NaN,NaN,10464.1662119325,10166.6640203759,1.97156943176061,4.93343886970811,14991.0201371771
926,VCVS,LPF,VCVS_LPF_Maheshwari,Maheshwari VCVS equal-component active-filter equations,53355.0534566944,53355.0534566944,NaN,1.09695206247145e-12,1.09695206247145e-12,NaN,NaN,9877.23428453722,5420.20006144642,1.54875685898549,0.68906441087531,2719298.75120128
2016,MFB,BPF,MFB_BPF_Maheshwari,Maheshwari MFB active-filter equations,178.020729567202,97895.3759481811,NaN,1.74869618383208e-11,2.71101460946057e-10,NaN,NaN,NaN,NaN,-20720372.8260328,5.59487008483617,553707.803285584
1091,VCVS,HPF,VCVS_HPF_Maheshwari,Maheshwari VCVS equal-component active-filter equations,144807.926962398,144807.926962398,NaN,1.621007697709e-11,1.621007697709e-11,NaN,NaN,9831.32783243211,8870.3515967027,1.9022536678556,0.91095726828487,67802.0333160605
2782,ACTIVE_OTHER,HPF,ACTIVE_OTHER_STATE_VARIABLE_HPF,External state-variable/biquad active-filter canonical equation,10988.2842887557,32610.3518309994,9731.20337197244,3.094374579066e-12,2.36142980195814e-10,NaN,NaN,10479.3352136666,8682.22778022677,1.82850940476681,1.01657263341774,311030.861818284
2569,ACTIVE_OTHER,LPF,ACTIVE_OTHER_STATE_VARIABLE_LPF,External state-variable/biquad active-filter canonical equation,514771.691560154,94065.4746460857,38647.1935668589,3.33425415422278e-10,2.90751485916771e-12,NaN,NaN,10488.8246459309,26099.364692471,3.48830212855127,3.75921257741945,23229.3659630362
1218,VCVS,BPF,VCVS_BPF_Maheshwari,Maheshwari VCVS equal-component active-filter equations,182603.103479843,182603.103479843,NaN,2.08157571054479e-10,2.08157571054479e-10,NaN,NaN,10185.8925574951,3998.41389757273,1.39254428367503,0.622101119081675,4187.16201657098
1926,MFB,HPF,MFB_HPF_Maheshwari,Maheshwari MFB active-filter equations,85609.7093550315,25982.6076384746,NaN,2.91476112004774e-11,1.44350846932239e-11,4.5263234252337e-11,NaN,NaN,NaN,-1.55289687175447,0.336296579309733,132018.499750806
1931,MFB,HPF,MFB_HPF_Maheshwari,Maheshwari MFB active-filter equations,515076.336537816,837737.996526339,NaN,4.83280765569949e-10,1.01708941317329e-09,1.16398248644086e-11,NaN,NaN,NaN,-0.0240850157789362,2.34278741444345,2226.7806350345
2094,MFB,BPF,MFB_BPF_Maheshwari,Maheshwari MFB active-filter equations,93774.6895094322,5667971.45704901,NaN,1.90994079558331e-11,1.32805750687425e-11,NaN,NaN,NaN,NaN,-802966.60600545,3.8239551173188,13707.0846183605
2977,ACTIVE_OTHER,BPF,ACTIVE_OTHER_STATE_VARIABLE_BPF,External state-variable/biquad active-filter canonical equation,29670.3997896839,1067.4702964038,22353.4032143661,2.15624438325957e-11,9.50382251566636e-12,NaN,NaN,9745.82672230323,31598.7402629417,4.24228422721988,2.14436597472425,1975524.33498219
2781,ACTIVE_OTHER,HPF,ACTIVE_OTHER_STATE_VARIABLE_HPF,External state-variable/biquad active-filter canonical equation,127945.478070289,458660.217326129,8665.46056435963,1.50523156680546e-10,3.3911529899414e-11,NaN,NaN,9983.96208317809,8815.28292543335,1.88294435134987,0.829593119463686,9195.74192301461
450,PASSIVE,BPF,PASSIVE_RLC_BPF,Passive RLC second-order equation,393796.655929711,NaN,NaN,4.11931470261199e-11,NaN,NaN,155.372454304906,NaN,NaN,1,4.93176646525057,1989.39321613149
2342,MFB,BSF,MFB_BSF_1_MINUS_BP,Maheshwari MFB BPF denominator + ADI 1-minus-BP notch construction,1029.28261177021,114803.946091913,NaN,1.57163630456661e-10,1.37113730035296e-11,NaN,NaN,NaN,NaN,1,2.86912224450683,315397.253111084
1127,VCVS,HPF,VCVS_HPF_Maheshwari,Maheshwari VCVS equal-component active-filter equations,7786.0996004966,7786.0996004966,NaN,3.13300742899912e-10,3.13300742899912e-10,NaN,NaN,9881.68919728771,6866.06964718149,1.69482752494038,0.766182262581287,65243.7255240965
2777,ACTIVE_OTHER,HPF,ACTIVE_OTHER_STATE_VARIABLE_HPF,External state-variable/biquad active-filter canonical equation,22746.6231945774,131792.390969513,37679.4327613657,1.94366302128954e-11,5.27933983983412e-12,NaN,NaN,10302.804448935,21936.9023651045,3.12921661027665,3.64757087128405,286956.588627556
1707,MFB,LPF,MFB_LPF_Maheshwari,Maheshwari MFB active-filter equations,82463.3248716038,50621.8068655705,86358.8524746298,3.84234727420864e-11,2.26332472467225e-11,NaN,NaN,NaN,NaN,-1.04723951658621,0.453427295795113,81625.553270392
2093,MFB,BPF,MFB_BPF_Maheshwari,Maheshwari MFB active-filter equations,45581.5924026417,8012256.55374663,NaN,3.31995168934535e-11,1.28804101118192e-10,NaN,NaN,NaN,NaN,-170325.948290588,5.35166217622753,4027.33015446955
1352,VCVS,BPF,VCVS_BPF_Maheshwari,Maheshwari VCVS equal-component active-filter equations,98998.5633912239,98998.5633912239,NaN,2.99479754650379e-11,2.99479754650379e-11,NaN,NaN,9999.69075719997,10305.242878314,2.03055615703856,1.0315192646386,53681.3922059526
526,PASSIVE,BPF,PASSIVE_RLC_BPF,Passive RLC second-order equation,4302.933046219,NaN,NaN,3.05767917787322e-10,NaN,NaN,0.163644415580064,NaN,NaN,1,5.37638113229084,22499.5368863692
861,VCVS,LPF,VCVS_LPF_Maheshwari,Maheshwari VCVS equal-component active-filter equations,53874.1177565721,53874.1177565721,NaN,2.40109702822643e-11,2.40109702822643e-11,NaN,NaN,9828.26447173421,10920.7452126596,2.11115703531049,1.12505812581789,123035.446650658
3068,ACTIVE_OTHER,BSF,ACTIVE_OTHER_STATE_VARIABLE_BSF,External state-variable/biquad active-filter canonical equation,2855.54737026709,369143.730674386,27469.2017133969,7.57817847830967e-10,2.24139196639153e-11,NaN,NaN,9533.29167902459,10317.2633266548,2.08223514752571,2.78372979759216,37612.8618143187
125,PASSIVE,LPF,PASSIVE_RC_LPF,Passive RC first-order equation,239160.239671267,NaN,NaN,3.32645737022711e-10,NaN,NaN,NaN,NaN,NaN,1,NaN,2000.5489832164
2940,ACTIVE_OTHER,BPF,ACTIVE_OTHER_STATE_VARIABLE_BPF,External state-variable/biquad active-filter canonical equation,42195.7504833601,242548.600294281,8999.95322208589,1.38307632424761e-12,6.94086979465384e-11,NaN,NaN,10306.8769274586,12829.2217391819,2.24472445237059,0.934840522816854,160567.026645689
848,VCVS,LPF,VCVS_LPF_Maheshwari,Maheshwari VCVS equal-component active-filter equations,3501.64685707224,3501.64685707224,NaN,4.00283812614338e-12,4.00283812614338e-12,NaN,NaN,9804.35450849788,9607.33691562474,1.97990509291536,0.980300943622913,11354807.0522038
2187,MFB,BPF,MFB_BPF_Maheshwari,Maheshwari MFB active-filter equations,1222444.3793049,42648466.2323167,NaN,2.10738731762768e-11,1.8665624863564e-11,NaN,NaN,NaN,NaN,-43825.649259696,2.94786930622497,1111.37448324596
864,VCVS,LPF,VCVS_LPF_Maheshwari,Maheshwari VCVS equal-component active-filter equations,485477.148156331,485477.148156331,NaN,3.84403322540347e-10,3.84403322540347e-10,NaN,NaN,10044.4888514227,12135.8603956173,2.20821084827012,1.26296249173815,852.833412230168
1474,VCVS,BSF,VCVS_BSF_Maheshwari,Maheshwari VCVS equal-component active-filter equations,2491.32236961753,2491.32236961753,NaN,6.96528309917832e-12,6.96528309917832e-12,NaN,NaN,9894.84047165487,6634.53061397851,1.67050405036686,1.51746933628986,9171733.5899078
952,VCVS,LPF,VCVS_LPF_Maheshwari,Maheshwari VCVS equal-component active-filter equations,218825.050071308,218825.050071308,NaN,1.00471887446722e-09,1.00471887446722e-09,NaN,NaN,9828.69539115881,3674.7648596221,1.37388124398765,0.614961235950717,723.899929301409
55,PASSIVE,LPF,PASSIVE_RC_LPF,Passive RC first-order equation,1130.40665736116,NaN,NaN,3.12284061258837e-11,NaN,NaN,NaN,NaN,NaN,1,NaN,4508536.67004024
2112,MFB,BPF,MFB_BPF_Maheshwari,Maheshwari MFB active-filter equations,11944810.7644836,120561269.500177,NaN,1.52260969135852e-11,4.81914273252704e-11,NaN,NaN,NaN,NaN,-1737.20446456091,1.35701352213175,154.827249621198
1857,MFB,HPF,MFB_HPF_Maheshwari,Maheshwari MFB active-filter equations,739936.34088095,201.983908686676,NaN,5.32465937333319e-10,1.22349138900131e-11,7.40869950932627e-10,NaN,NaN,NaN,-1.39139407610378,3.22154417790393,136739.226207894
379,PASSIVE,HPF,PASSIVE_RC_HPF,Passive RC first-order equation,50554.1497351894,NaN,NaN,4.33586507486499e-11,NaN,NaN,NaN,NaN,NaN,1,NaN,72608.5162402438
1106,VCVS,HPF,VCVS_HPF_Maheshwari,Maheshwari VCVS equal-component active-filter equations,421081.103864818,421081.103864818,NaN,5.00994810012834e-12,5.00994810012834e-12,NaN,NaN,9873.47005064491,9824.61324650651,1.99505170888373,0.995076073903487,75443.382545479
57,PASSIVE,LPF,PASSIVE_RC_LPF,Passive RC first-order equation,4977.17932283597,NaN,NaN,7.77163977290382e-12,NaN,NaN,NaN,NaN,NaN,1,NaN,4114567.40378704
647,PASSIVE,BSF,PASSIVE_RLC_BSF,Passive RLC second-order equation,109237.085839685,NaN,NaN,4.91255189988939e-11,NaN,NaN,2.74939319062953,NaN,NaN,1,2.16568228847903,13694.561461225
3142,ACTIVE_OTHER,BSF,ACTIVE_OTHER_STATE_VARIABLE_BSF,External state-variable/biquad active-filter canonical equation,210723.570468567,8546.46865461827,47894.9440166569,5.06450506831994e-11,2.34736854203814e-10,NaN,NaN,9833.33479426934,29272.2593454375,3.97683949116599,4.74846905228826,34396.2483737829
2039,MFB,BPF,MFB_BPF_Maheshwari,Maheshwari MFB active-filter equations,2024.42186275809,20222.7001812677,NaN,1.26724538550869e-10,3.65666889282641e-10,NaN,NaN,NaN,NaN,-1350869.33716559,1.38175726415838,115551.841970439
993,VCVS,LPF,VCVS_LPF_Maheshwari,Maheshwari VCVS equal-component active-filter equations,49851.1518577979,49851.1518577979,NaN,1.81119246725663e-12,1.81119246725663e-12,NaN,NaN,9996.42243608093,2708.86424328833,1.27098337036168,0.578363436683187,1762707.81842736
2767,ACTIVE_OTHER,HPF,ACTIVE_OTHER_STATE_VARIABLE_HPF,External state-variable/biquad active-filter canonical equation,441010.419193284,779893.522895905,8957.49419501874,1.04492233144404e-10,5.16833129245392e-12,NaN,NaN,10143.213091524,12397.7711314552,2.22227256980484,0.880588599885615,11677.7956776884
1006,VCVS,HPF,VCVS_HPF_Maheshwari,Maheshwari VCVS equal-component active-filter equations,307885.036627379,307885.036627379,NaN,4.87806060841363e-11,4.87806060841363e-11,NaN,NaN,9842.75556946436,6630.68152033011,1.67366109759962,0.753955115235042,10597.0347180578
64,PASSIVE,LPF,PASSIVE_RC_LPF,Passive RC first-order equation,529471.010995107,NaN,NaN,9.34780948869521e-11,NaN,NaN,NaN,NaN,NaN,1,NaN,3215.64495717439
1887,MFB,HPF,MFB_HPF_Maheshwari,Maheshwari MFB active-filter equations,20397.569316686,4813.32400374918,NaN,6.17236442579999e-10,3.00860927803372e-11,1.21262418885337e-11,NaN,NaN,NaN,-0.019646023876761,3.03498769335927,840934.878658971
2476,ACTIVE_OTHER,LPF,ACTIVE_OTHER_STATE_VARIABLE_LPF,External state-variable/biquad active-filter canonical equation,881177.796032863,43415.5977273957,39393.2576897583,5.44079104598414e-11,2.76580419366188e-11,NaN,NaN,10002.2762087423,18521.0051686259,2.8516790360616,4.00009277120082,20976.0508799112
1186,VCVS,HPF,VCVS_HPF_Maheshwari,Maheshwari VCVS equal-component active-filter equations,1533.74979664046,1533.74979664046,NaN,1.48769005648071e-10,1.48769005648071e-10,NaN,NaN,9972.77649945497,760.67927253977,1.07627557607266,0.519824974701142,697514.360333316
2143,MFB,BPF,MFB_BPF_Maheshwari,Maheshwari MFB active-filter equations,2080566.75089812,204698199.339714,NaN,1.7194057942923e-11,1.1604462378651e-10,NaN,NaN,NaN,NaN,-4141.8400310527,3.32535153232952,172.651592337143
2442,ACTIVE_OTHER,LPF,ACTIVE_OTHER_STATE_VARIABLE_LPF,External state-variable/biquad active-filter canonical equation,129336.988910857,1136.02728164074,41219.9654206809,1.83666271928984e-10,3.46925759043001e-11,NaN,NaN,9824.27883153528,15173.9124802768,2.54453194381755,4.04964434107715,164486.93160083
118,PASSIVE,LPF,PASSIVE_RC_LPF,Passive RC first-order equation,25762.3045447579,NaN,NaN,1.98130298473854e-12,NaN,NaN,NaN,NaN,NaN,1,NaN,3118060.4311353
2992,ACTIVE_OTHER,BPF,ACTIVE_OTHER_STATE_VARIABLE_BPF,External state-variable/biquad active-filter canonical equation,299753.084865101,25578.5532656538,40947.0911080575,1.24425870981722e-12,1.21251799892786e-12,NaN,NaN,9603.38147325122,6263.90592487734,1.6522604503762,3.95159496922528,1479792.66651776
1025,VCVS,HPF,VCVS_HPF_Maheshwari,Maheshwari VCVS equal-component active-filter equations,2618.17108617497,2618.17108617497,NaN,6.16887459242816e-12,6.16887459242816e-12,NaN,NaN,9899.04858143802,3717.61676352259,1.37555293652095,0.615594082738724,9854081.90478295
142,PASSIVE,LPF,PASSIVE_RC_LPF,Passive RC first-order equation,13247.325182762,NaN,NaN,2.66150137249568e-12,NaN,NaN,NaN,NaN,NaN,1,NaN,4514038.30509915
342,PASSIVE,HPF,PASSIVE_RC_HPF,Passive RC first-order equation,2929.2609706147,NaN,NaN,1.49339828969932e-12,NaN,NaN,NaN,NaN,NaN,1,NaN,36381987.215316
1786,MFB,LPF,MFB_LPF_Maheshwari,Maheshwari MFB active-filter equations,7477.49491783296,3430.67972757192,15016.7606549663,1.76452518429718e-10,2.8924795492238e-11,NaN,NaN,NaN,NaN,-2.00826089753041,0.699679907872576,310379.361224904
2335,MFB,BSF,MFB_BSF_1_MINUS_BP,Maheshwari MFB BPF denominator + ADI 1-minus-BP notch construction,7496.24040220548,4237767.62447279,NaN,1.69391408727702e-10,1.18252763019696e-11,NaN,NaN,NaN,NaN,1,5.87218829744866,19951.6340747751
1676,MFB,LPF,MFB_LPF_Maheshwari,Maheshwari MFB active-filter equations,27393.9520226352,13569.8435848414,41782.9538534137,8.81087674711272e-10,4.31771977538594e-11,NaN,NaN,NaN,NaN,-1.52526199282561,1.41438626236815,34268.5991723476
637,PASSIVE,BSF,PASSIVE_RLC_BSF,Passive RLC second-order equation,5965.3193365503,NaN,NaN,4.15496911001837e-11,NaN,NaN,0.00193139108396415,NaN,NaN,1,1.14292442525247,561825.078116363
380,PASSIVE,HPF,PASSIVE_RC_HPF,Passive RC first-order equation,69965.9956506719,NaN,NaN,3.30015087135344e-10,NaN,NaN,NaN,NaN,NaN,1,NaN,6892.8577853751
2334,MFB,BSF,MFB_BSF_1_MINUS_BP,Maheshwari MFB BPF denominator + ADI 1-minus-BP notch construction,1869.60466265093,264643.826791269,NaN,7.52961961589012e-11,5.05538783884322e-10,NaN,NaN,NaN,NaN,1,3.99638193855482,36673.3512711735
1861,MFB,HPF,MFB_HPF_Maheshwari,Maheshwari MFB active-filter equations,116608.55921348,19934.1948788061,NaN,7.67188681400072e-10,5.68866179251644e-10,3.19536225828238e-10,NaN,NaN,NaN,-0.416502789437801,1.49540896121688,7742.66482387663
2655,ACTIVE_OTHER,HPF,ACTIVE_OTHER_STATE_VARIABLE_HPF,External state-variable/biquad active-filter canonical equation,467598.744091294,130881.758385715,39900.4167524092,8.50085925324793e-12,5.0671006049766e-12,NaN,NaN,9677.61460231439,29374.1062844223,4.03526307788673,3.84224069446631,98024.0691059273
798,PASSIVE,BSF,PASSIVE_RLC_BSF,Passive RLC second-order equation,4743.24660970006,NaN,NaN,1.33367765864933e-10,NaN,NaN,0.00187907668935595,NaN,NaN,1,0.79135456049246,317923.36105441
2972,ACTIVE_OTHER,BPF,ACTIVE_OTHER_STATE_VARIABLE_BPF,External state-variable/biquad active-filter canonical equation,17615.4763082192,247300.842575654,28928.7952848949,4.78230726892204e-10,5.19809925225485e-11,NaN,NaN,10079.6587330496,29366.8703600563,3.91347863432787,2.80414360011652,15293.9306363038
2091,MFB,BPF,MFB_BPF_Maheshwari,Maheshwari MFB active-filter equations,6713832.0362935,34427224.4657422,NaN,7.5184143030267e-11,9.74266702626655e-11,NaN,NaN,NaN,NaN,-1528.80349876114,1.12279333935975,122.315595236076
1730,MFB,LPF,MFB_LPF_Maheshwari,Maheshwari MFB active-filter equations,165665.948747245,2168298.78261832,369333.975254705,5.85170011474111e-10,5.13251353580591e-11,NaN,NaN,NaN,NaN,-2.22938979342214,0.409904298152247,1026.23035357294
2865,ACTIVE_OTHER,BPF,ACTIVE_OTHER_STATE_VARIABLE_BPF,External state-variable/biquad active-filter canonical equation,79403.7756864251,30041.2380991651,17421.1894043551,3.30190261342165e-10,1.89293647253746e-11,NaN,NaN,9760.09252359356,32094.3418371407,4.28832352352782,1.69229377483975,41218.3394428301
2307,MFB,BSF,MFB_BSF_1_MINUS_BP,Maheshwari MFB BPF denominator + ADI 1-minus-BP notch construction,8272.660806331,219453.131484209,NaN,4.25751823950296e-10,4.30000155466422e-10,NaN,NaN,NaN,NaN,1,2.57521168798511,8729.99644049949
2912,ACTIVE_OTHER,BPF,ACTIVE_OTHER_STATE_VARIABLE_BPF,External state-variable/biquad active-filter canonical equation,721082.995185593,6619.40359930143,21810.4473497469,4.48881187676608e-11,8.6548092308023e-10,NaN,NaN,9510.91343653692,28819.6850679681,4.03017005256877,2.08340328668048,11687.5537607055
1134,VCVS,HPF,VCVS_HPF_Maheshwari,Maheshwari VCVS equal-component active-filter equations,882691.819500935,882691.819500935,NaN,1.05439647937209e-10,1.05439647937209e-10,NaN,NaN,10195.3696665101,9105.99293596311,1.89314985467124,0.903464668835525,1710.04320349489
1452,VCVS,BSF,VCVS_BSF_Maheshwari,Maheshwari VCVS equal-component active-filter equations,4994.04958901092,4994.04958901092,NaN,2.34002433733531e-11,2.34002433733531e-11,NaN,NaN,10011.251699709,4242.81130681263,1.42380427883318,0.867760695944563,1361905.29041116
426,PASSIVE,BPF,PASSIVE_RLC_BPF,Passive RLC second-order equation,673373.320925158,NaN,NaN,4.71845877166381e-10,NaN,NaN,1765.50006771312,NaN,NaN,1,2.87261802543036,174.375786729571
43,PASSIVE,LPF,PASSIVE_RC_LPF,Passive RC first-order equation,1350.06034728891,NaN,NaN,4.37040612745747e-10,NaN,NaN,NaN,NaN,NaN,1,NaN,269739.875972808
493,PASSIVE,BPF,PASSIVE_RLC_BPF,Passive RLC second-order equation,4182.00328178627,NaN,NaN,9.37138641501969e-11,NaN,NaN,0.0143601416185027,NaN,NaN,1,2.96000925729462,137195.177949173
94,PASSIVE,LPF,PASSIVE_RC_LPF,Passive RC first-order equation,334019.190526898,NaN,NaN,6.87065343702315e-12,NaN,NaN,NaN,NaN,NaN,1,NaN,69350.6713480073
2190,MFB,BPF,MFB_BPF_Maheshwari,Maheshwari MFB active-filter equations,8313.02164838862,796813.016193121,NaN,1.73196959677518e-11,1.37565310995487e-10,NaN,NaN,NaN,NaN,-874444.306098232,3.08541775086068,40062.483389543
2754,ACTIVE_OTHER,HPF,ACTIVE_OTHER_STATE_VARIABLE_HPF,External state-variable/biquad active-filter canonical equation,112037.704371163,42270.4321618982,48196.430923622,1.89765054389118e-10,7.73142762108016e-12,NaN,NaN,10339.3524353625,24460.6433355859,3.36578097985383,4.78381313400163,60378.4166426107
1522,VCVS,BSF,VCVS_BSF_Maheshwari,Maheshwari VCVS equal-component active-filter equations,1033.56638762611,1033.56638762611,NaN,1.97911528010523e-11,1.97911528010523e-11,NaN,NaN,10120.0229231551,4954.833078562,1.48960690269042,0.979637073141532,7780556.53079901
1439,VCVS,BSF,VCVS_BSF_Maheshwari,Maheshwari VCVS equal-component active-filter equations,236685.773319014,236685.773319014,NaN,1.33642977667858e-12,1.33642977667858e-12,NaN,NaN,10032.0430365166,666.230494648345,1.06641025085551,0.535567148694791,503155.047736249
1968,MFB,HPF,MFB_HPF_Maheshwari,Maheshwari MFB active-filter equations,150507.689959187,63633.2959112165,NaN,7.18928829213894e-11,1.36706092604375e-10,1.74274231963342e-10,NaN,NaN,NaN,-2.42408184067262,0.25576752741252,10536.2981997502
2460,ACTIVE_OTHER,LPF,ACTIVE_OTHER_STATE_VARIABLE_LPF,External state-variable/biquad active-filter canonical equation,168827.515370463,13170.8138750232,10090.535714915,6.64793344349354e-12,2.56591326246195e-10,NaN,NaN,9629.02895723204,28688.4034512848,3.97936620387229,1.00887411366645,81719.9126459055
1313,VCVS,BPF,VCVS_BPF_Maheshwari,Maheshwari VCVS equal-component active-filter equations,18147.034447402,18147.034447402,NaN,6.83532156257054e-10,6.83532156257054e-10,NaN,NaN,10070.4988637703,11690.0096189347,2.16081733160119,1.19163566843918,12830.8526507835
420,PASSIVE,BPF,PASSIVE_RLC_BPF,Passive RLC second-order equation,5111909.71859465,NaN,NaN,2.45754289838956e-11,NaN,NaN,16777.3414091318,NaN,NaN,1,5.11125845794097,247.860891114129
708,PASSIVE,BSF,PASSIVE_RLC_BSF,Passive RLC second-order equation,12347.2331179383,NaN,NaN,7.00843540920872e-10,NaN,NaN,2.50356736849425,NaN,NaN,1,4.84060289046195,3799.53065589292
2012,MFB,BPF,MFB_BPF_Maheshwari,Maheshwari MFB active-filter equations,693.326370013527,45860.3746125673,NaN,6.95861543018522e-10,7.64033555511159e-11,NaN,NaN,NaN,NaN,-18877733.4124357,2.4282940655329,122409.419719648
2056,MFB,BPF,MFB_BPF_Maheshwari,Maheshwari MFB active-filter equations,6291.8566789972,6059610.47438467,NaN,1.19343459891262e-11,2.49264185850777e-10,NaN,NaN,NaN,NaN,-637619.066102523,6.48024559756211,14944.4216712135
767,PASSIVE,BSF,PASSIVE_RLC_BSF,Passive RLC second-order equation,1267684.07684053,NaN,NaN,9.56534844724379e-11,NaN,NaN,1644.95924512264,NaN,NaN,1,3.27126809842099,401.228859036344
1654,MFB,LPF,MFB_LPF_Maheshwari,Maheshwari MFB active-filter equations,8876.06803890768,299.575171290349,22841.3218205586,4.70992799783516e-10,1.26721950789522e-10,NaN,NaN,NaN,NaN,-2.57336037989289,0.210902752825091,249042.546329992
2863,ACTIVE_OTHER,BPF,ACTIVE_OTHER_STATE_VARIABLE_BPF,External state-variable/biquad active-filter canonical equation,174845.502142316,3037.56056121942,10027.7839855675,1.80304417106977e-12,1.14144465189162e-10,NaN,NaN,9709.47027946216,35474.8049495714,4.65362928445325,1.00001947393594,481393.048588091
2560,ACTIVE_OTHER,LPF,ACTIVE_OTHER_STATE_VARIABLE_LPF,External state-variable/biquad active-filter canonical equation,223007.222567414,14304.249796158,54919.8742943535,2.82631022021324e-10,9.31945184722532e-10,NaN,NaN,10393.2789510514,20509.5631587525,2.97334866651277,5.28171321886788,5490.64070711666
623,PASSIVE,BSF,PASSIVE_RLC_BSF,Passive RLC second-order equation,8700288.60229387,NaN,NaN,1.20055322746077e-12,NaN,NaN,1560.85036395879,NaN,NaN,1,4.14434847926037,3676.6203514036
1934,MFB,HPF,MFB_HPF_Maheshwari,Maheshwari MFB active-filter equations,374814.303496122,1351.90029826617,NaN,1.10401977357571e-11,2.02343331683787e-10,1.24589077145678e-11,NaN,NaN,NaN,-1.12850403704417,3.28028448599922,140817.065249919
1279,VCVS,BPF,VCVS_BPF_Maheshwari,Maheshwari VCVS equal-component active-filter equations,164568.81183058,164568.81183058,NaN,8.54132719644504e-11,8.54132719644504e-11,NaN,NaN,9934.38878043806,8627.6528918502,1.86846338335772,0.883753990186723,11322.6280041685
2345,MFB,BSF,MFB_BSF_1_MINUS_BP,Maheshwari MFB BPF denominator + ADI 1-minus-BP notch construction,861.609057375567,114196.389189179,NaN,1.57596459405959e-10,4.70630154938801e-11,NaN,NaN,NaN,NaN,1,4.84453732251001,186305.516428349
2568,ACTIVE_OTHER,LPF,ACTIVE_OTHER_STATE_VARIABLE_LPF,External state-variable/biquad active-filter canonical equation,741491.745084455,314516.974457395,32620.0896732679,5.07464529188765e-11,4.53517365853809e-11,NaN,NaN,10327.5082041264,15331.0940611479,2.48449110454566,3.43338855423148,6869.81624127062
673,PASSIVE,BSF,PASSIVE_RLC_BSF,Passive RLC second-order equation,1672313.28066421,NaN,NaN,3.76495091726637e-11,NaN,NaN,2773.64017425716,NaN,NaN,1,5.13248585876061,492.510407995278
2970,ACTIVE_OTHER,BPF,ACTIVE_OTHER_STATE_VARIABLE_BPF,External state-variable/biquad active-filter canonical equation,37754.2529290102,35129.9260240235,45798.8878502119,5.41269319835747e-11,7.80122301659818e-10,NaN,NaN,10017.9170686795,33178.4752655074,4.31191354830018,4.38367858343346,21267.2100858793
1627,MFB,LPF,MFB_LPF_Maheshwari,Maheshwari MFB active-filter equations,7066.54822891758,31076.4303762968,6861.87521033715,2.69644785796663e-11,1.399555475303e-11,NaN,NaN,NaN,NaN,-0.971036351560885,0.297575657612801,561037.754896346
524,PASSIVE,BPF,PASSIVE_RLC_BPF,Passive RLC second-order equation,3031363.51989796,NaN,NaN,9.95509466911426e-13,NaN,NaN,101.010771400474,NaN,NaN,1,3.32294479882571,15871.3398273677
2033,MFB,BPF,MFB_BPF_Maheshwari,Maheshwari MFB active-filter equations,57295.6988296702,2342600.495271,NaN,1.47761190719243e-10,3.92470248098037e-11,NaN,NaN,NaN,NaN,-444704.208335073,2.6038201281055,5704.61638279805
1214,VCVS,BPF,VCVS_BPF_Maheshwari,Maheshwari VCVS equal-component active-filter equations,162918.207026786,162918.207026786,NaN,2.33145950079078e-11,2.33145950079078e-11,NaN,NaN,9810.72902884476,3720.56114093271,1.37923391115928,0.616992178504468,41900.8307799391
1280,VCVS,BPF,VCVS_BPF_Maheshwari,Maheshwari VCVS equal-component active-filter equations,144828.325938566,144828.325938566,NaN,2.67109894810665e-11,2.67109894810665e-11,NaN,NaN,10185.911293494,3864.62050191761,1.37940841919427,0.617058617262972,41141.1705981735
1323,VCVS,BPF,VCVS_BPF_Maheshwari,Maheshwari VCVS equal-component active-filter equations,1678.12836154331,1678.12836154331,NaN,1.46643526527453e-10,1.46643526527453e-10,NaN,NaN,9974.49546474421,11619.0515679205,2.16487611919712,1.19742713983776,646743.478530058
1634,MFB,LPF,MFB_LPF_Maheshwari,Maheshwari MFB active-filter equations,9139.45098842644,54903.2686832463,17934.0134372297,6.3491704809866e-10,1.62494229438463e-11,NaN,NaN,NaN,NaN,-1.96226375741169,1.08624306615872,49934.9730822636
1004,VCVS,HPF,VCVS_HPF_Maheshwari,Maheshwari VCVS equal-component active-filter equations,170224.430751448,170224.430751448,NaN,4.88305714035686e-11,4.88305714035686e-11,NaN,NaN,9861.08046022157,11912.4914048438,2.20803105226627,1.26267576886892,19147.2511910348
2759,ACTIVE_OTHER,HPF,ACTIVE_OTHER_STATE_VARIABLE_HPF,External state-variable/biquad active-filter canonical equation,33046.3217518152,131674.418696051,26274.444300657,1.80182473472641e-11,6.67573576749955e-11,NaN,NaN,9569.22235284296,15589.1236223728,2.6290899142647,2.64511600020378,69566.7992078001
1789,MFB,LPF,MFB_LPF_Maheshwari,Maheshwari MFB active-filter equations,185465.355949527,151430.213134399,702381.446299421,1.45671680084359e-10,1.34321758928121e-11,NaN,NaN,NaN,NaN,-3.78713017697261,0.752475959617315,11032.3136320536
644,PASSIVE,BSF,PASSIVE_RLC_BSF,Passive RLC second-order equation,609253.04749105,NaN,NaN,2.20604332331573e-10,NaN,NaN,1315.65062500201,NaN,NaN,1,4.0083492923282,295.421993838463
2398,MFB,BSF,MFB_BSF_1_MINUS_BP,Maheshwari MFB BPF denominator + ADI 1-minus-BP notch construction,9956.38168063437,1417966.29618032,NaN,1.15369046479502e-10,1.69922327229322e-10,NaN,NaN,NaN,NaN,1,5.85684081979176,9566.79644965381
1923,MFB,HPF,MFB_HPF_Maheshwari,Maheshwari MFB active-filter equations,10065.2548057155,4470.57190374958,NaN,6.12791740672577e-10,9.71770529643199e-11,3.69400649572416e-10,NaN,NaN,NaN,-0.602815973281519,0.436924767179335,125226.289668969
132,PASSIVE,LPF,PASSIVE_RC_LPF,Passive RC first-order equation,13010.538276296,NaN,NaN,1.40688474870762e-10,NaN,NaN,NaN,NaN,NaN,1,NaN,86949.3511002945
695,PASSIVE,BSF,PASSIVE_RLC_BSF,Passive RLC second-order equation,310510.933876143,NaN,NaN,3.10491885856524e-12,NaN,NaN,7.18931897560012,NaN,NaN,1,4.90051645074667,33686.1305686182
2841,ACTIVE_OTHER,BPF,ACTIVE_OTHER_STATE_VARIABLE_BPF,External state-variable/biquad active-filter canonical equation,46509.3845720783,117757.472967897,37029.3429123626,8.19252032662638e-10,1.55356388462965e-10,NaN,NaN,9505.65061088931,16955.3884451803,2.78371677428969,3.76828933135316,6028.12534841198
2820,ACTIVE_OTHER,BPF,ACTIVE_OTHER_STATE_VARIABLE_BPF,External state-variable/biquad active-filter canonical equation,194041.161969562,6325.3382612975,51178.2188136773,8.46494946723888e-11,1.64447081323646e-11,NaN,NaN,9908.00692363929,32014.3035189922,4.23115473835712,5.09811111831296,121760.395700484
32,PASSIVE,LPF,PASSIVE_RC_LPF,Passive RC first-order equation,739526.671582266,NaN,NaN,5.18480405604932e-10,NaN,NaN,NaN,NaN,NaN,1,NaN,415.082039224901
2620,ACTIVE_OTHER,HPF,ACTIVE_OTHER_STATE_VARIABLE_HPF,External state-variable/biquad active-filter canonical equation,17018.0446752259,1377.82245182349,25242.1431861674,5.07858409439258e-11,6.22237765420374e-10,NaN,NaN,10452.2103391575,12468.9727795822,2.19295080896614,2.45856528658844,184892.445222828
482,PASSIVE,BPF,PASSIVE_RLC_BPF,Passive RLC second-order equation,8115.14750842749,NaN,NaN,4.23737175819116e-11,NaN,NaN,0.0332932519616331,NaN,NaN,1,3.4540880684296,133996.587725432
2409,ACTIVE_OTHER,LPF,ACTIVE_OTHER_STATE_VARIABLE_LPF,External state-variable/biquad active-filter canonical equation,108891.716978116,27027.6267905124,6347.63486245466,1.18421571865819e-11,5.57135835711374e-12,NaN,NaN,10306.0451919807,8502.98688365983,1.82504847642975,0.640897899923567,361179.252246755
3166,ACTIVE_OTHER,BSF,ACTIVE_OTHER_STATE_VARIABLE_BSF,External state-variable/biquad active-filter canonical equation,74293.3374142929,84433.0154509964,25610.1029642437,1.35613787408452e-12,4.45773702893098e-10,NaN,NaN,9580.5554435318,32683.3192350753,4.41142216938383,2.51996066568998,81729.6995725004
1133,VCVS,HPF,VCVS_HPF_Maheshwari,Maheshwari VCVS equal-component active-filter equations,4584.55262408043,4584.55262408043,NaN,7.71611160975128e-10,7.71611160975128e-10,NaN,NaN,9972.3139159648,9574.08272197966,1.96006631987912,0.961599781905094,44990.8987256581
2396,MFB,BSF,MFB_BSF_1_MINUS_BP,Maheshwari MFB BPF denominator + ADI 1-minus-BP notch construction,146354.10232808,16304234.8177932,NaN,1.4733459010095e-10,1.36749696710471e-10,NaN,NaN,NaN,NaN,1,5.27370816562528,725.858430368335
330,PASSIVE,HPF,PASSIVE_RC_HPF,Passive RC first-order equation,304090.747735831,NaN,NaN,8.34535119856675e-11,NaN,NaN,NaN,NaN,NaN,1,NaN,6271.51271730847
2352,MFB,BSF,MFB_BSF_1_MINUS_BP,Maheshwari MFB BPF denominator + ADI 1-minus-BP notch construction,579.17251223552,36603.7584694383,NaN,2.53147465992051e-11,2.45809446663501e-10,NaN,NaN,NaN,NaN,1,2.31300554331666,438194.824066688
752,PASSIVE,BSF,PASSIVE_RLC_BSF,Passive RLC second-order equation,1836045.60374007,NaN,NaN,6.3450005676262e-11,NaN,NaN,1667.78362258264,NaN,NaN,1,2.79235451905245,489.254069379484
2823,ACTIVE_OTHER,BPF,ACTIVE_OTHER_STATE_VARIABLE_BPF,External state-variable/biquad active-filter canonical equation,8639.35886915026,1999.21953092372,52592.8661089983,9.43611591955957e-10,6.60966615992797e-12,NaN,NaN,10354.8078444324,10723.6592518229,2.0356212701319,5.18971074605695,484911.78087673
2897,ACTIVE_OTHER,BPF,ACTIVE_OTHER_STATE_VARIABLE_BPF,External state-variable/biquad active-filter canonical equation,16937.137892427,32313.0400452156,33736.2545739208,7.12131108242226e-10,1.18795134891405e-12,NaN,NaN,9834.49788444687,24675.589919081,3.50908487743997,3.37225493298395,233900.906127646
197,PASSIVE,LPF,PASSIVE_RC_LPF,Passive RC first-order equation,556439.771415109,NaN,NaN,1.28292754771223e-10,NaN,NaN,NaN,NaN,NaN,1,NaN,2229.46078354233
1768,MFB,LPF,MFB_LPF_Maheshwari,Maheshwari MFB active-filter equations,9702.43058281934,52680.7270644295,19237.9703297084,1.17854763188351e-10,1.12327853263075e-10,NaN,NaN,NaN,NaN,-1.98279906931508,0.184884624700168,43450.7549827679
3139,ACTIVE_OTHER,BSF,ACTIVE_OTHER_STATE_VARIABLE_BSF,External state-variable/biquad active-filter canonical equation,1685.98359703325,3801.41923056828,6563.05729832964,2.83851368214749e-11,1.84486215019267e-10,NaN,NaN,10145.8288805533,30066.9833928223,3.96348220996042,0.62935562367089,868746.602259845
2202,MFB,BSF,MFB_BSF_1_MINUS_BP,Maheshwari MFB BPF denominator + ADI 1-minus-BP notch construction,747474.100325782,14823956.6527587,NaN,2.42288402477599e-11,1.15364011682319e-11,NaN,NaN,NaN,NaN,1,2.08172961637269,2859.81869418465
1897,MFB,HPF,MFB_HPF_Maheshwari,Maheshwari MFB active-filter equations,1497.08281018394,839.508770561169,NaN,5.96133986498693e-10,2.22418835422469e-10,3.01676134621339e-10,NaN,NaN,NaN,-0.50605424527662,0.610186626167329,548060.29772289
3088,ACTIVE_OTHER,BSF,ACTIVE_OTHER_STATE_VARIABLE_BSF,External state-variable/biquad active-filter canonical equation,3863.79584068629,8744.19121259872,35184.0773353084,4.5222248559224e-11,4.99493880575918e-12,NaN,NaN,9563.56850263308,10434.5982457149,2.09107790076915,3.58896932957257,1821847.66790545
2035,MFB,BPF,MFB_BPF_Maheshwari,Maheshwari MFB active-filter equations,26810.9459250272,4325129.64230223,NaN,1.74973885588535e-11,1.02472738067268e-10,NaN,NaN,NaN,NaN,-363981.677804257,4.48292184673914,11037.5760781695
2993,ACTIVE_OTHER,BPF,ACTIVE_OTHER_STATE_VARIABLE_BPF,External state-variable/biquad active-filter canonical equation,4287.99303163438,47018.5731101651,24547.8105136284,2.16510968789151e-11,5.30312234507898e-11,NaN,NaN,9735.42735231632,20697.32495556,3.1259801143332,2.39103802302726,330790.172541583
1713,MFB,LPF,MFB_LPF_Maheshwari,Maheshwari MFB active-filter equations,592.115668153365,360.128493864711,1232.57382463451,3.61026016470726e-10,4.08636114111358e-10,NaN,NaN,NaN,NaN,-2.08164365668375,0.267351217301322,621938.291648371
3070,ACTIVE_OTHER,BSF,ACTIVE_OTHER_STATE_VARIABLE_BSF,External state-variable/biquad active-filter canonical equation,36666.3654216771,91186.4328929868,11147.3614267462,1.05070296726554e-12,2.80959451306774e-12,NaN,NaN,9608.27911271874,7991.36406702326,1.83171647839048,1.10199211898074,1601988.09584852
2260,MFB,BSF,MFB_BSF_1_MINUS_BP,Maheshwari MFB BPF denominator + ADI 1-minus-BP notch construction,8538.99598936792,4987532.55916855,NaN,4.2219722209265e-10,1.63551849363823e-11,NaN,NaN,NaN,NaN,1,4.57934520805457,9280.86466060456
642,PASSIVE,BSF,PASSIVE_RLC_BSF,Passive RLC second-order equation,84028492.7727003,NaN,NaN,1.61636466119109e-11,NaN,NaN,90113.8919206144,NaN,NaN,1,0.888586327088374,131.872604859549
664,PASSIVE,BSF,PASSIVE_RLC_BSF,Passive RLC second-order equation,79588.1215091266,NaN,NaN,9.73861646518266e-13,NaN,NaN,0.155853150267272,NaN,NaN,1,5.02644467854844,408520.361819561
3175,ACTIVE_OTHER,BSF,ACTIVE_OTHER_STATE_VARIABLE_BSF,External state-variable/biquad active-filter canonical equation,98110.5709392232,4747.09528896602,4922.78563722402,7.01206023869193e-11,2.78733710316198e-12,NaN,NaN,9772.91710428927,28557.473621618,3.92210333075314,0.501168378492801,527509.989473999
1911,MFB,HPF,MFB_HPF_Maheshwari,Maheshwari MFB active-filter equations,460375.983638817,866.756139492341,NaN,5.27711781525496e-11,2.69217788721581e-11,3.33647098848362e-10,NaN,NaN,NaN,-6.32252510800238,0.835805765995737,84065.884280944
279,PASSIVE,HPF,PASSIVE_RC_HPF,Passive RC first-order equation,1967.88633843388,NaN,NaN,2.7307458667479e-11,NaN,NaN,NaN,NaN,NaN,1,NaN,2961684.79625206
777,PASSIVE,BSF,PASSIVE_RLC_BSF,Passive RLC second-order equation,567787.37311278,NaN,NaN,3.54516139732754e-10,NaN,NaN,2394.12317865977,NaN,NaN,1,4.57687982864809,172.754305575314
1231,VCVS,BPF,VCVS_BPF_Maheshwari,Maheshwari VCVS equal-component active-filter equations,29839.0199919197,29839.0199919197,NaN,3.77787708253558e-11,3.77787708253558e-11,NaN,NaN,9922.84575579676,7199.46957119795,1.72554484352356,0.784649028189234,141184.738137225
235,PASSIVE,HPF,PASSIVE_RC_HPF,Passive RC first-order equation,6408.43167377265,NaN,NaN,3.31278093860495e-10,NaN,NaN,NaN,NaN,NaN,1,NaN,74967.9533741806
824,VCVS,LPF,VCVS_LPF_Maheshwari,Maheshwari VCVS equal-component active-filter equations,979537.737595389,979537.737595389,NaN,5.9706338857204e-12,5.9706338857204e-12,NaN,NaN,10096.1383083153,13584.2592928162,2.34549061017003,1.52786196124671,27213.1313553927
170,PASSIVE,LPF,PASSIVE_RC_LPF,Passive RC first-order equation,50945.456152967,NaN,NaN,6.3520773607338e-12,NaN,NaN,NaN,NaN,NaN,1,NaN,491811.747140957
730,PASSIVE,BSF,PASSIVE_RLC_BSF,Passive RLC second-order equation,569618.666332308,NaN,NaN,4.68430123962324e-10,NaN,NaN,2425.00749002435,NaN,NaN,1,3.99438499395631,149.327976951067
2077,MFB,BPF,MFB_BPF_Maheshwari,Maheshwari MFB active-filter equations,182854.33565861,39809511.6856027,NaN,1.59096564521654e-10,7.86092540245887e-10,NaN,NaN,NaN,NaN,-6956.98493093548,5.52063870027114,166.804144403177
1681,MFB,LPF,MFB_LPF_Maheshwari,Maheshwari MFB active-filter equations,6048.73500149852,1570.80558102773,17772.156035885,9.19147926662277e-11,9.61202477196447e-11,NaN,NaN,NaN,NaN,-2.93816079419615,0.215656033355859,320470.979959571
1637,MFB,LPF,MFB_LPF_Maheshwari,Maheshwari MFB active-filter equations,221047.052521566,6981435.8181751,502030.418715231,9.14981338530811e-11,1.0569506430706e-11,NaN,NaN,NaN,NaN,-2.27114730998846,0.236008513951786,2733.69002827173
1924,MFB,HPF,MFB_HPF_Maheshwari,Maheshwari MFB active-filter equations,825848.576354902,113143.112472836,NaN,1.60993261684957e-10,4.81680021634482e-11,1.50516874364671e-11,NaN,NaN,NaN,-0.0934926547790634,3.47032282401345,19336.7706489728
555,PASSIVE,BPF,PASSIVE_RLC_BPF,Passive RLC second-order equation,2351.7836517569,NaN,NaN,3.40218809127984e-11,NaN,NaN,0.00563935261147153,NaN,NaN,1,5.47441980502841,363350.988749267
1635,MFB,LPF,MFB_LPF_Maheshwari,Maheshwari MFB active-filter equations,286140.716502496,12507.0002187814,573616.55677991,4.98996852135857e-10,2.08149562908643e-11,NaN,NaN,NaN,NaN,-2.00466596921696,0.67852855088728,18437.2463769458
85,PASSIVE,LPF,PASSIVE_RC_LPF,Passive RC first-order equation,10855.3056287954,NaN,NaN,3.68362489710291e-11,NaN,NaN,NaN,NaN,NaN,1,NaN,398017.966530494
2959,ACTIVE_OTHER,BPF,ACTIVE_OTHER_STATE_VARIABLE_BPF,External state-variable/biquad active-filter canonical equation,2171.63793314022,13999.4957243423,36576.2372926768,1.24287045248544e-10,3.77739323828676e-12,NaN,NaN,9708.81904233113,14112.1206849935,2.45353627701409,3.48712222933761,1332174.74138248
1742,MFB,LPF,MFB_LPF_Maheshwari,Maheshwari MFB active-filter equations,103822.111802448,39339.9065128719,125332.351470319,1.93009494372664e-10,2.60786032737467e-11,NaN,NaN,NaN,NaN,-1.20718360756137,0.900380946461166,31947.757232015
3051,ACTIVE_OTHER,BSF,ACTIVE_OTHER_STATE_VARIABLE_BSF,External state-variable/biquad active-filter canonical equation,38645.5731078078,565364.62740258,5014.33207406616,1.3032620603616e-10,1.92517659405617e-10,NaN,NaN,9845.37059425154,32542.9431069761,4.30540560108291,0.502789985751958,6797.58702538664
38,PASSIVE,LPF,PASSIVE_RC_LPF,Passive RC first-order equation,22033.5847237151,NaN,NaN,2.88092812873527e-11,NaN,NaN,NaN,NaN,NaN,1,NaN,250727.83339927
1129,VCVS,HPF,VCVS_HPF_Maheshwari,Maheshwari VCVS equal-component active-filter equations,794913.822396324,794913.822396324,NaN,1.27596254396894e-10,1.27596254396894e-10,NaN,NaN,9958.45353832329,11894.8258742033,2.19444508411153,1.24138029608704,1569.14167501987
1978,MFB,HPF,MFB_HPF_Maheshwari,Maheshwari MFB active-filter equations,27453.2236523976,564691.16389214,NaN,3.89173147214155e-10,5.80430396085635e-10,7.30616390049966e-11,NaN,NaN,NaN,-0.187735560708643,0.231963440498285,6207.23492529492
3063,ACTIVE_OTHER,BSF,ACTIVE_OTHER_STATE_VARIABLE_BSF,External state-variable/biquad active-filter canonical equation,4267.58507690114,90444.4645091557,27944.3553188306,3.3559873501309e-11,2.33233267504776e-10,NaN,NaN,10157.3838508943,11837.8267704951,2.16544052526408,2.81036783308539,91565.6612306286
697,PASSIVE,BSF,PASSIVE_RLC_BSF,Passive RLC second-order equation,3266.25626242854,NaN,NaN,2.55737939215191e-10,NaN,NaN,0.0601291284995867,NaN,NaN,1,4.69455702287686,40586.3593591655
1190,VCVS,HPF,VCVS_HPF_Maheshwari,Maheshwari VCVS equal-component active-filter equations,74278.2891954823,74278.2891954823,NaN,6.91600255397788e-11,6.91600255397788e-11,NaN,NaN,9877.35046220246,7165.62077979862,1.7254598090064,0.784596678132544,30981.5466246126
2438,ACTIVE_OTHER,LPF,ACTIVE_OTHER_STATE_VARIABLE_LPF,External state-variable/biquad active-filter canonical equation,1220.45357445153,66392.330585783,23360.694603372,3.89343050587642e-12,3.16100715069494e-11,NaN,NaN,9588.89671256017,9637.38549097179,2.00505676303178,2.43628782459209,1593755.10894413
994,VCVS,LPF,VCVS_LPF_Maheshwari,Maheshwari VCVS equal-component active-filter equations,34922.5431637728,34922.5431637728,NaN,1.23281998748871e-10,1.23281998748871e-10,NaN,NaN,10143.9300551492,6101.56695127617,1.60149931220976,0.715051489592108,36967.0335736336
1367,VCVS,BPF,VCVS_BPF_Maheshwari,Maheshwari VCVS equal-component active-filter equations,52165.7184121735,52165.7184121735,NaN,1.38649486889733e-11,1.38649486889733e-11,NaN,NaN,10024.8048076293,10817.1925606988,2.07904271138192,1.08582668529669,220047.618247077
2045,MFB,BPF,MFB_BPF_Maheshwari,Maheshwari MFB active-filter equations,15182.0240085912,945533.618788944,NaN,1.89708997584308e-10,7.52993050972689e-10,NaN,NaN,NaN,NaN,-87474.0748194789,3.1640158359689,3514.61176473511
2698,ACTIVE_OTHER,HPF,ACTIVE_OTHER_STATE_VARIABLE_HPF,External state-variable/biquad active-filter canonical equation,1032.41284213389,3227.84584528314,33657.3913678887,2.25897543461566e-10,1.34785568674387e-10,NaN,NaN,10148.1825679103,23100.3806914585,3.27630716503904,3.37734654291446,499642.747738826
937,VCVS,LPF,VCVS_LPF_Maheshwari,Maheshwari VCVS equal-component active-filter equations,38129.8338641446,38129.8338641446,NaN,5.26568724016603e-12,5.26568724016603e-12,NaN,NaN,9900.92284196405,9435.47748053349,1.95298969915634,0.955100440935704,792684.120735959
1407,VCVS,BSF,VCVS_BSF_Maheshwari,Maheshwari VCVS equal-component active-filter equations,1544.91029094452,1544.91029094452,NaN,2.17528659671074e-12,2.17528659671074e-12,NaN,NaN,9826.74512936646,5636.60186514905,1.57359805214694,1.17260252331751,47358766.4293939
2434,ACTIVE_OTHER,LPF,ACTIVE_OTHER_STATE_VARIABLE_LPF,External state-variable/biquad active-filter canonical equation,456764.743049725,36939.3405070977,50384.5876601305,4.00413324075088e-12,1.35441897341475e-10,NaN,NaN,9516.62262464741,29252.5194941491,4.07383413716407,4.98788144132684,52613.6584408438
2500,ACTIVE_OTHER,LPF,ACTIVE_OTHER_STATE_VARIABLE_LPF,External state-variable/biquad active-filter canonical equation,170721.488886113,290258.014618461,10673.3756528197,1.49146412727743e-10,2.32980527151356e-11,NaN,NaN,10357.0882165598,7193.29169320454,1.6945283792894,1.10913302094158,12128.7964823224
2653,ACTIVE_OTHER,HPF,ACTIVE_OTHER_STATE_VARIABLE_HPF,External state-variable/biquad active-filter canonical equation,68481.3351853488,3850.16977136631,10324.6070432744,2.2376336488763e-10,1.29672842461011e-11,NaN,NaN,9791.60479393254,15636.8572308531,2.59696572318183,1.03224620254717,181959.642363283
1033,VCVS,HPF,VCVS_HPF_Maheshwari,Maheshwari VCVS equal-component active-filter equations,6709.20769067806,6709.20769067806,NaN,1.06668237391465e-12,1.06668237391465e-12,NaN,NaN,10024.9850297878,9232.26429337713,1.9209254942471,0.926720068603856,22238924.3103543
2164,MFB,BPF,MFB_BPF_Maheshwari,Maheshwari MFB active-filter equations,291722.714441538,16491792.6300825,NaN,1.54101180418769e-10,3.60231886330455e-10,NaN,NaN,NaN,NaN,-9515.85031175275,3.44427978128095,307.969010161468
1353,VCVS,BPF,VCVS_BPF_Maheshwari,Maheshwari VCVS equal-component active-filter equations,261441.936874892,261441.936874892,NaN,6.3685468275749e-10,6.3685468275749e-10,NaN,NaN,10047.6706678155,10707.2354441383,2.06564355044354,1.07025536183188,955.882548606639
985,VCVS,LPF,VCVS_LPF_Maheshwari,Maheshwari VCVS equal-component active-filter equations,16381.4232443611,16381.4232443611,NaN,1.45204453663573e-12,1.45204453663573e-12,NaN,NaN,9807.87661330183,10775.2616258647,2.09863348109935,1.10942660841191,6690961.99804049
1765,MFB,LPF,MFB_LPF_Maheshwari,Maheshwari MFB active-filter equations,280428.795399457,430831.139525986,944208.771098659,2.94233295762489e-10,1.14316947956669e-11,NaN,NaN,NaN,NaN,-3.36701789041913,1.14514071644819,4302.60378426978
2030,MFB,BPF,MFB_BPF_Maheshwari,Maheshwari MFB active-filter equations,2188.66360217239,1144611.29823682,NaN,1.20596203641806e-11,3.15851408717028e-10,NaN,NaN,NaN,NaN,-1446565.71003586,4.30419273009365,51522.0793671313
842,VCVS,LPF,VCVS_LPF_Maheshwari,Maheshwari VCVS equal-component active-filter equations,4870.22898074086,4870.22898074086,NaN,7.60930104684437e-11,7.60930104684437e-11,NaN,NaN,9828.40360006053,7697.11483542827,1.78315005657489,0.821794014457745,429463.228440874
2330,MFB,BSF,MFB_BSF_1_MINUS_BP,Maheshwari MFB BPF denominator + ADI 1-minus-BP notch construction,113526.513647893,4260516.57872266,NaN,1.94048765822567e-10,2.91737301874103e-10,NaN,NaN,NaN,NaN,1,3.00046695170682,961.809202009479
512,PASSIVE,BPF,PASSIVE_RLC_BPF,Passive RLC second-order equation,7833.69398961294,NaN,NaN,4.62952577255112e-12,NaN,NaN,0.00832917012874073,NaN,NaN,1,5.41459541085116,810496.254300668
914,VCVS,LPF,VCVS_LPF_Maheshwari,Maheshwari VCVS equal-component active-filter equations,102655.405768109,102655.405768109,NaN,2.12499319603465e-10,2.12499319603465e-10,NaN,NaN,9976.48173864363,13379.1382622595,2.34106778449118,1.51760678331353,7295.93176868692
2694,ACTIVE_OTHER,HPF,ACTIVE_OTHER_STATE_VARIABLE_HPF,External state-variable/biquad active-filter canonical equation,239911.710709027,485608.795461463,24132.3638663937,9.42763327714854e-10,1.01462397837799e-09,NaN,NaN,9945.69243045522,24584.6005226282,3.47188425487062,2.33685294591512,476.757171581885
15,PASSIVE,LPF,PASSIVE_RC_LPF,Passive RC first-order equation,3879.64580368122,NaN,NaN,2.12804319745722e-11,NaN,NaN,NaN,NaN,NaN,1,NaN,1927736.24991009
2206,MFB,BSF,MFB_BSF_1_MINUS_BP,Maheshwari MFB BPF denominator + ADI 1-minus-BP notch construction,853258.490811979,25842595.7288211,NaN,7.52647808247354e-11,2.1523790656865e-11,NaN,NaN,NaN,NaN,1,2.28854237225152,842.086054334126
1256,VCVS,BPF,VCVS_BPF_Maheshwari,Maheshwari VCVS equal-component active-filter equations,208038.767549156,208038.767549156,NaN,1.9396394512328e-12,1.9396394512328e-12,NaN,NaN,10005.3054994526,10129.4178707887,2.01240465584414,1.01256046407827,394416.296203707
1823,MFB,HPF,MFB_HPF_Maheshwari,Maheshwari MFB active-filter equations,2784.52960844932,9259.72861712047,NaN,5.22018070866348e-10,4.10532013730924e-10,1.49482835262235e-10,NaN,NaN,NaN,-0.28635567158461,0.43842943681894,126524.871288184
2146,MFB,BPF,MFB_BPF_Maheshwari,Maheshwari MFB active-filter equations,812938.226874714,5917264.38468734,NaN,4.98894998629971e-11,2.75073119508973e-11,NaN,NaN,NaN,NaN,-44719.2283946506,1.29133015947475,1958.85468760122
1233,VCVS,BPF,VCVS_BPF_Maheshwari,Maheshwari VCVS equal-component active-filter equations,1614.69964108377,1614.69964108377,NaN,9.17449746380967e-11,9.17449746380967e-11,NaN,NaN,10168.6477034712,9445.28647797636,1.92886357688959,0.933587896391535,1074350.76634318
641,PASSIVE,BSF,PASSIVE_RLC_BSF,Passive RLC second-order equation,577102.012148592,NaN,NaN,3.34085461111471e-10,NaN,NaN,1467.04330496454,NaN,NaN,1,3.6311157247922,227.336870191278
1685,MFB,LPF,MFB_LPF_Maheshwari,Maheshwari MFB active-filter equations,661345.243466554,10213924.037218,916390.325166499,7.89134192206041e-10,1.18493410671864e-10,NaN,NaN,NaN,NaN,-1.38564590010973,0.312271905231519,170.122219999535
1673,MFB,LPF,MFB_LPF_Maheshwari,Maheshwari MFB active-filter equations,239360.137540167,34151.5259473056,483587.773052219,2.23064392928788e-10,1.49087895541287e-10,NaN,NaN,NaN,NaN,-2.02033545778301,0.26791269298575,6791.11525997981
161,PASSIVE,LPF,PASSIVE_RC_LPF,Passive RC first-order equation,938869.022452476,NaN,NaN,3.05894475785101e-10,NaN,NaN,NaN,NaN,NaN,1,NaN,554.170607525971
3122,ACTIVE_OTHER,BSF,ACTIVE_OTHER_STATE_VARIABLE_BSF,External state-variable/biquad active-filter canonical equation,32502.9661109174,14253.08695843,49469.1113439814,6.08313232475219e-11,3.94626041905004e-11,NaN,NaN,9674.36674614707,25454.9188616753,3.6311715825548,4.79562325467827,150920.301497397
2129,MFB,BPF,MFB_BPF_Maheshwari,Maheshwari MFB active-filter equations,230105.713607161,34262709.0278928,NaN,7.66941289508527e-10,6.16155800891204e-11,NaN,NaN,NaN,NaN,-70531.3271721511,3.20148267402656,260.746958282218
1162,VCVS,HPF,VCVS_HPF_Maheshwari,Maheshwari VCVS equal-component active-filter equations,3966.35328176672,3966.35328176672,NaN,1.96737840179011e-12,1.96737840179011e-12,NaN,NaN,9943.03186592382,11383.7547753872,2.14489774637059,1.16945078293922,20395804.3963432
2998,ACTIVE_OTHER,BPF,ACTIVE_OTHER_STATE_VARIABLE_BPF,External state-variable/biquad active-filter canonical equation,320421.984088045,78367.2500699782,13077.3735456354,4.37841209705233e-10,1.57034636329819e-11,NaN,NaN,10394.01751962,33067.5212270492,4.18139941217437,1.29579442512983,12112.5513488177
707,PASSIVE,BSF,PASSIVE_RLC_BSF,Passive RLC second-order equation,5399236.78515151,NaN,NaN,2.8501509202847e-11,NaN,NaN,5170.07217776451,NaN,NaN,1,2.49449133947896,414.608212158923
2556,ACTIVE_OTHER,LPF,ACTIVE_OTHER_STATE_VARIABLE_LPF,External state-variable/biquad active-filter canonical equation,272973.531068634,102572.886684612,10066.5272947167,3.27600691020251e-11,2.37390813518376e-10,NaN,NaN,10406.5144868589,32970.1542040975,4.16822258266506,0.973064105882766,10785.4734703857
670,PASSIVE,BSF,PASSIVE_RLC_BSF,Passive RLC second-order equation,259788.153310062,NaN,NaN,9.44119889202296e-11,NaN,NaN,28.809171695032,NaN,NaN,1,2.12633882846598,3051.69532468392
1248,VCVS,BPF,VCVS_BPF_Maheshwari,Maheshwari VCVS equal-component active-filter equations,10369.2111234421,10369.2111234421,NaN,1.77450499198806e-10,1.77450499198806e-10,NaN,NaN,9827.88352706607,5554.99091234766,1.56522758913953,0.696974650774247,86496.2320518597
139,PASSIVE,LPF,PASSIVE_RC_LPF,Passive RC first-order equation,13871.6718558849,NaN,NaN,2.87131777967081e-10,NaN,NaN,NaN,NaN,NaN,1,NaN,39958.5816888446
1641,MFB,LPF,MFB_LPF_Maheshwari,Maheshwari MFB active-filter equations,484.65788070769,2935.31286109535,1543.80485668044,5.22642149889433e-10,3.11558042042547e-11,NaN,NaN,NaN,NaN,-3.18534974490913,0.630466071559014,585902.070461738
1687,MFB,LPF,MFB_LPF_Maheshwari,Maheshwari MFB active-filter equations,49382.5901003943,9839.06363574706,59382.2934994847,4.66035285791295e-10,2.62324496941944e-11,NaN,NaN,NaN,NaN,-1.20249451028715,1.25697732781955,59550.5721902255
2611,ACTIVE_OTHER,HPF,ACTIVE_OTHER_STATE_VARIABLE_HPF,External state-variable/biquad active-filter canonical equation,1778.08331025334,3072.49848359805,51566.6205167903,2.588173261936e-11,1.1081422194967e-12,NaN,NaN,10342.7008627938,5861.19990476558,1.56669916132355,5.41374832621597,12714632.6289112
2361,MFB,BSF,MFB_BSF_1_MINUS_BP,Maheshwari MFB BPF denominator + ADI 1-minus-BP notch construction,97889.5990812844,5285697.90407611,NaN,2.66338757898391e-11,2.57673652061142e-10,NaN,NaN,NaN,NaN,1,2.14114819228095,2670.84384005056
1762,MFB,LPF,MFB_LPF_Maheshwari,Maheshwari MFB active-filter equations,217085.761144136,13501.503685024,170893.789373848,8.37634821901286e-11,5.58118359817329e-11,NaN,NaN,NaN,NaN,-0.787217864834451,0.301738369788306,48459.1068873177
99,PASSIVE,LPF,PASSIVE_RC_LPF,Passive RC first-order equation,68211.3931650806,NaN,NaN,1.2290116940909e-10,NaN,NaN,NaN,NaN,NaN,1,NaN,18984.8511603455
1692,MFB,LPF,MFB_LPF_Maheshwari,Maheshwari MFB active-filter equations,35443.8744288316,1616.16126001179,42446.946418758,2.15602553910427e-11,2.23987049692653e-11,NaN,NaN,NaN,NaN,-1.19758201107467,0.176659305053755,874412.090061708
1893,MFB,HPF,MFB_HPF_Maheshwari,Maheshwari MFB active-filter equations,14461.3815930134,3030.55346090275,NaN,5.64332095702809e-10,5.01768405304366e-11,5.85169305835912e-10,NaN,NaN,NaN,-1.03692366656402,0.300901791717452,140301.346493196
1942,MFB,HPF,MFB_HPF_Maheshwari,Maheshwari MFB active-filter equations,36780.537211924,501102.270184749,NaN,2.5739461246752e-10,2.11282076805897e-10,1.22028319271703e-10,NaN,NaN,NaN,-0.474090417440657,0.155337267713663,7301.06590968616
270,PASSIVE,HPF,PASSIVE_RC_HPF,Passive RC first-order equation,17225.994949225,NaN,NaN,8.97278274778586e-11,NaN,NaN,NaN,NaN,NaN,1,NaN,102969.514135057
674,PASSIVE,BSF,PASSIVE_RLC_BSF,Passive RLC second-order equation,18567.8493360555,NaN,NaN,1.05604686068919e-10,NaN,NaN,0.0714368351318552,NaN,NaN,1,1.40074120549009,57945.1956833104
974,VCVS,LPF,VCVS_LPF_Maheshwari,Maheshwari VCVS equal-component active-filter equations,42179.9124547565,42179.9124547565,NaN,1.05328407248079e-10,1.05328407248079e-10,NaN,NaN,9866.86066939052,9758.28954646414,1.98899638633155,0.989116148033812,35823.5763827197
2849,ACTIVE_OTHER,BPF,ACTIVE_OTHER_STATE_VARIABLE_BPF,External state-variable/biquad active-filter canonical equation,61880.9294349919,106022.761240577,49074.7603821965,1.02210054568973e-12,8.54996976698506e-12,NaN,NaN,9542.62511904731,8382.32717455865,1.87840893569499,4.93207848417349,664680.690930992
757,PASSIVE,BSF,PASSIVE_RLC_BSF,Passive RLC second-order equation,1488416.0989901,NaN,NaN,1.60949162534829e-12,NaN,NaN,83.5909165517295,NaN,NaN,1,4.8418443503883,13721.3305722851
2229,MFB,BSF,MFB_BSF_1_MINUS_BP,Maheshwari MFB BPF denominator + ADI 1-minus-BP notch construction,280.029324728548,55244.7728371733,NaN,3.79710611472528e-10,2.28660810375028e-11,NaN,NaN,NaN,NaN,1,3.25100358403116,434260.714682363
2956,ACTIVE_OTHER,BPF,ACTIVE_OTHER_STATE_VARIABLE_BPF,External state-variable/biquad active-filter canonical equation,1735.25245512328,5044.22965013648,16612.8402678711,3.19568888966815e-10,9.03360131573893e-12,NaN,NaN,9757.89114766595,29216.0560369339,3.9940953014138,1.62395843313979,1001218.04040892
2519,ACTIVE_OTHER,LPF,ACTIVE_OTHER_STATE_VARIABLE_LPF,External state-variable/biquad active-filter canonical equation,536700.461749433,84581.7639090591,17376.9012536211,9.59717738552461e-13,3.17008506270834e-11,NaN,NaN,10157.5170361564,9410.61853010955,1.92646839740576,1.70682195756623,135428.02946768
1910,MFB,HPF,MFB_HPF_Maheshwari,Maheshwari MFB active-filter equations,6098.86912193449,849.281579928922,NaN,8.46260696423694e-11,9.93007330308667e-10,3.28043525070726e-11,NaN,NaN,NaN,-0.387638852255624,1.12361945262696,387460.70123305
1208,VCVS,BPF,VCVS_BPF_Maheshwari,Maheshwari VCVS equal-component active-filter equations,682245.472097822,682245.472097822,NaN,8.63041214442055e-11,8.63041214442055e-11,NaN,NaN,10037.8346699543,2121.36839547473,1.21133725202951,0.559076886425155,2703.01175075055
1024,VCVS,HPF,VCVS_HPF_Maheshwari,Maheshwari VCVS equal-component active-filter equations,24652.9492109825,24652.9492109825,NaN,1.31205867114832e-12,1.31205867114832e-12,NaN,NaN,10149.8645065375,12887.2011639253,2.26969194077662,1.36928517681076,4920372.63967842
578,PASSIVE,BPF,PASSIVE_RLC_BPF,Passive RLC second-order equation,10065.6185972191,NaN,NaN,3.51480196862245e-10,NaN,NaN,0.129407464514713,NaN,NaN,1,1.90628909437954,23598.8063817606
434,PASSIVE,BPF,PASSIVE_RLC_BPF,Passive RLC second-order equation,59947.6334540511,NaN,NaN,1.99797303119569e-11,NaN,NaN,0.882078961752765,NaN,NaN,1,3.50499076406488,37911.5541910819
836,VCVS,LPF,VCVS_LPF_Maheshwari,Maheshwari VCVS equal-component active-filter equations,1925.05287085754,1925.05287085754,NaN,9.81607902672648e-11,9.81607902672648e-11,NaN,NaN,9919.42546675296,8110.42202671657,1.81763022000622,0.845759099158695,842246.905029527
1996,MFB,HPF,MFB_HPF_Maheshwari,Maheshwari MFB active-filter equations,71963.6162661042,295.341409362912,NaN,1.64719957465499e-11,2.08193310600799e-10,4.31732726505131e-10,NaN,NaN,NaN,-26.2101042975049,0.27201895568186,115149.113736985
62,PASSIVE,LPF,PASSIVE_RC_LPF,Passive RC first-order equation,84723.9548055828,NaN,NaN,1.45183149664891e-12,NaN,NaN,NaN,NaN,NaN,1,NaN,1293891.017265
1969,MFB,HPF,MFB_HPF_Maheshwari,Maheshwari MFB active-filter equations,110815.523572082,67758.7224999854,NaN,2.15734937208894e-10,3.61365947805441e-11,3.76069899764044e-11,NaN,NaN,NaN,-0.174320350996232,0.934245809486895,49822.9370547126
1572,VCVS,BSF,VCVS_BSF_Maheshwari,Maheshwari VCVS equal-component active-filter equations,1395.06873985213,1395.06873985213,NaN,2.80829441323779e-12,2.80829441323779e-12,NaN,NaN,9949.95944065011,3385.31195950365,1.34023374463951,0.757844154558657,40623925.6169123
1987,MFB,HPF,MFB_HPF_Maheshwari,Maheshwari MFB active-filter equations,3511.09574086699,29308.7149676217,NaN,8.57567703306063e-10,2.22069968221048e-10,1.85606399357589e-10,NaN,NaN,NaN,-0.216433523139976,0.256605225214288,77278.5596399113
928,VCVS,LPF,VCVS_LPF_Maheshwari,Maheshwari VCVS equal-component active-filter equations,9366.18159033334,9366.18159033334,NaN,9.08820683490161e-12,9.08820683490161e-12,NaN,NaN,9945.04604609718,5841.98121701099,1.58742626126941,0.707927644824157,1869731.97722925
2038,MFB,BPF,MFB_BPF_Maheshwari,Maheshwari MFB active-filter equations,87635.2476643649,15401051.7460068,NaN,1.60615256403316e-10,2.28237934688987e-11,NaN,NaN,NaN,NaN,-499957.805239282,4.37553639533444,2262.65437875379
920,VCVS,LPF,VCVS_LPF_Maheshwari,Maheshwari VCVS equal-component active-filter equations,117894.475020264,117894.475020264,NaN,6.38070699287406e-11,6.38070699287406e-11,NaN,NaN,10034.8089040303,10398.5534470545,2.03624827801933,1.03761163502239,21157.1846705774
998,VCVS,LPF,VCVS_LPF_Maheshwari,Maheshwari VCVS equal-component active-filter equations,56299.4520373324,56299.4520373324,NaN,7.75994348063738e-12,7.75994348063738e-12,NaN,NaN,10016.2508446092,4169.70611005713,1.41629409793599,0.631430367656469,364298.518979105
1536,VCVS,BSF,VCVS_BSF_Maheshwari,Maheshwari VCVS equal-component active-filter equations,116657.974813033,116657.974813033,NaN,4.66649811463939e-12,4.66649811463939e-12,NaN,NaN,9840.28170570681,7213.44011624295,1.73305219626584,1.87302533681051,292357.745475147
1517,VCVS,BSF,VCVS_BSF_Maheshwari,Maheshwari VCVS equal-component active-filter equations,12952.5554859446,12952.5554859446,NaN,8.2881598449851e-10,8.2881598449851e-10,NaN,NaN,9932.93768718957,6565.51785813781,1.66098450074899,1.47485882239795,14825.4045135982
811,VCVS,LPF,VCVS_LPF_Maheshwari,Maheshwari VCVS equal-component active-filter equations,11663.3760097066,11663.3760097066,NaN,2.04281301495461e-12,2.04281301495461e-12,NaN,NaN,10173.948538584,11094.1406250019,2.0904459151654,1.09943984274651,6679858.12761243
2808,ACTIVE_OTHER,BPF,ACTIVE_OTHER_STATE_VARIABLE_BPF,External state-variable/biquad active-filter canonical equation,3282.16209230119,2592.98978231369,48812.5718763708,3.95624898601963e-11,1.85555018756666e-11,NaN,NaN,10394.8720489029,18557.370183848,2.78524277129574,4.91909259147929,2013545.99993382
1180,VCVS,HPF,VCVS_HPF_Maheshwari,Maheshwari VCVS equal-component active-filter equations,5000.34813582755,5000.34813582755,NaN,6.97739840328902e-11,6.97739840328902e-11,NaN,NaN,9866.88663579784,10705.100755594,2.08495223982356,1.09283913203304,456169.629874749
2305,MFB,BSF,MFB_BSF_1_MINUS_BP,Maheshwari MFB BPF denominator + ADI 1-minus-BP notch construction,145961.321057131,7118611.69692869,NaN,2.91496900215619e-10,4.23302845079287e-11,NaN,NaN,NaN,NaN,1,2.32380468771689,1405.59765156277
2786,ACTIVE_OTHER,HPF,ACTIVE_OTHER_STATE_VARIABLE_HPF,External state-variable/biquad active-filter canonical equation,12125.2144506892,1271.30959059171,17112.9308565128,2.61530606474644e-10,7.60206556995809e-11,NaN,NaN,10318.4472191546,28938.5916346312,3.8045490779767,1.75086682924653,287489.964835048
1772,MFB,LPF,MFB_LPF_Maheshwari,Maheshwari MFB active-filter equations,277581.6868343,76707.6401811313,670621.801837856,8.93047955647456e-11,1.04056398958035e-10,NaN,NaN,NaN,NaN,-2.4159439676515,0.225290080986136,7279.30974898251
2155,MFB,BPF,MFB_BPF_Maheshwari,Maheshwari MFB active-filter equations,199.553888919794,8350.08560733071,NaN,1.93077169579937e-10,5.86044022192368e-10,NaN,NaN,NaN,NaN,-8550855.43020954,2.79280704280604,366533.764850564
2389,MFB,BSF,MFB_BSF_1_MINUS_BP,Maheshwari MFB BPF denominator + ADI 1-minus-BP notch construction,1495361.59594799,34400044.4091323,NaN,1.27743202683827e-11,3.79884625681837e-11,NaN,NaN,NaN,NaN,1,2.08140084640481,1007.33229977177
2603,ACTIVE_OTHER,HPF,ACTIVE_OTHER_STATE_VARIABLE_HPF,External state-variable/biquad active-filter canonical equation,140402.643748702,150177.902424257,11636.6545440994,1.39158703371278e-10,1.73506327477507e-11,NaN,NaN,9744.44272583297,17667.3756316679,2.81307193533303,1.17257352691907,22305.7395220365
174,PASSIVE,LPF,PASSIVE_RC_LPF,Passive RC first-order equation,23201.6957566243,NaN,NaN,4.538895600274e-12,NaN,NaN,NaN,NaN,NaN,1,NaN,1511298.35783828
223,PASSIVE,HPF,PASSIVE_RC_HPF,Passive RC first-order equation,84356.4591179102,NaN,NaN,2.02599353077441e-11,NaN,NaN,NaN,NaN,NaN,1,NaN,93124.4531608466
2065,MFB,BPF,MFB_BPF_Maheshwari,Maheshwari MFB active-filter equations,1781.44161740822,282732.922166356,NaN,2.06591736941589e-11,1.07057612846572e-11,NaN,NaN,NaN,NaN,-52433741.7523644,5.97342277647804,476849.017971735
1852,MFB,HPF,MFB_HPF_Maheshwari,Maheshwari MFB active-filter equations,72537.8284457229,1838.95477047985,NaN,7.33721679195815e-10,5.08540356085078e-10,2.2187623743468e-11,NaN,NaN,NaN,-0.0302398366745636,17.4475267932562,129728.150068088
1071,VCVS,HPF,VCVS_HPF_Maheshwari,Maheshwari VCVS equal-component active-filter equations,448996.78815484,448996.78815484,NaN,1.76967107205359e-12,1.76967107205359e-12,NaN,NaN,10089.748755865,1943.71823520649,1.19264287766102,0.553294082082601,200301.56638781
2792,ACTIVE_OTHER,HPF,ACTIVE_OTHER_STATE_VARIABLE_HPF,External state-variable/biquad active-filter canonical equation,1274.51826865524,3249.37616364634,56162.9514754359,5.59568998334291e-12,1.57958613416592e-10,NaN,NaN,9713.59170571234,26256.4946018438,3.7030675570194,5.6423218223703,2630562.50128519
1574,VCVS,BSF,VCVS_BSF_Maheshwari,Maheshwari VCVS equal-component active-filter equations,11138.9258146417,11138.9258146417,NaN,1.05681326867884e-12,1.05681326867884e-12,NaN,NaN,9929.37693198987,2452.33217048952,1.24697744755653,0.663990737564973,13520058.2498375
3094,ACTIVE_OTHER,BSF,ACTIVE_OTHER_STATE_VARIABLE_BSF,External state-variable/biquad active-filter canonical equation,13063.7030973264,4412.02157883991,45975.5344855958,1.45543618472025e-12,3.52638650823584e-11,NaN,NaN,9655.54534124877,31570.8142045479,4.2697080370672,4.47743439186279,2926217.66211229
1655,MFB,LPF,MFB_LPF_Maheshwari,Maheshwari MFB active-filter equations,185994.223846644,419882.496215034,270575.798848014,1.01440332125912e-09,5.74533751438531e-10,NaN,NaN,NaN,NaN,-1.45475377273603,0.344178587290268,618.512765047941
398,PASSIVE,HPF,PASSIVE_RC_HPF,Passive RC first-order equation,4885.95240792085,NaN,NaN,1.00057512946955e-11,NaN,NaN,NaN,NaN,NaN,1,NaN,3255526.20508698
785,PASSIVE,BSF,PASSIVE_RLC_BSF,Passive RLC second-order equation,230987.139210087,NaN,NaN,4.44206364177266e-12,NaN,NaN,0.0765534169046368,NaN,NaN,1,0.568331989351374,272926.341401424
339,PASSIVE,HPF,PASSIVE_RC_HPF,Passive RC first-order equation,6870.68404297919,NaN,NaN,3.67465187009861e-10,NaN,NaN,NaN,NaN,NaN,1,NaN,63038.2216800473
